num_Rank,num_Released,num_Released Worldwide,num_Release Year,Title,num_Theatrical Distributor,num_Genre,num_Source,num_Production Method,num_Creative Type,num_Production Budget,num_Opening Weekend Theaters,num_Maximum Theaters,num_Theatrical Engagements,num_Opening Weekend Revenue,num_Domestic Box Office,num_Infl. Adj. Dom. Box Office,num_International Box Office,num_Worldwide Box Office,mojo_release_year,mojo_rank,title,mojo_worldwide_box_office,mojo_us_box_office,mojo_us%,mojo_foreign_box_office,mojo_foreign%,id,vote_average,vote_count,status,release_date,revenue,runtime,adult,budget,original_language,popularity,genres,production_companies,production_countries,spoken_languages,release_year,merge_12,merge_123
,,,,,,,,,,,,,,,,,,,2020.0,111.0,100wolf,9822151.0,658764.0,0.067,9163387.0,0.93,520946.0,5.985,269.0,Released,2020-06-26,9750139.0,96.0,False,0.0,en,14.914,"Animation, Family, Fantasy","Flying Bark Productions, Screen Australia, ScreenWest, ReDefine, Studio 100, Siamese, Create NSW, Lotterywest","Australia, Belgium","English, Danish",2020.0,both,right_only
81.0,"Mar 11, 2016","Jan 4, 2016",2016.0,10cloverfieldlane,Paramount Pictures,Thriller/Suspense,Original Screenplay,Live Action,Contemporary Fiction,15000000.0,3391.0,3427.0,16734.0,24727437.0,72082999.0,94249566.0,36203423.0,108286422.0,2016.0,76.0,10cloverfieldlane,110216998.0,72082998.0,0.654,38134000.0,0.35,333371.0,6.981,7377.0,Released,2016-03-10,110216998.0,104.0,False,15000000.0,en,27.817,"Thriller, Science Fiction, Drama, Horror",Bad Robot,United States of America,English,2016.0,both,both
,,,,,,,,,,,,,,,,,,,2024.0,144.0,10lives,17227159.0,,,17227159.0,1.0,567811.0,0.0,0.0,Released,2023-08-24,0.0,78.0,False,0.0,en,2.023,"Animation, Comedy, Family","GFM Animation, L'Atelier Animation",,,2023.0,both,right_only
75.0,"Dec 31, 2023","Nov 22, 2023",2023.0,1212theday,,Drama,Original Screenplay,Live Action,Historical Fiction,0.0,0.0,0.0,0.0,0.0,0.0,0.0,97554374.0,97554374.0,2023.0,68.0,1212theday,97476565.0,,,97476565.0,1.0,,,,,,,,,,,,,,,,,left_only,both
,,,,,,,,,,,,,,,,,,,2018.0,105.0,12strong,67359190.0,45819713.0,0.68,21539477.0,0.32,429351.0,6.233,2632.0,Released,2018-01-18,67450815.0,130.0,False,35000000.0,en,26.628,"War, Drama, Action, History","Torridon Films, Alcon Entertainment, Black Label Media, Jerry Bruckheimer Films, Lionsgate, 16:14 Entertainment, Warner Bros. Pictures",United States of America,English,2018.0,both,right_only
24.0,"Dec 25, 2019","Dec 25, 2019",2019.0,1917,Universal,Thriller/Suspense,Original Screenplay,Live Action,Historical Fiction,100000000.0,11.0,3987.0,28882.0,576216.0,159227644.0,196176179.0,224482428.0,383710072.0,2019.0,23.0,1917,384580017.0,159227644.0,0.414,225352373.0,0.59,530915.0,7.99,11395.0,Released,2019-12-25,394638258.0,119.0,False,100000000.0,en,44.356,"War, History, Thriller","DreamWorks Pictures, Reliance Entertainment, New Republic Pictures, Neal Street Productions, Mogambo Films, Amblin Partners","India, Spain, United Kingdom, United States of America","English, French, German",2019.0,both,both
55.0,"Dec 31, 2021","Jun 25, 2021",2021.0,1921,,Drama,Based on Real Life Events,Live Action,Dramatization,0.0,0.0,0.0,0.0,0.0,0.0,0.0,75017096.0,75017096.0,2021.0,53.0,1921,75159828.0,,,75159828.0,1.0,492181.0,5.7,13.0,Released,2018-01-12,0.0,144.0,False,0.0,hi,2.379,"Thriller, Horror","Motion Picture Capital, Loneranger Production",India,Hindi,2018.0,both,both
,,,,,,,,,,,,,,,,,,,2017.0,114.0,1987whenthedaycomes,53834292.0,,,53834292.0,1.0,437103.0,8.113,124.0,Released,2017-12-27,49380115.0,129.0,False,12308000.0,ko,9.789,"Drama, History, Thriller","CJ Entertainment, Woojeong Film",South Korea,Korean,2017.0,both,right_only
97.0,"Dec 31, 2018","Nov 29, 2018",2018.0,2,,Thriller/Suspense,Original Screenplay,Live Action,Science Fiction,0.0,0.0,0.0,0.0,0.0,0.0,0.0,79084747.0,79084747.0,2018.0,153.0,2,36945969.0,4152000.0,0.1119999999999999,32793969.0,0.89,307276.0,9.5,2.0,Released,2007-12-11,0.0,96.0,False,0.0,el,2.729,Drama,HAOS Films,Greece,Greek,2007.0,both,both
97.0,"Dec 31, 2018","Nov 29, 2018",2018.0,2,,Thriller/Suspense,Original Screenplay,Live Action,Science Fiction,0.0,0.0,0.0,0.0,0.0,0.0,0.0,79084747.0,79084747.0,2018.0,153.0,2,36945969.0,4152000.0,0.1119999999999999,32793969.0,0.89,1144354.0,0.0,0.0,Released,2023-06-24,0.0,2.0,False,0.0,en,0.6,,,,,2023.0,both,both
,,,,,,,,,,,,,,,,,,,2019.0,118.0,21bridges,49939757.0,28539757.0,0.5710000000000001,21400000.0,0.43,535292.0,6.757,1778.0,Released,2019-10-24,49939757.0,99.0,False,33000000.0,en,16.605,"Crime, Action, Drama","AGBO, MWM Studios, Huayi Brothers Pictures, Universal Pictures",United States of America,English,2019.0,both,right_only
39.0,"Jun 20, 2025","Jun 18, 2025",2025.0,28yearslater,Sony Pictures,Horror,Original Screenplay,Live Action,Science Fiction,60000000.0,3444.0,3444.0,13927.0,30002966.0,70446897.0,70446897.0,79559856.0,150006753.0,2025.0,35.0,28yearslater,151329249.0,70446897.0,0.466,80882352.0,0.534,641724.0,0.0,0.0,Released,2019-01-01,0.0,10.0,False,0.0,lv,0.6,,Latvijas Kultūras akadēmija,Latvia,,2019.0,both,both
,,,,,,,,,,,,,,,,,,,2020.0,116.0,365days,9458590.0,,,9458590.0,1.0,664413.0,7.063,8429.0,Released,2020-02-07,9458590.0,116.0,False,0.0,pl,32.781,"Romance, Drama","Ekipa, Future Space, Next Film, TVN Group",Poland,"English, French, Italian, Polish",2020.0,both,right_only
,,,,,,,,,,,,,,,,,,,2017.0,98.0,47metersdown,62187529.0,44307191.0,0.7120000000000001,17880338.0,0.29,403119.0,5.789,2570.0,Released,2017-05-25,62198461.0,89.0,False,5500000.0,en,17.948,"Thriller, Adventure, Horror","Lantica Media, Flexibon Films, Dragon Root Securities, Altitude Film Sales, Dimension Films, Entertainment Studios Motion Pictures, Tea Shop & Film Company, The Fyzz","Dominican Republic, United Kingdom, United States of America","English, Spanish",2017.0,both,right_only
,,,,,,,,,,,,,,,,,,,2019.0,127.0,47metersdownuncaged,47582563.0,22260900.0,0.4679999999999999,25321663.0,0.53,480105.0,5.714,1284.0,Released,2019-08-15,47582563.0,90.0,False,12000000.0,en,19.705,"Horror, Drama, Adventure","The Fyzz, Lionsgate","United States of America, United Kingdom",English,2019.0,both,right_only
,,,,,,,,,,,,,,,,,,,2025.0,156.0,5centimeterspersecond,13942610.0,,,13942610.0,1.0,38142.0,7.319,1763.0,Released,2007-03-03,0.0,63.0,False,5000000.0,ja,23.128,"Animation, Drama, Family, Romance",CoMix Wave Films,Japan,Japanese,2007.0,both,right_only
94.0,"Mar 10, 2023","Mar 9, 2023",2023.0,65,Sony Pictures,Thriller/Suspense,Original Screenplay,Live Action,Science Fiction,45000000.0,3405.0,3405.0,12818.0,12328361.0,32062904.0,33147190.0,24178123.0,56241027.0,2023.0,81.0,65,60730568.0,32062904.0,0.528,28667664.0,0.47,700391.0,6.122,1653.0,Released,2023-03-02,55000000.0,92.0,False,45000000.0,en,85.473,"Science Fiction, Action, Adventure","Raimi Productions, Beck/Woods, Bron Studios, Columbia Pictures, TSG Entertainment","Canada, United States of America",English,2023.0,both,both
,,,,,,,,,,,,,,,,,,,2022.0,189.0,777charlie,7529270.0,,,7529270.0,1.0,634120.0,7.633,30.0,Released,2022-06-10,0.0,166.0,False,0.0,kn,15.466,"Adventure, Comedy, Drama","Paramvah Studios, KVN Productions, Suresh Productions, Stone Bench Creations",India,Kannada,2022.0,both,right_only
,,,,,,,,,,,,,,,,,,,2023.0,104.0,80forbrady,40480875.0,39448525.0,0.974,1032350.0,0.03,942922.0,6.61,100.0,Released,2023-02-03,29637811.0,98.0,False,28000000.0,en,17.646,Comedy,"199 Productions, Watch This Ready, Fifth Season, Tempesta Films, Paramount, CJ Entertainment","South Korea, United States of America",English,2023.0,both,right_only
,,,,,,,,,,,,,,,,,,,2021.0,106.0,999criminallawyerthemovie,23055069.0,,,23055069.0,1.0,923526.0,6.4,5.0,Released,2021-12-30,0.0,120.0,False,0.0,ja,1.4,"Drama, Comedy, Crime",TBS,Japan,Japanese,2021.0,both,right_only
68.0,"Nov 1, 2017","Nov 1, 2017",2017.0,abadmomschristmas,STX Entertainment,Comedy,Original Screenplay,Live Action,Contemporary Fiction,28000000.0,3615.0,3615.0,18530.0,16759161.0,72110659.0,90917889.0,55599891.0,127710550.0,2017.0,65.0,abadmomschristmas,130560428.0,72110659.0,0.552,58449769.0,0.45,431530.0,6.314,1923.0,Released,2017-08-04,130560428.0,104.0,False,28000000.0,en,13.988,Comedy,"STX Films, Robert Simonds Productions, Suzanne Todd Productions, Huayi Brothers Pictures, Universal Pictures",United States of America,English,2017.0,both,both
92.0,"Nov 22, 2019","Nov 22, 2019",2019.0,abeautifuldayintheneighborhood,Sony Pictures,Drama,Based on Factual Book/Article,Live Action,Dramatization,45000000.0,3235.0,3491.0,18087.0,13251238.0,61696436.0,76164164.0,6893567.0,68590003.0,2019.0,97.0,abeautifuldayintheneighborhood,67925733.0,61704055.0,0.908,6221678.0,0.09,501907.0,7.0,1447.0,Released,2019-09-07,67925733.0,109.0,False,25000000.0,en,18.327,"Drama, History","TriStar Pictures, Tencent Pictures, Big Beach","China, United States of America",English,2019.0,both,both
,,,,,,,,,,,,,,,,,,,2016.0,179.0,abeautifulplanet,25730120.0,15650615.0,0.608,10079505.0,0.39,365997.0,6.902,56.0,Released,2016-04-16,24000000.0,45.0,False,0.0,en,5.26,Documentary,IMAX,United States of America,English,2016.0,both,right_only
89.0,"Apr 19, 2024","Apr 17, 2024",2024.0,abigail,Universal,Horror,Original Screenplay,Live Action,Contemporary Fiction,28000000.0,3384.0,3393.0,11859.0,10297110.0,25867515.0,25867515.0,17174055.0,43041570.0,2024.0,78.0,abigail,42791449.0,25867515.0,0.605,16923934.0,0.4,575094.0,6.183,202.0,Released,2019-08-22,1940234.0,110.0,False,7000000.0,en,10.39,"Adventure, Fantasy, Mystery",Kinodanz,Russia,English,2019.0,both,both
48.0,"Sep 27, 2019","Sep 19, 2019",2019.0,abominable,Universal,Adventure,Original Screenplay,Digital Animation,Kids Fiction,75000000.0,4242.0,4248.0,19825.0,20612100.0,60761390.0,75017455.0,127907499.0,188668889.0,2019.0,49.0,abominable,188623517.0,60716390.0,0.322,127907127.0,0.68,431580.0,7.509,1877.0,Released,2019-09-19,190304772.0,97.0,False,75000000.0,en,27.909,"Family, Animation, Adventure, Comedy","DreamWorks Animation, Pearl Studio, Universal Pictures, dentsu","China, Japan, United States of America",English,2019.0,both,both
,,,,,,,,,,,,,,,,,,,2023.0,148.0,aboutmyfather,18167819.0,12089391.0,0.665,6078428.0,0.34,829051.0,6.234,124.0,Released,2023-05-25,0.0,90.0,False,29100000.0,en,33.845,Comedy,"Lionsgate, Depth of Field",United States of America,English,2023.0,both,right_only
,,,,,,,,,,,,,,,,,,,2023.0,148.0,aboutmyfather,18167819.0,12089391.0,0.665,6078428.0,0.34,1434391.0,0.0,0.0,Released,2013-01-01,0.0,45.0,False,0.0,ja,0.6,Drama,,Japan,Japanese,2013.0,both,right_only
,,,,,,,,,,,,,,,,,,,2016.0,143.0,absolutelyfabulousthemovie,39219109.0,4772155.0,0.122,34446954.0,0.88,372411.0,5.357,223.0,Released,2016-07-01,37915971.0,91.0,False,0.0,en,8.748,Comedy,"British Film Company, Fox Searchlight Pictures",United Kingdom,English,2016.0,both,right_only
,,,,,,,,,,,,,,,,,,,2022.0,183.0,acharya,8048175.0,832000.0,0.103,7216175.0,0.9,679919.0,4.5,11.0,Released,2022-04-29,0.0,152.0,False,18000000.0,te,7.451,"Action, Drama","Konidela Production Company, Matinee Entertainment",India,Telugu,2022.0,both,right_only
,,,,,,,,,,,,,,,,,,,2016.0,117.0,achineseodysseypartthree,53306108.0,,,53306108.0,1.0,389201.0,6.167,12.0,Released,2016-07-07,0.0,93.0,False,0.0,zh,4.694,"Adventure, Comedy, Family, Fantasy",Chunqiu Time Co.,China,Mandarin,2016.0,both,right_only
38.0,"Dec 25, 2024","Dec 25, 2024",2024.0,acompleteunknown,Searchlight Pictures,Drama,Based on Factual Book/Article,Live Action,Dramatization,70000000.0,2835.0,2835.0,19000.0,11655553.0,75001720.0,75001720.0,65425973.0,140427693.0,2024.0,40.0,acompleteunknown,140508652.0,75001720.0,0.534,65506932.0,0.47,,,,,,,,,,,,,,,,,left_only,both
63.0,"Nov 16, 2018","Nov 14, 2018",2018.0,acoolfish,China Lion Film Distribution,Comedy,Original Screenplay,Live Action,Contemporary Fiction,0.0,15.0,36.0,121.0,71187.0,551196.0,684300.0,117577445.0,118128641.0,2018.0,60.0,acoolfish,118153135.0,551876.0,0.005,117601259.0,1.0,554205.0,6.808,60.0,Released,2018-11-15,0.0,108.0,False,0.0,zh,4.699,"Comedy, Thriller, Crime",JCE Movies,China,Mandarin,2018.0,both,both
,,,,,,,,,,,,,,,,,,,2018.0,131.0,acrimony,46403669.0,43549096.0,0.938,2854573.0,0.06,464502.0,6.758,357.0,Released,2018-03-30,34764055.0,120.0,False,20000000.0,en,8.641,Thriller,Tyler Perry Studios,United States of America,English,2018.0,both,right_only
88.0,"Dec 31, 2023","Nov 25, 2023",2023.0,acrossthefurioussea,,Thriller/Suspense,Based on Fiction Book/Short Story,Live Action,Contemporary Fiction,0.0,0.0,0.0,0.0,0.0,0.0,0.0,76360102.0,76360102.0,,,acrossthefurioussea,,,,,,855492.0,0.0,0.0,Released,2021-12-31,0.0,0.0,False,0.0,zh,0.68,"Crime, Thriller, Drama, Mystery",,China,Mandarin,2021.0,right_only,both
,,,,,,,,,,,,,,,,,,,2017.0,179.0,acureforwellness,26620002.0,8106986.0,0.305,18513016.0,0.7,340837.0,6.3,3589.0,Released,2017-02-15,26620002.0,146.0,False,40000000.0,en,19.807,"Horror, Mystery, Science Fiction","Studio Babelsberg, Regency Enterprises, New Regency Pictures, TSG Entertainment, Blind Wink Productions, 20th Century Fox","Germany, United States of America","English, German",2017.0,both,right_only
57.0,"Sep 20, 2019","Sep 19, 2019",2019.0,adastra,20th Century Fox,Thriller/Suspense,Original Screenplay,Live Action,Science Fiction,80000000.0,3460.0,3460.0,13219.0,19001398.0,50188370.0,61968395.0,84966456.0,135154826.0,2019.0,59.0,adastra,127461872.0,50188370.0,0.3939999999999999,77273502.0,0.61,419704.0,6.1,6143.0,Released,2019-09-17,127461872.0,123.0,False,87500000.0,en,11.084,"Science Fiction, Drama","New Regency Productions, MadRiver Pictures, Plan B Entertainment, RT Features, Bona Film Group, TSG Entertainment, Keep Your Head Productions, 20th Century Fox","Brazil, China, United States of America","English, Norwegian",2019.0,both,both
83.0,"May 17, 2019","May 3, 2019",2019.0,adogsjourney,Universal,Drama,Based on Fiction Book/Short Story,Live Action,Contemporary Fiction,16000000.0,3267.0,3279.0,9710.0,8030085.0,22782371.0,28129757.0,56084834.0,78867205.0,2019.0,87.0,adogsjourney,78870908.0,22782371.0,0.289,56088537.0,0.71,522518.0,8.038,1357.0,Released,2019-05-03,78871079.0,109.0,False,16000000.0,en,32.243,"Family, Adventure, Drama","Walden Media, Alibaba Pictures Group, Amblin Entertainment, Universal Pictures, DreamWorks Pictures, Amblin Partners, Pariah Entertainment Group, Reliance Entertainment","Canada, China, India, United States of America",English,2019.0,both,both
49.0,"Jan 27, 2017","Jan 20, 2017",2017.0,adogspurpose,Universal,Drama,Based on Fiction Book/Short Story,Live Action,Contemporary Fiction,25000000.0,3059.0,3178.0,18021.0,18222810.0,64321890.0,81101510.0,138733537.0,203055427.0,2017.0,47.0,adogspurpose,205035819.0,64508620.0,0.315,140527199.0,0.69,381289.0,7.615,3078.0,Released,2017-01-19,205035819.0,100.0,False,22000000.0,en,30.263,"Adventure, Comedy, Fantasy, Family, Drama","Amblin Entertainment, Pariah Entertainment Group, Walden Media, Reliance Entertainment, Amblin Partners, DreamWorks Pictures, Universal Pictures","Canada, India, United States of America",English,2017.0,both,both
82.0,"Jan 11, 2019","Jan 9, 2019",2019.0,adogswayhome,Sony Pictures,Drama,Original Screenplay,Live Action,Contemporary Fiction,61000000.0,3090.0,3090.0,16257.0,11251263.0,41952715.0,51799698.0,39199790.0,81152505.0,2019.0,86.0,adogswayhome,80708134.0,42004346.0,0.52,38703788.0,0.48,508763.0,7.339,1009.0,Released,2019-01-10,17643857.0,96.0,False,18000000.0,en,25.165,"Drama, Adventure, Family","Bona Film Group, Pariah, Columbia Pictures","China, United States of America",English,2019.0,both,both
,,,,,,,,,,,,,,,,,,,2019.0,79.0,adoring,94975692.0,,,94975692.0,1.0,626616.0,7.0,6.0,Released,2019-12-31,0.0,108.0,False,0.0,zh,7.147,Drama,"海润影视制作有限公司, 北京真乐道文化传播有限公司",China,Mandarin,2019.0,both,right_only
,,,,,,,,,,,,,,,,,,,2018.0,113.0,adrift,59945012.0,31445012.0,0.525,28500000.0,0.48,429300.0,6.85,2448.0,Released,2018-05-31,59945012.0,96.0,False,35000000.0,en,16.709,"Thriller, Romance, Adventure","STX Films, RVK Studios, Lakeshore Entertainment, Huayi Brothers Pictures","Hong Kong, Iceland, United States of America","English, French",2018.0,both,right_only
,,,,,,,,,,,,,,,,,,,2018.0,113.0,adrift,59945012.0,31445012.0,0.525,28500000.0,0.48,1046148.0,7.0,1.0,Released,2022-08-26,0.0,0.0,False,0.0,en,1.179,,Navajo Joe Films,United States of America,,2022.0,both,right_only
,,,,,,,,,,,,,,,,,,,2016.0,156.0,aedilhaimushkil,31668920.0,4264983.0,0.135,27403937.0,0.87,393445.0,6.441,178.0,Released,2016-10-27,0.0,158.0,False,0.0,hi,7.933,"Romance, Drama","ADHM Films, Star Studios, Dharma Productions",India,Hindi,2016.0,both,right_only
,,,,,,,,,,,,,,,,,,,2024.0,165.0,afraid,12977758.0,6725687.0,0.518,6252071.0,0.48,912810.0,3.9,8.0,Released,2019-11-01,0.0,4.0,False,40000.0,en,0.826,Thriller,Make Films,United States of America,English,2019.0,both,right_only
,,,,,,,,,,,,,,,,,,,2024.0,165.0,afraid,12977758.0,6725687.0,0.518,6252071.0,0.48,1578489.0,0.0,0.0,In Production,2025-12-16,0.0,0.0,False,0.0,en,0.0143,Horror,,,,2025.0,both,right_only
,,,,,,,,,,,,,,,,,,,2019.0,95.0,after,69497587.0,12138565.0,0.175,57359022.0,0.83,537915.0,7.137,7781.0,Released,2019-04-11,69497587.0,106.0,False,14000000.0,en,155.287,"Romance, Drama","CalMaple Films, Wattpad, Offspring Entertainment, Diamond Film Productions, Voltage Pictures, Frayed Pages Entertainment",United States of America,English,2019.0,both,right_only
,,,,,,,,,,,,,,,,,,,2019.0,95.0,after,69497587.0,12138565.0,0.175,57359022.0,0.83,45746.0,2.867,15.0,Released,2006-06-27,0.0,80.0,False,1000000.0,en,1.214,"Horror, Science Fiction, Thriller","After... Films LLC, Harbor Light Entertainment, Pray For Rain Pictures",United States of America,English,2006.0,both,right_only
,,,,,,,,,,,,,,,,,,,2023.0,180.0,afterdeath,11830860.0,11478326.0,0.97,352534.0,0.03,5796.0,5.0,71.0,Released,1990-07-27,0.0,84.0,False,0.0,it,7.358,"Horror, Action",Flora Film,Italy,"Italian, Tagalog",1990.0,both,right_only
,,,,,,,,,,,,,,,,,,,2023.0,180.0,afterdeath,11830860.0,11478326.0,0.97,352534.0,0.03,214256.0,4.102,54.0,Released,2015-10-19,0.0,88.0,False,0.0,en,4.969,"Horror, Mystery, Thriller","Acheron Films, Vituhmin Productions",United Kingdom,English,2015.0,both,right_only
,,,,,,,,,,,,,,,,,,,2023.0,180.0,afterdeath,11830860.0,11478326.0,0.97,352534.0,0.03,1287392.0,0.0,0.0,Released,2024-05-10,0.0,14.0,False,0.0,en,1.4,"Drama, Comedy",,,,2024.0,both,right_only
,,,,,,,,,,,,,,,,,,,2022.0,111.0,aftereverhappy,19238073.0,1072750.0,0.0559999999999999,18165323.0,0.94,744276.0,6.843,992.0,Released,2022-08-24,12467270.0,95.0,False,0.0,en,167.725,"Romance, Drama","Voltage Pictures, Wattpad, Vertical Entertainment, Ethea Entertainment, CalMaple Films",United States of America,English,2022.0,both,right_only
,,,,,,,,,,,,,,,,,,,2023.0,190.0,aftereverything,10644463.0,,,10644463.0,1.0,820525.0,6.768,69.0,Released,2023-09-13,3280152.0,93.0,False,14000000.0,en,474.472,"Romance, Drama","Voltage Pictures, Wattpad",United States of America,"English, Portuguese",2023.0,both,right_only
,,,,,,,,,,,,,,,,,,,2022.0,175.0,aftersun,8906840.0,1658790.0,0.186,7248050.0,0.81,965150.0,7.716,877.0,Released,2022-10-21,4785157.0,102.0,False,0.0,en,37.165,Drama,"PASTEL, BBC Film, Tango Entertainment, Unified Theory, Screen Scotland, BFI, AZ Celtic Films","Turkey, United Kingdom, United States of America","English, Turkish",2022.0,both,right_only
44.0,"Sep 11, 2020","Sep 2, 2020",2020.0,afterwecollided,,Drama,Based on Fiction Book/Short Story,Live Action,Contemporary Fiction,0.0,0.0,546.0,2048.0,0.0,2386483.0,2940204.0,40919909.0,43306392.0,2020.0,32.0,afterwecollided,47990414.0,2386483.0,0.05,45603931.0,0.95,613504.0,7.202,5051.0,Released,2020-09-02,42000000.0,105.0,False,0.0,en,121.032,"Romance, Drama","Voltage Pictures, Offspring Entertainment, Frayed Pages Entertainment, Wattpad",United States of America,English,2020.0,both,both
,,,,,,,,,,,,,,,,,,,2021.0,111.0,afterwefell,21753705.0,2170750.0,0.1,19582955.0,0.9,744275.0,7.097,2311.0,Released,2021-09-01,21500000.0,99.0,False,14000000.0,en,140.224,"Romance, Drama","Voltage Pictures, Wattpad, Vertical Entertainment, Ethea Entertainment, CalMaple Films","France, United States of America",English,2021.0,both,right_only
,,,,,,,,,,,,,,,,,,,2021.0,183.0,agentbackkomkingsbear,8700526.0,,,8700526.0,1.0,869404.0,6.0,1.0,Released,2021-07-23,8500000.0,95.0,False,0.0,zh,0.635,Animation,,China,Mandarin,2021.0,both,right_only
,,,,,,,,,,,,,,,,,,,2023.0,162.0,aguiltyconscience,14911562.0,,,14911562.0,1.0,990326.0,6.617,30.0,Released,2023-01-20,10000000.0,133.0,False,2800000.0,cn,8.215,Drama,"Edko Films, Alibaba Pictures Group, Irresistible Beta Limited",Hong Kong,Cantonese,2023.0,both,right_only
63.0,"Sep 15, 2023","Sep 13, 2023",2023.0,ahauntinginvenice,20th Century Studios,Thriller/Suspense,Based on Fiction Book/Short Story,Live Action,Historical Fiction,60000000.0,3305.0,3305.0,17055.0,14279529.0,42471412.0,43907829.0,79819044.0,122290456.0,2023.0,57.0,ahauntinginvenice,122290456.0,42471412.0,0.347,79819044.0,0.65,945729.0,6.786,519.0,Released,2023-09-13,89800000.0,104.0,False,60000000.0,en,147.584,"Mystery, Thriller, Crime","20th Century Studios, Scott Free Productions, The Mark Gordon Company, Genre Films, Agatha Christie Limited","United Kingdom, United States of America","English, Italian",2023.0,both,both
,,,,,,,,,,,,,,,,,,,2020.0,129.0,aiamok,7932675.0,,,7932675.0,1.0,619083.0,6.0,6.0,Released,2020-01-31,0.0,131.0,False,0.0,ja,4.215,Science Fiction,Warner Bros. Japan,Japan,"English, Japanese",2020.0,both,right_only
79.0,"Apr 5, 2023","Mar 5, 2023",2023.0,air,Amazon Studios,Drama,Based on Real Life Events,Live Action,Dramatization,90000000.0,3507.0,3507.0,15688.0,14456279.0,52460106.0,54234345.0,37600000.0,90060106.0,2023.0,71.0,air,90060106.0,52460106.0,0.583,37600000.0,0.42,964980.0,7.385,1384.0,Released,2023-04-05,87078875.0,112.0,False,90000000.0,en,38.283,"Drama, History","Amazon Studios, Skydance Sports, Mandalay Pictures, Artists Equity",United States of America,"German, English",2023.0,both,both
9.0,"May 24, 2019","May 22, 2019",2019.0,aladdin,Walt Disney,Adventure,Based on Folk Tale/Legend/Fairytale,Animation/Live Action,Fantasy,182000000.0,4476.0,4476.0,35706.0,91500929.0,355559216.0,439014705.0,686566891.0,1042126107.0,2019.0,9.0,aladdin,1050693953.0,355559216.0,0.3379999999999999,695134737.0,0.66,812.0,7.645,10547.0,Released,1992-11-25,504050219.0,95.0,False,28000000.0,en,52.027,"Animation, Family, Adventure, Fantasy, Romance","Walt Disney Pictures, Walt Disney Feature Animation",United States of America,English,1992.0,both,both
,,,,,,,,,,,,,,,,,,,2020.0,55.0,alavaikunthapurramuloo,28477890.0,,,28477890.0,1.0,628241.0,6.8,67.0,Released,2020-01-12,28859072.0,165.0,False,14000000.0,te,8.167,"Action, Comedy, Drama","Geetha Arts, Haarika & Hassine Creations",India,"Hindi, Telugu",2020.0,both,right_only
,,,,,,,,,,,,,,,,,,,2017.0,170.0,alibicom,29370592.0,,,29370592.0,1.0,398929.0,6.484,1567.0,Released,2017-02-15,29370592.0,90.0,False,7546570.0,fr,9.486,Comedy,"Fechner Films, TF1 Droits Audiovisuels, StudioCanal, TF1 Films Production",France,French,2017.0,both,right_only
,,,,,,,,,,,,,,,,,,,2023.0,116.0,alibicom2,34114308.0,,,34114308.0,1.0,967585.0,6.715,256.0,Released,2023-02-08,0.0,88.0,False,0.0,fr,24.63,Comedy,"TF1 Films Production, StudioCanal, Axel Films, TF1 Studio, BAF Prod",France,French,2023.0,both,right_only
,,,,,,,,,,,,,,,,,,,2025.0,141.0,aliceinwonderland,16018429.0,,,16018429.0,1.0,12155.0,6.627,13149.0,Released,2010-03-03,1025467110.0,108.0,False,200000000.0,en,56.345,"Family, Fantasy, Adventure","Walt Disney Pictures, Roth Films, Team Todd, Tim Burton Productions, The Zanuck Company",United States of America,English,2010.0,both,right_only
,,,,,,,,,,,,,,,,,,,2025.0,141.0,aliceinwonderland,16018429.0,,,16018429.0,1.0,135361.0,6.6,5.0,Released,2010-02-23,0.0,57.0,False,0.0,en,1.583,"Family, Animation, Fantasy, Music, Adventure",,United States of America,English,2010.0,both,right_only
32.0,"May 27, 2016","May 20, 2016",2016.0,alicethroughthelookingglass,Walt Disney,Adventure,Based on Fiction Book/Short Story,Animation/Live Action,Fantasy,170000000.0,3763.0,3763.0,13748.0,26858726.0,77042381.0,100734031.0,199885731.0,276928112.0,2016.0,33.0,alicethroughthelookingglass,299457024.0,77041381.0,0.257,222415643.0,0.74,241259.0,6.55,6025.0,Released,2016-05-25,299457024.0,113.0,False,170000000.0,en,34.545,"Adventure, Family, Fantasy","Legend3D, Walt Disney Pictures, Roth Films, Team Todd, Tim Burton Productions","United Kingdom, United States of America",English,2016.0,both,both
43.0,"May 19, 2017","May 4, 2017",2017.0,aliencovenant,20th Century Fox,Horror,Original Screenplay,Live Action,Science Fiction,97000000.0,3761.0,3772.0,13537.0,36160621.0,74262031.0,93634732.0,164259216.0,238521247.0,2017.0,40.0,aliencovenant,240891763.0,74262031.0,0.308,166629732.0,0.69,126889.0,6.1,7822.0,Released,2017-05-09,240891763.0,122.0,False,97000000.0,en,92.533,"Science Fiction, Horror, Mystery","Scott Free Productions, Brandywine Productions, 20th Century Fox","United Kingdom, United States of America","English, German",2017.0,both,both
,,,,,,,,,,,,,,,,,,,2022.0,150.0,alienoid,12109608.0,168309.0,0.0139999999999999,11941299.0,0.99,601796.0,7.209,163.0,Released,2022-07-20,12067556.0,143.0,False,24457676.0,ko,47.93,"Science Fiction, Action, Fantasy, Adventure","Caper Film, CJ ENM",South Korea,Korean,2022.0,both,right_only
20.0,"Aug 16, 2024","Aug 14, 2024",2024.0,alienromulus,20th Century Studios,Horror,Original Screenplay,Live Action,Science Fiction,80000000.0,3885.0,3915.0,17745.0,42003361.0,105313091.0,105313091.0,245430577.0,350743668.0,2024.0,21.0,alienromulus,350865342.0,105313091.0,0.3,245552251.0,0.7,,,,,,,,,,,,,,,,,left_only,both
,,,,,,,,,,,,,,,,,,,2021.0,161.0,aline,11149943.0,667815.0,0.06,10482128.0,0.94,498402.0,6.803,289.0,Released,2020-11-19,11131254.0,126.0,False,25900000.0,fr,9.544,"Music, Comedy, Drama","Caramel Films, Rectangle Productions, TF1 Studio, Gaumont, Belga Productions, Téléfilm Canada, Entourage Pictures","Canada, France","English, French",2020.0,both,right_only
,,,,,,,,,,,,,,,,,,,2021.0,161.0,aline,11149943.0,667815.0,0.06,10482128.0,0.94,1418162.0,10.0,1.0,Released,2024-12-03,0.0,0.0,False,10.0,pt,0.885,"Drama, Mystery",Submundo Cinematográfico,Brazil,,2024.0,both,right_only
,,,,,,,,,,,,,,,,,,,2021.0,161.0,aline,11149943.0,667815.0,0.06,10482128.0,0.94,799815.0,0.0,0.0,Released,2020-12-23,0.0,0.0,False,0.0,fr,0.6,Drama,CINAF,Cameroon,French,2020.0,both,right_only
22.0,"Feb 14, 2019","Feb 1, 2019",2019.0,alitabattleangel,20th Century Fox,Action,Based on Comic/Graphic Novel,Animation/Live Action,Science Fiction,170000000.0,3790.0,3802.0,18635.0,28525613.0,85838210.0,105985478.0,316061830.0,401900040.0,2019.0,21.0,alitabattleangel,404980543.0,85838210.0,0.212,319142333.0,0.79,399579.0,7.219,8450.0,Released,2019-01-31,404980543.0,122.0,False,170000000.0,en,47.667,"Action, Science Fiction, Adventure","Troublemaker Studios, Lightstorm Entertainment, 20th Century Fox, TSG Entertainment",United States of America,"English, Spanish",2019.0,both,both
,,,,,,,,,,,,,,,,,,,2020.0,9.0,alittleredflower,216000000.0,,,216000000.0,1.0,716815.0,6.8,23.0,Released,2020-12-31,0.0,128.0,False,0.0,zh,2.619,"Drama, Family","Lian Ray Pictures, China Film Group Corporation, Shanghai RuYi Entertainment",China,Mandarin,2020.0,both,right_only
,,,,,,,,,,,,,,,,,,,2020.0,88.0,alive,13432212.0,,,13432212.0,1.0,614696.0,7.283,1570.0,Released,2020-06-24,13416285.0,98.0,False,6300000.0,ko,24.119,"Horror, Action, Adventure, Thriller","Lotte Entertainment, Zip Cinema, Perspective Pictures",South Korea,Korean,2020.0,both,right_only
,,,,,,,,,,,,,,,,,,,2020.0,88.0,alive,13432212.0,,,13432212.0,1.0,7305.0,6.872,1290.0,Released,1993-01-15,36733909.0,127.0,False,32000000.0,en,17.898,"Adventure, Drama, Thriller","Touchstone Pictures, Film Andes S.A., The Kennedy/Marshall Company, Paramount",United States of America,"English, Spanish",1993.0,both,right_only
,,,,,,,,,,,,,,,,,,,2020.0,88.0,alive,13432212.0,,,13432212.0,1.0,107765.0,6.7,5.0,Released,2009-07-05,0.0,90.0,False,0.0,sq,1.387,"Action, Thriller, Science Fiction","Art film, WilDart Film, Agat Films & Cie / Ex Nihilo","Albania, France, Austria",Albanian,2009.0,both,right_only
,,,,,,,,,,,,,,,,,,,2020.0,88.0,alive,13432212.0,,,13432212.0,1.0,1263445.0,0.0,0.0,Released,2021-07-31,0.0,0.0,False,0.0,zh,0.0,Drama,,,,2021.0,both,right_only
,,,,,,,,,,,,,,,,,,,2020.0,88.0,alive,13432212.0,,,13432212.0,1.0,1149778.0,0.0,0.0,Released,2020-11-01,0.0,3.0,False,0.0,en,0.607,,,,,2020.0,both,right_only
,,,,,,,,,,,,,,,,,,,2020.0,88.0,alive,13432212.0,,,13432212.0,1.0,1467759.0,0.0,0.0,Released,2023-10-18,0.0,0.0,False,0.0,fr,0.0643,"Horror, Thriller",,,French,2023.0,both,right_only
,,,,,,,,,,,,,,,,,,,2020.0,88.0,alive,13432212.0,,,13432212.0,1.0,1063786.0,0.0,0.0,Released,2008-03-12,0.0,0.0,False,0.0,ja,1.096,Music,,Japan,Japanese,2008.0,both,right_only
,,,,,,,,,,,,,,,,,,,2018.0,161.0,allaboutme,31920159.0,,,31920159.0,1.0,497106.0,7.49,153.0,Released,2018-12-25,0.0,100.0,False,0.0,de,6.117,"Drama, Comedy","Gesellschaft für feine Filme, UFA Fiction, Warner Bros. Film Productions Germany",Germany,German,2018.0,both,right_only
,,,,,,,,,,,,,,,,,,,2021.0,176.0,allaboutmymother,8900000.0,,,8900000.0,1.0,99.0,7.7,1708.0,Released,1999-04-16,67872296.0,101.0,False,8272296.0,es,15.851,"Comedy, Drama","Renn Productions, France 2 Cinéma, El Deseo, Vía Digital, Canal+","Spain, France","Catalan, Spanish",1999.0,both,right_only
,,,,,,,,,,,,,,,,,,,2017.0,111.0,alleyezonme,55668698.0,44922302.0,0.807,10746396.0,0.19,402529.0,6.71,1108.0,Released,2017-06-12,44922302.0,139.0,False,40000000.0,en,16.612,"History, Drama, Music","Morgan Creek, The Program Pictures, Voltage Pictures, Codeblack Films, Summit Entertainment, Lionsgate",United States of America,English,2017.0,both,right_only
71.0,"Nov 23, 2016","Nov 20, 2016",2016.0,allied,Paramount Pictures,Drama,Original Screenplay,Live Action,Historical Fiction,106000000.0,3160.0,3160.0,11698.0,12701743.0,40098064.0,52402849.0,79168597.0,119266661.0,2016.0,68.0,allied,119520023.0,40098064.0,0.335,79421959.0,0.67,369885.0,6.8,4251.0,Released,2016-11-17,119520023.0,124.0,False,85000000.0,en,13.298,"Action, Drama, War, Romance, Thriller","Paramount, GK Films, ImageMovers, Huahua Media","China, United States of America, United Kingdom","Arabic, English, French, German",2016.0,both,both
,,,,,,,,,,,,,,,,,,,2023.0,141.0,allofusstrangers,20226058.0,4050103.0,0.2,16175955.0,0.8,994108.0,0.0,0.0,Released,2023-12-21,0.0,105.0,False,0.0,en,8.353,"Drama, Fantasy, Romance","Film4 Productions, Blueprint Pictures, Searchlight Pictures, TSG Entertainment","United Kingdom, United States of America",English,2023.0,both,right_only
,,,,,,,,,,,,,,,,,,,2017.0,108.0,allthemoneyintheworld,56996304.0,25113707.0,0.441,31882597.0,0.56,446791.0,6.486,2104.0,Released,2017-12-21,56996304.0,132.0,False,50000000.0,en,22.128,"Crime, History, Thriller","Scott Free Productions, TriStar Pictures, Imperative Entertainment, Lotus Production, Redrum Films, STX Films, Panorama Films","Italy, United Kingdom, United States of America",English,2017.0,both,right_only
,,,,,,,,,,,,,,,,,,,2019.0,166.0,almostacomedy,26990962.0,,,26990962.0,1.0,649177.0,6.4,15.0,Released,2019-12-20,0.0,111.0,False,0.0,zh,1.431,"Romance, Comedy",Fun Age Pictures,China,Mandarin,2019.0,both,right_only
,,,,,,,,,,,,,,,,,,,2016.0,138.0,almostchristmas,42580920.0,42158780.0,0.99,422140.0,0.01,340402.0,5.926,333.0,Released,2016-11-11,42487325.0,111.0,False,17000000.0,en,9.704,"Comedy, Drama","Will Packer Productions, Universal Pictures",United States of America,English,2016.0,both,right_only
,,,,,,,,,,,,,,,,,,,2015.0,195.0,aloha,26250020.0,21067116.0,0.8029999999999999,5182904.0,0.2,222936.0,5.497,1904.0,Released,2015-05-29,26250020.0,105.0,False,37000000.0,en,24.331,"Drama, Comedy, Romance","Vinyl Films, Scott Rudin Productions",United States of America,"English, Russian",2015.0,both,right_only
,,,,,,,,,,,,,,,,,,,2018.0,68.0,alongwiththegodsthelast49days,97963806.0,1200246.0,0.012,96763560.0,0.99,518068.0,8.171,522.0,Released,2018-08-01,112790210.0,141.0,False,18300000.0,ko,23.985,"Fantasy, Action, Thriller, Adventure","Lotte Entertainment, Dexter Studios, Realies Pictures, Union Investment Partners, Korean Film Council, Art Service, Alpha Pictures","Hong Kong, South Korea",Korean,2018.0,both,right_only
76.0,"Dec 22, 2017","Dec 11, 2017",2017.0,alongwiththegodsthetwoworlds,Well Go USA,Action,Based on Web Series,Live Action,Fantasy,0.0,17.0,35.0,158.0,185546.0,1908822.0,2382225.0,105567909.0,107476731.0,2017.0,74.0,alongwiththegodsthetwoworlds,109383972.0,1908823.0,0.017,107475149.0,0.98,397567.0,8.106,877.0,Released,2017-12-20,125983972.0,139.0,False,18300000.0,ko,25.203,"Action, Adventure, Fantasy, Thriller","Lotte Entertainment, Dexter Studios, Realies Pictures, Korean Film Council, Alpha Pictures, kth, Union Investment Partners","Hong Kong, South Korea",Korean,2017.0,both,both
72.0,"Aug 17, 2018","Aug 15, 2018",2018.0,alpha,Sony Pictures,Adventure,Original Screenplay,Live Action,Historical Fiction,51000000.0,2719.0,2881.0,13590.0,10352512.0,35851379.0,44509227.0,63773494.0,99624873.0,2018.0,70.0,alpha,97254328.0,35857181.0,0.369,61397147.0,0.63,399360.0,6.491,2395.0,Released,2018-08-17,35808437.0,97.0,False,51000000.0,en,22.163,"Adventure, Drama","Studio 8, Columbia Pictures, The Picture Company","Canada, United States of America",English,2018.0,both,both
72.0,"Aug 17, 2018","Aug 15, 2018",2018.0,alpha,Sony Pictures,Adventure,Original Screenplay,Live Action,Historical Fiction,51000000.0,2719.0,2881.0,13590.0,10352512.0,35851379.0,44509227.0,63773494.0,99624873.0,2018.0,70.0,alpha,97254328.0,35857181.0,0.369,61397147.0,0.63,1132338.0,0.0,0.0,In Production,2024-04-26,0.0,0.0,False,0.0,en,1.316,"Comedy, Drama",,United States of America,,2024.0,both,both
31.0,"Dec 18, 2015","Dec 18, 2015",2015.0,alvinandthechipmunkstheroadchip,20th Century Fox,Adventure,Based on TV,Animation/Live Action,Kids Fiction,90000000.0,3653.0,3705.0,19912.0,14287159.0,85886987.0,114194853.0,163630969.0,249517956.0,2015.0,34.0,alvinandthechipmunkstheroadchip,234798636.0,85886987.0,0.366,148911649.0,0.63,258509.0,6.0,1516.0,Released,2015-12-17,233755553.0,92.0,False,90000000.0,en,30.212,"Adventure, Animation, Comedy, Family","TSG Entertainment, Fox 2000 Pictures, Regency Enterprises, Bagdasarian Productions, Sunswept Entertainment",United States of America,English,2015.0,both,both
,,,,,,,,,,,,,,,,,,,2019.0,197.0,alwaysmissyou,19015465.0,91884.0,0.005,18923581.0,1.0,597254.0,3.0,2.0,Released,2019-05-01,0.0,98.0,False,0.0,zh,1.379,"Romance, Comedy, Drama","Wuxi GuiYingJinHua Culture Media co., LTD, China Youth New Power Pictures, Chengcheng Movie",China,Mandarin,2019.0,both,right_only
,,,,,,,,,,,,,,,,,,,2019.0,90.0,amadeafamilyfuneral,74747725.0,73257045.0,0.98,1490680.0,0.02,464504.0,5.888,472.0,Released,2019-03-01,74747725.0,104.0,False,20000000.0,en,12.264,Comedy,Tyler Perry Studios,United States of America,English,2019.0,both,right_only
71.0,"Jan 6, 2023","Dec 25, 2022",2023.0,amancalledotto,Sony Pictures,Comedy,Based on Fiction Book/Short Story,Live Action,Contemporary Fiction,50000000.0,637.0,3957.0,23458.0,4202386.0,64267657.0,66442823.0,44373491.0,108641148.0,2022.0,39.0,amancalledotto,113360085.0,64267657.0,0.5670000000000001,49092428.0,0.43,937278.0,7.814,1857.0,Released,2022-12-28,108961677.0,126.0,False,50000000.0,en,60.746,"Comedy, Drama","Playtone, SF Studios, Artistic Films, Columbia Pictures, 2DUX²","Sweden, United States of America","English, Spanish",2022.0,both,both
,,,,,,,,,,,,,,,,,,,2015.0,182.0,amancalledove,30692889.0,3479315.0,0.113,27213574.0,0.89,348678.0,7.609,1023.0,Released,2015-12-25,30692889.0,116.0,False,0.0,sv,14.416,"Comedy, Drama","Nordsvensk Filmunderhållning, SVT, Film i Väst, Tre Vänner, Nordisk Film Sweden, Fantefilm","Norway, Sweden","Persian, Swedish",2015.0,both,right_only
,,,,,,,,,,,,,,,,,,,2018.0,101.0,amazingchina,72506343.0,,,72506343.0,1.0,508685.0,4.0,5.0,Released,2018-03-02,0.0,90.0,False,0.0,zh,0.6,Documentary,CCTV,China,Mandarin,2018.0,both,right_only
70.0,"Apr 8, 2022","Mar 16, 2022",2022.0,ambulance,Universal,Thriller/Suspense,Original Screenplay,Live Action,Contemporary Fiction,40000000.0,3412.0,3412.0,11131.0,8699630.0,22781115.0,24468608.0,29399980.0,52181095.0,2022.0,63.0,ambulance,52303589.0,22781115.0,0.436,29522474.0,0.56,763285.0,6.7,1714.0,Released,2022-03-16,51783040.0,136.0,False,40000000.0,en,31.656,"Thriller, Action","Universal Pictures, Bay Films, Endeavor Content, New Republic Pictures, Project X Entertainment",United States of America,English,2022.0,both,both
97.0,"Sep 15, 2017","Sep 14, 2017",2017.0,americanassassin,Lionsgate,Thriller/Suspense,Based on Fiction Book/Short Story,Live Action,Contemporary Fiction,63000000.0,3154.0,3154.0,12450.0,14846778.0,36249674.0,45706108.0,32060466.0,68310140.0,2017.0,91.0,americanassassin,67234188.0,36249674.0,0.539,30984514.0,0.46,415842.0,6.395,2765.0,Released,2017-09-14,67200000.0,112.0,False,33000000.0,en,19.826,"Action, Thriller","TIK Films, di Bonaventura Pictures, Nick Wechsler Productions, Lionsgate, CBS Films","Hong Kong, United States of America","Arabic, English, Italian, Persian, Polish, Spanish, Turkish",2017.0,both,both
,,,,,,,,,,,,,,,,,,,2023.0,132.0,americanfiction,22483370.0,21098470.0,0.938,1384900.0,0.06,1056360.0,0.0,0.0,Released,2023-12-15,0.0,117.0,False,0.0,en,6.826,"Comedy, Drama","Orion Pictures, T-Street Productions, MRC, 3 Arts Entertainment, Metro-Goldwyn-Mayer",United States of America,English,2023.0,both,right_only
66.0,"Sep 29, 2017","Aug 23, 2017",2017.0,americanmade,Universal,Action,Based on Real Life Events,Live Action,Dramatization,50000000.0,3024.0,3098.0,14863.0,16776390.0,51342000.0,64735567.0,84227212.0,135569212.0,2017.0,64.0,americanmade,134866593.0,51342000.0,0.381,83524593.0,0.62,337170.0,6.862,4137.0,Released,2017-08-18,133511855.0,115.0,False,50000000.0,en,22.082,"Action, Comedy, Crime, Drama, Thriller","Vendian Entertainment, Imagine Entertainment, Cross Creek Pictures, Quadrant Pictures, dentsu, Gobierno de Colombia","Colombia, Japan, United States of America","Spanish, French, English",2017.0,both,both
,,,,,,,,,,,,,,,,,,,2015.0,193.0,americanultra,27262374.0,14440985.0,0.53,12821389.0,0.47,261392.0,6.087,2607.0,Released,2015-08-19,27139524.0,96.0,False,28000000.0,en,20.443,"Comedy, Action","Merced Media Partners, Lionsgate, The Bridge Finance Company, Circle of Confusion, FilmNation Entertainment, Likely Story, PalmStar Media, Tadmor Entertainment","Switzerland, United States of America",English,2015.0,both,right_only
,,,,,,,,,,,,,,,,,,,2021.0,100.0,americanunderdog,26514814.0,26514814.0,1.0,,,673309.0,7.284,220.0,Released,2021-12-25,25000000.0,112.0,False,0.0,en,18.748,Drama,"Lionsgate, City on a Hill Productions, Kingdom Story Company",United States of America,English,2021.0,both,right_only
5.0,"Apr 4, 2025","Apr 2, 2025",2025.0,aminecraftmovie,Warner Bros.,Adventure,Based on Game,Animation/Live Action,Kids Fiction,150000000.0,4263.0,4289.0,30336.0,162753003.0,424087780.0,424087780.0,537100000.0,961187780.0,2025.0,5.0,aminecraftmovie,961187780.0,424087780.0,0.441,537100000.0,0.5589999999999999,,,,,,,,,,,,,,,,,left_only,both
,,,,,,,,,,,,,,,,,,,2024.0,172.0,amiracist,12311598.0,12311598.0,1.0,,,1320637.0,0.0,0.0,Post Production,2024-09-13,0.0,0.0,False,0.0,en,0.0,,The Daily Wire,,English,2024.0,both,right_only
,,,,,,,,,,,,,,,,,,,2016.0,131.0,amonstercalls,47309313.0,3740823.0,0.079,43568490.0,0.92,258230.0,7.263,3118.0,Released,2016-10-07,47309313.0,108.0,False,43000000.0,en,17.74,"Drama, Fantasy","River Road Entertainment, Participant, Apaches Entertainment, La Trini, A Monster Calls AIE, Telecinco Cinema, Summit Entertainment, Focus Features","Spain, United States of America",English,2016.0,both,right_only
93.0,"Oct 7, 2022","Oct 6, 2022",2022.0,amsterdam,20th Century Studios,Comedy,Original Screenplay,Live Action,Historical Fiction,80000000.0,3005.0,3005.0,8995.0,6444896.0,14947969.0,16055224.0,14452857.0,29400826.0,2022.0,80.0,amsterdam,31245810.0,14947969.0,0.478,16297841.0,0.52,664469.0,6.066,1158.0,Released,2022-09-27,31245810.0,134.0,False,80000000.0,en,26.845,"Mystery, History, Thriller","DreamCrew, Keep Your Head Productions, Corazon Hayagriva, New Regency Productions, Regency Enterprises",United States of America,"English, French",2022.0,both,both
46.0,"Dec 25, 2025","Dec 24, 2025",2025.0,anaconda,Sony Pictures,Comedy,Based on Fiction Book/Short Story,Live Action,Contemporary Fiction,45000000.0,3509.0,3509.0,16017.0,14502218.0,64465186.0,64465186.0,67599939.0,132065125.0,2025.0,42.0,anaconda,133869056.0,64465186.0,0.482,69403870.0,0.518,9360.0,5.172,2271.0,Released,1997-04-11,136885767.0,89.0,False,45000000.0,en,33.856,"Adventure, Horror, Thriller","St. Tropez Films, Cinema Line Film Corporation, Middle Fork Productions, Skylight Cinema Foto Art, Columbia Pictures, Skylight Cinema Foto Art (US)","Brazil, Peru, United States of America",English,1997.0,both,both
,,,,,,,,,,,,,,,,,,,2023.0,114.0,anatomyofafall,36046727.0,5076369.0,0.141,30970358.0,0.86,915935.0,7.891,193.0,Released,2023-08-23,0.0,151.0,False,6200000.0,fr,20.119,"Drama, Crime, Mystery","Les Films de Pierre, Les Films Pelléas, France 2 Cinéma, Auvergne-Rhône-Alpes Cinéma, Canal+, Ciné+, France Télévisions, CNC, Région Nouvelle-Aquitaine, Région Auvergne-Rhône-Alpes, ARTE/Cofinova 18",France,"English, French, German",2023.0,both,right_only
,,,,,,,,,,,,,,,,,,,2018.0,112.0,andhadhun,62475342.0,1193046.0,0.019,61282296.0,0.98,534780.0,7.642,429.0,Released,2018-10-05,40000000.0,139.0,False,4500000.0,hi,13.058,"Crime, Thriller, Comedy","Viacom18 Studios, Matchbox Pictures",India,"English, Hindi",2018.0,both,right_only
,,,,,,,,,,,,,,,,,,,2021.0,142.0,andsothebatonispassed,14403588.0,,,14403588.0,1.0,853731.0,6.7,3.0,Released,2021-10-29,0.0,137.0,False,0.0,ja,1.819,Drama,Warner Brothers Studios,Japan,Japanese,2021.0,both,right_only
58.0,"Aug 23, 2019","Aug 22, 2019",2019.0,angelhasfallen,Lionsgate,Thriller/Suspense,Original Screenplay,Live Action,Contemporary Fiction,40000000.0,3286.0,3336.0,18519.0,21380987.0,69030436.0,85232997.0,64315147.0,133345583.0,2019.0,58.0,angelhasfallen,146661977.0,69030436.0,0.471,77631541.0,0.53,423204.0,6.571,3172.0,Released,2019-08-21,146661977.0,122.0,False,40000000.0,en,41.248,"Action, Thriller","Campbell Grobman Films, Eclectic Pictures, G-BASE, Millennium Media",United States of America,English,2019.0,both,both
,,,,,,,,,,,,,,,,,,,2023.0,69.0,animal,92850291.0,15004482.0,0.162,77845809.0,0.84,274626.0,4.973,223.0,Released,2014-06-17,0.0,86.0,False,0.0,en,6.526,"Thriller, Horror","Chiller Films, Flower Films, Synthetic Cinema International",United States of America,English,2014.0,both,right_only
,,,,,,,,,,,,,,,,,,,2023.0,69.0,animal,92850291.0,15004482.0,0.162,77845809.0,0.84,457225.0,6.8,5.0,Released,2017-05-24,0.0,15.0,False,0.0,fa,0.6,,,Iran,Persian,2017.0,both,right_only
,,,,,,,,,,,,,,,,,,,2023.0,69.0,animal,92850291.0,15004482.0,0.162,77845809.0,0.84,1183843.0,0.0,0.0,Released,2023-05-27,0.0,20.0,False,0.0,en,0.6,"Drama, Thriller, Action",,,,2023.0,both,right_only
,,,,,,,,,,,,,,,,,,,2023.0,69.0,animal,92850291.0,15004482.0,0.162,77845809.0,0.84,1497978.0,0.0,0.0,In Production,2025-06-20,0.0,89.0,False,0.0,en,0.0214,Documentary,H20 Studios,,,2025.0,both,right_only
,,,,,,,,,,,,,,,,,,,2023.0,69.0,animal,92850291.0,15004482.0,0.162,77845809.0,0.84,1561333.0,0.0,0.0,In Production,2026-08-07,0.0,0.0,False,0.0,tl,0.0143,,,,,2026.0,both,right_only
,,,,,,,,,,,,,,,,,,,2018.0,100.0,animalworld,74922830.0,,,74922830.0,1.0,518764.0,7.1,195.0,Released,2018-06-29,0.0,125.0,False,125000.0,zh,7.719,"Drama, Action, Adventure, Thriller","Shanghai RuYi Entertainment, Tencent Pictures, Gravity Pictures, Fin Design & Effects",China,"Mandarin, English, Thai",2018.0,both,right_only
,,,,,,,,,,,,,,,,,,,2021.0,141.0,anita,15017470.0,556632.0,0.037,14460838.0,0.96,29275.0,7.0,31.0,Released,2009-08-27,0.0,104.0,False,0.0,es,2.539,Drama,"INCAA, Shazam S.A.",Argentina,"Hebrew, Spanish, Mandarin",2009.0,both,right_only
,,,,,,,,,,,,,,,,,,,2021.0,141.0,anita,15017470.0,556632.0,0.037,14460838.0,0.96,1617898.0,0.0,0.0,Released,2025-11-28,0.0,0.0,False,0.0,fr,0.0071,Documentary,,,,2025.0,both,right_only
,,,,,,,,,,,,,,,,,,,2019.0,157.0,anna,31626978.0,7743794.0,0.245,23883184.0,0.76,484641.0,6.673,2408.0,Released,2019-06-19,31626978.0,119.0,False,34000000.0,fr,32.6,"Thriller, Action","EuropaCorp, TF1 Films Production, Summit Entertainment, Work in Progress, Fetish Film, Skyprod, Ondamax Films","France, Guadaloupe, Russia, Serbia, United States of America","Dutch, English, Italian, Russian",2019.0,both,right_only
,,,,,,,,,,,,,,,,,,,2019.0,157.0,anna,31626978.0,7743794.0,0.245,23883184.0,0.76,1510315.0,0.0,0.0,Released,2025-06-10,0.0,14.0,False,0.0,en,0.0214,"Thriller, Drama",,India,,2025.0,both,right_only
,,,,,,,,,,,,,,,,,,,2019.0,157.0,anna,31626978.0,7743794.0,0.245,23883184.0,0.76,969853.0,0.0,0.0,Released,2022-02-01,0.0,18.0,False,0.0,da,0.6,Drama,"Norén Film, The Refining Fox Collective",Denmark,Danish,2022.0,both,right_only
39.0,"Jun 26, 2019","Jun 26, 2019",2019.0,annabellecomeshome,Warner Bros.,Horror,Original Screenplay,Live Action,Contemporary Fiction,27000000.0,3613.0,3613.0,15742.0,20269723.0,74152591.0,91557402.0,157100000.0,231252591.0,2019.0,38.0,annabellecomeshome,231252591.0,74152591.0,0.321,157100000.0,0.68,521029.0,6.429,3196.0,Released,2019-06-26,231252591.0,106.0,False,30000000.0,en,51.386,"Horror, Mystery, Thriller","Atomic Monster, The Safran Company, New Line Cinema",United States of America,English,2019.0,both,both
36.0,"Aug 11, 2017","Aug 2, 2017",2017.0,annabellecreation,Warner Bros.,Horror,Original Screenplay,Live Action,Contemporary Fiction,15000000.0,3502.0,3565.0,20808.0,35006404.0,102092201.0,128724946.0,204500000.0,306592201.0,2017.0,31.0,annabellecreation,306592201.0,102092201.0,0.3329999999999999,204500000.0,0.67,396422.0,6.6,5258.0,Released,2017-08-03,306515884.0,110.0,False,15000000.0,en,53.098,"Horror, Mystery, Thriller","Atomic Monster, New Line Cinema, The Safran Company, Warner Bros. Pictures",United States of America,"English, Spanish",2017.0,both,both
,,,,,,,,,,,,,,,,,,,2018.0,135.0,annihilation,43070915.0,32732301.0,0.76,10338614.0,0.24,300668.0,6.398,8014.0,Released,2018-02-22,43070915.0,115.0,False,40000000.0,en,32.793,"Science Fiction, Horror","DNA Films, Paramount, Scott Rudin Productions, Skydance","United Kingdom, United States of America",English,2018.0,both,right_only
,,,,,,,,,,,,,,,,,,,2019.0,198.0,anofficerandaspy,18899214.0,,,18899214.0,1.0,399121.0,7.084,1393.0,Released,2019-09-30,18878646.0,132.0,False,25300000.0,fr,15.354,"History, Drama, Thriller","ToMmY K. PICTURES, Les Films Alain Sarde, R.P. Productions, Èliseo Entertainment, Gaumont, France 3 Cinéma, Canal+, France 2, RAI","France, Italy",French,2019.0,both,right_only
70.0,"Oct 18, 2024","Oct 17, 2024",2024.0,anora,Neon,Comedy,Original Screenplay,Live Action,Contemporary Fiction,6000000.0,6.0,1938.0,10486.0,550503.0,20474298.0,20474298.0,37745198.0,58219496.0,2024.0,65.0,anora,57395612.0,20474295.0,0.357,36921317.0,0.64,,,,,,,,,,,,,,,,,left_only,both
,,,,,,,,,,,,,,,,,,,2020.0,92.0,anotherround,12745392.0,,,12742455.0,1.0,580175.0,7.658,2786.0,Released,2020-09-24,21700000.0,117.0,False,5150000.0,da,19.314,"Comedy, Drama","Zentropa Entertainments, Film i Väst, Topkapi Films, Zentropa International Sweden, Zentropa International Netherlands","Denmark, Netherlands, Sweden","Danish, Swedish",2020.0,both,right_only
,,,,,,,,,,,,,,,,,,,2020.0,131.0,antebellum,7792716.0,,,7792716.0,1.0,627290.0,6.27,830.0,Released,2020-09-02,7060384.0,105.0,False,15000000.0,en,15.438,Horror,"Lionsgate, QC Entertainment",United States of America,English,2020.0,both,right_only
93.0,"Oct 29, 2021","Oct 27, 2021",2021.0,antlers,Searchlight Pictures,Horror,Based on Fiction Book/Short Story,Live Action,Contemporary Fiction,0.0,2800.0,2800.0,8672.0,4271346.0,10619670.0,11810072.0,25060732.0,35680402.0,2021.0,123.0,antlers,18867659.0,10619670.0,0.563,8247989.0,0.44,516329.0,6.276,963.0,Released,2021-10-28,18867659.0,99.0,False,17000000.0,en,24.05,"Drama, Horror, Mystery","Searchlight Pictures, Phantom Four, Double Dare You Productions, Mirada Studio, TSG Entertainment",United States of America,English,2021.0,both,both
14.0,"Jul 17, 2015","Jul 14, 2015",2015.0,antman,Walt Disney,Action,Based on Comic/Graphic Novel,Live Action,Super Hero,130000000.0,3856.0,3868.0,25916.0,57225526.0,180202163.0,241765896.0,338656286.0,518858449.0,2015.0,14.0,antman,519311965.0,180202163.0,0.347,339109802.0,0.65,102899.0,7.082,18730.0,Released,2015-07-14,519311965.0,117.0,False,130000000.0,en,37.692,"Science Fiction, Action, Adventure",Marvel Studios,United States of America,English,2015.0,both,both
11.0,"Jul 6, 2018","Jul 3, 2018",2018.0,antmanandthewasp,Walt Disney,Action,Based on Comic/Graphic Novel,Animation/Live Action,Super Hero,130000000.0,4206.0,4206.0,24732.0,75812205.0,216648740.0,268967860.0,406495920.0,623144660.0,2018.0,11.0,antmanandthewasp,622674139.0,216648740.0,0.348,406025399.0,0.65,363088.0,6.951,12512.0,Released,2018-07-04,622674139.0,119.0,False,140000000.0,en,34.801,"Action, Adventure, Science Fiction",Marvel Studios,United States of America,English,2018.0,both,both
14.0,"Feb 17, 2023","Feb 15, 2023",2023.0,antmanandthewaspquantumania,Walt Disney,Action,Based on Comic/Graphic Novel,Animation/Live Action,Super Hero,200000000.0,4345.0,4345.0,22780.0,106109650.0,214504909.0,221759649.0,261566271.0,476071180.0,2023.0,15.0,antmanandthewaspquantumania,476071180.0,214504909.0,0.451,261566271.0,0.55,640146.0,6.431,4009.0,Released,2023-02-15,476071180.0,125.0,False,200000000.0,en,173.694,"Action, Adventure, Science Fiction","Marvel Studios, Kevin Feige Productions",United States of America,English,2023.0,both,both
37.0,"Dec 22, 2023","Dec 22, 2023",2023.0,anyonebutyou,Sony Pictures,Romantic Comedy,Original Screenplay,Live Action,Contemporary Fiction,25000000.0,3055.0,3055.0,27776.0,6000344.0,88319668.0,89159693.0,130586113.0,218905781.0,2023.0,35.0,anyonebutyou,220332985.0,88319668.0,0.401,132013317.0,0.6,1072790.0,0.0,0.0,Post Production,2023-12-14,0.0,0.0,False,0.0,en,5.399,"Comedy, Romance","Olive Bridge Entertainment, Fifty-Fifty Films, Sony Pictures, Roth-Kirschenbaum Films",United States of America,English,2023.0,both,both
,,,,,,,,,,,,,,,,,,,2018.0,115.0,aorb,56239049.0,,,56239049.0,1.0,521871.0,5.9,11.0,Released,2018-04-28,0.0,110.0,False,0.0,zh,1.277,"Drama, Mystery, Crime",,China,Mandarin,2018.0,both,right_only
,,,,,,,,,,,,,,,,,,,2018.0,115.0,aorb,56239049.0,,,56239049.0,1.0,963039.0,0.0,0.0,Released,2019-07-15,0.0,15.0,False,0.0,ko,0.6,"Adventure, Comedy, Science Fiction, Fantasy, Action",,South Korea,Korean,2019.0,both,right_only
,,,,,,,,,,,,,,,,,,,2020.0,163.0,apieceofcake,6008448.0,,,6008448.0,1.0,1053922.0,0.0,0.0,Released,2022-10-30,0.0,6.0,False,0.0,en,0.6,Animation,,Taiwan,,2022.0,both,right_only
27.0,"Dec 31, 2024","Jul 3, 2024",2024.0,aplacecalledsilence,,Thriller/Suspense,Original Screenplay,Live Action,Contemporary Fiction,0.0,0.0,0.0,0.0,0.0,0.0,0.0,192893999.0,192893999.0,2024.0,36.0,aplacecalledsilence,174308156.0,,,174308156.0,1.0,1019828.0,7.0,1.0,Released,2022-10-08,0.0,104.0,False,0.0,zh,2.661,"Crime, Thriller",,"Malaysia, Singapore, Taiwan",Mandarin,2022.0,both,both
5.0,"Dec 21, 2018","Dec 6, 2018",2018.0,aquaman,Warner Bros.,Action,Based on Comic/Graphic Novel,Animation/Live Action,Super Hero,160000000.0,4125.0,4184.0,31526.0,67873522.0,335061807.0,415055194.0,813800000.0,1148861807.0,2018.0,5.0,aquaman,1151961807.0,335061807.0,0.291,816900000.0,0.71,297802.0,6.9,12965.0,Released,2018-12-07,1148528393.0,143.0,False,160000000.0,en,52.471,"Action, Adventure, Fantasy","Warner Bros. Pictures, The Safran Company, DC Films",United States of America,English,2018.0,both,both
5.0,"Dec 21, 2018","Dec 6, 2018",2018.0,aquaman,Warner Bros.,Action,Based on Comic/Graphic Novel,Animation/Live Action,Super Hero,160000000.0,4125.0,4184.0,31526.0,67873522.0,335061807.0,415055194.0,813800000.0,1148861807.0,2018.0,5.0,aquaman,1151961807.0,335061807.0,0.291,816900000.0,0.71,800152.0,0.0,0.0,Released,2020-12-19,0.0,5.0,False,0.0,zh,0.647,Drama,,Singapore,Mandarin,2020.0,both,both
17.0,"Dec 22, 2023","Dec 20, 2023",2023.0,aquamanandthelostkingdom,Warner Bros.,Action,Based on Comic/Graphic Novel,Live Action,Super Hero,205000000.0,3706.0,3787.0,23130.0,27686211.0,124481226.0,127067497.0,315700000.0,440181226.0,2023.0,18.0,aquamanandthelostkingdom,440181226.0,124481226.0,0.283,315700000.0,0.72,572802.0,0.0,0.0,Post Production,2023-12-14,0.0,0.0,False,0.0,en,96.922,"Action, Adventure, Fantasy","Warner Bros. Pictures, Atomic Monster, The Safran Company, DC Films",United States of America,English,2023.0,both,both
30.0,"Apr 6, 2018","Apr 4, 2018",2018.0,aquietplace,Paramount Pictures,Horror,Original Screenplay,Live Action,Science Fiction,17000000.0,3508.0,3808.0,28393.0,50203562.0,188024361.0,233430901.0,146852309.0,334876670.0,2018.0,32.0,aquietplace,340939361.0,188024361.0,0.551,152915000.0,0.45,447332.0,7.396,13079.0,Released,2018-04-03,341000000.0,91.0,False,17000000.0,en,38.002,"Horror, Drama, Science Fiction","Paramount, Platinum Dunes",United States of America,English,2018.0,both,both
23.0,"Jun 28, 2024","Jun 26, 2024",2024.0,aquietplacedayone,Paramount Pictures,Horror,Spin-Off,Live Action,Science Fiction,67000000.0,3708.0,3708.0,17261.0,52202495.0,139051884.0,139051884.0,122015287.0,261067171.0,2024.0,24.0,aquietplacedayone,261907653.0,139051884.0,0.531,122855769.0,0.47,762441.0,0.0,0.0,Post Production,2024-03-06,0.0,0.0,False,0.0,en,7.768,"Drama, Horror, Science Fiction","Paramount, Platinum Dunes, Sunday Night",United States of America,English,2024.0,both,both
14.0,"May 28, 2021","May 26, 2021",2021.0,aquietplacepartii,Paramount Pictures,Horror,Original Screenplay,Live Action,Science Fiction,61000000.0,3726.0,3744.0,28739.0,47547231.0,160215764.0,178175048.0,136434592.0,296650356.0,2021.0,15.0,aquietplacepartii,297372261.0,160072261.0,0.5379999999999999,137300000.0,0.46,520763.0,7.511,5691.0,Released,2021-05-21,297400000.0,97.0,False,61000000.0,en,46.269,"Science Fiction, Thriller, Horror","Paramount, Platinum Dunes, Sunday Night, Buffalo FilmWorks",United States of America,English,2021.0,both,both
75.0,"Oct 9, 2020","Jul 26, 2019",2020.0,arainydayinnewyork,Amazon Studios,Romantic Comedy,Original Screenplay,Live Action,Contemporary Fiction,0.0,6.0,6.0,6.0,2744.0,2744.0,3382.0,22000000.0,22002744.0,2019.0,179.0,arainydayinnewyork,23805899.0,,,23805899.0,1.0,475303.0,6.499,2074.0,Released,2019-07-26,23800000.0,92.0,False,25000000.0,en,1.473,"Comedy, Romance","Gravier Productions, Perdido Productions, FilmNation Entertainment",United States of America,English,2019.0,both,both
,,,,,,,,,,,,,,,,,,,2023.0,137.0,areyoutheregoditsmemargaret,21464043.0,20372406.0,0.949,1091637.0,0.05,555285.0,7.3,132.0,Released,2023-03-29,21826840.0,107.0,False,30000000.0,en,35.788,"Comedy, Drama","Gracie Films, Lionsgate",United States of America,"English, Hebrew",2023.0,both,right_only
52.0,"Feb 2, 2024","Jan 31, 2024",2024.0,argylle,Universal,Action,Original Screenplay,Live Action,Contemporary Fiction,200000000.0,3605.0,3647.0,17265.0,17473540.0,45207275.0,45207275.0,51018953.0,96226228.0,2024.0,51.0,argylle,96221061.0,45207275.0,0.47,51013786.0,0.53,848538.0,0.0,0.0,Post Production,2024-01-31,0.0,135.0,False,0.0,en,48.247,"Action, Adventure, Comedy","Marv Films, Apple Studios, Cloudy Productions","United Kingdom, United States of America",English,2024.0,both,both
42.0,"Nov 11, 2016","Nov 9, 2016",2016.0,arrival,Paramount Pictures,Drama,Based on Fiction Book/Short Story,Live Action,Science Fiction,47000000.0,2317.0,3115.0,20118.0,24074047.0,100546139.0,131051786.0,101563337.0,202109476.0,2016.0,45.0,arrival,203388186.0,100546139.0,0.494,102842047.0,0.51,329865.0,7.6,16564.0,Released,2016-11-10,203388186.0,116.0,False,47000000.0,en,47.983,"Drama, Science Fiction, Mystery","FilmNation Entertainment, Lava Bear Films, Reliance Entertainment, Xenolinguistics, 21 Laps Entertainment, Paramount, Stage 6 Films","Canada, India, United States of America","Mandarin, English, Russian",2016.0,both,both
,,,,,,,,,,,,,,,,,,,2024.0,80.0,arthurtheking,40861764.0,25049006.0,0.613,15812758.0,0.39,134542.0,3.3,6.0,Released,1985-04-26,0.0,100.0,False,0.0,en,3.75,"TV Movie, Fantasy, Adventure","Jadran Film, Comworld Productions","United States of America, Yugoslavia",English,1985.0,both,right_only
22.0,"Dec 31, 2023","Feb 10, 2024",2023.0,article20,,Drama,Original Screenplay,Live Action,Contemporary Fiction,0.0,0.0,0.0,0.0,0.0,0.0,0.0,337554287.0,337554287.0,2024.0,23.0,article20,306899794.0,,,306899794.0,1.0,,,,,,,,,,,,,,,,,left_only,both
,,,,,,,,,,,,,,,,,,,2024.0,163.0,article370,13222021.0,1088790.0,0.0819999999999999,12133231.0,0.92,1233531.0,0.0,0.0,Post Production,2024-02-23,0.0,0.0,False,0.0,hi,0.833,Drama,"B62 Studios, Jio Studios",India,Hindi,2024.0,both,right_only
,,,,,,,,,,,,,,,,,,,2019.0,133.0,ashaunthesheepmoviefarmageddon,43100248.0,,,43100248.0,1.0,422803.0,6.9,452.0,Released,2019-09-26,42880428.0,87.0,False,0.0,en,13.529,"Comedy, Animation, Family","StudioCanal, Aardman, Anton Capital Entertainment","France, United Kingdom",English,2019.0,both,right_only
,,,,,,,,,,,,,,,,,,,2019.0,103.0,ashfall,61354854.0,372562.0,0.006,60982292.0,0.99,581387.0,6.776,510.0,Released,2019-12-19,61321941.0,128.0,False,17700000.0,ko,27.989,"Action, Adventure, Thriller","Dexter Studios, CJ Entertainment, Perfect Storm Film, Dexter Pictures, CJ ENM",South Korea,Korean,2019.0,both,right_only
,,,,,,,,,,,,,,,,,,,2016.0,165.0,asilentvoicethemovie,30021659.0,310407.0,0.01,29711252.0,0.99,378064.0,8.402,3566.0,Released,2016-09-17,30156463.0,130.0,False,0.0,ja,40.772,"Animation, Drama","Kyoto Animation, ABC Animation, Kodansha, Pony Canyon, Quaras, Shochiku",Japan,Japanese,2016.0,both,right_only
73.0,"Sep 14, 2018","Sep 12, 2018",2018.0,asimplefavor,Lionsgate,Thriller/Suspense,Based on Fiction Book/Short Story,Live Action,Contemporary Fiction,20000000.0,3102.0,3102.0,14181.0,16011689.0,53548586.0,66480191.0,44080131.0,97628717.0,2018.0,69.0,asimplefavor,97644617.0,53548586.0,0.5479999999999999,44096031.0,0.45,484247.0,6.629,3876.0,Released,2018-08-29,97644617.0,117.0,False,20000000.0,en,15.712,"Crime, Thriller, Mystery, Comedy","Feigco Entertainment, Bron Studios","Canada, United States of America",English,2018.0,both,both
75.0,"Aug 7, 2015","Jul 22, 2015",2015.0,assassination,Well Go USA,Thriller/Suspense,Original Screenplay,Live Action,Historical Fiction,0.0,33.0,33.0,155.0,287700.0,1904682.0,2555393.0,95029617.0,96934299.0,2015.0,80.0,assassination,96119773.0,1904682.0,0.02,94215091.0,0.98,291549.0,7.4,207.0,Released,2015-07-22,96119773.0,140.0,False,0.0,ko,12.635,"Adventure, Action, Thriller","Caper Film, Showbox",South Korea,"Cantonese, Mandarin, Korean, French, English, Japanese",2015.0,both,both
35.0,"Dec 21, 2016","Dec 21, 2016",2016.0,assassinscreed,20th Century Fox,Action,Based on Game,Live Action,Science Fiction,125000000.0,2970.0,2996.0,10601.0,10278225.0,54647948.0,70602516.0,186111734.0,240759682.0,2016.0,37.0,assassinscreed,240697856.0,54647948.0,0.2269999999999999,186049908.0,0.77,121856.0,5.419,7328.0,Released,2016-12-21,240697856.0,116.0,False,125000000.0,en,26.133,"Action, Adventure, Science Fiction","New Regency Pictures, The Kennedy/Marshall Company, Ubisoft Film & Television, DMC Film","France, United Kingdom, United States of America","English, Spanish, Portuguese",2016.0,both,both
20.0,"Oct 5, 2018","Oct 5, 2018",2018.0,astarisborn,Warner Bros.,Drama,Original Screenplay,Live Action,Contemporary Fiction,36000000.0,3686.0,3904.0,36697.0,42908051.0,215288866.0,267183832.0,221100000.0,436388866.0,2018.0,21.0,astarisborn,436388866.0,215288866.0,0.493,221100000.0,0.51,332562.0,7.503,11079.0,Released,2018-10-03,433888866.0,136.0,False,36000000.0,en,27.891,"Music, Drama, Romance","Thunder Road, 22 & Green, Gerber Pictures, Joint Effort, Malpaso Productions, Warner Bros. Pictures, Live Nation Productions",United States of America,English,2018.0,both,both
,,,,,,,,,,,,,,,,,,,2023.0,96.0,asterixobelixthemiddlekingdom,46497678.0,,,46497678.0,1.0,643215.0,4.821,615.0,Released,2023-02-01,0.0,112.0,False,72000000.0,fr,45.726,"Family, Comedy, Adventure","Les Éditions Albert René, Les Enfants Terribles, Pathé, Trésor Films",France,French,2023.0,both,right_only
,,,,,,,,,,,,,,,,,,,2018.0,132.0,asterixthesecretofthemagicpotion,46233469.0,1271953.0,0.0279999999999999,44961516.0,0.97,527729.0,6.905,1100.0,Released,2018-05-12,47349002.0,85.0,False,0.0,fr,14.133,"Family, Animation, Comedy, Adventure","M6 Studio, M6 Films, Canal+, CNC, Les Éditions Albert René, Mikros Image, OCS, La Région Île-de-France, W9",France,French,2018.0,both,right_only
98.0,"Jun 16, 2023","Jun 8, 2023",2023.0,asteroidcity,Focus Features,Comedy,Original Screenplay,Live Action,Historical Fiction,0.0,6.0,1901.0,6373.0,853382.0,28153025.0,29105188.0,25800765.0,53953790.0,2023.0,90.0,asteroidcity,53857743.0,28153025.0,0.523,25704718.0,0.48,747188.0,6.606,823.0,Released,2023-06-08,47281670.0,105.0,False,25000000.0,en,81.734,"Comedy, Drama","American Empirical Pictures, Indian Paintbrush",United States of America,English,2023.0,both,both
,,,,,,,,,,,,,,,,,,,2017.0,83.0,ataxidriver,86252940.0,1527829.0,0.018,84725111.0,0.98,437068.0,8.065,837.0,Released,2017-08-02,81927980.0,138.0,False,12820005.0,ko,15.579,"Action, Drama, History","The LAMP, Showbox",South Korea,"Korean, Japanese, English, German",2017.0,both,right_only
80.0,"Jul 28, 2017","Jul 27, 2017",2017.0,atomicblonde,Focus Features,Thriller/Suspense,Based on Comic/Graphic Novel,Live Action,Historical Fiction,30000000.0,3304.0,3326.0,12894.0,18286420.0,51573925.0,65027987.0,46771498.0,98345423.0,2017.0,78.0,atomicblonde,100014025.0,51687870.0,0.517,48326155.0,0.48,341013.0,6.4,5860.0,Released,2017-07-26,100014025.0,115.0,False,30000000.0,en,19.968,"Action, Thriller","Focus Features, Denver and Delilah Productions, 87Eleven, Sierra/Affinity, Closed on Mondays Entertainment, TGIM Films, Film i Väst","Sweden, Germany, Hungary, United States of America","Swedish, English, German, Russian",2017.0,both,both
,,,,,,,,,,,,,,,,,,,2024.0,114.0,attackontitanthemoviethelastattack,25075023.0,2890192.0,0.115,22184831.0,0.89,1333100.0,0.0,0.0,In Production,2024-11-08,0.0,0.0,False,0.0,ja,1.4,,MAPPA,Japan,Japanese,2024.0,both,right_only
,,,,,,,,,,,,,,,,,,,2025.0,124.0,august,20320460.0,,,20320460.0,1.0,13692.0,5.265,51.0,Released,2008-05-16,0.0,88.0,False,0.0,en,5.741,Drama,Original Media,United States of America,"French, English",2008.0,both,right_only
,,,,,,,,,,,,,,,,,,,2025.0,124.0,august,20320460.0,,,20320460.0,1.0,1509152.0,0.0,0.0,Released,2024-09-30,0.0,9.0,False,0.0,en,0.0143,"Romance, Music",,United States of America,,2024.0,both,right_only
,,,,,,,,,,,,,,,,,,,2024.0,122.0,autumnandtheblackjaguar,22034937.0,546879.0,0.025,21488058.0,0.98,1188207.0,0.0,0.0,Planned,2024-02-07,0.0,0.0,False,0.0,fr,1.693,"Comedy, Adventure","Mai Juin Productions, Mediawan, Spectrum Films, Splashprod, Wishing Tree Productions, StudioCanal","Canada, France",French,2024.0,both,right_only
3.0,"Dec 19, 2025","Dec 17, 2025",2025.0,avatarfireandash,20th Century Studios,Action,Original Screenplay,Animation/Live Action,Science Fiction,400000000.0,3800.0,3835.0,28400.0,89160860.0,397445589.0,397445589.0,1065377388.0,1462822977.0,2025.0,3.0,avatarfireandash,1460418558.0,396918558.0,0.272,1063500000.0,0.728,,,,,,,,,,,,,,,,,left_only,both
1.0,"Dec 16, 2022","Dec 9, 2022",2022.0,avatarthewayofwater,20th Century Studios,Action,Original Screenplay,Animation/Live Action,Science Fiction,400000000.0,4202.0,4340.0,50491.0,134100226.0,688809501.0,727737382.0,1634092522.0,2322902023.0,2022.0,1.0,avatarthewayofwater,2320631329.0,684075767.0,0.295,1636555562.0,0.71,76600.0,7.654,9830.0,Released,2022-12-14,2320250281.0,192.0,False,460000000.0,en,241.285,"Science Fiction, Adventure, Action","20th Century Studios, Lightstorm Entertainment",United States of America,English,2022.0,both,both
4.0,"May 1, 2015","Apr 22, 2015",2015.0,avengersageofultron,Walt Disney,Action,Based on Comic/Graphic Novel,Animation/Live Action,Super Hero,365000000.0,4276.0,4276.0,30109.0,191271109.0,459005868.0,615819264.0,936311111.0,1395316979.0,2015.0,4.0,avengersageofultron,1402805868.0,459005868.0,0.327,943800000.0,0.67,99861.0,7.276,21754.0,Released,2015-04-22,1405403694.0,141.0,False,365000000.0,en,96.565,"Action, Adventure, Science Fiction",Marvel Studios,United States of America,English,2015.0,both,both
1.0,"Apr 26, 2019","Apr 23, 2019",2019.0,avengersendgame,Walt Disney,Action,Based on Comic/Graphic Novel,Animation/Live Action,Super Hero,400000000.0,4662.0,4662.0,37780.0,357115007.0,858373000.0,1059847014.0,1859130922.0,2717503922.0,2019.0,1.0,avengersendgame,2799439100.0,858373000.0,0.307,1941066100.0,0.69,299534.0,8.263,23857.0,Released,2019-04-24,2800000000.0,181.0,False,356000000.0,en,91.756,"Adventure, Science Fiction, Action",Marvel Studios,United States of America,"English, Japanese, Xhosa",2019.0,both,both
1.0,"Apr 27, 2018","Apr 25, 2018",2018.0,avengersinfinitywar,Walt Disney,Action,Based on Comic/Graphic Novel,Animation/Live Action,Super Hero,300000000.0,4474.0,4474.0,34406.0,257698183.0,678815482.0,842744575.0,1369342759.0,2048158241.0,2018.0,1.0,avengersinfinitywar,2048359754.0,678815482.0,0.331,1369544272.0,0.67,299536.0,8.255,27713.0,Released,2018-04-25,2052415039.0,149.0,False,300000000.0,en,154.34,"Adventure, Action, Science Fiction",Marvel Studios,United States of America,"English, Xhosa",2018.0,both,both
,,,,,,,,,,,,,,,,,,,2015.0,104.0,aviolentprosecutor,66736633.0,,,66736633.0,1.0,378348.0,6.979,95.0,Released,2016-02-03,0.0,126.0,False,0.0,ko,8.999,"Crime, Comedy","Sanai Pictures, Moonlight Film",South Korea,Korean,2016.0,both,right_only
,,,,,,,,,,,,,,,,,,,2015.0,162.0,awalkinthewoods,37461274.0,29504281.0,0.7879999999999999,7956993.0,0.21,232572.0,6.051,643.0,Released,2015-09-02,37461274.0,104.0,False,8000000.0,en,9.61,"Adventure, Comedy, Drama","Wildwood Enterprises, Route One Entertainment",United States of America,English,2015.0,both,right_only
,,,,,,,,,,,,,,,,,,,2015.0,162.0,awalkinthewoods,37461274.0,29504281.0,0.7879999999999999,7956993.0,0.21,1499936.0,0.0,0.0,Released,2024-12-29,0.0,3.0,False,0.0,en,0.0071,Horror,BearMaster Productions,United States of America,,2024.0,both,right_only
,,,,,,,,,,,,,,,,,,,2019.0,140.0,awitnessoutoftheblue,37092694.0,,,37092694.0,1.0,629919.0,6.7,26.0,Released,2019-10-12,0.0,104.0,False,0.0,cn,4.437,"Crime, Thriller, Mystery","China Film Media Asia Audio Video Distribution Co Ltd, Sun Entertainment Culture Limited, Media Asia Film Production Limited, One Cool Film Production, Big Honor Entertainment, Lian Ray Pictures",Hong Kong,Cantonese,2019.0,both,right_only
57.0,"Mar 28, 2025","Mar 26, 2025",2025.0,aworkingman,Amazon MGM Studios,Action,Based on Comic/Graphic Novel,Live Action,Contemporary Fiction,40000000.0,3262.0,3262.0,11980.0,15510312.0,37000711.0,37000711.0,61010567.0,98011278.0,2025.0,55.0,aworkingman,89400711.0,37000711.0,0.414,52400000.0,0.586,,,,,,,,,,,,,,,,,left_only,both
59.0,"Mar 9, 2018","Mar 9, 2018",2018.0,awrinkleintime,Walt Disney,Adventure,Based on Fiction Book/Short Story,Live Action,Fantasy,103000000.0,3980.0,3980.0,21046.0,33123609.0,100478608.0,124743475.0,32735941.0,133214549.0,2018.0,57.0,awrinkleintime,132675864.0,100478608.0,0.757,32197256.0,0.24,407451.0,5.102,1704.0,Released,2018-03-08,132675864.0,109.0,False,103000000.0,en,12.026,"Adventure, Science Fiction, Family, Fantasy","Whitaker Entertainment, Walt Disney Pictures",United States of America,English,2018.0,both,both
33.0,"Feb 12, 2021","Jan 12, 2021",2021.0,awritersodyssey,CMC Pictures,Action,Based on Fiction Book/Short Story,Live Action,Contemporary Fiction,0.0,0.0,0.0,0.0,0.0,0.0,0.0,144854469.0,144854469.0,2021.0,31.0,awritersodyssey,150058655.0,160013.0,0.001,149898642.0,1.0,611698.0,7.256,232.0,Released,2021-02-12,150123320.0,130.0,False,0.0,zh,24.838,"Fantasy, Action, Adventure, Drama","United Entertainment Partners, 华策影业（上海）有限公司, Free Whale Pictures",China,Mandarin,2021.0,both,both
,,,,,,,,,,,,,,,,,,,2020.0,180.0,ayyappanumkoshiyum,5088713.0,,,5088713.0,1.0,657996.0,7.77,50.0,Released,2020-02-07,0.0,177.0,False,0.0,ml,6.257,"Action, Comedy, Thriller",Gold Coin Motion Picture Company,India,Malayalam,2020.0,both,right_only
,,,,,,,,,,,,,,,,,,,2018.0,159.0,baaghi2,33139063.0,1319579.0,0.04,31819484.0,0.96,496316.0,5.9,50.0,Released,2018-03-30,0.0,145.0,False,0.0,hi,5.673,"Action, Crime, Adventure, Mystery, Thriller","Benetone Films, Star Studios, Nadiadwala Grandson Entertainment","India, Thailand",Hindi,2018.0,both,right_only
,,,,,,,,,,,,,,,,,,,2020.0,80.0,baaghi3,16726510.0,721439.0,0.043,16005071.0,0.96,594669.0,6.8,99.0,Released,2020-03-06,18473570.0,144.0,False,7952450.0,hi,16.677,"Action, Adventure, Thriller","Nadiadwala Grandson Entertainment, Star Studios",India,"Hindi, Turkish",2020.0,both,right_only
38.0,"Apr 28, 2017","Apr 28, 2017",2017.0,baahubali2theconclusion,Great India Films,Action,Based on Fiction Book/Short Story,Live Action,Historical Fiction,30000000.0,419.0,425.0,1206.0,10430497.0,18985794.0,23938610.0,244517120.0,263502914.0,2017.0,38.0,baahubali2theconclusion,254158390.0,20186659.0,0.079,233971731.0,0.92,,,,,,,,,,,,,,,,,left_only,both
45.0,"Jun 28, 2017","Jun 28, 2017",2017.0,babydriver,Sony Pictures,Thriller/Suspense,Original Screenplay,Live Action,Contemporary Fiction,34000000.0,3226.0,3226.0,21722.0,20553320.0,107825862.0,135954343.0,119209346.0,227035208.0,2017.0,43.0,babydriver,226945087.0,107825862.0,0.475,119119225.0,0.53,339403.0,7.5,14634.0,Released,2017-06-28,226945087.0,113.0,False,34000000.0,en,44.974,"Action, Crime","Big Talk Productions, Working Title Films",United Kingdom,English,2017.0,both,both
66.0,"Dec 25, 2024","Dec 25, 2024",2024.0,babygirl,A24,Thriller/Suspense,Original Screenplay,Live Action,Contemporary Fiction,20000000.0,2115.0,2164.0,9175.0,4490145.0,28175128.0,28175128.0,35570441.0,63745569.0,2024.0,61.0,babygirl,64716399.0,28196732.0,0.436,36519667.0,0.56,185284.0,6.8,5.0,Released,2012-04-12,0.0,81.0,False,0.0,en,1.625,"Drama, Romance",,,,2012.0,both,both
66.0,"Dec 25, 2024","Dec 25, 2024",2024.0,babygirl,A24,Thriller/Suspense,Original Screenplay,Live Action,Contemporary Fiction,20000000.0,2115.0,2164.0,9175.0,4490145.0,28175128.0,28175128.0,35570441.0,63745569.0,2024.0,61.0,babygirl,64716399.0,28196732.0,0.436,36519667.0,0.56,1030687.0,0.0,0.0,Released,2022-02-14,0.0,0.0,False,0.0,en,1.371,Horror,Witchcraft Motion Picture Company,,English,2022.0,both,both
59.0,"Dec 23, 2022","Dec 23, 2022",2022.0,babylon,Paramount Pictures,Drama,Original Screenplay,Live Action,Historical Fiction,80000000.0,3343.0,3351.0,10042.0,3603368.0,16596054.0,16553407.0,47730561.0,64326615.0,2022.0,57.0,babylon,65267446.0,15658225.0,0.24,49609221.0,0.76,615777.0,7.443,2244.0,Released,2022-12-22,63363579.0,189.0,False,78000000.0,en,54.971,"Drama, Comedy","Paramount, Marc Platt Productions, Material Pictures, C2 Motion Picture Group, Wild Chickens, Organism Pictures",United States of America,"Cantonese, English, Spanish",2022.0,both,both
,,,,,,,,,,,,,,,,,,,2022.0,190.0,bachchhanpaandey,7387882.0,,,7387882.0,1.0,715765.0,5.706,17.0,Released,2022-03-18,0.0,147.0,False,0.0,hi,5.359,"Comedy, Action, Crime",Nadiadwala Grandson Entertainment,India,Hindi,2022.0,both,right_only
80.0,"May 17, 2024","Apr 4, 2024",2024.0,backtoblack,Focus Features,Drama,Based on Real Life Events,Live Action,Dramatization,0.0,2010.0,2013.0,4695.0,2835720.0,6178165.0,6178165.0,44848450.0,51026615.0,2024.0,71.0,backtoblack,51026731.0,6178165.0,0.121,44848566.0,0.88,1316488.0,0.0,0.0,Released,2024-06-16,0.0,96.0,True,0.0,en,0.0,,,,,2024.0,both,both
,,,,,,,,,,,,,,,,,,,2020.0,142.0,backtothewharf,7090000.0,,,7090000.0,1.0,748687.0,5.286,14.0,Released,2020-11-06,0.0,118.0,False,0.0,zh,1.362,"Crime, Drama, Thriller",福建平潭突燃影业有限公司,China,Mandarin,2020.0,both,right_only
3.0,"Jan 17, 2020","Jan 15, 2020",2020.0,badboysforlife,Sony Pictures,Action,Original Screenplay,Live Action,Contemporary Fiction,90000000.0,3775.0,3775.0,27260.0,62504105.0,204417855.0,251848139.0,220053808.0,424471663.0,2020.0,3.0,badboysforlife,426505244.0,206305244.0,0.484,220200000.0,0.52,38700.0,7.139,7570.0,Released,2020-01-15,426505244.0,124.0,False,90000000.0,en,46.619,"Thriller, Action, Crime","Columbia Pictures, 2.0 Entertainment, Don Simpson/Jerry Bruckheimer Films, Overbrook Entertainment",United States of America,"English, Spanish",2020.0,both,both
17.0,"Jun 7, 2024","Jun 5, 2024",2024.0,badboysrideordie,Sony Pictures,Action,Original Screenplay,Live Action,Contemporary Fiction,100000000.0,3885.0,3885.0,23137.0,56527324.0,193573217.0,193573217.0,206953020.0,400526237.0,2024.0,17.0,badboysrideordie,404550184.0,193573217.0,0.478,210976967.0,0.52,,,,,,,,,,,,,,,,,left_only,both
,,,,,,,,,,,,,,,,,,,2017.0,130.0,badgenius,44560421.0,,,44560421.0,1.0,455714.0,7.924,721.0,Released,2017-05-03,42350000.0,130.0,False,1839169.0,th,11.449,"Drama, Crime, Thriller, Comedy","Jor Kwang Films, GDH 559",Thailand,"English, Thai",2017.0,both,right_only
,,,,,,,,,,,,,,,,,,,2018.0,182.0,badhaaiho,26125610.0,,,26125610.0,1.0,547654.0,7.332,119.0,Released,2018-10-19,39000000.0,125.0,False,4000000.0,hi,4.889,"Comedy, Romance, Drama","Junglee Pictures, Chrome Pictures",India,Hindi,2018.0,both,right_only
48.0,"Jul 29, 2016","Jul 29, 2016",2016.0,badmoms,STX Entertainment,Comedy,Original Screenplay,Live Action,Contemporary Fiction,20000000.0,3215.0,3215.0,22774.0,23817340.0,113257297.0,148085551.0,67228304.0,180485601.0,2016.0,48.0,badmoms,183936074.0,113257297.0,0.616,70678777.0,0.38,376659.0,6.496,3891.0,Released,2016-07-28,183936074.0,100.0,False,20000000.0,en,17.404,Comedy,"STX Films, BillBlock Media, Robert Simonds Productions, Suzanne Todd Productions, Huayi Brothers Pictures, Universal Pictures",United States of America,"Russian, English",2016.0,both,both
,,,,,,,,,,,,,,,,,,,2016.0,191.0,badsanta2,24079268.0,17782178.0,0.738,6297090.0,0.26,338964.0,5.351,700.0,Released,2016-11-23,24079268.0,92.0,False,26000000.0,en,13.003,"Comedy, Crime, Drama, Mystery","Ingenious Media, Broad Green Pictures, Miramax",United States of America,English,2016.0,both,right_only
,,,,,,,,,,,,,,,,,,,2018.0,162.0,badtimesattheelroyale,31882724.0,17839115.0,0.56,14043609.0,0.44,446021.0,6.83,3281.0,Released,2018-10-04,31882724.0,141.0,False,32000000.0,en,16.267,"Thriller, Drama, Mystery, Crime","20th Century Fox, Goddard Textiles, TSG Entertainment",United States of America,English,2018.0,both,right_only
59.0,"Jul 17, 2015","Jul 16, 2015",2015.0,bajrangibhaijaan,Eros Entertainment,Action,Original Screenplay,Live Action,Contemporary Fiction,13000000.0,256.0,257.0,2055.0,2822564.0,8178001.0,10971910.0,114647617.0,122825618.0,2015.0,98.0,bajrangibhaijaan,75547184.0,8178001.0,0.108,67369183.0,0.89,348892.0,7.814,430.0,Released,2015-07-17,150000000.0,159.0,False,13000000.0,hi,11.407,"Comedy, Drama, Action","Rockline Entertainments, Kabir Khan Films, Salman Khan Films",India,"Hindi, Urdu",2015.0,both,both
83.0,"Aug 25, 2017","Dec 16, 2016",2017.0,ballerina,Weinstein Co.,Adventure,Original Screenplay,Digital Animation,Kids Fiction,30000000.0,2575.0,2705.0,13599.0,4730038.0,21858070.0,27560174.0,74593514.0,96451584.0,2025.0,40.0,ballerina,137408107.0,58051327.0,0.422,79356780.0,0.578,342473.0,7.182,1752.0,Released,2016-12-14,2351359.0,89.0,False,30000000.0,en,21.682,"Animation, Adventure, Comedy, Family","Main Journey, Caramel Films, Quad Productions, L'Atelier Animation","Canada, France",English,2016.0,both,both
,,,,,,,,,,,,,,,,,,,2021.0,173.0,baragakiunbrokensamurai,9481437.0,,,9481437.0,1.0,726894.0,6.3,10.0,Released,2021-10-15,0.0,148.0,False,0.0,ja,3.524,"History, Drama, Action","TOHO, Asmik Ace",Japan,Japanese,2021.0,both,right_only
76.0,"Sep 9, 2022","Sep 8, 2022",2022.0,barbarian,20th Century Studios,Horror,Original Screenplay,Live Action,Contemporary Fiction,4500000.0,2340.0,2890.0,15745.0,10543948.0,40842944.0,43868346.0,4471457.0,45314401.0,2022.0,68.0,barbarian,45352337.0,40842944.0,0.901,4509393.0,0.1,913290.0,6.916,1711.0,Released,2022-09-08,45352337.0,103.0,False,4500000.0,en,29.977,"Horror, Mystery, Thriller","BoulderLight Pictures, Vertigo Entertainment, Regency Enterprises, Hammerstone Studios, Almost Never Films, 20th Century Studios",United States of America,English,2022.0,both,both
,,,,,,,,,,,,,,,,,,,2016.0,115.0,barbershopthenextcut,55630051.0,54030051.0,0.971,1600000.0,0.03,326423.0,6.298,415.0,Released,2016-04-15,55030051.0,112.0,False,20000000.0,en,10.53,"Comedy, Drama","New Line Cinema, Cube Vision, Metro-Goldwyn-Mayer, Warner Bros. Pictures",United States of America,English,2016.0,both,right_only
1.0,"Jul 21, 2023","Jul 19, 2023",2023.0,barbie,Warner Bros.,Comedy,Based on Toy,Live Action,Contemporary Fiction,145000000.0,4243.0,4337.0,41093.0,162022044.0,636785476.0,658303174.0,810900000.0,1447685476.0,2023.0,1.0,barbie,1447138421.0,636238421.0,0.44,810900000.0,0.56,346698.0,7.279,5074.0,Released,2023-07-19,1428545028.0,114.0,False,145000000.0,en,1069.34,"Comedy, Adventure, Fantasy","LuckyChap Entertainment, Heyday Films, NB/GG Pictures, Mattel","United Kingdom, United States of America",English,2023.0,both,both
,,,,,,,,,,,,,,,,,,,2020.0,53.0,bathbuddy,28700000.0,,,28700000.0,1.0,758895.0,6.3,19.0,Released,2020-12-11,0.0,103.0,False,0.0,zh,2.903,"Action, Comedy",,China,Mandarin,2020.0,both,right_only
7.0,"Mar 25, 2016","Mar 23, 2016",2016.0,batmanvsupermandawnofjustice,Warner Bros.,Action,Based on Comic/Graphic Novel,Live Action,Super Hero,263000000.0,4242.0,4256.0,25005.0,166007347.0,330360194.0,431950728.0,544000000.0,874360194.0,2016.0,7.0,batmanvsupermandawnofjustice,874360194.0,330360194.0,0.3779999999999999,544000000.0,0.62,209112.0,5.952,17081.0,Released,2016-03-23,873637528.0,152.0,False,250000000.0,en,78.589,"Action, Adventure, Fantasy","Warner Bros. Pictures, RatPac Entertainment, Atlas Entertainment, Cruel & Unusual Films, DC Entertainment, Syncopy","Canada, United Kingdom, United States of America",English,2016.0,both,both
,,,,,,,,,,,,,,,,,,,2017.0,133.0,battleofmemories,43892362.0,594552.0,0.0139999999999999,43297810.0,0.99,449306.0,6.6,39.0,Released,2017-04-28,0.0,120.0,False,0.0,zh,5.461,"Science Fiction, Thriller, Mystery, Drama",Huayi Brothers Pictures,China,Mandarin,2017.0,both,right_only
56.0,"May 25, 2017","May 25, 2017",2017.0,baywatch,Paramount Pictures,Comedy,Based on TV,Live Action,Contemporary Fiction,60000000.0,3647.0,3647.0,12583.0,18503871.0,58060186.0,73206316.0,117803597.0,175863783.0,2017.0,54.0,baywatch,177856751.0,58060186.0,0.326,119796565.0,0.67,339846.0,6.092,7545.0,Released,2017-05-25,177856751.0,116.0,False,69000000.0,en,45.123,"Comedy, Action, Crime","Uncharted, Paramount, Flynn Picture Company, Fremantle Productions, Seven Bucks Productions, Skydance, The Montecito Picture Company",United States of America,English,2017.0,both,both
63.0,"Aug 19, 2022","Aug 10, 2022",2022.0,beast,Universal,Thriller/Suspense,Original Screenplay,Live Action,Contemporary Fiction,36000000.0,3743.0,3754.0,16479.0,11575855.0,31846530.0,34205534.0,27321809.0,59168339.0,2022.0,59.0,beast,59095809.0,31846530.0,0.539,27249279.0,0.46,760741.0,6.728,1264.0,Released,2022-08-11,56000000.0,93.0,False,0.0,en,56.868,"Thriller, Action, Horror, Adventure","RVK Studios, Will Packer Productions, Universal Pictures","Iceland, South Africa, United States of America",English,2022.0,both,both
63.0,"Aug 19, 2022","Aug 10, 2022",2022.0,beast,Universal,Thriller/Suspense,Original Screenplay,Live Action,Contemporary Fiction,36000000.0,3743.0,3754.0,16479.0,11575855.0,31846530.0,34205534.0,27321809.0,59168339.0,2022.0,59.0,beast,59095809.0,31846530.0,0.539,27249279.0,0.46,455559.0,10.0,2.0,Released,2013-01-01,0.0,84.0,False,0.0,de,0.661,"Drama, Mystery",Quiet Village Filmkunst,Germany,,2013.0,both,both
63.0,"Aug 19, 2022","Aug 10, 2022",2022.0,beast,Universal,Thriller/Suspense,Original Screenplay,Live Action,Contemporary Fiction,36000000.0,3743.0,3754.0,16479.0,11575855.0,31846530.0,34205534.0,27321809.0,59168339.0,2022.0,59.0,beast,59095809.0,31846530.0,0.539,27249279.0,0.46,1089163.0,0.0,0.0,Released,2022-09-23,0.0,6.0,False,0.0,zh,0.6,Documentary,,Netherlands,,2022.0,both,both
,,,,,,,,,,,,,,,,,,,2020.0,169.0,beastsclawingatstraws,5796059.0,,,5796059.0,1.0,571648.0,7.2,217.0,Released,2020-02-19,5707415.0,108.0,False,0.0,ko,14.969,"Mystery, Thriller, Crime, Drama","BA Entertainment, Plus M Entertainment",South Korea,Korean,2020.0,both,right_only
,,,,,,,,,,,,,,,,,,,2024.0,87.0,beatinghearts,36261644.0,,,36261644.0,1.0,229894.0,5.3,4.0,Released,2010-07-20,0.0,12.0,False,0.0,en,0.676,Horror,Catfish Studios,United States of America,English,2010.0,both,right_only
,,,,,,,,,,,,,,,,,,,2023.0,177.0,beauisafraid,12332972.0,8176562.0,0.6629999999999999,4156410.0,0.34,798286.0,6.8,527.0,Released,2023-04-14,10000000.0,179.0,False,35000000.0,en,44.044,"Comedy, Adventure, Fantasy","A24, Square Peg, IPR.VC, Access Entertainment","Finland, United States of America",English,2023.0,both,right_only
,,,,,,,,,,,,,,,,,,,2018.0,163.0,beautifulboy,31711319.0,7649973.0,0.241,24061346.0,0.76,451915.0,7.554,2241.0,Released,2018-10-12,7649973.0,121.0,False,25000000.0,en,13.012,Drama,"Plan B Entertainment, Big Indie Pictures, Amazon Studios",United States of America,English,2018.0,both,right_only
2.0,"Mar 17, 2017","Mar 16, 2017",2017.0,beautyandthebeast,Walt Disney,Musical,Based on Folk Tale/Legend/Fairytale,Animation/Live Action,Fantasy,160000000.0,4210.0,4210.0,35923.0,174750616.0,504014165.0,635496120.0,755747521.0,1259761686.0,2017.0,2.0,beautyandthebeast,1263521126.0,504014165.0,0.3989999999999999,759506961.0,0.6,321612.0,6.967,14871.0,Released,2017-03-16,1266115964.0,129.0,False,160000000.0,en,56.226,"Family, Fantasy, Romance","Walt Disney Pictures, Mandeville Films",United States of America,"English, French",2017.0,both,both
,,,,,,,,,,,,,,,,,,,2025.0,149.0,becomingledzeppelin,14673369.0,10403353.0,0.7090000000000001,4270016.0,0.291,857800.0,6.5,1.0,Released,2021-09-02,0.0,137.0,False,0.0,en,0.6,Documentary,"Paradise Pictures, Altitude Film Sales",United Kingdom,English,2021.0,both,right_only
13.0,"Sep 6, 2024","Sep 4, 2024",2024.0,beetlejuicebeetlejuice,Warner Bros.,Comedy,Original Screenplay,Live Action,Science Fiction,100000000.0,4575.0,4575.0,34294.0,111003345.0,294100435.0,294100435.0,157879613.0,451980048.0,2024.0,13.0,beetlejuicebeetlejuice,452000435.0,294100435.0,0.6509999999999999,157900000.0,0.35,,,,,,,,,,,,,,,,,left_only,both
71.0,"Nov 12, 2021","Nov 12, 2021",2021.0,belfast,Focus Features,Drama,Original Screenplay,Live Action,Historical Fiction,0.0,580.0,1255.0,10346.0,1779410.0,9250870.0,10197921.0,40256478.0,49507348.0,2021.0,68.0,belfast,49158709.0,9250870.0,0.188,39907839.0,0.81,777270.0,7.129,1232.0,Released,2021-11-12,49158343.0,98.0,False,11000000.0,en,13.224,Drama,"Northern Ireland Screen, TKBC, Focus Features",United Kingdom,English,2021.0,both,both
,,,,,,,,,,,,,,,,,,,2018.0,147.0,believer,39047153.0,365639.0,0.009,38681514.0,0.99,518963.0,7.3,91.0,Released,2018-05-22,0.0,123.0,False,0.0,ko,19.551,"Crime, Action, Thriller","Yong Film, Next Entertainment World, Kidari ENT, Contents Panda",South Korea,Korean,2018.0,both,right_only
60.0,"Jan 14, 2022","Jul 16, 2021",2022.0,belle,GKIDS,Adventure,Original Screenplay,Digital Animation,Science Fiction,0.0,1338.0,1338.0,3669.0,1565658.0,4018313.0,4315964.0,59316126.0,63334439.0,2021.0,56.0,belle,64676965.0,4018313.0,0.062,60658652.0,0.94,205601.0,7.166,640.0,Released,2013-05-01,16505460.0,105.0,False,10900000.0,en,14.449,Drama,"Pinewood Studios, DJ Films, Isle of Man Film, BFI, Metrol Technology",United Kingdom,English,2013.0,both,both
90.0,"Aug 19, 2016","Jun 30, 2016",2016.0,benhur,Paramount Pictures,Adventure,Based on Fiction Book/Short Story,Live Action,Historical Fiction,95000000.0,3084.0,3084.0,10111.0,11203815.0,26410477.0,34532077.0,65259171.0,91669648.0,2016.0,82.0,benhur,94061311.0,26410477.0,0.281,67650834.0,0.72,,,,,,,,,,,,,,,,,left_only,both
,,,,,,,,,,,,,,,,,,,2021.0,35.0,besomebody,132326332.0,,,132326332.0,1.0,397517.0,6.5,252.0,Released,2016-06-10,0.0,88.0,False,0.0,en,8.418,"Drama, Comedy, Romance",Studio71,United States of America,English,2016.0,both,right_only
,,,,,,,,,,,,,,,,,,,2019.0,39.0,betterdays,227140557.0,1921657.0,0.008,225218900.0,0.99,575813.0,8.183,360.0,Released,2019-10-25,225879065.0,135.0,False,0.0,zh,14.964,Drama,"Shooting Pictures, China Wit Media, Tianijn Xiron Entertainment, We Pictures, Goodfellas Media, He Nan Dian Ying Dian Shi Zhi Zuo Ji Tuan, Fat Kids Production","China, Hong Kong",Mandarin,2019.0,both,right_only
,,,,,,,,,,,,,,,,,,,2024.0,120.0,betterman,22549151.0,1983648.0,0.088,20565503.0,0.91,1026804.0,1.0,1.0,Released,2022-12-31,0.0,91.0,False,0.0,zh,2.281,Comedy,Maoyan Entertainment,China,Mandarin,2022.0,both,right_only
100.0,"Dec 31, 2024","Nov 2, 2024",2024.0,bforbusy,,Drama,Original Screenplay,Live Action,Contemporary Fiction,0.0,0.0,0.0,0.0,0.0,0.0,0.0,35996576.0,35996576.0,,,bforbusy,,,,,,902478.0,7.6,39.0,Released,2021-12-24,0.0,112.0,False,0.0,zh,3.307,"Comedy, Romance","麦特影业(湖北)有限公司, 北京真乐道文化传播有限公司, 上海电影（集团）有限公司",China,Mandarin,2021.0,right_only,both
,,,,,,,,,,,,,,,,,,,2019.0,149.0,bharat,33185983.0,2971549.0,0.09,30214434.0,0.91,569594.0,6.611,54.0,Released,2019-06-05,0.0,155.0,False,0.0,hi,5.64,"Drama, Action","Salman Khan Films, Reel Life Productions, T-Series",India,Hindi,2019.0,both,right_only
,,,,,,,,,,,,,,,,,,,2022.0,129.0,bheemlanayak,15243922.0,,,15243922.0,1.0,811942.0,5.2,11.0,Released,2022-02-25,0.0,145.0,False,0.0,te,4.131,"Action, Drama, Thriller",Sithara Entertainments,India,Telugu,2022.0,both,right_only
,,,,,,,,,,,,,,,,,,,2020.0,185.0,bheeshma,4997080.0,,,4997080.0,1.0,674779.0,6.071,28.0,Released,2020-02-21,0.0,151.0,False,0.0,te,3.651,"Romance, Action, Comedy",Sithara Entertainments,India,Telugu,2020.0,both,right_only
,,,,,,,,,,,,,,,,,,,2022.0,117.0,bhoolbhulaiyaa2,18307258.0,,,18307258.0,1.0,695962.0,6.213,54.0,Released,2022-05-20,22449857.0,142.0,False,0.0,hi,8.069,"Horror, Comedy","Cine1 Studios, T-Series",India,Hindi,2022.0,both,right_only
,,,,,,,,,,,,,,,,,,,2016.0,90.0,bigfishbegonia,85409373.0,,,85409373.0,1.0,271706.0,7.4,413.0,Released,2016-07-08,84552250.0,101.0,False,4531653.0,zh,13.413,"Animation, Adventure, Fantasy","Studio Mir, Beijing Enlight Pictures, Horgos Coloroom Pictures",China,Mandarin,2016.0,both,right_only
,,,,,,,,,,,,,,,,,,,2020.0,99.0,bigfootfamily,11119936.0,,,11119936.0,1.0,702525.0,7.141,174.0,Released,2020-07-23,10855626.0,97.0,False,17520000.0,en,11.764,"Animation, Adventure, Family","nWave Pictures, Octopolis, Belga Productions","Belgium, France",English,2020.0,both,right_only
,,,,,,,,,,,,,,,,,,,2021.0,89.0,bigredenvelope,32800000.0,,,32800000.0,1.0,792003.0,0.0,0.0,Released,2021-01-22,0.0,122.0,False,0.0,zh,1.393,"Comedy, Romance",,China,Mandarin,2021.0,both,right_only
51.0,"Dec 31, 2024","Dec 27, 2024",2024.0,bigworld,,Drama,Original Screenplay,Live Action,Contemporary Fiction,0.0,0.0,0.0,0.0,0.0,0.0,0.0,96630911.0,96630911.0,,,bigworld,,,,,,1279204.0,0.0,0.0,Released,2015-01-01,0.0,17.0,False,0.0,en,0.0,Drama,,United States of America,English,2015.0,right_only,both
,,,,,,,,,,,,,,,,,,,2020.0,159.0,billtedfacethemusic,6274027.0,3439660.0,0.5479999999999999,2834367.0,0.45,501979.0,5.907,808.0,Released,2020-08-27,6274027.0,91.0,False,25000000.0,en,20.525,"Comedy, Science Fiction, Adventure","Endeavor Content, Hammerstone Studios, Lakeview Entertainment, TinRes Entertainment, Many Rivers Productions, Cittadino/Dugan Entertainment, Dial 9, Orion Pictures, Metro-Goldwyn-Mayer, Bloom","Canada, United States of America","German, English, Spanish",2020.0,both,right_only
,,,,,,,,,,,,,,,,,,,2016.0,159.0,billylynnslonghalftimewalk,30930984.0,1738477.0,0.0559999999999999,29192507.0,0.94,293767.0,5.995,522.0,Released,2016-11-10,30930984.0,113.0,False,40000000.0,en,11.78,"Drama, War","Bona Film Group, The Ink Factory, Marc Platt Productions, Studio 8, TriStar Pictures, Film4 Productions, LStar Capital, Haishang Films","China, United Kingdom, United States of America",English,2016.0,both,right_only
,,,,,,,,,,,,,,,,,,,2020.0,11.0,birdsofpreyandthefantabulousemancipationofoneharleyquinn,205358461.0,84158461.0,0.41,121200000.0,0.59,495764.0,7.0,9654.0,Released,2020-02-05,205372791.0,108.0,False,75000000.0,en,49.33,"Action, Crime","Warner Bros. Pictures, DC Films, LuckyChap Entertainment, Clubhouse Pictures, Kroll & Co Entertainment",United States of America,English,2020.0,both,right_only
15.0,"Oct 21, 2022","Oct 19, 2022",2022.0,blackadam,Warner Bros.,Action,Based on Comic/Graphic Novel,Live Action,Super Hero,200000000.0,4402.0,4402.0,28549.0,67004323.0,168283344.0,180638378.0,225300000.0,393583344.0,2022.0,15.0,blackadam,393452111.0,168152111.0,0.427,225300000.0,0.57,436270.0,7.014,5467.0,Released,2022-10-19,393252111.0,124.0,False,200000000.0,en,104.759,"Action, Adventure, Science Fiction","New Line Cinema, Flynn Picture Company, DC Films, Seven Bucks Productions",United States of America,English,2022.0,both,both
,,,,,,,,,,,,,,,,,,,2019.0,187.0,blackandblue,22741061.0,22055313.0,0.97,685748.0,0.03,578189.0,6.769,762.0,Released,2019-10-25,22741061.0,109.0,False,12000000.0,en,15.379,"Action, Crime, Drama, Thriller","Hidden Empire Film Group, Royal Viking Entertainment, Screen Gems",United States of America,English,2019.0,both,right_only
93.0,"Mar 14, 2025","Mar 12, 2025",2025.0,blackbag,Focus Features,Thriller/Suspense,Original Screenplay,Live Action,Contemporary Fiction,60000000.0,2705.0,2713.0,8669.0,7607250.0,21474035.0,21474035.0,22411333.0,43885368.0,2025.0,77.0,blackbag,43887905.0,21474035.0,0.489,22413870.0,0.511,,,,,,,,,,,,,,,,,left_only,both
,,,,,,,,,,,,,,,,,,,2021.0,170.0,blackbox,9738741.0,,,9738741.0,1.0,663260.0,7.373,934.0,Released,2021-09-08,9738741.0,130.0,False,10722240.0,fr,13.465,"Mystery, Thriller, Drama","24 25 Films, WY Productions",France,"French, English",2021.0,both,right_only
80.0,"Aug 10, 2018","Aug 9, 2018",2018.0,blackkklansman,Focus Features,Black Comedy,Based on Factual Book/Article,Live Action,Dramatization,15000000.0,1512.0,1914.0,10688.0,10845330.0,49275340.0,61169920.0,44136086.0,93411426.0,2018.0,77.0,blackkklansman,93400823.0,49275340.0,0.528,44125483.0,0.47,487558.0,7.521,7037.0,Released,2018-08-09,93411426.0,136.0,False,15000000.0,en,16.735,"Comedy, Crime, Drama","Legendary Pictures, Perfect World Pictures, Monkeypaw Productions, Blumhouse Productions, QC Entertainment, 40 Acres and a Mule Filmworks",United States of America,English,2018.0,both,both
,,,,,,,,,,,,,,,,,,,2022.0,125.0,blacklight,15902207.0,9591094.0,0.603,6311113.0,0.4,823625.0,6.226,950.0,Released,2022-02-10,15902207.0,104.0,False,43000000.0,en,49.396,"Action, Thriller","The Solution, Zero Gravity Management, Film Victoria, Lightstream Entertainment, Screen Australia, Universal Pictures, Footloose Productions, Sina Studios, Fourstar Film Partners Production, Elevate Production Finance, Monty the Dog Productions","United States of America, Australia",English,2022.0,both,right_only
,,,,,,,,,,,,,,,,,,,2022.0,125.0,blacklight,15902207.0,9591094.0,0.603,6311113.0,0.4,705993.0,7.6,8.0,Released,2021-02-18,0.0,107.0,False,0.0,ko,2.6,Drama,"Challan Film, Film New Wave, One Take Film",South Korea,Korean,2021.0,both,right_only
72.0,"Sep 18, 2015","Sep 17, 2015",2015.0,blackmass,Warner Bros.,Drama,Based on Factual Book/Article,Live Action,Dramatization,53000000.0,3188.0,3188.0,13669.0,22635037.0,62575678.0,83953847.0,37400000.0,99975678.0,2015.0,75.0,blackmass,99975678.0,62575678.0,0.626,37400000.0,0.37,261023.0,6.497,3113.0,Released,2015-09-17,98837872.0,123.0,False,53000000.0,en,17.763,"Drama, Crime, History","Vendian Entertainment, Infinitum Nihil, Head Gear Films, Cross Creek Pictures, Free State Pictures, RatPac Entertainment, Le Grisbi Productions","United Kingdom, United States of America",English,2015.0,both,both
2.0,"Feb 16, 2018","Feb 13, 2018",2018.0,blackpanther,Walt Disney,Action,Based on Comic/Graphic Novel,Live Action,Super Hero,200000000.0,4020.0,4084.0,40236.0,202003951.0,700059566.0,869118952.0,634097516.0,1334157082.0,2018.0,2.0,blackpanther,1346913161.0,700059566.0,0.52,646853595.0,0.48,284054.0,7.39,21053.0,Released,2018-02-13,1349926083.0,135.0,False,200000000.0,en,43.665,"Action, Adventure, Science Fiction",Marvel Studios,United States of America,"English, Korean, Swahili, Xhosa",2018.0,both,both
6.0,"Nov 11, 2022","Nov 9, 2022",2022.0,blackpantherwakandaforever,Walt Disney,Action,Based on Comic/Graphic Novel,Animation/Live Action,Super Hero,250000000.0,4396.0,4396.0,36295.0,181339761.0,453829060.0,486748459.0,405379776.0,859208836.0,2022.0,6.0,blackpantherwakandaforever,859208836.0,453829060.0,0.528,405379776.0,0.47,505642.0,7.193,5475.0,Released,2022-11-09,859102154.0,162.0,False,250000000.0,en,131.897,"Action, Adventure, Science Fiction",Marvel Studios,United States of America,"English, French, Haitian; Haitian Creole, Spanish, Xhosa",2022.0,both,both
45.0,"Oct 17, 2025","Oct 15, 2025",2025.0,blackphone2,Universal,Horror,Based on Fiction Book/Short Story,Live Action,Historical Fiction,30000000.0,3411.0,3460.0,17391.0,27332040.0,77378880.0,77378880.0,54811640.0,132190520.0,2025.0,44.0,blackphone2,132248152.0,77378880.0,0.585,54869272.0,0.415,,,,,,,,,,,,,,,,,left_only,both
12.0,"Jul 9, 2021","Jul 7, 2021",2021.0,blackwidow,Walt Disney,Action,Based on Comic/Graphic Novel,Live Action,Super Hero,200000000.0,4160.0,4275.0,25585.0,80366312.0,183651655.0,204237971.0,196099476.0,379751131.0,2021.0,13.0,blackwidow,379751655.0,183651655.0,0.484,196100000.0,0.52,497698.0,7.303,9298.0,Released,2021-07-07,379751131.0,134.0,False,200000000.0,en,56.256,"Action, Adventure, Science Fiction",Marvel Studios,United States of America,"English, Russian",2021.0,both,both
39.0,"Oct 6, 2017","Sep 29, 2017",2017.0,bladerunner2049,Warner Bros.,Thriller/Suspense,Based on Fiction Book/Short Story,Live Action,Science Fiction,185000000.0,4058.0,4058.0,18595.0,32753122.0,92054159.0,116060539.0,167100000.0,259154159.0,2017.0,35.0,bladerunner2049,259154159.0,92054159.0,0.355,167100000.0,0.65,335984.0,7.544,12331.0,Released,2017-10-04,259239658.0,164.0,False,150000000.0,en,70.54,"Science Fiction, Drama","Torridon Films, 16:14 Entertainment, Scott Free Productions, Columbia Pictures, Alcon Entertainment, Thunderbird Entertainment, Warner Bros. Pictures","Canada, Hungary, Mexico, Spain, United Kingdom, United States of America","English, Finnish, Hungarian, Japanese, Russian, Somali, Spanish",2017.0,both,both
,,,,,,,,,,,,,,,,,,,2016.0,134.0,blairwitch,45173154.0,20777061.0,0.46,24396093.0,0.54,351211.0,5.2,1787.0,Released,2016-09-15,45172994.0,89.0,False,5000000.0,en,12.276,"Thriller, Horror","Vertigo Entertainment, Lionsgate, Room 101, Snoot Entertainment","Canada, United States of America",English,2016.0,both,right_only
,,,,,,,,,,,,,,,,,,,2017.0,116.0,bleedingsteel,48825526.0,,,48825526.0,1.0,460648.0,5.927,457.0,Released,2017-12-18,0.0,109.0,False,65000000.0,zh,21.367,"Action, Science Fiction, Thriller","Heyi Pictures Company, Sparkle Roll Media","China, Hong Kong","English, Mandarin, Italian",2017.0,both,right_only
85.0,"Aug 23, 2024","Aug 21, 2024",2024.0,blinktwice,Amazon MGM Studios,Thriller/Suspense,Original Screenplay,Live Action,Contemporary Fiction,0.0,3067.0,3067.0,9340.0,7301894.0,23093906.0,23093906.0,25000000.0,48093906.0,2024.0,75.0,blinktwice,48093906.0,23093906.0,0.48,25000000.0,0.52,,,,,,,,,,,,,,,,,left_only,both
78.0,"Apr 6, 2018","Mar 29, 2018",2018.0,blockers,Universal,Comedy,Original Screenplay,Live Action,Contemporary Fiction,21000000.0,3379.0,3418.0,15952.0,20556350.0,60311495.0,74876294.0,34212286.0,94523781.0,2018.0,76.0,blockers,94017294.0,60311495.0,0.6409999999999999,33705799.0,0.36,437557.0,6.3,1859.0,Released,2018-03-14,94017294.0,102.0,False,21000000.0,en,18.51,Comedy,"Hurwitz & Schlossberg Productions, Good Universe, DMG Entertainment, Point Grey Pictures, Universal Pictures, dentsu","China, Japan, United States of America",English,2018.0,both,both
,,,,,,,,,,,,,,,,,,,2020.0,148.0,bloodmoonparty,6709383.0,,,6709383.0,1.0,699361.0,7.8,6.0,Released,2020-10-23,0.0,118.0,False,0.0,vi,0.909,"Comedy, Drama, Thriller","Sidus, Film Monster, Anh Teu Studio, Lotte Entertainment",Vietnam,Vietnamese,2020.0,both,right_only
50.0,"Mar 13, 2020","Nov 29, 2019",2020.0,bloodshot,Sony Pictures,Action,Based on Comic/Graphic Novel,Live Action,Super Hero,45000000.0,2861.0,2861.0,2861.0,9176695.0,10021787.0,12347104.0,27141267.0,37163054.0,2020.0,41.0,bloodshot,39861118.0,12561824.0,0.315,27299294.0,0.69,338762.0,6.76,4681.0,Released,2020-03-05,39861118.0,110.0,False,42000000.0,en,29.852,"Action, Science Fiction, Adventure","Cross Creek Pictures, Mimran Schur Pictures, Original Film, The Hideaway Entertainment, Valiant Entertainment, Columbia Pictures, One Race, Bona Film Group, Mid Atlantic Films","Canada, China, Hungary, South Africa, United States of America",English,2020.0,both,both
50.0,"Mar 13, 2020","Nov 29, 2019",2020.0,bloodshot,Sony Pictures,Action,Based on Comic/Graphic Novel,Live Action,Super Hero,45000000.0,2861.0,2861.0,2861.0,9176695.0,10021787.0,12347104.0,27141267.0,37163054.0,2020.0,41.0,bloodshot,39861118.0,12561824.0,0.315,27299294.0,0.69,211587.0,4.0,31.0,Released,2013-08-01,0.0,95.0,False,0.0,en,3.741,"Action, Comedy, Horror","Fine Lookin' Productions, Infinite Justice Productions, Andrew Wyly Film Company",United States of America,"English, French",2013.0,both,both
60.0,"Aug 18, 2023","Aug 16, 2023",2023.0,bluebeetle,Warner Bros.,Action,Based on Comic/Graphic Novel,Live Action,Super Hero,120000000.0,3871.0,3871.0,20414.0,25030225.0,72541501.0,74994914.0,58300000.0,130841501.0,2023.0,55.0,bluebeetle,130788072.0,72488072.0,0.5539999999999999,58300000.0,0.45,565770.0,7.139,1023.0,Released,2023-08-16,124818235.0,128.0,False,120000000.0,en,2994.357,"Action, Science Fiction, Adventure","Warner Bros. Pictures, The Safran Company, DC Films",United States of America,"English, Portuguese, Spanish",2023.0,both,both
32.0,"Feb 14, 2024","Jan 23, 2024",2024.0,bobmarleyonelove,Paramount Pictures,Drama,Based on Real Life Events,Live Action,Dramatization,70000000.0,3539.0,3597.0,18840.0,28659004.0,96981216.0,96981216.0,79779143.0,176760359.0,2024.0,33.0,bobmarleyonelove,180971146.0,96981216.0,0.536,83989930.0,0.46,802219.0,0.0,0.0,Post Production,2024-01-10,0.0,0.0,False,0.0,en,4.913,"Music, Drama","Paramount, Tuff Gong Pictures, Plan B Entertainment",United States of America,English,2024.0,both,both
,,,,,,,,,,,,,,,,,,,2019.0,173.0,bodiesatrest,25293853.0,,,25293853.0,1.0,531368.0,6.4,66.0,Released,2019-08-16,25293853.0,93.0,False,0.0,cn,6.789,"Action, Crime, Thriller","Wanda Film and Television Media Co.,Ltd., Wanda Pictures (Hong Kong) Co., Limited, Media Asia Film Production Limited","China, Hong Kong",Cantonese,2019.0,both,right_only
,,,,,,,,,,,,,,,,,,,2022.0,142.0,bodiesbodiesbodies,13929670.0,11446602.0,0.8220000000000001,2483068.0,0.18,520023.0,6.3,737.0,Released,2022-08-05,13905020.0,94.0,False,0.0,en,19.384,"Comedy, Horror, Mystery","A24, 2AM, Stage 6 Films",United States of America,English,2022.0,both,right_only
6.0,"Nov 2, 2018","Oct 24, 2018",2018.0,bohemianrhapsody,20th Century Fox,Drama,Based on Real Life Events,Live Action,Dramatization,55000000.0,4000.0,4000.0,35008.0,51061119.0,216303339.0,268359541.0,662785558.0,879088897.0,2018.0,6.0,bohemianrhapsody,903655259.0,216428042.0,0.24,687227217.0,0.76,424694.0,7.997,15965.0,Released,2018-10-24,903992901.0,135.0,False,52000000.0,en,37.55,"Music, Drama, History","GK Films, Regency Enterprises, Queen Films, Tribeca Productions, New Regency Pictures, 20th Century Fox","United Kingdom, United States of America",English,2018.0,both,both
97.0,"Dec 13, 2019","Dec 13, 2019",2019.0,bombshell,Lionsgate,Drama,Based on Real Life Events,Live Action,Dramatization,32000000.0,4.0,1721.0,7865.0,319157.0,31762808.0,39181346.0,29641586.0,61404394.0,2019.0,102.0,bombshell,61404394.0,31762808.0,0.517,29641586.0,0.48,525661.0,6.814,2750.0,Released,2019-12-13,61404394.0,109.0,False,32000000.0,en,16.037,Drama,"Lighthouse Management + Media, Denver and Delilah Productions, Bron Studios, Annapurna Pictures, Creative Wealth Media Finance, Lionsgate, Endeavor Content","Canada, United States of America",English,2019.0,both,both
,,,,,,,,,,,,,,,,,,,2022.0,130.0,bonesandall,15234907.0,7834907.0,0.514,7400000.0,0.49,791177.0,7.135,1019.0,Released,2022-11-18,14134907.0,131.0,False,18000000.0,it,22.262,"Drama, Horror, Romance","Frenesy Film, Per Capita Productions, MeMo Films, The Apartment Pictures, 3 Marys Entertainment, Tenderstories, Elafilm","Italy, United States of America",English,2022.0,both,right_only
,,,,,,,,,,,,,,,,,,,2024.0,170.0,bonhoeffer,12705458.0,12222383.0,0.962,483075.0,0.04,206065.0,6.0,2.0,Released,2003-06-19,0.0,93.0,False,0.0,en,0.6,"Documentary, History",,,,2003.0,both,right_only
,,,,,,,,,,,,,,,,,,,2017.0,118.0,boo2amadeahalloween,48333932.0,47319572.0,0.979,1014360.0,0.02,459202.0,5.701,461.0,Released,2017-10-20,48333932.0,103.0,False,25000000.0,en,22.685,"Horror, Comedy",Tyler Perry Studios,United States of America,English,2017.0,both,right_only
,,,,,,,,,,,,,,,,,,,2016.0,101.0,booamadeahalloween,74827344.0,73206343.0,0.978,1621001.0,0.02,380124.0,5.686,393.0,Released,2016-10-21,74827344.0,103.0,False,20000000.0,en,10.147,"Comedy, Horror","Lionsgate, Tyler Perry Studios",United States of America,"English, Spanish",2016.0,both,right_only
68.0,"May 18, 2018","May 18, 2018",2018.0,bookclub,Paramount Pictures,Romantic Comedy,Original Screenplay,Live Action,Contemporary Fiction,10000000.0,2781.0,3169.0,15924.0,13582231.0,68566296.0,85124568.0,37387336.0,105953632.0,2018.0,65.0,bookclub,104438188.0,68566296.0,0.657,35871892.0,0.34,502682.0,6.238,718.0,Released,2018-05-18,78720293.0,104.0,False,10000000.0,en,14.475,"Romance, Comedy, Drama","June Pictures, Apartment Story",United States of America,"English, Spanish, Hungarian",2018.0,both,both
,,,,,,,,,,,,,,,,,,,2023.0,124.0,bookclubthenextchapter,29014500.0,17581565.0,0.606,11432935.0,0.39,982271.0,6.609,92.0,Released,2023-05-11,27849137.0,108.0,False,20000000.0,en,29.292,"Comedy, Romance","Makeready, Fifth Season, Apartment Story, Focus Features, Universal Pictures",United States of America,English,2023.0,both,right_only
,,,,,,,,,,,,,,,,,,,2016.0,73.0,bookoflove,114679097.0,,,114679097.0,1.0,892835.0,5.623,102.0,Released,2022-01-06,0.0,106.0,False,0.0,en,8.423,"Comedy, Romance","Sky Movies, XYZ Films, Watford Films, BuzzFeed Studios, Pimienta Films, Head Gear Films, Metrol Technology","Mexico, United Kingdom","Spanish, English",2022.0,both,right_only
,,,,,,,,,,,,,,,,,,,2019.0,174.0,booksmart,24959607.0,22680962.0,0.909,2278645.0,0.09,505600.0,7.05,2386.0,Released,2019-05-24,24849029.0,102.0,False,6000000.0,en,16.898,Comedy,"Annapurna Pictures, Gloria Sanchez Productions",United States of America,"Mandarin, English, Spanish",2019.0,both,right_only
,,,,,,,,,,,,,,,,,,,2015.0,139.0,booniebearsamysticalwinter,47581416.0,,,47581416.0,1.0,335832.0,7.0,8.0,Released,2015-01-30,47581416.0,91.0,False,0.0,zh,5.084,"Animation, Comedy, Family",Huaqiang Fangte Animation,China,Mandarin,2015.0,both,right_only
54.0,"Mar 10, 2023","Feb 1, 2022",2023.0,booniebearsbacktoearth,,Adventure,Original Screenplay,Digital Animation,Kids Fiction,0.0,0.0,0.0,0.0,0.0,0.0,0.0,147097958.0,147097958.0,,,booniebearsbacktoearth,,,,,,931404.0,6.667,12.0,Released,2022-02-01,146943587.0,99.0,False,0.0,zh,35.6,"Animation, Family, Science Fiction, Adventure",Huaqiang Fangte Animation,China,Mandarin,2022.0,right_only,both
22.0,"Dec 1, 2020","Jan 19, 2019",2020.0,booniebearsblastintothepast,,Adventure,Original Screenplay,Digital Animation,Kids Fiction,0.0,0.0,0.0,0.0,0.0,0.0,0.0,112294128.0,112294128.0,2019.0,73.0,booniebearsblastintothepast,112367881.0,,,112367881.0,1.0,581218.0,7.3,19.0,Released,2019-09-19,0.0,90.0,False,0.0,zh,21.152,"Animation, Family, Adventure, Fantasy",Fantawild Animation,China,Mandarin,2019.0,both,both
46.0,"Dec 31, 2024","Jan 29, 2025",2024.0,booniebearsfuturereborn,,Adventure,Original Screenplay,Live Action,Fantasy,0.0,0.0,0.0,0.0,0.0,0.0,0.0,104582715.0,104582715.0,,,booniebearsfuturereborn,,,,,,1377650.0,0.0,0.0,Post Production,2025-01-29,0.0,0.0,False,0.0,zh,0.865,"Animation, Drama, Science Fiction, Comedy",Huaqiang Fangte Animation,China,Mandarin,2025.0,right_only,both
21.0,"Dec 31, 2022","Jan 20, 2023",2022.0,booniebearsguardiancode,,Comedy,Original Screenplay,Digital Animation,Science Fiction,0.0,0.0,0.0,0.0,0.0,0.0,0.0,222097871.0,222097871.0,2023.0,36.0,booniebearsguardiancode,218069789.0,,,218069789.0,1.0,1078012.0,8.0,1.0,Released,2023-01-22,221590000.0,94.0,False,0.0,zh,1.948,"Comedy, Science Fiction, Animation, Family, Adventure",Huaqiang Fangte Animation,China,Mandarin,2023.0,both,both
,,,,,,,,,,,,,,,,,,,2018.0,71.0,booniebearsthebigshrink,96845907.0,,,96845907.0,1.0,529426.0,7.1,8.0,Released,2018-02-16,88726207.0,89.0,False,0.0,zh,5.484,"Animation, Comedy, Adventure, Science Fiction",Fantawild Animation,China,Mandarin,2018.0,both,right_only
,,,,,,,,,,,,,,,,,,,2016.0,135.0,booniebearsthebigtopsecret,45150390.0,,,45150390.0,1.0,401791.0,7.367,15.0,Released,2016-01-16,42176173.0,99.0,False,0.0,zh,3.754,"Animation, Adventure, Comedy",,,Mandarin,2016.0,both,right_only
,,,,,,,,,,,,,,,,,,,2021.0,49.0,booniebearsthewildlife,78132231.0,,,78132231.0,1.0,796039.0,4.9,4.0,Released,2021-02-12,0.0,99.0,False,0.0,zh,5.941,"Animation, Comedy, Science Fiction, Adventure",Huaqiang Fangte Animation,China,Mandarin,2021.0,both,right_only
22.0,"Jan 24, 2025","Feb 10, 2024",2025.0,booniebearstimetwist,Viva Pictures,Adventure,Original Screenplay,Digital Animation,Fantasy,0.0,0.0,0.0,0.0,0.0,0.0,0.0,275815955.0,275815955.0,2024.0,25.0,booniebearstimetwist,250921235.0,,,250921235.0,1.0,,,,,,,,,,,,,,,,,left_only,both
,,,,,,,,,,,,,,,,,,,2024.0,95.0,borderlands,33017367.0,15482668.0,0.469,17534699.0,0.53,706108.0,7.5,2.0,Released,2021-06-04,0.0,67.0,False,0.0,bn,0.6,Documentary,,India,"Bengali, Hindi, Nepali, Punjabi",2021.0,both,right_only
,,,,,,,,,,,,,,,,,,,2016.0,181.0,borninchina,25081168.0,13873211.0,0.5529999999999999,11207957.0,0.45,355277.0,7.29,150.0,Released,2016-08-12,0.0,76.0,False,0.0,zh,7.685,Documentary,"Disneynature, Chuan Films","China, United Kingdom, United States of America","English, Spanish, Mandarin",2016.0,both,right_only
70.0,"Apr 28, 2023","Apr 27, 2023",2023.0,borntofly,Well Go USA,Action,Original Screenplay,Live Action,Historical Fiction,0.0,74.0,74.0,110.0,132247.0,276743.0,286098.0,110621736.0,110898479.0,2023.0,62.0,borntofly,117141585.0,277011.0,0.002,116864574.0,1.0,1012837.0,5.6,22.0,Released,2023-04-28,80504376.0,127.0,False,0.0,zh,30.918,"Drama, Action",Bona Film Group,China,Mandarin,2023.0,both,both
,,,,,,,,,,,,,,,,,,,2015.0,159.0,borutonarutothemovie,38362448.0,919651.0,0.024,37442797.0,0.98,347201.0,7.595,1310.0,Released,2015-08-07,39500000.0,95.0,False,0.0,ja,41.024,"Animation, Action, Comedy","Pierrot, Studio Lagurus, Aniplex, Bandai Namco Entertainment, Bandai, dentsu, Shueisha, TV Tokyo, TOHO",Japan,Japanese,2015.0,both,right_only
,,,,,,,,,,,,,,,,,,,2025.0,140.0,boss,16060726.0,,,16060726.0,1.0,228355.0,5.6,60.0,Released,2013-10-16,0.0,143.0,False,0.0,hi,5.006,"Action, Comedy, Drama",,India,Hindi,2013.0,both,right_only
,,,,,,,,,,,,,,,,,,,2023.0,173.0,bottoms,12976079.0,12036071.0,0.928,940008.0,0.07,814776.0,7.127,75.0,Released,2023-08-25,11600000.0,92.0,False,11300000.0,en,100.876,Comedy,"Brownstone Productions, Orion Pictures, Metro-Goldwyn-Mayer",United States of America,English,2023.0,both,right_only
,,,,,,,,,,,,,,,,,,,2016.0,155.0,bountyhunters,31918573.0,,,31918573.0,1.0,388764.0,7.2,49.0,Released,2016-07-01,0.0,106.0,False,0.0,zh,7.956,"Action, Adventure, Comedy, Drama",Pegasus Motion Pictures,"Hong Kong, China, South Korea","Mandarin, Korean, English, Thai",2016.0,both,right_only
87.0,"Feb 21, 2020","Feb 20, 2020",2020.0,brahmstheboyii,STX Entertainment,Horror,Original Screenplay,Live Action,Contemporary Fiction,10000000.0,2151.0,2151.0,6264.0,5823006.0,12611536.0,15537746.0,6356790.0,18968326.0,2020.0,65.0,brahmstheboyii,20311536.0,12611536.0,0.621,7700000.0,0.38,555974.0,5.984,1150.0,Released,2020-02-20,20311536.0,86.0,False,10000000.0,en,14.342,"Horror, Mystery, Thriller","STX Films, Lakeshore Entertainment","Australia, Canada, China, United States of America","Spanish, English",2020.0,both,both
,,,,,,,,,,,,,,,,,,,2018.0,121.0,breakingin,51411620.0,46840590.0,0.911,4571030.0,0.09,497814.0,5.966,608.0,Released,2018-05-05,49078000.0,88.0,False,6000000.0,en,13.163,"Thriller, Crime, Action","Will Packer Productions, Breaking In Pictures",United States of America,English,2018.0,both,right_only
,,,,,,,,,,,,,,,,,,,2020.0,121.0,breakthesilencethemovie,8954345.0,,,8954345.0,1.0,730647.0,9.154,175.0,Released,2020-09-10,8954945.0,90.0,False,0.0,ko,7.198,"Music, Documentary","Big Hit Entertainment, CJ CGV, HYBE",South Korea,Korean,2020.0,both,right_only
,,,,,,,,,,,,,,,,,,,2019.0,116.0,breakthrough,50444358.0,40713082.0,0.807,9731276.0,0.19,514439.0,7.637,984.0,Released,2019-04-10,49231674.0,116.0,False,14000000.0,en,29.215,Drama,"Fox 2000 Pictures, 20th Century Fox",United States of America,English,2019.0,both,right_only
,,,,,,,,,,,,,,,,,,,2019.0,116.0,breakthrough,50444358.0,40713082.0,0.807,9731276.0,0.19,870026.0,7.6,4.0,Released,2021-09-02,0.0,0.0,False,0.0,zh,4.959,Action,,China,Mandarin,2021.0,both,right_only
,,,,,,,,,,,,,,,,,,,2019.0,116.0,breakthrough,50444358.0,40713082.0,0.807,9731276.0,0.19,1131128.0,0.0,0.0,Released,2021-12-13,0.0,20.0,False,0.0,en,0.868,,,,,2021.0,both,right_only
,,,,,,,,,,,,,,,,,,,2021.0,65.0,breakthroughthedarkness,52700000.0,,,52700000.0,1.0,821699.0,5.9,12.0,Released,2021-05-01,0.0,112.0,False,0.0,zh,2.616,"Drama, Action, Crime","iQIYI Pictures, 中国长安出版传媒有限公司, 福建恒业电影发行有限公司",China,Mandarin,2021.0,both,right_only
,,,,,,,,,,,,,,,,,,,2015.0,189.0,bridewars,27670000.0,,,27670000.0,1.0,10521.0,6.232,2851.0,Released,2009-01-09,115375850.0,89.0,False,30000000.0,en,24.456,"Comedy, Romance","Fox 2000 Pictures, Regency Enterprises, New Regency Pictures, Biride Productions, Dune Entertainment, Dune Entertainment III",United States of America,English,2009.0,both,right_only
47.0,"Oct 16, 2015","Oct 14, 2015",2015.0,bridgeofspies,Walt Disney,Thriller/Suspense,Original Screenplay,Live Action,Historical Fiction,40000000.0,2811.0,2873.0,19292.0,15371203.0,72313754.0,96955133.0,90184584.0,162498338.0,2015.0,45.0,bridgeofspies,165478348.0,72313754.0,0.437,93164594.0,0.56,296098.0,7.222,6421.0,Released,2015-10-15,165478348.0,141.0,False,40000000.0,en,15.627,"Thriller, Drama","TSG Entertainment, Amblin Entertainment, Studio Babelsberg, Fox 2000 Pictures, Marc Platt Productions, Participant, Reliance Entertainment, DreamWorks Pictures","India, United States of America, Germany","Russian, English, German",2015.0,both,both
48.0,"Feb 13, 2025","Feb 12, 2025",2025.0,bridgetjonesmadabouttheboy,,Romantic Comedy,Based on Fiction Book/Short Story,Live Action,Contemporary Fiction,50000000.0,0.0,0.0,0.0,0.0,0.0,0.0,130561581.0,130561581.0,2025.0,39.0,bridgetjonesmadabouttheboy,140433049.0,,,140433049.0,1.0,,,,,,,,,,,,,,,,,left_only,both
41.0,"Sep 16, 2016","Sep 6, 2016",2016.0,bridgetjonessbaby,Universal,Romantic Comedy,Based on Fiction Book/Short Story,Live Action,Contemporary Fiction,35000000.0,2927.0,2930.0,9521.0,8571785.0,24139805.0,31563145.0,183158578.0,207298383.0,2016.0,42.0,bridgetjonessbaby,211952420.0,24252420.0,0.114,187700000.0,0.89,95610.0,6.417,2744.0,Released,2016-09-14,211952420.0,123.0,False,35000000.0,en,18.589,"Comedy, Romance","Working Title Films, Perfect World Pictures, StudioCanal, Universal Pictures, Miramax","France, United Kingdom, United States of America",English,2016.0,both,both
,,,,,,,,,,,,,,,,,,,2019.0,148.0,brightburn,33224654.0,17300439.0,0.521,15924215.0,0.48,531309.0,6.106,2857.0,Released,2019-05-09,33224654.0,91.0,False,6000000.0,en,29.142,"Horror, Science Fiction, Thriller, Mystery","Troll Court Entertainment, Screen Gems, Stage 6 Films, The H Collective",United States of America,English,2019.0,both,right_only
97.0,"May 30, 2025","May 29, 2025",2025.0,bringherback,A24,Horror,Original Screenplay,Live Action,Contemporary Fiction,17500000.0,2449.0,2449.0,6689.0,7081501.0,19323752.0,19323752.0,19769102.0,39092854.0,2025.0,84.0,bringherback,39410222.0,19333305.0,0.491,20076917.0,0.509,,,,,,,,,,,,,,,,,left_only,both
,,,,,,,,,,,,,,,,,,,2022.0,114.0,broker,18851416.0,1046899.0,0.0559999999999999,17804517.0,0.94,736732.0,7.2,312.0,Released,2022-06-08,18632208.0,129.0,False,0.0,ko,30.84,"Drama, Comedy","Zip Cinema, CJ Entertainment",South Korea,Korean,2022.0,both,right_only
,,,,,,,,,,,,,,,,,,,2015.0,113.0,brooklyn,62076141.0,38322743.0,0.617,23753398.0,0.38,167073.0,7.31,2929.0,Released,2015-10-20,62076141.0,111.0,False,11000000.0,en,15.519,"Romance, Drama","Wildgaze Films, Item 7, Parallel Films, Fís Éireann/Screen Ireland","Ireland, United Kingdom, Canada",English,2015.0,both,right_only
,,,,,,,,,,,,,,,,,,,2022.0,134.0,bros,14781867.0,11628165.0,0.787,3153702.0,0.21,614939.0,6.89,403.0,Released,2022-09-30,14800000.0,115.0,False,22000000.0,en,14.485,"Comedy, Romance","Universal Pictures, Apatow Productions, Stoller Global Solutions",United States of America,English,2022.0,both,right_only
,,,,,,,,,,,,,,,,,,,2022.0,134.0,bros,14781867.0,11628165.0,0.787,3153702.0,0.21,930246.0,0.0,0.0,Released,2021-10-24,0.0,27.0,False,0.0,en,0.649,"Animation, Comedy, Fantasy, TV Movie","Drawsome Studio, D6D",France,,2021.0,both,right_only
,,,,,,,,,,,,,,,,,,,2022.0,78.0,btspermissiontodanceonstageseoulliveviewing,32600000.0,6840000.0,0.21,25760000.0,0.79,939984.0,9.018,113.0,Released,2022-03-12,32600000.0,195.0,False,0.0,ko,6.877,Music,"HYBE, Big Hit Entertainment",South Korea,"English, Korean",2022.0,both,right_only
100.0,"Feb 1, 2023","Feb 1, 2023",2023.0,btsyettocomeincinemas,Trafalgar Releasing,Concert/Performance,Based on Real Life Events,Live Action,Factual,0.0,1100.0,1100.0,1100.0,5100000.0,7889021.0,8155833.0,45110979.0,53000000.0,2023.0,123.0,btsyettocomeincinemas,29291883.0,8093270.0,0.276,21198613.0,0.72,1063453.0,4.972,18.0,Released,2023-02-01,29291883.0,103.0,False,0.0,ko,2.138,Music,"Big Hit Entertainment, CJ 4DFLEX, HYBE",South Korea,"English, Korean",2023.0,both,both
74.0,"Jan 27, 2017","Jan 27, 2017",2017.0,buddiesinindia,China Lion Film Distribution,Action,Original Screenplay,Live Action,Contemporary Fiction,0.0,55.0,55.0,82.0,181705.0,292662.0,369011.0,109911139.0,110203801.0,2017.0,73.0,buddiesinindia,110155128.0,293194.0,0.003,109861934.0,1.0,435863.0,4.0,8.0,Released,2017-01-27,0.0,100.0,False,0.0,zh,1.681,"Comedy, Action, Adventure",Beijing Enlight Pictures,China,Mandarin,2017.0,both,both
60.0,"Dec 31, 2025","Dec 25, 2025",2025.0,buencamino,,Comedy,Original Screenplay,Live Action,Contemporary Fiction,0.0,0.0,0.0,0.0,0.0,0.0,0.0,90020575.0,90020575.0,2025.0,54.0,buencamino,90364744.0,,,90364744.0,1.0,682109.0,0.0,0.0,Released,2020-03-19,0.0,98.0,False,0.0,ko,0.6,Documentary,,South Korea,Korean,2020.0,both,both
,,,,,,,,,,,,,,,,,,,2024.0,197.0,buffalokids,9555857.0,102957.0,0.011,9452900.0,0.99,1154304.0,0.0,0.0,Planned,2024-08-30,0.0,0.0,False,0.0,es,0.6,"Animation, Adventure","4 Cats Pictures, Atresmedia, Core Animation",Spain,Spanish,2024.0,both,right_only
96.0,"Oct 24, 2025","Oct 23, 2025",2025.0,bugonia,Focus Features,Black Comedy,Based on Movie,Live Action,Science Fiction,0.0,17.0,2043.0,6048.0,709848.0,17692390.0,17692390.0,21807585.0,39499975.0,2025.0,81.0,bugonia,42338543.0,17692390.0,0.418,24646153.0,0.5820000000000001,,,,,,,,,,,,,,,,,left_only,both
19.0,"Aug 5, 2022","Jul 14, 2022",2022.0,bullettrain,Sony Pictures,Thriller/Suspense,Based on Comic/Graphic Novel,Live Action,Contemporary Fiction,85900000.0,4357.0,4357.0,30143.0,30030156.0,103368602.0,111025531.0,135166361.0,238534963.0,2022.0,19.0,bullettrain,239268602.0,103368602.0,0.432,135900000.0,0.57,718930.0,7.495,4804.0,Released,2022-08-03,239268602.0,126.0,False,90000000.0,en,79.836,"Action, Comedy, Thriller","87North Productions, Columbia Pictures",United States of America,"Japanese, English, Russian, Spanish",2022.0,both,both
19.0,"Dec 21, 2018","Dec 13, 2018",2018.0,bumblebee,Paramount Pictures,Adventure,Spin-Off,Animation/Live Action,Science Fiction,102000000.0,3550.0,3597.0,22545.0,21654047.0,127195589.0,157534479.0,337536230.0,464731819.0,2018.0,19.0,bumblebee,467989645.0,127195589.0,0.272,340794056.0,0.73,424783.0,6.73,5639.0,Released,2018-12-15,467989645.0,113.0,False,135000000.0,en,30.511,"Action, Adventure, Science Fiction","Paramount, Allspark Pictures, Bay Films, di Bonaventura Pictures, Tom DeSanto/Don Murphy Production",United States of America,English,2018.0,both,both
,,,,,,,,,,,,,,,,,,,2015.0,165.0,burnt,36606743.0,13651946.0,0.373,22954797.0,0.63,295964.0,6.513,3140.0,Released,2015-10-02,36606743.0,100.0,False,20000000.0,en,15.909,Drama,"PeaPie Films, Double Feature Films, The Weinstein Company, Entertainment One, 3 Arts Entertainment",United States of America,"French, English",2015.0,both,right_only
,,,,,,,,,,,,,,,,,,,2020.0,79.0,byebyemorons,16955924.0,,,16955924.0,1.0,651881.0,7.255,743.0,Released,2020-10-21,16955173.0,87.0,False,9700000.0,fr,9.631,"Comedy, Drama","Gaumont, Manchester Films, France 2, Canal+, Entourage Pictures, ADCB Films, CNC, Ciné+, France Télévisions, Mikros Image, La Région Île-de-France",France,"English, French",2020.0,both,right_only
,,,,,,,,,,,,,,,,,,,2024.0,132.0,cabrini,20590202.0,19512134.0,0.948,1078068.0,0.05,975056.0,0.0,0.0,In Production,2024-03-08,0.0,0.0,False,0.0,en,3.234,Drama,"Angel Studios, Santa Fe Films",United States of America,,2024.0,both,right_only
,,,,,,,,,,,,,,,,,,,2022.0,90.0,calendargirls,25433615.0,,,25433615.0,1.0,8696.0,6.576,350.0,Released,2003-09-02,96542059.0,108.0,False,10000000.0,en,11.398,"Drama, Comedy","Touchstone Pictures, Buena Vista International","United Kingdom, United States of America",English,2003.0,both,right_only
,,,,,,,,,,,,,,,,,,,2017.0,136.0,callmebyyourname,42328136.0,18095701.0,0.428,24232435.0,0.57,398818.0,8.167,11367.0,Released,2017-09-01,43143046.0,132.0,False,4000000.0,en,32.15,"Romance, Drama","La Cinéfacture, RT Features, Frenesy Film, Water's End Productions, M.Y.R.A. Entertainment, CineFinance Italia","Brazil, France, Italy, United States of America","French, English, Italian",2017.0,both,right_only
,,,,,,,,,,,,,,,,,,,2016.0,183.0,callofheroes,25040561.0,,,25040561.0,1.0,413198.0,6.41,72.0,Released,2016-08-12,0.0,120.0,False,32000000.0,cn,8.173,"Adventure, Action","Sun Entertainment Culture, Universe Entertainment, Bona Film Group, iQiyi Motion Pictures","China, Hong Kong","Cantonese, Mandarin",2016.0,both,right_only
,,,,,,,,,,,,,,,,,,,2016.0,189.0,camping3,24224579.0,,,24224579.0,1.0,375804.0,4.743,565.0,Released,2016-06-29,0.0,105.0,False,0.0,fr,5.058,Comedy,"Waiting for Cinéma, TF1 Films Production, Pathé",France,French,2016.0,both,right_only
53.0,"Aug 27, 2021","Aug 6, 2021",2021.0,candyman,Universal,Horror,Based on Fiction Book/Short Story,Live Action,Contemporary Fiction,25000000.0,3569.0,3569.0,21271.0,22001750.0,61186570.0,68045246.0,16200093.0,77386663.0,2021.0,50.0,candyman,77411570.0,61186570.0,0.79,16225000.0,0.21,9529.0,6.604,1429.0,Released,1992-10-16,25792310.0,100.0,False,6000000.0,en,16.342,"Drama, Horror, Thriller","Propaganda Films, PolyGram Filmed Entertainment, Candyman Films, TriStar Pictures",United States of America,English,1992.0,both,both
53.0,"Aug 27, 2021","Aug 6, 2021",2021.0,candyman,Universal,Horror,Based on Fiction Book/Short Story,Live Action,Contemporary Fiction,25000000.0,3569.0,3569.0,21271.0,22001750.0,61186570.0,68045246.0,16200093.0,77386663.0,2021.0,50.0,candyman,77411570.0,61186570.0,0.79,16225000.0,0.21,781635.0,2.0,1.0,Released,2011-12-17,0.0,7.0,False,0.0,en,0.6,Horror,,United States of America,English,2011.0,both,both
,,,,,,,,,,,,,,,,,,,2018.0,110.0,capernaum,64417003.0,1661096.0,0.026,62755907.0,0.97,517814.0,8.178,1530.0,Released,2018-09-20,64978931.0,126.0,False,4000000.0,ar,17.635,Drama,"Boo Pictures, Mooz Films, Cedrus Invest Bank, Clandestino Filmes, DFI, KNM Films, Les Films des Tournelles, Louverture Films, Open City Films, Sunnyland Film, The Bridge Production","Cyprus, France, Lebanon, Qatar, United Kingdom","Amharic, Arabic",2018.0,both,right_only
16.0,"Feb 14, 2025","Feb 12, 2025",2025.0,captainamericabravenewworld,Walt Disney,Action,Based on Comic/Graphic Novel,Live Action,Super Hero,180000000.0,4105.0,4105.0,26625.0,88842603.0,200500001.0,200500001.0,213140020.0,413640021.0,2025.0,17.0,captainamericabravenewworld,415101577.0,200500001.0,0.483,214601576.0,0.517,822119.0,0.0,0.0,Post Production,2024-07-24,0.0,0.0,False,0.0,en,11.265,"Action, Adventure, Science Fiction","Marvel Studios, Kevin Feige Productions",United States of America,English,2024.0,both,both
1.0,"May 6, 2016","Apr 22, 2016",2016.0,captainamericacivilwar,Walt Disney,Action,Based on Comic/Graphic Novel,Live Action,Super Hero,250000000.0,4226.0,4226.0,25150.0,179139142.0,408084349.0,533576179.0,743815237.0,1151899586.0,2016.0,1.0,captainamericacivilwar,1153296293.0,408084349.0,0.354,745211944.0,0.65,271110.0,7.4,21541.0,Released,2016-04-27,1155046416.0,147.0,False,250000000.0,en,70.741,"Adventure, Action, Science Fiction",Marvel Studios,United States of America,"Romanian, English, German, Russian",2016.0,both,both
5.0,"Mar 8, 2019","Mar 6, 2019",2019.0,captainmarvel,Walt Disney,Action,Based on Comic/Graphic Novel,Animation/Live Action,Super Hero,175000000.0,4310.0,4310.0,34019.0,153433423.0,426829839.0,527013699.0,702746255.0,1129576094.0,2019.0,5.0,captainmarvel,1128274794.0,426829839.0,0.3779999999999999,701444955.0,0.62,299537.0,6.843,14657.0,Released,2019-03-06,1131416446.0,124.0,False,152000000.0,en,50.399,"Action, Adventure, Science Fiction",Marvel Studios,United States of America,English,2019.0,both,both
69.0,"Jun 2, 2017","Jun 2, 2017",2017.0,captainunderpantsthefirstepicmovie,20th Century Fox,Adventure,Original Screenplay,Digital Animation,Kids Fiction,38000000.0,3434.0,3529.0,16236.0,23851539.0,73921000.0,93204737.0,52501949.0,126422949.0,2017.0,67.0,captainunderpantsthefirstepicmovie,125427681.0,73921000.0,0.589,51506681.0,0.41,268531.0,6.241,1105.0,Released,2017-06-01,125427681.0,89.0,False,38000000.0,en,21.191,"Action, Animation, Comedy, Family","DreamWorks Animation, 20th Century Fox",United States of America,English,2017.0,both,both
,,,,,,,,,,,,,,,,,,,2015.0,155.0,carol,40272135.0,12711491.0,0.316,27560644.0,0.68,258480.0,7.494,3439.0,Released,2015-11-20,40272135.0,118.0,False,11800000.0,en,14.888,"Romance, Drama","Killer Films, Number 9 Films, Film4 Productions","United Kingdom, United States of America",English,2015.0,both,right_only
24.0,"Jun 16, 2017","Jun 16, 2017",2017.0,cars3,Walt Disney,Adventure,Original Screenplay,Digital Animation,Kids Fiction,175000000.0,4256.0,4256.0,24083.0,53688680.0,152901115.0,192788360.0,230640254.0,383541369.0,2017.0,24.0,cars3,383930656.0,152901115.0,0.3979999999999999,231029541.0,0.6,260514.0,6.853,5263.0,Released,2017-06-15,383925276.0,102.0,False,175000000.0,en,62.961,"Animation, Adventure, Comedy, Family",Pixar,United States of America,English,2017.0,both,both
86.0,"Dec 20, 2019","Dec 17, 2019",2019.0,cats,Universal,Musical,Based on Musical or Opera,Animation/Live Action,Fantasy,100000000.0,3380.0,3380.0,10949.0,6619870.0,27166770.0,33523892.0,48131706.0,75298476.0,2019.0,89.0,cats,75558925.0,27166770.0,0.36,48392155.0,0.64,536869.0,4.129,886.0,Released,2019-12-19,73515024.0,110.0,False,95000000.0,en,19.589,"Fantasy, Comedy, Drama","Working Title Films, Amblin Entertainment, Monumental Pictures, Universal Pictures, The Really Useful Group, 3dot Productions","United Kingdom, United States of America",English,2019.0,both,both
86.0,"Dec 20, 2019","Dec 17, 2019",2019.0,cats,Universal,Musical,Based on Musical or Opera,Animation/Live Action,Fantasy,100000000.0,3380.0,3380.0,10949.0,6619870.0,27166770.0,33523892.0,48131706.0,75298476.0,2019.0,89.0,cats,75558925.0,27166770.0,0.36,48392155.0,0.64,1293637.0,0.0,0.0,Released,1986-05-02,0.0,0.0,False,0.0,it,0.65,Mystery,Biba's Film,Italy,Italian,1986.0,both,both
86.0,"Dec 20, 2019","Dec 17, 2019",2019.0,cats,Universal,Musical,Based on Musical or Opera,Animation/Live Action,Fantasy,100000000.0,3380.0,3380.0,10949.0,6619870.0,27166770.0,33523892.0,48131706.0,75298476.0,2019.0,89.0,cats,75558925.0,27166770.0,0.36,48392155.0,0.64,1185580.0,0.0,0.0,Released,2023-09-29,0.0,0.0,False,0.0,it,3.244,Horror,,,,2023.0,both,both
,,,,,,,,,,,,,,,,,,,2020.0,175.0,catsdogs3pawsunite,5300000.0,,,5300000.0,1.0,726739.0,6.28,191.0,Released,2020-10-02,0.0,84.0,False,0.0,en,20.166,"Family, Comedy, Action",Warner Bros. Pictures,United States of America,"French, German, English",2020.0,both,right_only
,,,,,,,,,,,,,,,,,,,2020.0,20.0,caughtintime,80543319.0,,,80543319.0,1.0,751820.0,6.333,30.0,Released,2020-11-27,0.0,95.0,False,0.0,zh,6.057,"Action, Crime, Drama",Emperor Motion Pictures,"China, Hong Kong",Mandarin,2020.0,both,right_only
,,,,,,,,,,,,,,,,,,,2025.0,97.0,caughtstealing,33250492.0,19005242.0,0.5720000000000001,14245250.0,0.428,1474375.0,0.0,0.0,Released,2002-10-14,0.0,88.0,True,0.0,en,0.0,,vivid,United States of America,,2002.0,both,right_only
,,,,,,,,,,,,,,,,,,,2021.0,165.0,cautionhazardouswifethemovie,10356359.0,,,10356359.0,1.0,706566.0,7.0,6.0,Released,2021-03-19,0.0,120.0,False,0.0,ja,2.291,"Action, Comedy, Romance","TOHO, Nippon Television Network Corporation",Japan,Japanese,2021.0,both,right_only
39.0,"Jun 17, 2016","Jun 16, 2016",2016.0,centralintelligence,Warner Bros.,Comedy,Original Screenplay,Live Action,Contemporary Fiction,50000000.0,3508.0,3508.0,18681.0,35535250.0,127440871.0,166630784.0,89753934.0,217194805.0,2016.0,41.0,centralintelligence,216940871.0,127440871.0,0.5870000000000001,89500000.0,0.41,302699.0,6.41,5473.0,Released,2016-06-16,216972543.0,107.0,False,50000000.0,en,25.567,"Action, Comedy, Crime, Mystery","Warner Bros. Pictures, New Line Cinema, Universal Pictures, Bluegrass Films, RatPac Entertainment, Perfect World Pictures, Artists First, Principato-Young Entertainment",United States of America,English,2016.0,both,both
33.0,"Oct 24, 2025","Sep 19, 2025",2025.0,chainsawmanthemovierezearc,Sony Pictures,Action,Based on Comic/Graphic Novel,Digital Animation,Contemporary Fiction,0.0,3003.0,3003.0,10568.0,18030883.0,43438461.0,43438461.0,130458622.0,173897083.0,2025.0,32.0,chainsawmanthemovierezearc,162586042.0,43438461.0,0.267,119147581.0,0.733,,,,,,,,,,,,,,,,,left_only,both
53.0,"Apr 26, 2024","Apr 18, 2024",2024.0,challengers,Amazon MGM Studios,Drama,Original Screenplay,Live Action,Contemporary Fiction,55000000.0,3477.0,3477.0,14307.0,15011061.0,50119408.0,50119408.0,46000000.0,96119408.0,2024.0,52.0,challengers,96119408.0,50119408.0,0.521,46000000.0,0.48,,,,,,,,,,,,,,,,,left_only,both
,,,,,,,,,,,,,,,,,,,2018.0,184.0,champions,25962612.0,,,25962612.0,1.0,456929.0,7.549,688.0,Released,2018-04-06,20121318.0,124.0,False,4920975.0,es,15.339,"Drama, Comedy","Películas Pendelton, Morena Films, Movistar+, Realizaciones Sol S.A., TVE",Spain,Spanish,2018.0,both,right_only
,,,,,,,,,,,,,,,,,,,2023.0,134.0,champions,21899506.0,16397335.0,0.7490000000000001,5502171.0,0.25,456929.0,7.549,688.0,Released,2018-04-06,20121318.0,124.0,False,4920975.0,es,15.339,"Drama, Comedy","Películas Pendelton, Morena Films, Movistar+, Realizaciones Sol S.A., TVE",Spain,Spanish,2018.0,both,right_only
,,,,,,,,,,,,,,,,,,,2023.0,33.0,changan,250318788.0,,,250318788.0,1.0,1089654.0,7.0,14.0,Released,2023-07-02,0.0,168.0,False,0.0,zh,42.942,"Animation, Adventure, Fantasy",Light Chaser Animation Studios,China,Mandarin,2023.0,both,right_only
,,,,,,,,,,,,,,,,,,,2021.0,101.0,chaoswalking,26508132.0,13287908.0,0.501,13220224.0,0.5,412656.0,6.635,2087.0,Released,2021-02-24,26508132.0,109.0,False,125000000.0,en,23.905,"Fantasy, Science Fiction, Adventure","Quadrant Pictures, Lionsgate, Bron Studios, 3 Arts Entertainment, TIK Films, Hercules Film Fund, Allison Shearmur Productions, Creative Wealth Media Finance","Canada, Hong Kong, United States of America",English,2021.0,both,right_only
68.0,"Mar 6, 2015","Mar 4, 2015",2015.0,chappie,Sony Pictures,Action,Original Screenplay,Animation/Live Action,Science Fiction,49000000.0,3201.0,3201.0,10944.0,13346782.0,31569268.0,42354502.0,73432788.0,105002056.0,2015.0,73.0,chappie,102811889.0,31569268.0,0.307,71242621.0,0.69,198184.0,6.776,7438.0,Released,2015-03-04,104399548.0,120.0,False,49000000.0,en,34.709,"Crime, Action, Science Fiction","Columbia Pictures, MRC, LStar Capital, Simon Kinberg Productions, Genre Films, Alpha Core, Ollin Studio, Sony Pictures","United States of America, Mexico, South Africa",English,2015.0,both,both
,,,,,,,,,,,,,,,,,,,2021.0,155.0,character,12628017.0,,,12628017.0,1.0,17139.0,7.347,88.0,Released,1997-04-17,0.0,122.0,False,4500000.0,nl,5.88,"History, Drama","First Floor Features, Almerica Films","Belgium, Netherlands","Dutch, German, English, French",1997.0,both,right_only
,,,,,,,,,,,,,,,,,,,2021.0,155.0,character,12628017.0,,,12628017.0,1.0,259684.0,4.0,1.0,Released,2012-11-30,0.0,88.0,False,0.0,en,0.6,Documentary,Americana Motion Picture Co.,United States of America,English,2012.0,both,right_only
,,,,,,,,,,,,,,,,,,,2021.0,155.0,character,12628017.0,,,12628017.0,1.0,1151430.0,0.0,0.0,Released,2002-03-21,0.0,8.0,False,968.0,en,0.6,Documentary,,,,2002.0,both,right_only
89.0,"Nov 15, 2019","Nov 13, 2019",2019.0,charliesangels,Sony Pictures,Action,Based on TV,Live Action,Contemporary Fiction,48000000.0,3452.0,3452.0,11022.0,8351109.0,17801306.0,21979447.0,55433742.0,73235048.0,2019.0,91.0,charliesangels,73279888.0,17803077.0,0.243,55476811.0,0.76,4327.0,5.819,3857.0,Released,2000-11-02,264105545.0,98.0,False,92000000.0,en,20.97,"Action, Adventure, Comedy, Crime, Thriller","Columbia Pictures, Tall Trees Productions, Flower Films, Leonard Goldberg Productions",United States of America,"English, German, Finnish, Japanese, Cantonese",2000.0,both,both
85.0,"Sep 29, 2017","Sep 29, 2017",2017.0,chasingthedragon,Well Go USA,Action,Based on Real Life Events,Live Action,Contemporary Fiction,0.0,52.0,52.0,108.0,138346.0,456854.0,576030.0,87512183.0,87969037.0,2017.0,81.0,chasingthedragon,87965942.0,456854.0,0.005,87509088.0,1.0,449927.0,6.86,93.0,Released,2017-09-28,445000000.0,128.0,False,200005000.0,cn,7.978,"Action, Crime, History","Mega-Vision Pictures (MVP), Bona Film Group, Infinitus Entertainment","Hong Kong, China","Cantonese, English, Mandarin",2017.0,both,both
,,,,,,,,,,,,,,,,,,,2019.0,128.0,chasingthedragoniiwildwildbunch,45733356.0,196634.0,0.004,45536722.0,1.0,602661.0,5.75,20.0,Released,2019-06-06,0.0,103.0,False,0.0,cn,5.765,"Crime, Action, Drama, History, Thriller",,"China, Hong Kong","Mandarin, Cantonese",2019.0,both,right_only
,,,,,,,,,,,,,,,,,,,2025.0,58.0,cheburashka2,80583669.0,,,80583669.0,1.0,1228477.0,0.0,0.0,Planned,2026-01-01,0.0,0.0,False,0.0,ru,0.0,"Adventure, Comedy, Family","Soyuzmultfilm, Yellow, Black & White, Russia-1, START Studio, STS Media",Russia,Russian,2026.0,both,right_only
,,,,,,,,,,,,,,,,,,,2020.0,151.0,chhapaak,6532100.0,604334.0,0.093,5927766.0,0.91,590404.0,7.556,27.0,Released,2020-01-10,0.0,123.0,False,0.0,hi,4.163,Drama,"Mriga Films, Star Studios, KA Productions",India,Hindi,2020.0,both,right_only
,,,,,,,,,,,,,,,,,,,2022.0,159.0,chickenhareandthehamsterofdarkness,10885116.0,,,10885116.0,1.0,778855.0,7.377,235.0,Released,2022-02-16,0.0,91.0,False,20000000.0,en,22.182,"Animation, Adventure, Comedy, Family, Fantasy","Dark Horse Entertainment, Octopolis, nWave Pictures, Canal+, Ciné+","Belgium, France, United States of America",English,2022.0,both,right_only
,,,,,,,,,,,,,,,,,,,2019.0,130.0,childsplay,44907074.0,29208403.0,0.65,15698671.0,0.35,10585.0,6.676,2640.0,Released,1988-11-09,44196684.0,87.0,False,9000000.0,en,39.701,Horror,"United Artists, David Kirschner Productions",United States of America,English,1988.0,both,right_only
,,,,,,,,,,,,,,,,,,,2019.0,130.0,childsplay,44907074.0,29208403.0,0.65,15698671.0,0.35,1319783.0,0.0,0.0,Released,2019-09-30,0.0,1.0,False,0.0,fr,0.0,"Horror, Animation",,France,,2019.0,both,right_only
,,,,,,,,,,,,,,,,,,,2019.0,130.0,childsplay,44907074.0,29208403.0,0.65,15698671.0,0.35,1561480.0,0.0,0.0,Released,2025-04-17,10.0,3.0,False,15.0,en,0.0071,Science Fiction,,,,2025.0,both,right_only
13.0,"Dec 31, 2020","Jul 8, 2021",2020.0,chinesedoctors,,Drama,Original Screenplay,Live Action,Science Fiction,0.0,0.0,0.0,0.0,0.0,0.0,0.0,196863514.0,196863514.0,2021.0,23.0,chinesedoctors,197143218.0,,,197143218.0,1.0,848880.0,5.6,11.0,Released,2021-07-09,176619381.0,129.0,False,0.0,zh,3.121,Drama,Chiba Far-East Films International,China,Mandarin,2021.0,both,both
,,,,,,,,,,,,,,,,,,,2017.0,178.0,chips,26800152.0,18600152.0,0.6940000000000001,8200000.0,0.31,417644.0,6.127,1187.0,Released,2017-03-23,26800152.0,100.0,False,25000000.0,en,19.257,"Action, Comedy, Crime","Primate Pictures, Warner Bros. Pictures",United States of America,"Spanish, English",2017.0,both,right_only
,,,,,,,,,,,,,,,,,,,2017.0,178.0,chips,26800152.0,18600152.0,0.6940000000000001,8200000.0,0.31,150816.0,7.417,6.0,Released,2012-04-07,0.0,68.0,False,0.0,ja,1.946,"Comedy, Drama",Showgate,Japan,Japanese,2012.0,both,right_only
,,,,,,,,,,,,,,,,,,,2016.0,111.0,chongqinghotpot,58106427.0,779818.0,0.013,57326609.0,0.99,388403.0,6.2,49.0,Released,2016-04-01,0.0,97.0,False,0.0,zh,4.607,Drama,"New Classics Media, Wanda Media Co., CKF Pictures",China,Mandarin,2016.0,both,right_only
,,,,,,,,,,,,,,,,,,,2021.0,145.0,christmaswiththechosenthemessengers,13728000.0,13728000.0,1.0,,,905068.0,7.0,3.0,Released,2021-12-01,13728000.0,110.0,False,0.0,en,3.225,"TV Movie, Drama, History, Music",Angel Studios,United States of America,,2021.0,both,right_only
47.0,"Aug 3, 2018","Aug 3, 2018",2018.0,christopherrobin,Walt Disney,Adventure,Based on Fiction Book/Short Story,Animation/Live Action,Kids Fiction,75000000.0,3602.0,3602.0,26260.0,24585139.0,99215042.0,123174767.0,98529335.0,197744377.0,2018.0,45.0,christopherrobin,197744377.0,99215042.0,0.502,98529335.0,0.5,420814.0,7.327,2529.0,Released,2018-08-02,99138899.0,104.0,False,75000000.0,en,15.536,"Adventure, Comedy, Family, Fantasy","Walt Disney Pictures, 2DUX²","United Kingdom, United States of America",English,2018.0,both,both
,,,,,,,,,,,,,,,,,,,2015.0,70.0,chroniclesoftheghostlytribe,106380000.0,,,106380000.0,1.0,364324.0,6.0,152.0,Released,2015-09-30,99849421.0,115.0,False,0.0,zh,20.53,"Adventure, Action, Thriller","Chuan Films, China Film Group Corporation",China,Mandarin,2015.0,both,right_only
12.0,"Mar 13, 2015","Mar 6, 2015",2015.0,cinderella,Walt Disney,Drama,Based on Folk Tale/Legend/Fairytale,Live Action,Fantasy,95000000.0,3845.0,3848.0,27905.0,67877361.0,201151353.0,269872095.0,341200000.0,542351353.0,2015.0,12.0,cinderella,542351353.0,201151353.0,0.371,341200000.0,0.63,150689.0,6.798,6679.0,Released,2015-03-06,543514353.0,105.0,False,95000000.0,en,58.212,"Romance, Fantasy, Family, Drama","Walt Disney Pictures, Genre Films, Beagle Pug Films, Allison Shearmur Productions","United Kingdom, United States of America",English,2015.0,both,both
12.0,"Mar 13, 2015","Mar 6, 2015",2015.0,cinderella,Walt Disney,Drama,Based on Folk Tale/Legend/Fairytale,Live Action,Fantasy,95000000.0,3845.0,3848.0,27905.0,67877361.0,201151353.0,269872095.0,341200000.0,542351353.0,2015.0,12.0,cinderella,542351353.0,201151353.0,0.371,341200000.0,0.63,891759.0,10.0,1.0,Released,2012-10-27,0.0,0.0,False,0.0,zh,0.6,"Romance, Drama","Beijing xiayunfei International Film and Television Culture Co., Ltd",China,,2012.0,both,both
,,,,,,,,,,,,,,,,,,,2020.0,176.0,cindylaregia,5222322.0,,,5222322.0,1.0,579792.0,7.93,227.0,Released,2020-01-24,0.0,109.0,False,0.0,es,6.788,"Comedy, Romance",Draco Films,Mexico,Spanish,2020.0,both,right_only
41.0,"Apr 12, 2024","Apr 11, 2024",2024.0,civilwar,A24,Action,Original Screenplay,Live Action,Science Fiction,50000000.0,3838.0,3929.0,18114.0,25537368.0,68757539.0,68757539.0,58581814.0,127339353.0,2024.0,45.0,civilwar,127268065.0,68756072.0,0.54,58511993.0,0.46,188428.0,6.5,4.0,Released,2010-04-27,0.0,90.0,False,0.0,pt,0.6,Drama,Blackmaria,Portugal,Portuguese,2010.0,both,both
,,,,,,,,,,,,,,,,,,,2018.0,169.0,clergy,30114115.0,,,30114115.0,1.0,547491.0,6.623,159.0,Released,2018-09-28,0.0,133.0,False,0.0,pl,4.694,Drama,"Profil Film, Studio Metrage",Poland,"Czech, Italian, Polish",2018.0,both,right_only
42.0,"Nov 10, 2021","Nov 10, 2021",2021.0,cliffordthebigreddog,Paramount Pictures,Adventure,Based on Fiction Book/Short Story,Animation/Live Action,Kids Fiction,64000000.0,3700.0,3700.0,18119.0,16627491.0,48947356.0,54434080.0,64402831.0,113350187.0,2021.0,42.0,cliffordthebigreddog,116585807.0,48947356.0,0.42,67638451.0,0.58,585245.0,7.202,1618.0,Released,2021-11-10,107347356.0,97.0,False,64000000.0,en,47.616,"Family, Adventure, Comedy, Fantasy","Paramount, Entertainment One, Kerner Entertainment Company, Scholastic Entertainment, New Republic Pictures, Walden Media","Canada, United Kingdom, United States of America",English,2021.0,both,both
,,,,,,,,,,,,,,,,,,,2021.0,24.0,cliffwalkers,181325565.0,152972.0,0.001,181172593.0,1.0,639557.0,6.9,70.0,Released,2021-04-30,172919448.0,120.0,False,0.0,zh,9.437,"Thriller, Crime, History, Drama","Emperor Motion Pictures, Shanghai Film Group, China Film Group Corporation, Huaxia Film Distribution",China,"Mandarin, Turkish",2021.0,both,right_only
,,,,,,,,,,,,,,,,,,,2021.0,58.0,cloudymountain,58348836.0,,,58348836.0,1.0,862855.0,7.385,170.0,Released,2021-09-11,58340541.0,114.0,False,0.0,zh,23.159,"Action, Adventure, Drama",,China,Mandarin,2021.0,both,right_only
,,,,,,,,,,,,,,,,,,,2023.0,197.0,cobweb,10091821.0,,,10091821.0,1.0,709631.0,6.911,394.0,Released,2023-07-19,5569593.0,88.0,False,0.0,en,208.069,Horror,"Point Grey Pictures, Vertigo Entertainment, Lionsgate",United States of America,English,2023.0,both,right_only
80.0,"Feb 24, 2023","Feb 22, 2023",2023.0,cocainebear,Universal,Black Comedy,Based on Real Life Events,Live Action,Historical Fiction,35000000.0,3534.0,3571.0,16752.0,23260790.0,64670240.0,66857436.0,25296333.0,89966573.0,2023.0,72.0,cocainebear,88314672.0,64670240.0,0.732,23644432.0,0.27,804150.0,6.213,1449.0,Released,2023-02-22,87649532.0,96.0,False,32500000.0,en,97.888,"Thriller, Comedy, Crime","Universal Pictures, Brownstone Productions, Lord Miller, dentsu",United States of America,English,2023.0,both,both
11.0,"Nov 22, 2017","Oct 27, 2017",2017.0,coco,Walt Disney,Musical,Based on Folk Tale/Legend/Fairytale,Digital Animation,Kids Fiction,175000000.0,3987.0,3987.0,30754.0,50802605.0,210460015.0,264762248.0,585675821.0,796135836.0,2017.0,11.0,coco,814641172.0,210460015.0,0.258,604181157.0,0.74,354912.0,8.222,17742.0,Released,2017-10-27,800526015.0,105.0,False,175000000.0,en,166.578,"Family, Animation, Fantasy, Music, Comedy, Adventure","Pixar, Walt Disney Pictures",United States of America,"English, Spanish",2017.0,both,both
,,,,,,,,,,,,,,,,,,,2024.0,142.0,cocorico,18339519.0,,,18339519.0,1.0,1098948.0,0.0,0.0,Released,2013-01-01,0.0,676.0,False,0.0,gl,0.6,"Animation, Family","TVG, Editora OQO, OQO filmes",Spain,"Spanish, Galician, English",2013.0,both,right_only
99.0,"Dec 31, 2018","Jul 27, 2018",2018.0,codebluethemovie,,Drama,Original Screenplay,Live Action,Contemporary Fiction,0.0,0.0,0.0,0.0,0.0,0.0,0.0,78778560.0,78778560.0,2018.0,92.0,codebluethemovie,78778562.0,,,78778562.0,1.0,497333.0,6.5,8.0,Released,2018-07-27,0.0,127.0,False,1250000.0,ja,2.66,"Action, Adventure","TOHO, Fuji Television Network",Japan,Japanese,2018.0,both,both
96.0,"Feb 8, 2019","Feb 7, 2019",2019.0,coldpursuit,Lionsgate,Thriller/Suspense,Original Screenplay,Live Action,Contemporary Fiction,60000000.0,2630.0,2630.0,11048.0,11030233.0,32138862.0,39682368.0,30460297.0,62599159.0,2019.0,88.0,coldpursuit,76419755.0,32138862.0,0.421,44280893.0,0.58,438650.0,5.785,2358.0,Released,2019-02-07,76419755.0,119.0,False,60000000.0,en,22.811,"Action, Crime, Thriller","StudioCanal, Paradox Produksjon, Mas Production, Summit Entertainment, Canal+, Ciné+","Canada, France, United Kingdom, United States of America",English,2019.0,both,both
83.0,"Jul 8, 2016","Jul 7, 2016",2016.0,coldwar2,Well Go USA,Action,Original Screenplay,Live Action,Contemporary Fiction,0.0,22.0,23.0,64.0,157385.0,560824.0,733284.0,103968662.0,104529486.0,2016.0,78.0,coldwar2,103197501.0,560824.0,0.005,102636677.0,1.0,,,,,,,,,,,,,,,,,left_only,both
92.0,"Dec 16, 2016","Dec 16, 2016",2016.0,collateralbeauty,Warner Bros.,Drama,Original Screenplay,Live Action,Contemporary Fiction,36000000.0,3528.0,3528.0,11425.0,7102085.0,31016021.0,40242608.0,57500000.0,88516021.0,2016.0,86.0,collateralbeauty,88616021.0,31016021.0,0.35,57600000.0,0.65,345920.0,7.239,5122.0,Released,2016-12-15,88528280.0,97.0,False,36000000.0,en,15.804,"Drama, Romance","Village Roadshow Pictures, Likely Story, Anonymous Content, New Line Cinema, PalmStar Media, Overbrook Entertainment",United States of America,English,2016.0,both,both
,,,,,,,,,,,,,,,,,,,2020.0,94.0,collectors,12640113.0,,,12640113.0,1.0,605680.0,7.444,18.0,Released,2020-11-04,0.0,114.0,False,0.0,ko,3.031,"Comedy, Adventure",Siren Pictures,South Korea,Korean,2020.0,both,right_only
,,,,,,,,,,,,,,,,,,,2020.0,90.0,comeplay,13182254.0,10475990.0,0.795,2706264.0,0.21,571384.0,6.408,576.0,Released,2020-10-28,8119285.0,96.0,False,9000000.0,en,19.343,"Horror, Mystery, Thriller","Focus Features, Amblin Partners, Reliance Entertainment, The Picture Company, DreamWorks Pictures",United States of America,English,2020.0,both,right_only
,,,,,,,,,,,,,,,,,,,2020.0,90.0,comeplay,13182254.0,10475990.0,0.795,2706264.0,0.21,1123380.0,0.0,0.0,Released,2022-12-25,0.0,60.0,False,0.0,en,0.6,"Horror, Thriller",New Line Entertainment,,,2022.0,both,right_only
,,,,,,,,,,,,,,,,,,,2025.0,90.0,companion,36969122.0,20869122.0,0.565,16100000.0,0.435,303302.0,4.0,2.0,Released,2004-12-02,0.0,157.0,False,0.0,te,1.151,,,,Telugu,2004.0,both,right_only
,,,,,,,,,,,,,,,,,,,2025.0,90.0,companion,36969122.0,20869122.0,0.565,16100000.0,0.435,1156579.0,0.0,0.0,Released,2023-08-10,0.0,25.0,False,0.0,ta,1.4,Drama,,India,Tamil,2023.0,both,right_only
48.0,"Oct 25, 2024","Oct 25, 2024",2024.0,conclave,Focus Features,Thriller/Suspense,Based on Fiction Book/Short Story,Live Action,Contemporary Fiction,20000000.0,1753.0,2377.0,12979.0,6601995.0,32580655.0,32580655.0,70519448.0,103100103.0,2024.0,44.0,conclave,127848258.0,32580655.0,0.255,95267603.0,0.75,,,,,,,,,,,,,,,,,left_only,both
,,,,,,,,,,,,,,,,,,,2023.0,122.0,concreteutopia,30077348.0,,,30077348.0,1.0,729854.0,7.1,10.0,Released,2023-08-09,0.0,130.0,False,0.0,ko,104.525,"Thriller, Science Fiction, Drama","Lotte Entertainment, Climax Studios, BH Entertainment",South Korea,Korean,2023.0,both,right_only
,,,,,,,,,,,,,,,,,,,2015.0,136.0,concussion,48623572.0,34542474.0,0.71,14081098.0,0.29,321741.0,7.086,2386.0,Released,2015-11-12,50363790.0,123.0,False,35000000.0,en,11.872,"Drama, History","Village Roadshow Pictures, Columbia Pictures, The Cantillon Company, LStar Capital, Scott Free Productions, The Shuman Company, Sony Pictures","Australia, United States of America, United Kingdom",English,2015.0,both,right_only
,,,,,,,,,,,,,,,,,,,2017.0,110.0,confidentialassignment,55972241.0,475618.0,0.008,55496623.0,0.99,434119.0,7.0,94.0,Released,2017-01-18,56100000.0,125.0,False,8520000.0,ko,10.243,"Action, Drama","CJ Entertainment, JK Film, Rear Window, HB Entertainment",South Korea,"Portuguese, Korean",2017.0,both,right_only
,,,,,,,,,,,,,,,,,,,2022.0,62.0,confidentialassignment2international,54486330.0,,,54486330.0,1.0,736820.0,7.5,30.0,Released,2022-09-07,0.0,129.0,False,0.0,ko,10.08,"Action, Comedy","JK Film, CJ Entertainment, CJ ENM",South Korea,"English, Korean",2022.0,both,right_only
,,,,,,,,,,,,,,,,,,,2021.0,193.0,contra,7762797.0,,,7762797.0,1.0,664698.0,7.398,93.0,Released,2020-10-28,0.0,104.0,False,0.0,de,6.777,"Comedy, Drama","Constantin Film, SevenPictures Film",Germany,"Arabic, German",2020.0,both,right_only
,,,,,,,,,,,,,,,,,,,2019.0,124.0,countdown,48021766.0,25621766.0,0.534,22400000.0,0.47,599975.0,6.294,1912.0,Released,2019-10-24,48021766.0,90.0,False,6500000.0,en,21.856,"Horror, Thriller","Wrigley Pictures, Universal Pictures, STX Films",United States of America,"English, Latin",2019.0,both,right_only
,,,,,,,,,,,,,,,,,,,2019.0,124.0,countdown,48021766.0,25621766.0,0.534,22400000.0,0.47,1278413.0,0.0,0.0,Released,2011-01-01,0.0,1.0,False,0.0,ja,1.4,Animation,,Japan,No Language,2011.0,both,right_only
77.0,"Jul 12, 2019","Jul 11, 2019",2019.0,crawl,Paramount Pictures,Horror,Original Screenplay,Live Action,Contemporary Fiction,17000000.0,3170.0,3170.0,12335.0,12005210.0,39014193.0,48171450.0,52706297.0,91720490.0,2019.0,81.0,crawl,91542097.0,39014193.0,0.426,52527904.0,0.57,511987.0,6.312,2858.0,Released,2019-07-11,91542097.0,88.0,False,13500000.0,en,32.163,"Thriller, Horror, Action","Raimi Productions, Fire Axe Pictures, Serbia Creates Film, Ontario Creates","Canada, Serbia, United States of America",English,2019.0,both,both
,,,,,,,,,,,,,,,,,,,2019.0,199.0,crayonshinchanhoneymoonhurricanethelosthiroshi,18738951.0,,,18738951.0,1.0,596302.0,7.28,41.0,Released,2019-04-19,0.0,100.0,False,0.0,ja,7.801,"Animation, Adventure, Family",,,Japanese,2019.0,both,right_only
91.0,"Dec 31, 2024","Aug 9, 2024",2024.0,crayonshinchanourdinosaurdiary,,Adventure,Based on Comic/Graphic Novel,Digital Animation,Science Fiction,0.0,0.0,0.0,0.0,0.0,0.0,0.0,40550592.0,40550592.0,2024.0,117.0,crayonshinchanourdinosaurdiary,24444687.0,,,24444687.0,1.0,,,,,,,,,,,,,,,,,left_only,both
,,,,,,,,,,,,,,,,,,,2021.0,114.0,crayonshinchanshroudedinmysterytheflowersoftenkazuacademy,21197217.0,,,21197217.0,1.0,795564.0,7.9,19.0,Released,2021-04-23,0.0,104.0,False,2550000.0,ja,15.594,Animation,,Japan,Japanese,2021.0,both,right_only
34.0,"Dec 31, 2018","Feb 1, 2019",2018.0,crazyalien,,Black Comedy,Original Screenplay,Multiple Production Methods,Multiple Creative Types,0.0,0.0,0.0,0.0,0.0,0.0,0.0,302561677.0,302561677.0,2019.0,28.0,crazyalien,327598891.0,,,327598891.0,1.0,574037.0,6.278,54.0,Released,2019-02-05,0.0,116.0,False,0.0,zh,4.859,"Comedy, Science Fiction",Huanxi Media Group,China,"Mandarin, English",2019.0,both,both
41.0,"Aug 15, 2018","Aug 15, 2018",2018.0,crazyrichasians,Warner Bros.,Romantic Comedy,Based on Fiction Book/Short Story,Live Action,Contemporary Fiction,30000000.0,3384.0,3865.0,27129.0,26510140.0,174532921.0,216681278.0,64500000.0,239032921.0,2018.0,40.0,crazyrichasians,239032921.0,174532921.0,0.73,64500000.0,0.27,455207.0,7.074,3364.0,Released,2018-08-15,238539198.0,121.0,False,30000000.0,en,21.434,"Comedy, Drama, Romance","Color Force, Ivanhoe Pictures, Warner Bros. Pictures",United States of America,"Cantonese, Mandarin, English",2018.0,both,both
,,,,,,,,,,,,,,,,,,,2019.0,190.0,crazyromance,21386368.0,,,21386368.0,1.0,579188.0,7.074,34.0,Released,2019-10-02,0.0,115.0,False,0.0,ko,7.098,"Romance, Comedy","Zip Cinema, Next Entertainment World",South Korea,Korean,2019.0,both,right_only
,,,,,,,,,,,,,,,,,,,2023.0,21.0,creationofthegodsikingdomofstorms,373044244.0,1706355.0,0.005,371337889.0,1.0,856289.0,7.5,89.0,Released,2023-07-20,357736908.0,148.0,False,0.0,zh,254.998,"Action, Fantasy, War","Beijing Jingxi Culture and Tourism, Century Changshengtian Film, Tencent Penguin Pictures, Maoyan Entertainment, Huaxia Film Distribution, 北京京西文化旅游股份有限公司",China,Mandarin,2023.0,both,right_only
43.0,"Nov 25, 2015","Nov 25, 2015",2015.0,creed,Warner Bros.,Drama,Spin-Off,Live Action,Contemporary Fiction,37000000.0,3284.0,3502.0,19042.0,29632823.0,109767581.0,146913970.0,64400000.0,174167581.0,2015.0,43.0,creed,174167581.0,109767581.0,0.63,64400000.0,0.37,312221.0,7.413,6949.0,Released,2015-11-25,173567581.0,133.0,False,37000000.0,en,43.906,"Action, Drama","Metro-Goldwyn-Mayer, New Line Cinema, Chartoff-Winkler Productions, Warner Bros. Pictures",United States of America,"English, Spanish",2015.0,both,both
44.0,"Nov 21, 2018","Nov 21, 2018",2018.0,creedii,MGM,Drama,Spin-Off,Live Action,Contemporary Fiction,50000000.0,3441.0,3752.0,19110.0,35574710.0,115715889.0,139822578.0,98500000.0,214215889.0,2018.0,42.0,creedii,214215889.0,115715889.0,0.54,98500000.0,0.46,480530.0,7.015,5007.0,Released,2018-11-21,214215889.0,130.0,False,50000000.0,en,45.172,"Drama, Action","Metro-Goldwyn-Mayer, New Line Cinema, Chartoff-Winkler Productions",United States of America,"English, Russian",2018.0,both,both
30.0,"Mar 3, 2023","Mar 1, 2023",2023.0,creediii,MGM,Drama,Spin-Off,Live Action,Contemporary Fiction,75000000.0,4007.0,4007.0,22148.0,58370007.0,156248615.0,161533073.0,119900000.0,276148615.0,2023.0,27.0,creediii,276148615.0,156248615.0,0.5660000000000001,119900000.0,0.43,677179.0,7.194,1987.0,Released,2023-03-01,275248615.0,116.0,False,75000000.0,en,164.985,"Drama, Action","Metro-Goldwyn-Mayer, Proximity Media, Balboa Productions, Outlier Society Productions, Chartoff-Winkler Productions",United States of America,"English, Spanish",2023.0,both,both
,,,,,,,,,,,,,,,,,,,2015.0,158.0,criminal,38803993.0,14708696.0,0.379,24095297.0,0.62,302156.0,6.174,1600.0,Released,2016-04-07,14708696.0,113.0,False,31500000.0,en,21.87,"Action, Crime, Science Fiction","BenderSpink, Campbell Grobman Films, Criminal Productions, Fipex Holding, Lionsgate, Millennium Media, Davis Films, Summit Entertainment","Bulgaria, France, United Kingdom, United States of America",English,2016.0,both,right_only
,,,,,,,,,,,,,,,,,,,2015.0,158.0,criminal,38803993.0,14708696.0,0.379,24095297.0,0.62,873679.0,0.0,0.0,Released,2021-09-09,0.0,5.0,False,0.0,en,0.6,,,,,2021.0,both,right_only
94.0,"Oct 16, 2015","Oct 14, 2015",2015.0,crimsonpeak,Universal,Horror,Original Screenplay,Live Action,Contemporary Fiction,55000000.0,2984.0,2991.0,9933.0,13143310.0,31090320.0,41711925.0,43876534.0,74966854.0,,,crimsonpeak,,,,,,201085.0,6.641,4655.0,Released,2015-10-13,74679822.0,119.0,False,55000000.0,en,23.058,"Horror, Romance","Double Dare You Productions, Legendary Pictures, Universal Pictures",United States of America,English,2015.0,right_only,both
,,,,,,,,,,,,,,,,,,,2016.0,146.0,crouchingtigerhiddendragonswordofdestiny,38659039.0,,,38659039.0,1.0,263341.0,6.124,597.0,Released,2016-02-18,0.0,103.0,False,20000000.0,en,18.291,"Action, Adventure, Drama","The Weinstein Company, Yucaipa Films, Pegasus Taihe Entertainment",China,English,2016.0,both,right_only
16.0,"May 28, 2021","May 26, 2021",2021.0,cruella,Walt Disney,Comedy,Spin-Off,Live Action,Historical Fiction,100000000.0,3892.0,3922.0,23694.0,21496997.0,86103234.0,95754927.0,139706829.0,225810063.0,2021.0,17.0,cruella,233503234.0,86103234.0,0.369,147400000.0,0.63,337404.0,8.055,8507.0,Released,2021-05-26,233503234.0,134.0,False,200000000.0,en,77.792,"Comedy, Crime","Walt Disney Pictures, Gunn Films, Marc Platt Productions","United Kingdom, United States of America","English, French",2021.0,both,both
,,,,,,,,,,,,,,,,,,,2021.0,131.0,crymacho,16510734.0,10310734.0,0.624,6200000.0,0.38,749274.0,5.998,889.0,Released,2021-09-16,16481544.0,104.0,False,33000000.0,en,13.513,"Drama, Western","Malpaso Productions, Albert S. Ruddy Productions, Warner Bros. Pictures",United States of America,"English, Spanish",2021.0,both,right_only
,,,,,,,,,,,,,,,,,,,2018.0,122.0,crymeasadriver,51400614.0,,,51400614.0,1.0,552345.0,5.905,21.0,Released,2018-09-21,0.0,104.0,False,0.0,zh,4.969,Drama,Beijing Enlight Pictures,China,Mandarin,2018.0,both,right_only
,,,,,,,,,,,,,,,,,,,2021.0,174.0,dad,9267397.0,,,9267397.0,1.0,21291.0,6.1,84.0,Released,1989-10-27,19738015.0,117.0,False,19000000.0,en,9.333,Drama,"Universal Pictures, Amblin Entertainment",United States of America,English,1989.0,both,right_only
,,,,,,,,,,,,,,,,,,,2021.0,174.0,dad,9267397.0,,,9267397.0,1.0,1556954.0,0.0,0.0,Released,2024-08-17,0.0,9.0,False,0.0,en,0.0071,Documentary,,Australia,English,2024.0,both,right_only
,,,,,,,,,,,,,,,,,,,2021.0,174.0,dad,9267397.0,,,9267397.0,1.0,406284.0,0.0,0.0,Released,2016-07-14,0.0,0.0,False,0.0,it,0.6,"Drama, Thriller",,Italy,,2016.0,both,right_only
33.0,"Dec 25, 2015","Dec 25, 2015",2015.0,daddyshome,Paramount Pictures,Comedy,Original Screenplay,Live Action,Contemporary Fiction,50000000.0,3271.0,3483.0,21404.0,38740203.0,150357137.0,198801322.0,91147852.0,241504989.0,2015.0,32.0,daddyshome,242786137.0,150357137.0,0.619,92429000.0,0.38,274167.0,6.259,2960.0,Released,2015-12-25,242786137.0,96.0,False,50000000.0,en,19.515,Comedy,"Paramount, Gary Sanchez Productions, Red Granite Pictures",United States of America,English,2015.0,both,both
54.0,"Nov 10, 2017","Nov 10, 2017",2017.0,daddyshome2,Paramount Pictures,Comedy,Original Screenplay,Live Action,Contemporary Fiction,70000000.0,3575.0,3575.0,23168.0,29651193.0,104029443.0,131124193.0,76771333.0,180800776.0,2017.0,52.0,daddyshome2,180613180.0,104029443.0,0.5760000000000001,76583737.0,0.42,419680.0,6.27,2346.0,Released,2017-11-09,180613180.0,100.0,False,69000000.0,en,26.192,Comedy,"Red Granite Pictures, Gary Sanchez Productions, Paramount",United States of America,English,2017.0,both,both
,,,,,,,,,,,,,,,,,,,2021.0,127.0,dadimsorry,17480489.0,350000.0,0.02,17130489.0,0.98,787459.0,7.3,6.0,Released,2021-03-12,17130489.0,128.0,False,128.0,vi,0.836,"Comedy, Family, Drama","HK Film, Trấn Thành Town, Galaxy Studio",Vietnam,Vietnamese,2021.0,both,right_only
29.0,"Dec 21, 2016","Dec 21, 2016",2016.0,dangal,UTV Communications,Action,Based on Real Life Events,Live Action,Dramatization,9500000.0,331.0,338.0,1109.0,3248481.0,12391761.0,16014100.0,292757700.0,305149461.0,2016.0,31.0,dangal,303726694.0,12391761.0,0.0409999999999999,291334933.0,0.96,360814.0,7.934,863.0,Released,2016-12-21,311000000.0,161.0,False,10400000.0,hi,12.466,"Drama, Family, Comedy, Action","Aamir Khan Productions, Walt Disney Pictures, UTV Motion Pictures","India, United States of America",Hindi,2016.0,both,both
61.0,"Nov 22, 2017","Nov 22, 2017",2017.0,darkesthour,Focus Features,Drama,Based on Fiction Book/Short Story,Live Action,Dramatization,30000000.0,4.0,1733.0,13308.0,175006.0,56443120.0,70425085.0,94364510.0,150807630.0,2017.0,59.0,darkesthour,150847207.0,56468410.0,0.374,94378797.0,0.63,399404.0,7.35,4761.0,Released,2017-11-22,150847207.0,125.0,False,30000000.0,en,18.896,"Drama, History","Perfect World Pictures, Working Title Films, Focus Features","United Kingdom, United States of America",English,2017.0,both,both
,,,,,,,,,,,,,,,,,,,2018.0,172.0,darkfigureofcrime,29176133.0,,,29176133.0,1.0,544627.0,6.736,70.0,Released,2018-10-03,29433930.0,111.0,False,7120949.0,ko,9.354,"Crime, Drama","Film 295, Blossom Pictures, Showbox",South Korea,Korean,2018.0,both,right_only
36.0,"Jun 7, 2019","Jun 5, 2019",2019.0,darkphoenix,20th Century Fox,Action,Based on Fiction Book/Short Story,Live Action,Super Hero,200000000.0,3721.0,3721.0,11844.0,32828348.0,65845974.0,81301087.0,180510921.0,246356895.0,,,darkphoenix,,,,,,320288.0,5.994,5941.0,Released,2019-06-05,252442974.0,114.0,False,200000000.0,en,42.341,"Fantasy, Science Fiction, Action, Adventure","The Donners' Company, Genre Films, Hutch Parker Entertainment, 20th Century Fox",United States of America,"English, Portuguese, Russian",2019.0,right_only,both
,,,,,,,,,,,,,,,,,,,2019.0,184.0,darkwaters,23108017.0,11136084.0,0.482,11971933.0,0.52,552178.0,7.53,1860.0,Released,2019-11-22,13601384.0,127.0,False,20000000.0,en,18.382,"Drama, Thriller","Participant, Killer Films, Focus Features, Amblin Partners, DreamWorks Pictures",United States of America,English,2019.0,both,right_only
64.0,"Dec 19, 2025","Dec 17, 2025",2025.0,david,Angel Studios,Musical,Based on Religious Text,Digital Animation,Dramatization,60900000.0,3118.0,3118.0,14964.0,22000554.0,80265960.0,80265960.0,3597355.0,83863315.0,2025.0,56.0,david,83884126.0,80265958.0,0.957,3618168.0,0.043,2734.0,7.286,35.0,Released,1997-03-23,0.0,190.0,False,15000000.0,en,7.368,"Drama, History, Adventure","Turner Network Television, Five Mile River Films, Beta Film, Lux Vide","Germany, Italy, United States of America","German, English",1997.0,both,both
25.0,"Jul 29, 2022","Jul 27, 2022",2022.0,dcleagueofsuperpets,Warner Bros.,Adventure,Based on Comic/Graphic Novel,Digital Animation,Kids Fiction,90000000.0,4314.0,4332.0,36090.0,23003441.0,93657117.0,100594680.0,113900000.0,207557117.0,2022.0,25.0,dcleagueofsuperpets,207557117.0,93657117.0,0.451,113900000.0,0.55,539681.0,7.3,1336.0,Released,2022-07-27,203000000.0,105.0,False,90000000.0,en,53.697,"Animation, Action, Family, Comedy, Science Fiction","Warner Bros. Pictures Animation, DC Entertainment, Seven Bucks Productions, Animal Logic, Warner Bros. Pictures",United States of America,English,2022.0,both,both
9.0,"Feb 12, 2016","Feb 9, 2016",2016.0,deadpool,20th Century Fox,Action,Spin-Off,Animation/Live Action,Super Hero,58000000.0,3558.0,3856.0,29582.0,132434639.0,363070709.0,474720195.0,418876982.0,781947691.0,2016.0,9.0,deadpool,782612155.0,363070709.0,0.4639999999999999,419541446.0,0.54,293660.0,7.606,28894.0,Released,2016-02-09,783100000.0,108.0,False,58000000.0,en,72.735,"Action, Adventure, Comedy","20th Century Fox, The Donners' Company, Genre Films",United States of America,English,2016.0,both,both
8.0,"May 18, 2018","May 11, 2018",2018.0,deadpool2,20th Century Fox,Action,Spin-Off,Animation/Live Action,Super Hero,110000000.0,4349.0,4349.0,30786.0,125507153.0,324591735.0,402977788.0,461770635.0,786362370.0,2018.0,9.0,deadpool2,734546611.0,318491426.0,0.434,416055185.0,0.57,383498.0,7.492,16324.0,Released,2018-05-10,785896609.0,120.0,False,110000000.0,en,66.096,"Action, Comedy, Adventure","Maximum Effort, Genre Films, 20th Century Fox",United States of America,"Cantonese, English, Russian, Spanish",2018.0,both,both
2.0,"Jul 26, 2024","Jul 24, 2024",2024.0,deadpoolwolverine,Walt Disney,Action,Spin-Off,Animation/Live Action,Super Hero,200000000.0,4210.0,4330.0,39620.0,211435291.0,636745858.0,636745858.0,701325490.0,1338071348.0,2024.0,2.0,deadpoolwolverine,1338073645.0,636745858.0,0.476,701327787.0,0.52,,,,,,,,,,,,,,,,,left_only,both
17.0,"Aug 15, 2025","Jul 25, 2025",2025.0,deadtorights,Echelon Studios,Drama,Original Screenplay,Live Action,Historical Fiction,0.0,0.0,0.0,0.0,0.0,0.0,0.0,385325603.0,385325603.0,2025.0,16.0,deadtorights,422785908.0,,,422785908.0,1.0,1132391.0,0.0,0.0,Released,2002-07-08,0.0,80.0,False,0.0,en,0.6,Thriller,Slunge Films,,,2002.0,both,both
,,,,,,,,,,,,,,,,,,,2021.0,119.0,dearevanhansen,19133454.0,15002646.0,0.784,4130808.0,0.22,567690.0,6.343,270.0,Released,2021-09-24,19200000.0,137.0,False,27500000.0,en,14.564,Drama,"Universal Pictures, Marc Platt Productions, Perfect World Pictures, dentsu","Japan, United States of America",English,2021.0,both,right_only
39.0,"Feb 11, 2022","Feb 9, 2022",2022.0,deathonthenile,20th Century Studios,Drama,Based on Fiction Book/Short Story,Live Action,Historical Fiction,90000000.0,3280.0,3420.0,19160.0,12891123.0,45630104.0,49010109.0,84668080.0,130298184.0,2022.0,37.0,deathonthenile,137307235.0,45630104.0,0.332,91677131.0,0.67,505026.0,6.463,3039.0,Released,2022-02-09,137307235.0,127.0,False,90000000.0,en,40.295,"Mystery, Crime, Thriller","Scott Free Productions, The Mark Gordon Company, Genre Films, 20th Century Studios","United Kingdom, United States of America","English, French",2022.0,both,both
,,,,,,,,,,,,,,,,,,,2018.0,126.0,deathwish,49562710.0,34017028.0,0.6859999999999999,15545682.0,0.31,395990.0,6.135,2366.0,Released,2018-03-02,34017028.0,107.0,False,30000000.0,en,40.484,"Action, Crime, Drama, Thriller","Metro-Goldwyn-Mayer, Cave 76 Productions",United States of America,English,2018.0,both,right_only
,,,,,,,,,,,,,,,,,,,2018.0,126.0,deathwish,49562710.0,34017028.0,0.6859999999999999,15545682.0,0.31,1268093.0,0.0,0.0,Released,2023-10-07,0.0,7.0,False,0.0,en,0.6,Drama,,,,2023.0,both,right_only
,,,,,,,,,,,,,,,,,,,2022.0,197.0,decibel,7212471.0,60579.0,0.008,7151892.0,0.99,774548.0,6.827,26.0,Released,2022-11-16,6843970.0,110.0,False,8500000.0,ko,14.012,"Action, Drama, Thriller","East Dream Synopex, Mindmark",South Korea,Korean,2022.0,both,right_only
,,,,,,,,,,,,,,,,,,,2022.0,102.0,decisiontoleave,21712628.0,2179864.0,0.1,19532764.0,0.9,705996.0,7.408,894.0,Released,2022-06-29,16914773.0,138.0,False,0.0,ko,46.48,"Thriller, Mystery, Romance","Moho Film, CJ Entertainment",South Korea,"English, Mandarin, Korean",2022.0,both,right_only
58.0,"Nov 24, 2023","Jan 22, 2023",2023.0,deepsea,Viva Pictures,Adventure,Original Screenplay,Digital Animation,Fantasy,0.0,0.0,0.0,0.0,0.0,0.0,0.0,136090000.0,136090000.0,2023.0,54.0,deepsea,133607644.0,9575.0,0.001,133598069.0,1.0,667717.0,7.1,52.0,Released,2023-01-22,136090000.0,105.0,False,28700000.0,zh,57.135,"Animation, Adventure, Fantasy, Science Fiction","October Media, Horgos Coloroom Pictures, Enlight Pictures",China,Mandarin,2023.0,both,both
69.0,"Sep 30, 2016","Sep 29, 2016",2016.0,deepwaterhorizon,Lionsgate,Thriller/Suspense,Based on Real Life Events,Live Action,Dramatization,156000000.0,3259.0,3403.0,16674.0,20223544.0,61433527.0,80325226.0,60899591.0,122333118.0,2016.0,67.0,deepwaterhorizon,121790373.0,61433527.0,0.504,60356846.0,0.5,296524.0,6.857,4219.0,Released,2016-09-28,121790373.0,107.0,False,110000000.0,en,26.709,"Drama, Action","Summit Entertainment, Participant, di Bonaventura Pictures, Closest to the Hole Productions, Leverage, TIK Films, Lionsgate","Hong Kong, United States of America",English,2016.0,both,both
,,,,,,,,,,,,,,,,,,,2018.0,175.0,default,27694043.0,203775.0,0.0069999999999999,27490268.0,0.99,554137.0,7.117,47.0,Released,2018-11-28,0.0,114.0,False,0.0,ko,7.149,"Drama, History","Zip Cinema, CJ Entertainment",South Korea,Korean,2018.0,both,right_only
,,,,,,,,,,,,,,,,,,,2020.0,136.0,degaulle,7501454.0,,,7501454.0,1.0,661804.0,6.089,254.0,Released,2020-03-04,7142214.0,108.0,False,0.0,fr,7.913,"History, Drama","Vertigo Productions, Poisson Rouge Pictures, Les Films de la Baleine, SND, France 2 Cinéma, France 3 Cinéma, Les Productions du Renard, Canal+, CNC, Ciné+, France Télévisions, Pictanovo, La Région Île-de-France, Région Hauts-de-France",France,"English, French",2020.0,both,right_only
,,,,,,,,,,,,,,,,,,,2021.0,187.0,delicious,8371523.0,,,8371523.0,1.0,745611.0,6.955,221.0,Released,2021-09-08,8356097.0,112.0,False,5000000.0,fr,10.09,"History, Drama","Nord-Ouest Films, SND, France 3 Cinéma, Région Auvergne-Rhône-Alpes, Artémis Productions, RTBF, VOO, BeTV, Shelter Prod","Belgium, France",French,2021.0,both,right_only
,,,,,,,,,,,,,,,,,,,2020.0,48.0,deliverusfromevil,33718703.0,,,33718703.0,1.0,184346.0,6.215,1902.0,Released,2014-07-01,87937815.0,118.0,False,30000000.0,en,22.162,"Thriller, Crime, Horror","LStar Capital, Screen Gems, Jerry Bruckheimer Films",United States of America,English,2014.0,both,right_only
,,,,,,,,,,,,,,,,,,,2020.0,48.0,deliverusfromevil,33718703.0,,,33718703.0,1.0,1528157.0,10.0,1.0,Released,2025-06-06,0.0,8.0,False,500.0,en,0.3714,"Horror, Fantasy, History",Arts University Bournemouth (AUB),United Kingdom,English,2025.0,both,right_only
,,,,,,,,,,,,,,,,,,,2020.0,1.0,demonslayerkimetsunoyaibathemoviemugentrain,469119320.0,49505008.0,0.106,419614312.0,0.89,635302.0,8.259,3413.0,Released,2020-10-16,503063688.0,117.0,False,15800000.0,ja,96.797,"Action, Animation, Adventure, Fantasy, Thriller","ufotable, Aniplex, Shueisha, TOHO",Japan,Japanese,2020.0,both,right_only
,,,,,,,,,,,,,,,,,,,2024.0,76.0,demonslayerkimetsunoyaibatothehashiratraining,44354825.0,17657658.0,0.3979999999999999,26697167.0,0.6,1216221.0,0.0,0.0,In Production,2024-02-23,0.0,112.0,False,0.0,ja,0.0,"Animation, Action, Fantasy","ufotable, Aniplex, Shueisha",Japan,Japanese,2024.0,both,right_only
,,,,,,,,,,,,,,,,,,,2023.0,84.0,demonslayerkimetsunoyaibatotheswordsmithvillage,56319794.0,10117806.0,0.18,46201988.0,0.82,1067282.0,7.384,310.0,Released,2023-02-03,0.0,115.0,False,0.0,ja,64.911,"Action, Animation, Fantasy","ufotable, Aniplex, TOHO",Japan,Japanese,2023.0,both,right_only
,,,,,,,,,,,,,,,,,,,2022.0,92.0,demonslayerkimetsunoyaibatsuzumimansionarc,24403591.0,,,24403591.0,1.0,895006.0,7.432,111.0,Released,2022-09-15,0.0,87.0,False,0.0,ja,40.675,"Animation, Action, Fantasy",ufotable,Japan,Japanese,2022.0,both,right_only
95.0,"Jan 19, 2018","Jan 19, 2018",2018.0,denofthieves,STX Entertainment,Action,Original Screenplay,Live Action,Contemporary Fiction,30000000.0,2432.0,2432.0,9964.0,15206108.0,44947622.0,55802149.0,35199544.0,80147166.0,2018.0,90.0,denofthieves,80509622.0,44947622.0,0.5579999999999999,35562000.0,0.44,449443.0,6.77,2612.0,Released,2018-01-18,80509622.0,140.0,False,30000000.0,en,33.471,"Action, Thriller, Crime","Atmosphere Entertainment MM, Diamond Film Productions, G-BASE, Tucker Tooley Entertainment",United States of America,English,2018.0,both,both
4.0,"Jun 30, 2017","Jun 14, 2017",2017.0,despicableme3,Universal,Adventure,Original Screenplay,Digital Animation,Kids Fiction,75000000.0,4529.0,4535.0,35489.0,72434025.0,264624300.0,333656728.0,768185357.0,1032809657.0,2017.0,4.0,despicableme3,1034799409.0,264624300.0,0.256,770175109.0,0.74,324852.0,6.451,6560.0,Released,2017-06-15,1031552585.0,90.0,False,80000000.0,en,29.104,"Action, Animation, Comedy, Family, Adventure","Illumination, Universal Pictures",United States of America,English,2017.0,both,both
4.0,"Jul 3, 2024","Jun 20, 2024",2024.0,despicableme4,Universal,Adventure,Original Screenplay,Digital Animation,Kids Fiction,100000000.0,4428.0,4449.0,35905.0,75009210.0,361004205.0,361004205.0,611960223.0,972964428.0,2024.0,4.0,despicableme4,972021410.0,361004205.0,0.371,611017205.0,0.63,519182.0,0.0,0.0,In Production,2024-07-03,0.0,0.0,False,0.0,en,14.493,"Animation, Family, Comedy, Adventure","Illumination, Universal Pictures",United States of America,English,2024.0,both,both
,,,,,,,,,,,,,,,,,,,2017.0,152.0,destinythetaleofkamakura,35166640.0,,,35166640.0,1.0,492136.0,7.16,25.0,Released,2017-12-09,0.0,129.0,False,0.0,ja,5.547,"Mystery, Drama, Fantasy","TOHO, Nippon Television Network Corporation, Robot Communications",Japan,Japanese,2017.0,both,right_only
76.0,"Jan 15, 2016","Jan 15, 2015",2016.0,detectivechinatown,China Lion Film Distribution,Action,Original Screenplay,Live Action,Contemporary Fiction,0.0,33.0,36.0,68.0,280281.0,459832.0,601240.0,115142993.0,115602825.0,2015.0,59.0,detectivechinatown,125842935.0,474252.0,0.004,125368683.0,1.0,373200.0,6.809,97.0,Released,2015-12-31,0.0,135.0,False,0.0,zh,7.689,"Comedy, Mystery, Action","WanDa Productions, MM2 Entertainment, Heyi Pictures Company, Quidam Studios, WUZHOU FILM DISTRBUTION, As One Production",China,"Mandarin, Thai",2015.0,both,both
15.0,"Jan 29, 2025","Jan 29, 2025",2025.0,detectivechinatown1900,CMC Pictures,Comedy,Original Screenplay,Live Action,Historical Fiction,0.0,0.0,0.0,0.0,0.0,0.0,0.0,454950143.0,454950143.0,2025.0,14.0,detectivechinatown1900,500282092.0,2229946.0,0.004,498052146.0,0.996,,,,,,,,,,,,,,,,,left_only,both
,,,,,,,,,,,,,,,,,,,2018.0,14.0,detectivechinatown2,544185156.0,1983984.0,0.004,542201172.0,1.0,505513.0,6.308,86.0,Released,2018-02-16,0.0,121.0,False,0.0,zh,5.259,"Comedy, Mystery","MM2 Entertainment, WUZHOU FILM DISTRBUTION, As One Production, Wanda Pictures",China,"English, Mandarin",2018.0,both,right_only
,,,,,,,,,,,,,,,,,,,2021.0,6.0,detectivechinatown3,686257563.0,,,686257563.0,1.0,602666.0,5.746,60.0,Released,2021-02-12,686257563.0,136.0,False,0.0,zh,7.051,"Action, Comedy, Mystery","Beijing Yitong Legend Films, China Film Co-Production Corporation, As One Production, Wanda Pictures",China,"Mandarin, Japanese",2021.0,both,right_only
64.0,"Dec 31, 2023","Apr 14, 2023",2023.0,detectiveconanblackironsubmarine,,Thriller/Suspense,Based on Fiction Book/Short Story,Digital Animation,Contemporary Fiction,0.0,0.0,0.0,0.0,0.0,0.0,0.0,121879597.0,121879597.0,2023.0,66.0,detectiveconanblackironsubmarine,106771806.0,,,106771806.0,1.0,1047041.0,6.579,38.0,Released,2023-04-14,0.0,110.0,False,0.0,ja,197.862,"Animation, Action, Crime, Mystery","TMS Entertainment, Shogakukan, Yomiuri Telecasting Corporation, Nippon Television Network Corporation, Shogakukan-Shueisha Productions, TOHO",Japan,Japanese,2023.0,both,both
36.0,"Dec 31, 2024","Apr 18, 2025",2024.0,detectiveconanoneeyedflashback,,Action,Based on Comic/Graphic Novel,Digital Animation,Kids Fiction,0.0,0.0,0.0,0.0,0.0,0.0,0.0,156837208.0,156837208.0,2025.0,30.0,detectiveconanoneeyedflashback,166061012.0,,,166061012.0,1.0,1396965.0,0.0,0.0,Post Production,2025-04-18,0.0,0.0,False,0.0,ja,1.3,"Animation, Action",TOHO,Japan,Japanese,2025.0,both,both
,,,,,,,,,,,,,,,,,,,2015.0,124.0,detectiveconansunflowersofinferno,52920296.0,,,52920296.0,1.0,316873.0,6.0,104.0,Released,2015-04-18,43000000.0,112.0,False,0.0,ja,11.076,"Crime, Animation, Adventure, Mystery","TMS Entertainment, TOHO",Japan,Japanese,2015.0,both,right_only
96.0,"Dec 31, 2021","May 31, 2022",2021.0,detectiveconanthebrideofhalloween,,Action,Based on Comic/Graphic Novel,Digital Animation,Kids Fiction,0.0,0.0,0.0,0.0,0.0,0.0,0.0,33852685.0,33852685.0,2022.0,54.0,detectiveconanthebrideofhalloween,72699093.0,,,72699093.0,1.0,903939.0,6.469,64.0,Released,2022-04-15,40330183.0,111.0,False,0.0,ja,9.901,"Animation, Action, Crime, Mystery","TMS Entertainment, V1 studio, Shogakukan, Yomiuri Telecasting Corporation, Nippon Television Network Corporation, Shogakukan-Shueisha Productions, TOHO, Audio Planning U",Japan,Japanese,2022.0,both,both
,,,,,,,,,,,,,,,,,,,2021.0,166.0,detectiveconanthescarletalibi,10308627.0,,,10308627.0,1.0,801293.0,6.071,14.0,Released,2021-02-11,0.0,93.0,False,0.0,ja,4.561,"Animation, Drama, Action, Mystery",TMS Entertainment,Japan,Japanese,2021.0,both,right_only
,,,,,,,,,,,,,,,,,,,2021.0,44.0,detectiveconanthescarletbullet,95371578.0,,,95371578.0,1.0,662638.0,6.7,60.0,Released,2021-04-16,95580715.0,110.0,False,0.0,ja,10.896,"Animation, Action, Crime, Mystery, Romance, Thriller","TMS Entertainment, Shogakukan, Yomiuri Telecasting Corporation, Nippon Television Network Corporation, Shogakukan-Shueisha Productions, TOHO, Audio Planning U",Japan,Japanese,2021.0,both,right_only
,,,,,,,,,,,,,,,,,,,2018.0,82.0,detectivedeethefourheavenlykings,90040771.0,262963.0,0.003,89777808.0,1.0,506763.0,6.275,169.0,Released,2018-07-27,84168923.0,132.0,False,0.0,zh,13.124,"Mystery, Fantasy, Adventure, Action",Huayi Brothers Pictures,"China, Hong Kong",Mandarin,2018.0,both,right_only
,,,,,,,,,,,,,,,,,,,2015.0,191.0,detectiveksecretofthelostisland,27387870.0,185367.0,0.0069999999999999,27202503.0,0.99,328716.0,6.571,21.0,Released,2015-02-11,27387870.0,125.0,False,0.0,ko,3.733,"Action, Mystery, Comedy, Adventure","Generation Blue Films, Showbox",South Korea,Korean,2015.0,both,right_only
,,,,,,,,,,,,,,,,,,,2017.0,195.0,detroit,23355100.0,16790139.0,0.7190000000000001,6564961.0,0.28,407448.0,7.306,1527.0,Released,2017-07-28,23355100.0,143.0,False,34000000.0,en,11.822,"Crime, Drama, Thriller, History","Annapurna Pictures, First Light, Page 1",United States of America,English,2017.0,both,right_only
,,,,,,,,,,,,,,,,,,,2015.0,77.0,devilandangel,98599942.0,131058.0,0.001,98468884.0,1.0,373196.0,3.6,11.0,Released,2015-12-24,0.0,125.0,False,0.0,zh,2.223,"Comedy, Romance","Beijing Enlight Pictures, Tianjin Chengzi Yingxiang Media, Shanghai Huixing Huiying Entertainment Studio",China,Mandarin,2015.0,both,right_only
,,,,,,,,,,,,,,,,,,,2022.0,100.0,devotion,21768133.0,20511938.0,0.942,1256195.0,0.06,653851.0,7.231,566.0,Released,2022-11-23,20000000.0,139.0,False,90000000.0,en,34.79,"War, Drama, Action","Black Label Media, STX Films",United States of America,"English, Italian",2022.0,both,right_only
43.0,"Dec 5, 2025","Dec 5, 2025",2025.0,dhurandhar,Yash Raj Films,Action,Based on Real Life Events,Live Action,Dramatization,0.0,390.0,400.0,1167.0,2124000.0,12400000.0,12400000.0,124120747.0,136520747.0,2025.0,41.0,dhurandhar,137290399.0,19702994.0,0.144,117587405.0,0.856,,,,,,,,,,,,,,,,,left_only,both
,,,,,,,,,,,,,,,,,,,2024.0,135.0,diamonds,19674980.0,,,19674980.0,1.0,35118.0,5.5,14.0,Released,1999-12-10,0.0,91.0,False,0.0,en,2.983,"Comedy, Drama, Mystery",Miramax,"Germany, United States of America","German, English, Polish",1999.0,both,right_only
,,,,,,,,,,,,,,,,,,,2024.0,135.0,diamonds,19674980.0,,,19674980.0,1.0,1173814.0,0.0,0.0,Released,2023-09-01,0.0,0.0,False,0.0,en,0.754,"Documentary, Music",,,English,2023.0,both,right_only
,,,,,,,,,,,,,,,,,,,2017.0,142.0,diaryofawimpykidthelonghaul,40140972.0,20738724.0,0.517,19402248.0,0.48,417830.0,5.311,417.0,Released,2017-05-19,40120144.0,91.0,False,22000000.0,en,15.58,"Comedy, Family","20th Century Fox, TSG Entertainment, Color Force",United States of America,English,2017.0,both,right_only
76.0,"Oct 6, 2020","Feb 21, 2020",2020.0,digimonadventurelastevolutionkizuna,,Adventure,Based on Comic/Graphic Novel,Digital Animation,Kids Fiction,0.0,0.0,0.0,0.0,0.0,0.0,0.0,21914375.0,21914375.0,2020.0,78.0,digimonadventurelastevolutionkizuna,17361009.0,,,17361009.0,1.0,571265.0,8.092,217.0,Released,2020-02-21,24200000.0,94.0,False,0.0,ja,16.95,"Animation, Action, Adventure, Fantasy","Toei Animation, Yumeta Company",Japan,"Japanese, French",2020.0,both,both
,,,,,,,,,,,,,,,,,,,2015.0,177.0,dilwale,31994323.0,4871263.0,0.152,27123060.0,0.85,370665.0,6.615,275.0,Released,2015-12-18,61000000.0,158.0,False,26000000.0,hi,7.286,"Crime, Action, Comedy","Red Chillies Entertainment, Rohit Shetty Productionz",India,"Hindi, English",2015.0,both,right_only
82.0,"Jan 22, 2016","Jan 21, 2016",2016.0,dirtygrandpa,Lionsgate,Comedy,Original Screenplay,Live Action,Contemporary Fiction,11500000.0,2912.0,2912.0,11527.0,11111875.0,35593113.0,46538512.0,69485336.0,105078449.0,2016.0,81.0,dirtygrandpa,94073028.0,35593113.0,0.3779999999999999,58479915.0,0.62,291870.0,5.913,4128.0,Released,2016-01-20,94073028.0,102.0,False,11500000.0,en,27.388,Comedy,"Covert Media, Lionsgate, BillBlock Media, QED International, Josephson Entertainment, Ninjas Runnin' Wild Productions",United States of America,English,2016.0,both,both
,,,,,,,,,,,,,,,,,,,2020.0,174.0,divorceclub,5316313.0,,,5316313.0,1.0,665488.0,5.813,216.0,Released,2020-07-14,5127426.0,108.0,False,9466480.0,fr,7.925,Comedy,"Radar Films, SND",France,French,2020.0,both,right_only
90.0,"Nov 8, 2019","Oct 31, 2019",2019.0,doctorsleep,Warner Bros.,Horror,Based on Fiction Book/Short Story,Live Action,Contemporary Fiction,45000000.0,3855.0,3855.0,11008.0,14114124.0,31581712.0,38994347.0,40800000.0,72381712.0,2019.0,92.0,doctorsleep,72381712.0,31581712.0,0.436,40800000.0,0.56,501170.0,7.158,3966.0,Released,2019-10-30,72381712.0,152.0,False,45000000.0,en,26.029,"Horror, Thriller, Fantasy","Vertigo Entertainment, Intrepid Pictures",United States of America,English,2019.0,both,both
12.0,"Nov 4, 2016","Oct 24, 2016",2016.0,doctorstrange,Walt Disney,Action,Based on Comic/Graphic Novel,Animation/Live Action,Super Hero,165000000.0,3882.0,3882.0,24582.0,85058311.0,232641920.0,304053675.0,443701254.0,676343174.0,2016.0,11.0,doctorstrange,677718395.0,232641920.0,0.3429999999999999,445076475.0,0.66,284052.0,7.427,20935.0,Released,2016-10-25,676343174.0,115.0,False,180000000.0,en,70.535,"Action, Adventure, Fantasy",Marvel Studios,United States of America,English,2016.0,both,both
,,,,,,,,,,,,,,,,,,,2022.0,4.0,doctorstrangeinthemultiverseofmadness,955775804.0,411331607.0,0.43,544444197.0,0.57,453395.0,7.355,7991.0,Released,2022-05-04,955775804.0,126.0,False,200000000.0,en,96.53,"Fantasy, Action, Adventure","Marvel Studios, Kevin Feige Productions",United States of America,"Cantonese, English, Spanish",2022.0,both,right_only
51.0,"Feb 18, 2022","Feb 18, 2022",2022.0,dog,United Artists,Drama,Original Screenplay,Live Action,Contemporary Fiction,15000000.0,3677.0,3827.0,24113.0,14883928.0,61778069.0,66354221.0,22765563.0,84543632.0,2022.0,47.0,dog,84550282.0,61778069.0,0.731,22772213.0,0.27,626735.0,7.352,1293.0,Released,2022-02-17,84774243.0,102.0,False,20000000.0,en,48.525,"Drama, Comedy","FilmNation Entertainment, Metro-Goldwyn-Mayer, Free Association",United States of America,English,2022.0,both,both
51.0,"Feb 18, 2022","Feb 18, 2022",2022.0,dog,United Artists,Drama,Original Screenplay,Live Action,Contemporary Fiction,15000000.0,3677.0,3827.0,24113.0,14883928.0,61778069.0,66354221.0,22765563.0,84543632.0,2022.0,47.0,dog,84550282.0,61778069.0,0.731,22772213.0,0.27,1621375.0,7.0,1.0,Released,2026-01-23,0.0,5.0,False,0.0,en,0.0,Drama,Alex Lannie Films,Northern Ireland,English,2026.0,both,both
51.0,"Feb 18, 2022","Feb 18, 2022",2022.0,dog,United Artists,Drama,Original Screenplay,Live Action,Contemporary Fiction,15000000.0,3677.0,3827.0,24113.0,14883928.0,61778069.0,66354221.0,22765563.0,84543632.0,2022.0,47.0,dog,84550282.0,61778069.0,0.731,22772213.0,0.27,890971.0,0.0,0.0,Released,2021-11-09,0.0,96.0,False,0.0,el,1.4,Drama,"Filmblades, View Master Films","Cyprus, Greece",Greek,2021.0,both,both
41.0,"Jan 31, 2025","Jan 23, 2025",2025.0,dogman,Universal,Adventure,Based on Fiction Book/Short Story,Digital Animation,Kids Fiction,40000000.0,3885.0,3887.0,25989.0,36001940.0,97970355.0,97970355.0,47633060.0,145603415.0,2025.0,37.0,dogman,145603415.0,97970355.0,0.6729999999999999,47633060.0,0.327,483184.0,7.567,2045.0,Released,2018-05-17,5080147.0,103.0,False,0.0,it,8.707,"Crime, Drama, Thriller","Archimede, Le Pacte, RAI",Italy,Italian,2018.0,both,both
41.0,"Jan 31, 2025","Jan 23, 2025",2025.0,dogman,Universal,Adventure,Based on Fiction Book/Short Story,Digital Animation,Kids Fiction,40000000.0,3885.0,3887.0,25989.0,36001940.0,97970355.0,97970355.0,47633060.0,145603415.0,2025.0,37.0,dogman,145603415.0,97970355.0,0.6729999999999999,47633060.0,0.327,944401.0,7.353,17.0,Released,2023-09-27,0.0,114.0,False,22700000.0,fr,18.199,"Action, Drama, Crime","LBP, EuropaCorp, TF1 Films Production, Kinology",France,"English, French",2023.0,both,both
41.0,"Jan 31, 2025","Jan 23, 2025",2025.0,dogman,Universal,Adventure,Based on Fiction Book/Short Story,Digital Animation,Kids Fiction,40000000.0,3885.0,3887.0,25989.0,36001940.0,97970355.0,97970355.0,47633060.0,145603415.0,2025.0,37.0,dogman,145603415.0,97970355.0,0.6729999999999999,47633060.0,0.327,1129705.0,2.0,1.0,Released,2023-05-20,0.0,6.0,False,0.0,en,0.6,Drama,,,English,2023.0,both,both
7.0,"Jan 17, 2020","Jan 8, 2020",2020.0,dolittle,Universal,Adventure,Based on Fiction Book/Short Story,Animation/Live Action,Kids Fiction,175000000.0,4155.0,4155.0,23076.0,21844045.0,77047065.0,94923993.0,174462229.0,251509294.0,2020.0,7.0,dolittle,251410631.0,77047065.0,0.306,174363566.0,0.69,448119.0,6.638,3399.0,Released,2020-01-02,251410631.0,101.0,False,175000000.0,en,23.387,"Family, Fantasy, Adventure","Universal Pictures, Team Downey, Perfect World Pictures, Roth-Kirschenbaum Films, dentsu","Japan, United States of America","English, French",2020.0,both,both
,,,,,,,,,,,,,,,,,,,2025.0,179.0,dollhouse,11567855.0,,,11567855.0,1.0,685615.0,5.1,16.0,Released,2020-03-23,0.0,0.0,False,0.0,en,2.438,"Horror, Drama, Thriller","ChampDog Films, Greenway Entertainment, Rellik Films",,English,2020.0,both,right_only
,,,,,,,,,,,,,,,,,,,2025.0,179.0,dollhouse,11567855.0,,,11567855.0,1.0,96085.0,4.8,10.0,Released,2012-03-10,0.0,95.0,False,0.0,en,1.389,Drama,"The Factory, Lightstream Pictures, Fís Éireann/Screen Ireland",Ireland,English,2012.0,both,right_only
,,,,,,,,,,,,,,,,,,,2022.0,178.0,don,8287406.0,,,8287406.0,1.0,17501.0,6.97,232.0,Released,2006-10-20,15000000.0,178.0,False,5000000.0,hi,9.326,"Action, Drama, Thriller",Excel Entertainment,India,Hindi,2006.0,both,right_only
57.0,"Aug 26, 2016","Aug 25, 2016",2016.0,dontbreathe,Sony Pictures,Horror,Original Screenplay,Live Action,Contemporary Fiction,10000000.0,3051.0,3384.0,19498.0,26411706.0,89217875.0,116653659.0,69688475.0,158906350.0,2016.0,58.0,dontbreathe,157761002.0,89217875.0,0.5660000000000001,68543127.0,0.43,300669.0,7.009,6922.0,Released,2016-06-08,159047649.0,89.0,False,9900000.0,en,24.908,"Thriller, Horror","Screen Gems, Stage 6 Films, Ghost House Pictures",United States of America,English,2016.0,both,both
73.0,"Aug 13, 2021","Aug 12, 2021",2021.0,dontbreathe2,Sony Pictures,Horror,Original Screenplay,Live Action,Contemporary Fiction,15000000.0,3005.0,3005.0,14720.0,10622473.0,32638038.0,36296584.0,14563309.0,47201347.0,2021.0,63.0,dontbreathe2,53785551.0,32712950.0,0.608,21072601.0,0.39,482373.0,7.122,2245.0,Released,2021-08-12,53785551.0,98.0,False,10000000.0,en,38.036,"Thriller, Horror","Ghost House Pictures, Stage 6 Films, Good Universe, Bad Hombre Films, Screen Gems",United States of America,English,2021.0,both,both
48.0,"Sep 23, 2022","Sep 20, 2022",2022.0,dontworrydarling,Warner Bros.,Thriller/Suspense,Original Screenplay,Live Action,Historical Fiction,35000000.0,4113.0,4121.0,16634.0,19353213.0,45309403.0,48665652.0,42300000.0,87609403.0,2022.0,45.0,dontworrydarling,87609403.0,45309403.0,0.517,42300000.0,0.48,619730.0,6.81,1911.0,Released,2022-09-21,86669039.0,123.0,False,35000000.0,en,30.556,"Thriller, Mystery, Drama","Vertigo Entertainment, New Line Cinema, Warner Bros. Pictures",United States of America,English,2022.0,both,both
67.0,"Aug 9, 2019","Aug 8, 2019",2019.0,doraandthelostcityofgold,Paramount Pictures,Adventure,Based on TV,Live Action,Kids Fiction,49000000.0,3735.0,3735.0,18483.0,17431588.0,60477943.0,74673099.0,60114333.0,120592276.0,2019.0,66.0,doraandthelostcityofgold,120597108.0,60477943.0,0.501,60119165.0,0.5,499701.0,6.674,1574.0,Released,2019-08-08,120597108.0,102.0,False,49000000.0,en,24.131,"Adventure, Comedy, Family, Fantasy","Nickelodeon Movies, Paramount Players, Walden Media, Screen Queensland, Paramount","Australia, United States of America","Spanish, English",2019.0,both,both
,,,,,,,,,,,,,,,,,,,2019.0,99.0,doraemonnobitaschronicleofthemoonexploration,65406606.0,,,65406606.0,1.0,575222.0,7.6,50.0,Released,2019-03-01,0.0,111.0,False,65000000.0,ja,15.639,"Animation, Adventure, Comedy, Science Fiction, Fantasy","Fujiko Productions, Shin-Ei Animation, Asatsu-DK, TV Asahi, Shogakukan, Shogakukan-Shueisha Productions",Japan,Japanese,2019.0,both,right_only
,,,,,,,,,,,,,,,,,,,2020.0,123.0,downhill,8899195.0,8287061.0,0.931,612134.0,0.07,560391.0,5.3,248.0,Released,2020-02-06,7547254.0,87.0,False,0.0,en,12.572,"Drama, Comedy","Searchlight Pictures, Likely Story, Filmhaus Films, TSG Entertainment","Austria, United States of America",English,2020.0,both,right_only
,,,,,,,,,,,,,,,,,,,2017.0,112.0,downsizing,55003890.0,24449754.0,0.445,30554136.0,0.56,301337.0,5.321,3474.0,Released,2017-12-22,55003890.0,135.0,False,68000000.0,en,33.251,"Drama, Science Fiction","Ad Hominem Enterprises, Annapurna Pictures, Paramount","United States of America, Norway","Norwegian, English, Spanish, Vietnamese, Icelandic",2017.0,both,right_only
44.0,"Sep 20, 2019","Sep 12, 2019",2019.0,downtonabbey,Focus Features,Drama,Based on TV,Live Action,Historical Fiction,0.0,3079.0,3548.0,19263.0,31033665.0,96853865.0,119587031.0,97840860.0,194694725.0,2019.0,44.0,downtonabbey,194694725.0,96853865.0,0.497,97840860.0,0.5,535544.0,7.143,1027.0,Released,2019-09-12,192199131.0,122.0,False,20000000.0,en,14.074,"Drama, Romance, History","Focus Features, Perfect World Pictures, Carnival Films","United Kingdom, United States of America",English,2019.0,both,both
47.0,"May 20, 2022","Apr 27, 2022",2022.0,downtonabbeyanewera,Focus Features,Drama,Based on TV,Live Action,Historical Fiction,0.0,3820.0,3830.0,15325.0,16000495.0,44141550.0,47411294.0,48559860.0,92701410.0,2022.0,44.0,downtonabbeyanewera,92651384.0,44141550.0,0.476,48509834.0,0.52,820446.0,7.206,381.0,Released,2022-04-27,88000000.0,125.0,False,40000000.0,en,16.333,"Drama, Romance","Carnival Films, Focus Features, Perfect World Pictures","France, United Kingdom","English, French",2022.0,both,both
54.0,"Sep 12, 2025","Sep 10, 2025",2025.0,downtonabbeythegrandfinale,Focus Features,Drama,Based on TV,Live Action,Historical Fiction,0.0,3694.0,3711.0,13879.0,18107405.0,45185660.0,45185660.0,58183000.0,103368660.0,2025.0,49.0,downtonabbeythegrandfinale,103457821.0,44996590.0,0.435,58461231.0,0.565,,,,,,,,,,,,,,,,,left_only,both
66.0,"Jan 16, 2019","Dec 14, 2018",2019.0,dragonballsuperbroly,FUNimation,Action,Based on TV,Digital Animation,Fantasy,8500000.0,1247.0,1250.0,3000.0,9816197.0,30376755.0,37506674.0,92363861.0,122740616.0,2018.0,62.0,dragonballsuperbroly,115750445.0,30712119.0,0.265,85038326.0,0.74,503314.0,7.884,2705.0,Released,2018-12-14,125002821.0,99.0,False,1000000.0,ja,14.988,"Action, Science Fiction, Animation","Toei Animation, Shueisha, Fuji Television Network, Toei Company, Bird Studios, 20th Century Fox Japan, YOMIKO Advertising, Bandai Namco Group, avex pictures, RISINGPRODUCTION",Japan,Japanese,2018.0,both,both
45.0,"Aug 19, 2022","Jun 11, 2022",2022.0,dragonballsupersuperhero,Crunchyroll,Action,Based on Comic/Graphic Novel,Digital Animation,Science Fiction,0.0,3018.0,3018.0,6035.0,21124049.0,32132374.0,34512555.0,65109818.0,97242192.0,2022.0,46.0,dragonballsupersuperhero,86562140.0,38112140.0,0.44,48450000.0,0.56,610150.0,7.917,2552.0,Released,2022-06-11,86562140.0,99.0,False,0.0,ja,85.407,"Animation, Science Fiction, Action","Toei Animation, Shueisha, Fuji Television Network, Bandai Namco Entertainment, Bird Studios, Toei Company",Japan,Japanese,2022.0,both,both
,,,,,,,,,,,,,,,,,,,2015.0,114.0,dragonballzresurrectionf,61768190.0,8008363.0,0.13,53759827.0,0.87,303857.0,6.812,1706.0,Released,2015-04-18,61768190.0,93.0,False,5000000.0,ja,57.816,"Action, Animation, Science Fiction","Toei Animation, Fizz Sound Creation, Toei Company, Fox International Productions Japan, Shueisha, Fuji Television Network, Bandai, Bandai Namco Group",Japan,Japanese,2015.0,both,right_only
,,,,,,,,,,,,,,,,,,,2015.0,63.0,dragonblade,122593849.0,74068.0,0.001,122519781.0,1.0,300168.0,6.362,516.0,Released,2015-02-19,121545703.0,127.0,False,65000000.0,zh,22.678,"Adventure, History, Action, Fantasy","Visualizer Film Company, Shanghai Film Group, Jackie & JJ Production, Sparkle Roll Media, Alibaba Pictures Group, Home Media & Entertainment Fund, Tencent Video, China Film & TV Capital, Huayi Brothers Pictures","Hong Kong, China","English, Mandarin",2015.0,both,right_only
,,,,,,,,,,,,,,,,,,,2020.0,145.0,dragonrider,6977378.0,,,6977378.0,1.0,523366.0,7.168,143.0,Released,2020-10-15,3175644.0,100.0,False,17830000.0,en,13.954,"Animation, Family, Adventure, Fantasy","Able & Baker, Constantin Film, Cyborn, Lumatic, RISE PICTURES","Belgium, Germany, Spain",English,2020.0,both,right_only
,,,,,,,,,,,,,,,,,,,2022.0,123.0,drcotosclinic,16062841.0,,,16062841.0,1.0,1019421.0,7.0,1.0,Released,2022-12-16,0.0,134.0,False,0.0,ja,5.742,Drama,TOHO,Japan,Japanese,2022.0,both,right_only
,,,,,,,,,,,,,,,,,,,2023.0,176.0,dreamscenario,12488124.0,5742193.0,0.46,6745931.0,0.54,823482.0,0.0,0.0,Released,2023-11-10,0.0,100.0,False,0.0,en,15.005,"Comedy, Fantasy","A24, Square Peg",United States of America,English,2023.0,both,right_only
,,,,,,,,,,,,,,,,,,,2021.0,138.0,drivemycar,15355152.0,2352240.0,0.153,13002912.0,0.85,758866.0,7.397,1034.0,Released,2021-08-18,15308325.0,180.0,False,0.0,ja,18.896,Drama,"Bitters End, C&I entertainment, Culture Entertainment, Agency for Cultural Affairs, J-LOD, nekojarashi, Quaras, Bungeishunju, L'espace Vision, Nippan Group Holdings, The Asahi Shimbun",Japan,"Mandarin, English, German, Indonesian, Japanese, Korean, Malay, Tagalog",2021.0,both,right_only
,,,,,,,,,,,,,,,,,,,2025.0,102.0,drop,28744167.0,16600805.0,0.578,12143362.0,0.422,40119.0,6.917,12.0,Released,2009-03-20,0.0,121.0,False,0.0,ja,3.969,"Action, Comedy","KADOKAWA, NTT Docomo, Yoshimoto Kogyo",Japan,Japanese,2009.0,both,right_only
,,,,,,,,,,,,,,,,,,,2025.0,102.0,drop,28744167.0,16600805.0,0.578,12143362.0,0.422,1368182.0,0.0,0.0,Released,2023-10-08,0.0,0.0,False,0.0,it,0.6,Animation,Q. Animation Films,Italy,,2023.0,both,right_only
78.0,"Dec 17, 2020","Oct 9, 2020",2020.0,druk,Mongrel Media,Drama,Original Screenplay,Live Action,Contemporary Fiction,5700000.0,7.0,7.0,14.0,938.0,44205.0,49267.0,21654690.0,21698895.0,,,druk,,,,,,1352130.0,0.0,0.0,Planned,2024-09-11,0.0,0.0,False,0.0,nl,1.4,,,,Dutch,2024.0,right_only,both
78.0,"Dec 17, 2020","Oct 9, 2020",2020.0,druk,Mongrel Media,Drama,Original Screenplay,Live Action,Contemporary Fiction,5700000.0,7.0,7.0,14.0,938.0,44205.0,49267.0,21654690.0,21698895.0,,,druk,,,,,,242776.0,0.0,0.0,Released,2009-09-01,0.0,30.0,False,0.0,nl,0.6,Documentary,,Netherlands,Dutch,2009.0,right_only,both
,,,,,,,,,,,,,,,,,,,2017.0,58.0,duckweed,152894264.0,471575.0,0.003,152422689.0,1.0,438081.0,6.45,40.0,Released,2017-01-28,0.0,102.0,False,0.0,zh,4.351,"Comedy, Drama","Shanghai Bona, Huaxia Film Distribution",China,Mandarin,2017.0,both,right_only
,,,,,,,,,,,,,,,,,,,2022.0,186.0,ducobu4president,7858171.0,,,7858171.0,1.0,811886.0,4.256,41.0,Released,2022-07-13,0.0,90.0,False,10400000.0,fr,4.091,Comedy,"Les Films du Premier, Les Films du 24, uMedia, TF1 Films Production","Belgium, France",French,2022.0,both,right_only
,,,,,,,,,,,,,,,,,,,2023.0,140.0,dumbmoney,20703794.0,13925356.0,0.6729999999999999,6761614.0,0.33,792293.0,7.192,13.0,Released,2023-09-15,0.0,104.0,False,0.0,en,40.479,"Comedy, Drama, History","Black Bear Pictures, Ryder Picture Company, Stage 6 Films, Columbia Pictures, Sony Pictures",United States of America,English,2023.0,both,right_only
28.0,"Mar 29, 2019","Mar 27, 2019",2019.0,dumbo,Walt Disney,Adventure,Based on Fiction Book/Short Story,Animation/Live Action,Kids Fiction,170000000.0,4259.0,4259.0,22182.0,45990748.0,114766307.0,141703816.0,238400000.0,353166307.0,2019.0,26.0,dumbo,353284621.0,114766307.0,0.325,238518314.0,0.68,,,,,,,,,,,,,,,,,left_only,both
9.0,"Oct 22, 2021","Sep 15, 2021",2021.0,dune,Warner Bros.,Action,Based on Fiction Book/Short Story,Live Action,Science Fiction,165000000.0,4125.0,4125.0,26545.0,41011174.0,111031267.0,123130417.0,318518799.0,429550066.0,,,dune,,,,,,438631.0,7.789,9420.0,Released,2021-09-15,402027830.0,155.0,False,165000000.0,en,75.848,"Science Fiction, Adventure",Legendary Pictures,United States of America,"Mandarin, English",2021.0,right_only,both
7.0,"Mar 1, 2024","Feb 28, 2024",2024.0,duneparttwo,Warner Bros.,Action,Based on Fiction Book/Short Story,Live Action,Science Fiction,190000000.0,4071.0,4074.0,28268.0,82505391.0,282709065.0,282709065.0,432497130.0,715206195.0,2024.0,7.0,duneparttwo,714844358.0,282144358.0,0.395,432700000.0,0.61,693134.0,0.0,0.0,Post Production,2024-03-13,0.0,0.0,False,0.0,en,35.648,"Science Fiction, Adventure",Legendary Pictures,United States of America,English,2024.0,both,both
40.0,"Mar 31, 2023","Mar 2, 2023",2023.0,dungeonsdragonshonoramongthieves,Paramount Pictures,Adventure,Based on Game,Live Action,Fantasy,150000000.0,3855.0,3856.0,20064.0,37205784.0,93549650.0,96713574.0,114305297.0,207854947.0,2023.0,39.0,dungeonsdragonshonoramongthieves,205460387.0,93549650.0,0.455,111910737.0,0.55,493529.0,7.459,2329.0,Released,2023-03-23,208177026.0,134.0,False,151000000.0,en,126.33,"Adventure, Fantasy, Comedy","Entertainment One, Paramount","Canada, United States of America",English,2023.0,both,both
,,,,,,,,,,,,,,,,,,,2023.0,157.0,dunki,15473051.0,7460159.0,0.482,8012892.0,0.52,960876.0,0.0,0.0,In Production,2023-12-22,0.0,0.0,False,12022210.0,hi,2.643,"Drama, Comedy","Red Chillies Entertainment, Rajkumar Hirani Films, Jio Studios",India,Hindi,2023.0,both,right_only
18.0,"Jul 21, 2017","Jul 18, 2017",2017.0,dunkirk,Warner Bros.,Action,Original Screenplay,Live Action,Dramatization,150000000.0,3720.0,4014.0,29843.0,50513488.0,190068280.0,239618455.0,338000000.0,528068280.0,2017.0,19.0,dunkirk,526045546.0,188045546.0,0.357,338000000.0,0.64,374720.0,7.456,15464.0,Released,2017-07-19,527000000.0,107.0,False,150000000.0,en,34.529,"War, Action, Drama","Warner Bros. Pictures, Syncopy, RatPac Entertainment","France, Netherlands, United Kingdom, United States of America","English, French, German",2017.0,both,both
,,,,,,,,,,,,,,,,,,,2018.0,20.0,dyingtosurvive,451176639.0,,,451176639.0,1.0,532753.0,8.09,134.0,Released,2018-07-06,0.0,117.0,False,0.0,zh,7.788,"Drama, Comedy","Huanxi Media Group, Wanda Pictures, Alibaba Pictures Group, 东阳坏猴子影视文化传播有限公司",China,Mandarin,2018.0,both,right_only
,,,,,,,,,,,,,,,,,,,2018.0,117.0,earlyman,54622814.0,8267544.0,0.151,46355270.0,0.85,387592.0,6.164,724.0,Released,2018-01-26,53431158.0,89.0,False,50000000.0,en,12.29,"Family, Comedy, Animation, Adventure","Aardman, StudioCanal, Creative Skillset's Skills Investment Fund, BFI, Lionsgate, Summit Entertainment","France, United Kingdom, United States of America",English,2018.0,both,right_only
,,,,,,,,,,,,,,,,,,,2022.0,147.0,eastersunday,13074255.0,13013690.0,0.995,60565.0,0.01,824281.0,6.0,34.0,Released,2022-08-04,13071438.0,96.0,False,17000000.0,en,9.277,Comedy,"Broken Lizard Industries, DreamWorks Pictures, Rideback, Universal Pictures",United States of America,English,2022.0,both,right_only
,,,,,,,,,,,,,,,,,,,2016.0,133.0,eddietheeagle,46152800.0,15789389.0,0.342,30363411.0,0.66,319888.0,7.176,1967.0,Released,2016-02-25,46152411.0,106.0,False,23000000.0,en,10.414,"Comedy, Drama, History, Adventure","Studio Babelsberg, Marv Films, Saville Productions","Germany, United Kingdom, United States of America","English, German, Norwegian",2016.0,both,right_only
,,,,,,,,,,,,,,,,,,,2021.0,146.0,eiffel,13573923.0,444814.0,0.033,13129109.0,0.97,655082.0,6.303,569.0,Released,2021-10-07,13000000.0,108.0,False,26000000.0,fr,12.54,"Romance, Drama","Pathé, VVZ Production, Constantin Film, SCOPE Pictures","Belgium, France, Germany",French,2021.0,both,right_only
13.0,"Jun 16, 2023","Jun 14, 2023",2023.0,elemental,Walt Disney,Adventure,Original Screenplay,Digital Animation,Kids Fiction,200000000.0,4035.0,4080.0,30880.0,29602429.0,154426697.0,159649540.0,330403040.0,484829737.0,2023.0,13.0,elemental,496444308.0,154426697.0,0.311,342017611.0,0.69,976573.0,7.757,2467.0,Released,2023-06-14,486797988.0,102.0,False,200000000.0,en,1008.942,"Animation, Comedy, Family, Fantasy, Romance","Walt Disney Pictures, Pixar",United States of America,English,2023.0,both,both
37.0,"Jun 20, 2025","Jun 13, 2025",2025.0,elio,Walt Disney,Adventure,Original Screenplay,Digital Animation,Science Fiction,150000000.0,3750.0,3750.0,17485.0,20840667.0,72987454.0,72987454.0,81107882.0,154095336.0,2025.0,33.0,elio,154291182.0,72987454.0,0.473,81303728.0,0.527,1022787.0,0.0,0.0,In Production,2024-02-28,0.0,90.0,False,0.0,en,8.964,"Animation, Family, Adventure, Science Fiction, Comedy","Walt Disney Pictures, Pixar",United States of America,English,2024.0,both,both
17.0,"Jun 24, 2022","Jun 22, 2022",2022.0,elvis,Warner Bros.,Drama,Based on Real Life Events,Live Action,Dramatization,85000000.0,3906.0,3932.0,32675.0,31211579.0,151416153.0,162617023.0,136599250.0,288015403.0,2022.0,16.0,elvis,287740048.0,151040048.0,0.525,136700000.0,0.48,614934.0,7.593,2789.0,Released,2022-06-22,288670284.0,159.0,False,85000000.0,en,38.867,"Drama, Music, History","Bazmark Films, The Jackal Group, Warner Bros. Pictures, Fin Design & Effects","Australia, United States of America",English,2022.0,both,both
,,,,,,,,,,,,,,,,,,,2022.0,105.0,emergencydeclaration,21400327.0,412196.0,0.019,20988131.0,0.98,626872.0,7.62,267.0,Released,2022-08-03,19200000.0,140.0,False,18052672.0,ko,33.35,"Action, Drama, Mystery, Thriller","CJeS Studios, MAGNUM9, Cine Joo, Dexter Studios, Showbox",South Korea,"English, Japanese, Korean",2022.0,both,right_only
67.0,"Feb 21, 2020","Feb 13, 2020",2020.0,emma,Focus Features,Drama,Based on Fiction Book/Short Story,Live Action,Historical Fiction,10000000.0,5.0,1732.0,3399.0,234482.0,10055355.0,12388465.0,17310433.0,27365788.0,2020.0,56.0,emma,26314547.0,10055355.0,0.382,16259192.0,0.62,556678.0,7.041,1567.0,Released,2020-02-13,25155355.0,125.0,False,10000000.0,en,19.834,"Comedy, Romance","Working Title Films, Focus Features, Perfect World Pictures, Blueprint Pictures",United Kingdom,English,2020.0,both,both
67.0,"Feb 21, 2020","Feb 13, 2020",2020.0,emma,Focus Features,Drama,Based on Fiction Book/Short Story,Live Action,Historical Fiction,10000000.0,5.0,1732.0,3399.0,234482.0,10055355.0,12388465.0,17310433.0,27365788.0,2020.0,56.0,emma,26314547.0,10055355.0,0.382,16259192.0,0.62,3573.0,6.68,543.0,Released,1996-08-02,22231658.0,121.0,False,6000000.0,en,13.653,"Romance, Comedy, Drama","Miramax, Haft Entertainment, Matchmaker Films",United States of America,English,1996.0,both,both
67.0,"Feb 21, 2020","Feb 13, 2020",2020.0,emma,Focus Features,Drama,Based on Fiction Book/Short Story,Live Action,Historical Fiction,10000000.0,5.0,1732.0,3399.0,234482.0,10055355.0,12388465.0,17310433.0,27365788.0,2020.0,56.0,emma,26314547.0,10055355.0,0.382,16259192.0,0.62,305676.0,4.5,4.0,Released,2013-01-01,0.0,14.0,False,0.0,en,0.6,"Drama, Science Fiction",Broken Box,United States of America,English,2013.0,both,both
67.0,"Feb 21, 2020","Feb 13, 2020",2020.0,emma,Focus Features,Drama,Based on Fiction Book/Short Story,Live Action,Historical Fiction,10000000.0,5.0,1732.0,3399.0,234482.0,10055355.0,12388465.0,17310433.0,27365788.0,2020.0,56.0,emma,26314547.0,10055355.0,0.382,16259192.0,0.62,410658.0,7.8,4.0,Released,2016-09-29,0.0,100.0,False,0.0,id,1.139,"Drama, History",Miles Films,Indonesia,Indonesian,2016.0,both,both
67.0,"Feb 21, 2020","Feb 13, 2020",2020.0,emma,Focus Features,Drama,Based on Fiction Book/Short Story,Live Action,Historical Fiction,10000000.0,5.0,1732.0,3399.0,234482.0,10055355.0,12388465.0,17310433.0,27365788.0,2020.0,56.0,emma,26314547.0,10055355.0,0.382,16259192.0,0.62,1526758.0,0.0,0.0,Released,2025-07-08,0.0,5.0,False,0.0,en,0.0143,Drama,Deep Red Productions,,English,2025.0,both,both
,,,,,,,,,,,,,,,,,,,2022.0,155.0,empireoflight,11395604.0,1177577.0,0.103,10218027.0,0.9,814757.0,6.7,392.0,Released,2022-12-09,11320643.0,115.0,False,0.0,en,14.8,"Drama, Romance","Searchlight Pictures, Neal Street Productions, TSG Entertainment","United Kingdom, United States of America",English,2022.0,both,right_only
15.0,"Nov 24, 2021","Nov 24, 2021",2021.0,encanto,Walt Disney,Adventure,Original Screenplay,Digital Animation,Kids Fiction,150000000.0,3980.0,3980.0,27695.0,27206494.0,96093622.0,106657383.0,134721540.0,230815162.0,2021.0,16.0,encanto,256786742.0,96093622.0,0.374,160693120.0,0.63,568124.0,7.63,8611.0,Released,2021-10-13,253000000.0,102.0,False,50000000.0,en,147.124,"Animation, Comedy, Family, Fantasy","Walt Disney Animation Studios, Walt Disney Pictures",United States of America,"Spanish, English",2021.0,both,both
,,,,,,,,,,,,,,,,,,,2021.0,46.0,endgame,91824961.0,23149.0,0.001,91801812.0,1.0,9727.0,5.405,79.0,Released,2006-03-22,208101.0,93.0,False,5000000.0,en,9.205,"Action, Thriller","Nu Image, Two Sticks Productions, Martini Films, Equity Pictures Medienfonds GmbH & Co. KG III, North by Northwest Entertainment, Millennium Media","Canada, Germany, United States of America",English,2006.0,both,right_only
,,,,,,,,,,,,,,,,,,,2021.0,46.0,endgame,91824961.0,23149.0,0.001,91801812.0,1.0,752803.0,7.092,49.0,Released,2021-02-12,0.0,119.0,False,0.0,zh,7.358,"Comedy, Crime",上海艺言堂影视文化传播有限公司,China,Mandarin,2021.0,both,right_only
,,,,,,,,,,,,,,,,,,,2015.0,134.0,entourage,49263404.0,32363404.0,0.657,16900000.0,0.34,188222.0,6.201,927.0,Released,2015-06-03,49263404.0,104.0,False,30000000.0,en,21.143,Comedy,"Closest to the Hole Productions, Leverage Entertainment",United States of America,English,2015.0,both,right_only
,,,,,,,,,,,,,,,,,,,2023.0,159.0,epictails,15414272.0,355088.0,0.023,15059184.0,0.98,939338.0,6.868,38.0,Released,2023-01-25,4834952.0,95.0,False,0.0,fr,304.93,"Animation, Adventure, Fantasy, Family","TAT Productions, Apollo Films",France,"Danish, Finnish, French, Norwegian, Swedish",2023.0,both,right_only
,,,,,,,,,,,,,,,,,,,2024.0,140.0,escape,18456373.0,259242.0,0.0139999999999999,18197131.0,0.99,136080.0,5.959,111.0,Released,2012-09-28,0.0,76.0,False,0.0,no,8.728,"Action, History","FilmFondet Fuzz, Fantefilm",Norway,Norwegian,2012.0,both,right_only
,,,,,,,,,,,,,,,,,,,2024.0,140.0,escape,18456373.0,259242.0,0.0139999999999999,18197131.0,0.99,1146415.0,0.0,0.0,Released,2022-06-09,0.0,56.0,False,0.0,en,0.6,Documentary,"Ciele Athletics Pictures, Ten Fold Production",,English,2022.0,both,right_only
,,,,,,,,,,,,,,,,,,,2021.0,96.0,escapefrommogadishu,29902716.0,346271.0,0.012,29556445.0,0.99,607844.0,7.089,124.0,Released,2021-07-28,29855981.0,121.0,False,0.0,ko,19.244,"War, Action, Thriller, Drama","Filmmaker R&K, Dexter Studios, filmK",South Korea,"English, Korean, Somali",2021.0,both,right_only
52.0,"Jan 4, 2019","Jan 2, 2019",2019.0,escaperoom,Sony Pictures,Horror,Original Screenplay,Live Action,Contemporary Fiction,9000000.0,2717.0,2717.0,15143.0,18238172.0,57000756.0,93022307.0,98614971.0,155615727.0,2019.0,55.0,escaperoom,155712077.0,57005601.0,0.366,98706476.0,0.63,522681.0,6.535,4315.0,Released,2019-01-03,155712077.0,100.0,False,9000000.0,en,25.429,"Horror, Thriller, Mystery","Original Film, Columbia Pictures, Sony Pictures",United States of America,English,2019.0,both,both
69.0,"Jul 16, 2021","Jul 1, 2021",2021.0,escaperoomtournamentofchampions,Sony Pictures,Horror,Original Screenplay,Live Action,Contemporary Fiction,15000000.0,2815.0,2815.0,10177.0,8801391.0,25314753.0,28152400.0,28178311.0,53493064.0,2021.0,55.0,escaperoomtournamentofchampions,65774490.0,25314753.0,0.385,40459737.0,0.62,585216.0,6.58,1746.0,Released,2021-07-01,65774490.0,88.0,False,15000000.0,en,28.594,"Horror, Thriller, Mystery","Original Film, Columbia Pictures, Shaken, Not Stirred Productions",United States of America,English,2021.0,both,both
11.0,"Nov 5, 2021","Nov 3, 2021",2021.0,eternals,Walt Disney,Action,Based on Comic/Graphic Novel,Live Action,Super Hero,200000000.0,4090.0,4090.0,24370.0,71297219.0,164870264.0,183344611.0,236861495.0,401731759.0,2021.0,12.0,eternals,402064899.0,164870234.0,0.41,237194665.0,0.59,524434.0,6.927,7493.0,Released,2021-11-03,402064899.0,156.0,False,200000000.0,en,60.521,"Science Fiction, Action, Adventure",Marvel Studios,"Canada, United States of America","Arabic, English, Hindi, Latin, Spanish",2021.0,both,both
,,,,,,,,,,,,,,,,,,,2025.0,93.0,eternity,34651591.0,16210244.0,0.4679999999999999,18441347.0,0.532,382501.0,5.771,96.0,Released,2016-09-07,0.0,115.0,False,0.0,fr,7.246,"Drama, Romance","Artémis Productions, France 2 Cinéma, Pathé, Nord-Ouest Films","Belgium, France",French,2016.0,both,right_only
,,,,,,,,,,,,,,,,,,,2025.0,93.0,eternity,34651591.0,16210244.0,0.4679999999999999,18441347.0,0.532,1419879.0,10.0,1.0,Released,2025-01-16,0.0,5.0,False,400.0,en,0.0,"Drama, Thriller",,United States of America,English,2025.0,both,right_only
,,,,,,,,,,,,,,,,,,,2018.0,198.0,europeraiders,22435156.0,,,22435156.0,1.0,420644.0,7.37,46.0,Released,2018-08-17,0.0,101.0,False,0.0,cn,3.886,"Drama, Action, Adventure, Thriller",Jet Tone Films,"China, Hong Kong",Cantonese,2018.0,both,right_only
,,,,,,,,,,,,,,,,,,,2022.0,121.0,evenifthislovedisappearsfromtheworldtonight,16468933.0,,,16468933.0,1.0,977871.0,6.6,7.0,Released,2022-07-29,0.0,121.0,False,0.0,ja,5.647,"Romance, Drama",TOHO,Japan,Japanese,2022.0,both,right_only
36.0,"Sep 18, 2015","Aug 17, 2015",2015.0,everest,Universal,Adventure,Based on Real Life Events,Live Action,Dramatization,65000000.0,545.0,3009.0,10887.0,7222035.0,43482270.0,58337421.0,177814791.0,221297061.0,2015.0,38.0,everest,203427584.0,43482270.0,0.214,159945314.0,0.79,253412.0,6.81,4567.0,Released,2015-09-10,203427584.0,121.0,False,55000000.0,en,28.694,"Adventure, Drama, History","Cross Creek Pictures, Working Title Films, Walden Media, RVK Studios, Universal Pictures, Free State Pictures","Iceland, United States of America, United Kingdom",English,2015.0,both,both
,,,,,,,,,,,,,,,,,,,2017.0,99.0,everythingeverything,61721140.0,34121140.0,0.5529999999999999,27600000.0,0.45,417678.0,7.245,3583.0,Released,2017-05-18,61621140.0,96.0,False,10000000.0,en,12.543,"Drama, Romance","Alloy Entertainment, Itaca Films, Metro-Goldwyn-Mayer",United States of America,English,2017.0,both,right_only
36.0,"Mar 25, 2022","Mar 25, 2022",2022.0,everythingeverywhereallatonce,A24,Action,Original Screenplay,Live Action,Science Fiction,25000000.0,10.0,2220.0,28961.0,501305.0,77169474.0,82597485.0,67816884.0,144986358.0,2022.0,35.0,everythingeverywhereallatonce,138798484.0,77191785.0,0.556,61606699.0,0.44,545611.0,7.822,5210.0,Released,2022-03-24,139200000.0,140.0,False,25000000.0,en,64.278,"Action, Adventure, Science Fiction","AGBO, Ley Line Entertainment, Year of the Rat Productions, A24, IAC Films",United States of America,"Cantonese, Mandarin, English",2022.0,both,both
53.0,"Apr 21, 2023","Apr 19, 2023",2023.0,evildeadrise,Warner Bros.,Horror,Original Screenplay,Live Action,Contemporary Fiction,15000000.0,3402.0,3417.0,16204.0,24504315.0,67356372.0,69634426.0,79900000.0,147256372.0,2023.0,49.0,evildeadrise,147133054.0,67233054.0,0.457,79900000.0,0.54,713704.0,7.006,2292.0,Released,2023-04-12,146733054.0,96.0,False,15000000.0,en,188.126,"Thriller, Horror","New Line Cinema, Ghost House Pictures, Renaissance Pictures, Pacific Renaissance Pictures, Wild Atlantic Pictures","Ireland, New Zealand, United States of America",English,2023.0,both,both
,,,,,,,,,,,,,,,,,,,2015.0,157.0,exfiles2thebackupstrikesback,39108291.0,,,39108291.0,1.0,366686.0,5.5,9.0,Released,2015-11-05,0.0,114.0,False,0.0,zh,6.251,Comedy,Huayi Brothers Pictures,China,Mandarin,2015.0,both,right_only
58.0,"Mar 15, 2024","Feb 22, 2024",2024.0,exhuma,Well Go USA,Horror,Original Screenplay,Live Action,Contemporary Fiction,0.0,3.0,70.0,334.0,60512.0,2310900.0,2310900.0,82417699.0,84728599.0,2024.0,53.0,exhuma,93874846.0,2310900.0,0.025,91563946.0,0.98,,,,,,,,,,,,,,,,,left_only,both
,,,,,,,,,,,,,,,,,,,2019.0,94.0,exit,69501772.0,470699.0,0.0069999999999999,69031073.0,0.99,572164.0,7.6,200.0,Released,2019-07-31,69501772.0,103.0,False,10892000.0,ko,15.751,"Action, Comedy","Filmmaker R&K, filmK, CJ Entertainment",South Korea,Korean,2019.0,both,right_only
,,,,,,,,,,,,,,,,,,,2019.0,94.0,exit,69501772.0,470699.0,0.0069999999999999,69031073.0,0.99,9345.0,5.256,39.0,Released,2006-10-06,0.0,100.0,False,0.0,sv,5.849,"Drama, Mystery, Thriller","Daniel Collert Filmproduktion, Röde Orm Filmproduktion AB, Isis Cataegis",Sweden,"Danish, English, Swedish",2006.0,both,right_only
,,,,,,,,,,,,,,,,,,,2019.0,94.0,exit,69501772.0,470699.0,0.0069999999999999,69031073.0,0.99,204898.0,4.2,4.0,Released,2011-08-12,0.0,86.0,False,0.0,pt,0.6,Drama,"Itaú Cultural, Cinco Em Ponto, Agência Nacional do Cinema - ANCINE",Brazil,Portuguese,2011.0,both,right_only
,,,,,,,,,,,,,,,,,,,2015.0,163.0,exmachina,36869414.0,25442958.0,0.69,11426456.0,0.31,264660.0,7.572,12362.0,Released,2015-01-21,36869414.0,108.0,False,15000000.0,en,26.767,"Drama, Science Fiction","DNA Films, Film4 Productions, IAC Films, Scott Rudin Productions","United Kingdom, United States of America",English,2015.0,both,right_only
,,,,,,,,,,,,,,,,,,,2015.0,163.0,exmachina,36869414.0,25442958.0,0.69,11426456.0,0.31,1106784.0,0.0,0.0,Released,2023-04-28,0.0,36.0,False,0.0,ko,0.6,"Fantasy, Drama",,South Korea,Korean,2023.0,both,right_only
,,,,,,,,,,,,,,,,,,,2017.0,196.0,extraordinarymission,22757764.0,54174.0,0.002,22703590.0,1.0,445224.0,6.516,31.0,Released,2017-03-31,0.0,117.0,False,250000.0,zh,6.908,"Action, Crime, Thriller","Pop Movies, Beijing Perfect Film and Television Media Co., Ltd., CMC Pictures, Perfect World Pictures",China,"Cantonese, Mandarin, Sanskrit, Thai",2017.0,both,right_only
,,,,,,,,,,,,,,,,,,,2019.0,67.0,extremejob,119932733.0,1565885.0,0.013,118366848.0,0.99,567646.0,7.054,230.0,Released,2019-01-23,124652206.0,111.0,False,8120000.0,ko,12.303,"Action, Comedy, Crime","CJ Entertainment, about Film, Haegrimm Pictures",South Korea,"Mandarin, Korean",2019.0,both,right_only
,,,,,,,,,,,,,,,,,,,2016.0,152.0,eyeinthesky,35259653.0,18704595.0,0.53,16555058.0,0.47,333352.0,7.028,1436.0,Released,2015-09-07,18704595.0,102.0,False,13000000.0,en,15.282,"Drama, Thriller, War","Raindog Films, Entertainment One Features",United Kingdom,"Somali, English",2015.0,both,right_only
9.0,"Jun 27, 2025","Jun 25, 2025",2025.0,f1themovie,Warner Bros.,Action,Original Screenplay,Live Action,Contemporary Fiction,0.0,3661.0,3732.0,23462.0,57001667.0,189642436.0,189642436.0,443600000.0,633242436.0,2025.0,9.0,f1themovie,633242436.0,189642436.0,0.299,443600000.0,0.701,,,,,,,,,,,,,,,,,left_only,both
,,,,,,,,,,,,,,,,,,,2022.0,167.0,f3funandfrustration,9849193.0,1195000.0,0.121,8654193.0,0.88,802065.0,3.8,8.0,Released,2022-05-27,0.0,148.0,False,0.0,te,5.458,"Comedy, Romance",Sri Venkateswara Creations,India,Telugu,2022.0,both,right_only
4.0,"Jun 25, 2021","May 20, 2021",2021.0,f9thefastsaga,Universal,Action,Original Screenplay,Live Action,Contemporary Fiction,200000000.0,4179.0,4203.0,26222.0,70043165.0,173005945.0,192398945.0,546354123.0,719360068.0,2021.0,5.0,f9thefastsaga,726229501.0,173005945.0,0.238,553223556.0,0.76,,,,,,,,,,,,,,,,,left_only,both
,,,,,,,,,,,,,,,,,,,2023.0,183.0,faceoff6theticketofdestiny,11538081.0,,,11538081.0,1.0,1072077.0,6.5,2.0,Released,2023-04-28,0.0,131.0,False,0.0,vi,1.105,"Action, Drama",Ly Hai Production,Vietnam,Vietnamese,2023.0,both,right_only
,,,,,,,,,,,,,,,,,,,2022.0,118.0,fall,18039979.0,7240521.0,0.401,10799458.0,0.6,985939.0,7.253,3217.0,Released,2022-08-11,16120263.0,107.0,False,3000000.0,en,135.599,Thriller,"Tea Shop Productions, BuzzFeed Studios, Capstone Pictures","United Kingdom, United States of America",English,2022.0,both,right_only
,,,,,,,,,,,,,,,,,,,2022.0,118.0,fall,18039979.0,7240521.0,0.401,10799458.0,0.6,449273.0,1.0,1.0,Released,2017-03-27,0.0,20.0,False,0.0,en,0.6,Drama,MOONSLUT,United States of America,English,2017.0,both,right_only
,,,,,,,,,,,,,,,,,,,2019.0,161.0,fallinloveatfirstkiss,29206238.0,,,29206238.0,1.0,576393.0,6.556,81.0,Released,2019-02-14,29.0,123.0,False,0.0,zh,14.947,"Romance, Comedy","Tangren Media, Bestpal, Wanda Pictures, Huaxia Film Distribution","China, Taiwan",Mandarin,2019.0,both,right_only
,,,,,,,,,,,,,,,,,,,2022.0,192.0,familyaffairs,7330755.0,,,7330755.0,1.0,899792.0,6.82,25.0,Released,2022-10-20,0.0,87.0,False,0.0,de,4.259,Comedy,Constantin Film,Germany,"German, Spanish",2022.0,both,right_only
,,,,,,,,,,,,,,,,,,,2018.0,125.0,familyisfamily,49954866.0,,,49954866.0,1.0,456165.0,5.804,683.0,Released,2018-02-28,0.0,107.0,False,0.0,fr,6.263,Comedy,Pathé,France,French,2018.0,both,right_only
,,,,,,,,,,,,,,,,,,,2016.0,172.0,fan,28240000.0,2300000.0,0.081,25940000.0,0.92,377985.0,6.289,227.0,Released,2016-04-14,28000000.0,138.0,False,12750000.0,hi,6.594,"Action, Adventure, Thriller","Red Chillies Entertainment, Yash Raj Films",India,Hindi,2016.0,both,right_only
,,,,,,,,,,,,,,,,,,,2016.0,172.0,fan,28240000.0,2300000.0,0.081,25940000.0,0.92,1569766.0,0.0,0.0,Released,2025-10-25,0.0,0.0,False,0.0,fr,0.0214,Comedy,,Canada,,2025.0,both,right_only
,,,,,,,,,,,,,,,,,,,2016.0,172.0,fan,28240000.0,2300000.0,0.081,25940000.0,0.92,594657.0,0.0,0.0,Released,1993-01-01,0.0,10.0,False,0.0,ja,0.6,,Voyant Cinémathèque,Japan,,1993.0,both,right_only
,,,,,,,,,,,,,,,,,,,2017.0,89.0,fantasticaabooniebearsadventure,77151096.0,,,77151096.0,1.0,462927.0,6.6,8.0,Released,2017-01-28,77174241.0,0.0,False,0.0,zh,4.175,"Animation, Fantasy, Family, Action","Fantawild Animation, Le Vision Pictures (Tianjin) Co., Poly Film Investment Co.,Ltd, Shenzhen Huaqiang Shuzi Dongman, Tianjin Youyang Dongman Culture Media, Cinemaus Studio",China,Mandarin,2017.0,both,right_only
8.0,"Nov 18, 2016","Nov 14, 2016",2016.0,fantasticbeastsandwheretofindthem,Warner Bros.,Adventure,Spin-Off,Animation/Live Action,Fantasy,180000000.0,4144.0,4144.0,26479.0,74403387.0,234037575.0,305477536.0,582000000.0,816037575.0,2016.0,8.0,fantasticbeastsandwheretofindthem,816037575.0,234037575.0,0.287,582000000.0,0.71,259316.0,7.334,17892.0,Released,2016-11-16,809342332.0,132.0,False,180000000.0,en,46.103,"Fantasy, Adventure, Family","Heyday Films, Warner Bros. Pictures","United Kingdom, United States of America",English,2016.0,both,both
,,,,,,,,,,,,,,,,,,,2018.0,10.0,fantasticbeaststhecrimesofgrindelwald,655755901.0,159555901.0,0.243,496200000.0,0.76,338952.0,6.876,10203.0,Released,2018-11-14,654855901.0,134.0,False,200000000.0,en,29.783,"Fantasy, Adventure, Family","Warner Bros. Pictures, Heyday Films","United Kingdom, United States of America","English, French",2018.0,both,right_only
,,,,,,,,,,,,,,,,,,,2022.0,12.0,fantasticbeaststhesecretsofdumbledore,407150844.0,95850844.0,0.235,311300000.0,0.77,338953.0,6.721,3816.0,Released,2022-04-06,406950844.0,142.0,False,200000000.0,en,73.975,"Fantasy, Adventure, Family","Warner Bros. Pictures, Heyday Films","United Kingdom, United States of America",English,2022.0,both,right_only
46.0,"Aug 7, 2015","Aug 5, 2015",2015.0,fantasticfour,20th Century Fox,Action,Based on Comic/Graphic Novel,Live Action,Super Hero,120000000.0,3995.0,4004.0,14869.0,25685737.0,56117548.0,75289381.0,111731639.0,167849187.0,2015.0,44.0,fantasticfour,167882881.0,56117548.0,0.3339999999999999,111765333.0,0.67,9738.0,5.775,8765.0,Released,2005-06-29,333535934.0,106.0,False,100000000.0,en,23.572,"Action, Adventure, Fantasy, Science Fiction","Kumar Mobiliengesellschaft mbH & Co. Projekt Nr. 3 KG, 1492 Pictures, Marvel Enterprises, 20th Century Fox, Bernd Eichinger Productions, Constantin Film","Germany, United States of America",English,2005.0,both,both
35.0,"Feb 14, 2020","Feb 12, 2020",2020.0,fantasyisland,Sony Pictures,Horror,Based on TV,Live Action,Contemporary Fiction,7000000.0,2784.0,2784.0,10169.0,12310420.0,26441782.0,32576962.0,22624494.0,49066276.0,2020.0,29.0,fantasyisland,49447308.0,27309289.0,0.552,22138019.0,0.45,539537.0,5.844,2245.0,Released,2020-02-12,49447308.0,109.0,False,7000000.0,en,15.29,"Horror, Fantasy, Adventure, Mystery","Blumhouse Productions, Columbia Pictures, Tower of Babble",United States of America,English,2020.0,both,both
,,,,,,,,,,,,,,,,,,,2015.0,183.0,farfromthemaddingcrowd,30229977.0,12236500.0,0.405,17993477.0,0.6,250734.0,7.052,963.0,Released,2015-04-23,30229977.0,119.0,False,0.0,en,11.149,"Drama, Romance","Fox Searchlight Pictures, BBC Film, DNA Films",United States of America,"French, English, Italian",2015.0,both,right_only
11.0,"Aug 2, 2019","Jul 31, 2019",2019.0,fastfuriouspresentshobbsshaw,Universal,Action,Spin-Off,Live Action,Contemporary Fiction,200000000.0,4253.0,4344.0,26762.0,60038950.0,173956935.0,214787441.0,586775991.0,760732926.0,2019.0,11.0,fastfuriouspresentshobbsshaw,760732926.0,173956935.0,0.2289999999999999,586775991.0,0.77,384018.0,6.867,6618.0,Released,2019-08-01,760098996.0,137.0,False,200000000.0,en,70.691,"Action, Adventure, Comedy","Chris Morgan Productions, Seven Bucks Productions, Universal Pictures",United States of America,"English, Russian, Samoan",2019.0,both,both
5.0,"May 19, 2023","May 17, 2023",2023.0,fastx,Universal,Action,Original Screenplay,Live Action,Contemporary Fiction,340000000.0,4046.0,4088.0,17758.0,67017410.0,146126015.0,151068122.0,568249099.0,714375114.0,2023.0,5.0,fastx,704875015.0,146126015.0,0.207,558749000.0,0.79,385687.0,7.265,3881.0,Released,2023-05-17,704709660.0,142.0,False,340000000.0,en,1175.267,"Action, Crime, Thriller","Universal Pictures, Original Film, One Race, Perfect Storm Entertainment",United States of America,English,2023.0,both,both
,,,,,,,,,,,,,,,,,,,2020.0,144.0,fatale,7031289.0,6306897.0,0.897,724392.0,0.1,549514.0,6.058,292.0,Released,2020-12-18,0.0,102.0,False,0.0,en,14.192,"Drama, Thriller","Hidden Empire Film Group, Summit Entertainment",United States of America,English,2020.0,both,right_only
,,,,,,,,,,,,,,,,,,,2018.0,151.0,fatbuddies,37496410.0,,,37496410.0,1.0,551777.0,6.0,3.0,Released,2018-09-30,0.0,109.0,False,0.0,zh,1.286,"Comedy, Action","Beijing Jujiao Film Cultural Media Limited Company, Haining Hema Film Industry Company Limited","China, Japan",Mandarin,2018.0,both,right_only
,,,,,,,,,,,,,,,,,,,2020.0,71.0,fatestaynightheavensfeeliiispringsong,19252497.0,200000.0,0.01,19052497.0,0.99,390635.0,7.8,153.0,Released,2020-08-15,20150000.0,120.0,False,0.0,ja,12.016,"Animation, Romance, Fantasy, Action, Drama","ufotable, Aniplex, TYPE-MOON, STUDIO MAUSU, KADOKAWA",Japan,Japanese,2020.0,both,right_only
,,,,,,,,,,,,,,,,,,,2017.0,186.0,fatherfigures,25701244.0,17501244.0,0.6809999999999999,8200000.0,0.32,354861.0,5.797,577.0,Released,2017-12-21,25601244.0,125.0,False,25000000.0,en,11.101,Comedy,"Alcon Entertainment, The Montecito Picture Company, DMG Entertainment",United States of America,English,2017.0,both,right_only
,,,,,,,,,,,,,,,,,,,2022.0,103.0,fatherstu,21592379.0,20884796.0,0.967,707583.0,0.03,809140.0,7.241,462.0,Released,2022-04-13,21591034.0,124.0,False,4000000.0,en,15.17,Drama,"Municipal Pictures, Palm Drive Productions",United States of America,English,2022.0,both,right_only
,,,,,,,,,,,,,,,,,,,2020.0,83.0,fatherthereisonlyone2,15373181.0,,,15373181.0,1.0,668742.0,7.518,508.0,Released,2020-07-29,14871307.0,96.0,False,4000000.0,es,25.913,"Comedy, Family","Atresmedia, Bowfinger, Sony Pictures International Productions",Spain,Spanish,2020.0,both,right_only
,,,,,,,,,,,,,,,,,,,2016.0,109.0,fences,64414761.0,57682904.0,0.895,6731857.0,0.11,393457.0,6.874,2458.0,Released,2016-12-16,64414761.0,139.0,False,24000000.0,en,21.302,Drama,"Paramount, Scott Rudin Productions, MACRO, Bron Studios, Escape Artists","Canada, United States of America",English,2016.0,both,right_only
35.0,"Dec 15, 2017","Dec 8, 2017",2017.0,ferdinand,20th Century Fox,Adventure,Based on Fiction Book/Short Story,Digital Animation,Kids Fiction,111000000.0,3621.0,3630.0,21453.0,13401586.0,84410380.0,105832443.0,223081265.0,307491645.0,2017.0,33.0,ferdinand,296069199.0,84410380.0,0.285,211658819.0,0.72,364689.0,7.232,2652.0,Released,2017-12-09,295038508.0,108.0,False,111000000.0,en,33.933,"Animation, Family, Adventure, Comedy","Blue Sky Studios, 20th Century Fox Animation, Davis Entertainment, 20th Century Fox",United States of America,English,2017.0,both,both
,,,,,,,,,,,,,,,,,,,2023.0,102.0,ferrari,43601123.0,18550028.0,0.425,25051095.0,0.58,15475.0,7.0,44.0,Released,2003-02-16,0.0,215.0,False,0.0,it,8.379,Drama,"Victory Media Group, Rizzoli Audiovisivi",Italy,Italian,2003.0,both,right_only
25.0,"Feb 10, 2017","Feb 8, 2017",2017.0,fiftyshadesdarker,Universal,Drama,Based on Fiction Book/Short Story,Live Action,Contemporary Fiction,55000000.0,3710.0,3714.0,15139.0,46607250.0,114434010.0,144286364.0,266933036.0,381367046.0,2017.0,25.0,fiftyshadesdarker,381545846.0,114581250.0,0.3,266964596.0,0.7,341174.0,6.492,7259.0,Released,2017-02-08,378827494.0,118.0,False,55000000.0,en,58.367,"Drama, Romance","Universal Pictures, Perfect World Pictures, Michael De Luca Productions, dentsu, Fuji Television Network, Perfect World Pictures",United States of America,English,2017.0,both,both
25.0,"Feb 9, 2018","Feb 7, 2018",2018.0,fiftyshadesfreed,Universal,Drama,Based on Fiction Book/Short Story,Live Action,Contemporary Fiction,55000000.0,3768.0,3768.0,16324.0,38560195.0,100407760.0,124655517.0,271577258.0,371985018.0,2018.0,26.0,fiftyshadesfreed,371985018.0,100407760.0,0.27,271577258.0,0.73,337167.0,6.705,7511.0,Released,2018-01-17,368307760.0,105.0,False,55000000.0,en,93.385,"Drama, Romance","Universal Pictures, Perfect World Pictures",United States of America,English,2018.0,both,both
11.0,"Feb 13, 2015","Feb 11, 2015",2015.0,fiftyshadesofgrey,Universal,Drama,Based on Fiction Book/Short Story,Live Action,Contemporary Fiction,40000000.0,3646.0,3655.0,18340.0,85171450.0,166167230.0,222936104.0,404627720.0,570794950.0,2015.0,11.0,fiftyshadesofgrey,569651467.0,166167230.0,0.292,403484237.0,0.71,216015.0,5.882,11101.0,Released,2015-02-11,571006128.0,125.0,False,40000000.0,en,96.283,"Drama, Romance, Thriller","Focus Features, Michael De Luca Productions, Trigger Street Productions",United States of America,English,2015.0,both,both
,,,,,,,,,,,,,,,,,,,2019.0,134.0,fightingwithmyfamily,41503392.0,22958886.0,0.5529999999999999,18544506.0,0.45,445629.0,6.859,1561.0,Released,2019-02-14,39055536.0,108.0,False,11000000.0,en,23.287,Comedy,"WWE Studios, Misher Films, Seven Bucks Productions, Film4 Productions, The Ink Factory, Metro-Goldwyn-Mayer","United Kingdom, United States of America",English,2019.0,both,right_only
21.0,"May 16, 2025","May 9, 2025",2025.0,finaldestinationbloodlines,Warner Bros.,Horror,Original Screenplay,Live Action,Contemporary Fiction,50000000.0,3523.0,3523.0,17824.0,51600106.0,138254739.0,138254739.0,179600000.0,317854739.0,2025.0,21.0,finaldestinationbloodlines,317854739.0,138254739.0,0.435,179600000.0,0.565,,,,,,,,,,,,,,,,,left_only,both
3.0,"Jun 17, 2016","Jun 16, 2016",2016.0,findingdory,Walt Disney,Adventure,Original Screenplay,Digital Animation,Kids Fiction,200000000.0,4305.0,4305.0,32649.0,135060273.0,486295561.0,635838473.0,538710564.0,1025006125.0,2016.0,3.0,findingdory,1028570889.0,486295561.0,0.473,542275328.0,0.53,127380.0,7.042,11429.0,Released,2016-06-16,1028570889.0,97.0,False,200000000.0,en,26.562,"Adventure, Animation, Comedy, Family","Pixar, Walt Disney Pictures",United States of America,English,2016.0,both,both
75.0,"Dec 31, 2016","Apr 29, 2016",2016.0,findingmrright2,,Drama,Original Screenplay,Live Action,Contemporary Fiction,0.0,0.0,0.0,0.0,0.0,0.0,0.0,116100802.0,116100802.0,,,findingmrright2,,,,,,395181.0,5.9,29.0,Released,2016-04-29,0.0,132.0,False,0.0,zh,4.555,Romance,安乐（北京）电影发行有限公司,China,Mandarin,2016.0,right_only,both
,,,,,,,,,,,,,,,,,,,2022.0,187.0,finnick,7631474.0,,,7631474.0,1.0,597845.0,6.4,11.0,Released,2022-03-24,7523353.0,85.0,False,0.0,ru,3.675,"Comedy, Adventure, Animation","Riki Group, Animation Studio ""Petersburg""",Russia,Russian,2022.0,both,right_only
69.0,"Dec 31, 2020","Dec 4, 2024",2020.0,firefighters,,Drama,Original Screenplay,Live Action,Contemporary Fiction,0.0,0.0,0.0,0.0,0.0,0.0,0.0,25170899.0,25170899.0,,,firefighters,,,,,,38310.0,5.766,250.0,Released,1985-10-25,0.0,97.0,False,0.0,it,6.481,Comedy,"C.G. Silver Film, Maura International Films",Italy,Italian,1985.0,right_only,both
,,,,,,,,,,,,,,,,,,,2022.0,132.0,firestarter,15039250.0,9739250.0,0.648,5300000.0,0.35,11495.0,6.292,609.0,Released,1984-05-11,17080167.0,114.0,False,15000000.0,en,15.883,"Horror, Thriller, Science Fiction","Dino De Laurentiis Company, Universal Pictures, Metro-Goldwyn-Mayer",United States of America,English,1984.0,both,right_only
,,,,,,,,,,,,,,,,,,,2017.0,187.0,fireworks,25672406.0,525280.0,0.02,25147126.0,0.98,5910.0,7.682,593.0,Released,1997-10-30,0.0,103.0,False,0.0,ja,21.377,"Crime, Drama","Bandai Visual, Office Kitano, TV Tokyo, Tokyo FM",Japan,Japanese,1997.0,both,right_only
,,,,,,,,,,,,,,,,,,,2017.0,187.0,fireworks,25672406.0,525280.0,0.02,25147126.0,0.98,1468467.0,0.0,0.0,Released,1998-01-01,0.0,0.0,False,0.0,en,0.0071,Documentary,Grandvue Productions,United States of America,,1998.0,both,right_only
69.0,"Oct 12, 2018","Oct 10, 2018",2018.0,firstman,Universal,Drama,Based on Factual Book/Article,Live Action,Dramatization,60000000.0,3640.0,3640.0,13619.0,16006065.0,44936545.0,55788305.0,60587192.0,105523737.0,2018.0,64.0,firstman,105697415.0,44936545.0,0.425,60760870.0,0.58,369972.0,7.045,4896.0,Released,2018-10-10,105713218.0,141.0,False,70000000.0,en,25.21,"History, Drama","DreamWorks Pictures, Temple Hill Entertainment, Universal Pictures, Amblin Entertainment, Phantasma Films, Perfect World Pictures",United States of America,English,2018.0,both,both
,,,,,,,,,,,,,,,,,,,2017.0,140.0,fistfight,41187017.0,32187017.0,0.7809999999999999,9000000.0,0.22,345922.0,6.08,1169.0,Released,2017-02-16,41087017.0,91.0,False,22000000.0,en,16.7,Comedy,"Wrigley Pictures, New Line Cinema, Van Brand, 21 Laps Entertainment, Village Roadshow Pictures",United States of America,English,2017.0,both,right_only
76.0,"Mar 15, 2019","Mar 13, 2019",2019.0,fivefeetapart,Lionsgate,Drama,Based on Fiction Book/Short Story,Live Action,Contemporary Fiction,7000000.0,2803.0,2866.0,13871.0,13190286.0,45729221.0,56462608.0,46824988.0,92554209.0,2019.0,80.0,fivefeetapart,92554209.0,45729221.0,0.494,46824988.0,0.51,527641.0,8.287,5254.0,Released,2019-03-14,92600000.0,116.0,False,7000000.0,en,29.178,"Romance, Drama","Wayfarer Entertainment, CBS Films",United States of America,"English, Spanish, French",2019.0,both,both
27.0,"Oct 27, 2023","Oct 25, 2023",2023.0,fivenightsatfreddys,Universal,Horror,Based on Game,Live Action,Contemporary Fiction,20000000.0,3675.0,3789.0,16841.0,80001720.0,137275620.0,141918400.0,159966525.0,297242145.0,2023.0,25.0,fivenightsatfreddys,291493620.0,137275620.0,0.471,154218000.0,0.53,1191772.0,0.0,0.0,Released,2023-10-09,0.0,7.0,False,0.0,pt,2.744,"Horror, Thriller, Comedy",,Brazil,Portuguese,2023.0,both,both
26.0,"Dec 5, 2025","Dec 3, 2025",2025.0,fivenightsatfreddys2,Universal,Horror,Based on Game,Live Action,Contemporary Fiction,51000000.0,3412.0,3579.0,15924.0,64007430.0,127730290.0,127730290.0,111772329.0,239502619.0,2025.0,26.0,fivenightsatfreddys2,238378082.0,127730290.0,0.536,110647792.0,0.4639999999999999,,,,,,,,,,,,,,,,,left_only,both
,,,,,,,,,,,,,,,,,,,2017.0,129.0,flatliners,45158254.0,16883115.0,0.374,28275139.0,0.63,400710.0,5.7,2147.0,Released,2017-09-28,45158254.0,111.0,False,19000000.0,en,14.902,"Drama, Horror, Thriller","The Safran Company, Columbia Pictures, Cross Creek Pictures, Furthur Films, Laurence Mark Productions",United States of America,English,2017.0,both,right_only
89.0,"Jan 24, 2025","Jan 22, 2025",2025.0,flightrisk,Lionsgate,Thriller/Suspense,Original Screenplay,Live Action,Contemporary Fiction,25000000.0,3161.0,3161.0,12186.0,11583488.0,29783527.0,29783527.0,18919647.0,48703174.0,2025.0,74.0,flightrisk,48701987.0,29783527.0,0.612,18918460.0,0.3879999999999999,1001869.0,6.462,13.0,Released,2022-09-09,0.0,98.0,False,0.0,en,3.037,Documentary,The Othrs,United States of America,English,2022.0,both,both
,,,,,,,,,,,,,,,,,,,2016.0,128.0,florencefosterjenkins,48902953.0,27383770.0,0.56,21519183.0,0.44,315664.0,6.654,1379.0,Released,2016-05-06,48902953.0,110.0,False,29000000.0,en,10.953,"Comedy, Drama","BBC Film, Qwerty Films, Pathé","United Kingdom, United States of America",English,2016.0,both,right_only
,,,,,,,,,,,,,,,,,,,2024.0,100.0,flow,30857505.0,4844117.0,0.157,26013388.0,0.84,293450.0,5.0,5.0,Released,2014-05-08,0.0,89.0,False,0.0,da,1.595,Drama,Beofilm,Denmark,Danish,2014.0,both,right_only
,,,,,,,,,,,,,,,,,,,2024.0,100.0,flow,30857505.0,4844117.0,0.157,26013388.0,0.84,1281775.0,0.0,0.0,Released,2024-02-01,0.0,8.0,False,0.0,en,0.6,Animation,"d’strict, Outernet","South Korea, United Kingdom",No Language,2024.0,both,right_only
,,,,,,,,,,,,,,,,,,,2015.0,186.0,flyingcolors,28525563.0,,,28525563.0,1.0,349498.0,7.455,112.0,Released,2015-05-01,23600000.0,117.0,False,0.0,ja,8.091,"Comedy, Drama",TOHO,Japan,Japanese,2015.0,both,right_only
97.0,"Jul 12, 2024","Jul 5, 2024",2024.0,flymetothemoon,Sony Pictures,Romantic Comedy,Original Screenplay,Live Action,Historical Fiction,100000000.0,3356.0,3356.0,8868.0,9402176.0,20532222.0,20532222.0,17666129.0,38198351.0,2024.0,79.0,flymetothemoon,42260534.0,20532222.0,0.486,21728312.0,0.51,13956.0,4.828,172.0,Released,2008-08-15,41412264.0,84.0,False,25000000.0,en,7.79,"Adventure, Animation, Family","uFilm, nWave Pictures, Illuminata Pictures, uMedia","Belgium, United States of America",English,2008.0,both,both
97.0,"Jul 12, 2024","Jul 5, 2024",2024.0,flymetothemoon,Sony Pictures,Romantic Comedy,Original Screenplay,Live Action,Historical Fiction,100000000.0,3356.0,3356.0,8868.0,9402176.0,20532222.0,20532222.0,17666129.0,38198351.0,2024.0,79.0,flymetothemoon,42260534.0,20532222.0,0.486,21728312.0,0.51,286758.0,0.0,0.0,Released,1988-01-04,0.0,0.0,False,0.0,en,0.893,"Fantasy, Adventure, Comedy",,Philippines,,1988.0,both,both
,,,,,,,,,,,,,,,,,,,2019.0,150.0,flymetothesaitama,32802347.0,,,32802347.0,1.0,554814.0,6.9,15.0,Released,2019-02-22,32802347.0,106.0,False,0.0,ja,3.676,Comedy,Toei Company,Japan,Japanese,2019.0,both,right_only
45.0,"Feb 27, 2015","Feb 26, 2015",2015.0,focus,Warner Bros.,Comedy,Original Screenplay,Live Action,Contemporary Fiction,65000000.0,3323.0,3323.0,14437.0,18685137.0,53862963.0,72264544.0,114202737.0,168065700.0,2015.0,47.0,focus,159162963.0,53862963.0,0.3379999999999999,105300000.0,0.66,256591.0,6.875,7321.0,Released,2015-02-25,153962963.0,105.0,False,50100000.0,en,36.414,"Romance, Comedy, Crime","K & S Films, RatPac Entertainment, Zaftig Films, Warner Bros. Pictures, Di Novi Pictures",United States of America,English,2015.0,both,both
45.0,"Feb 27, 2015","Feb 26, 2015",2015.0,focus,Warner Bros.,Comedy,Original Screenplay,Live Action,Contemporary Fiction,65000000.0,3323.0,3323.0,14437.0,18685137.0,53862963.0,72264544.0,114202737.0,168065700.0,2015.0,47.0,focus,159162963.0,53862963.0,0.3379999999999999,105300000.0,0.66,1539160.0,0.0,0.0,Released,2025-06-28,0.0,3.0,False,50.0,en,0.0857,Drama,,Indonesia,Indonesian,2025.0,both,both
40.0,"Nov 15, 2019","Nov 14, 2019",2019.0,fordvferrari,20th Century Fox,Drama,Based on Factual Book/Article,Live Action,Dramatization,97600000.0,3528.0,3746.0,25166.0,31474958.0,117624357.0,145204645.0,106766349.0,224390706.0,2019.0,40.0,fordvferrari,225508210.0,117624357.0,0.522,107883853.0,0.48,359724.0,8.01,6972.0,Released,2019-11-13,225508210.0,153.0,False,97600000.0,en,78.353,"Drama, Action, History","20th Century Fox, TSG Entertainment, Chernin Entertainment, Turnpike Films",United States of America,"French, Japanese, Italian, English",2019.0,both,both
,,,,,,,,,,,,,,,,,,,2017.0,71.0,foreveryoung,119055731.0,,,119055731.0,1.0,10326.0,6.464,815.0,Released,1992-12-16,127956187.0,102.0,False,0.0,en,15.95,"Adventure, Fantasy, Drama, Science Fiction, Romance","Icon Entertainment International, Warner Bros. Pictures",United States of America,English,1992.0,both,right_only
,,,,,,,,,,,,,,,,,,,2015.0,118.0,foreveryoung,59981902.0,149761.0,0.002,59832141.0,1.0,10326.0,6.464,815.0,Released,1992-12-16,127956187.0,102.0,False,0.0,en,15.95,"Adventure, Fantasy, Drama, Science Fiction, Romance","Icon Entertainment International, Warner Bros. Pictures",United States of America,English,1992.0,both,right_only
,,,,,,,,,,,,,,,,,,,2022.0,119.0,fragmentsofthelastwill,17954691.0,,,17954691.0,1.0,1030205.0,6.0,1.0,Released,2022-12-09,0.0,134.0,False,0.0,ja,5.044,"History, Drama",TOHO,Japan,Japanese,2022.0,both,right_only
38.0,"Aug 8, 2025","Aug 6, 2025",2025.0,freakierfriday,Walt Disney,Comedy,Original Screenplay,Live Action,Contemporary Fiction,42000000.0,3975.0,3975.0,23790.0,28583167.0,94186236.0,94186236.0,58971128.0,153157364.0,2025.0,34.0,freakierfriday,153176952.0,94186236.0,0.615,58990716.0,0.385,,,,,,,,,,,,,,,,,left_only,both
92.0,"Nov 13, 2020","Nov 12, 2020",2020.0,freaky,Universal,Horror,Original Screenplay,Live Action,Contemporary Fiction,6000000.0,2472.0,2472.0,10961.0,3600355.0,9030855.0,11086819.0,9042578.0,18073433.0,2020.0,74.0,freaky,18073433.0,9030855.0,0.5,9042578.0,0.5,551804.0,6.574,1410.0,Released,2020-11-12,15104310.0,102.0,False,5000000.0,en,20.475,"Comedy, Fantasy, Horror, Thriller","Universal Pictures, Blumhouse Productions, Divide / Conquer",United States of America,"English, Spanish",2020.0,both,both
13.0,"Aug 13, 2021","Aug 11, 2021",2021.0,freeguy,20th Century Studios,Action,Original Screenplay,Live Action,Science Fiction,0.0,4165.0,4165.0,32093.0,28365416.0,121626598.0,135260260.0,201452243.0,323078841.0,2021.0,14.0,freeguy,331526598.0,121626598.0,0.367,209900000.0,0.63,550988.0,7.55,7662.0,Released,2021-08-11,331526598.0,115.0,False,110000000.0,en,62.599,"Comedy, Adventure, Science Fiction","Berlanti Productions, 21 Laps Entertainment, Maximum Effort, Lit Entertainment Group, 20th Century Studios",United States of America,"Japanese, English",2021.0,both,both
,,,,,,,,,,,,,,,,,,,2023.0,195.0,freelance,10196704.0,5314136.0,0.521,4882568.0,0.48,245820.0,0.0,0.0,Released,2007-03-02,0.0,63.0,False,0.0,en,0.6,Comedy,,,English,2007.0,both,right_only
,,,,,,,,,,,,,,,,,,,2018.0,171.0,freesolo,29237004.0,17541090.0,0.6,11695914.0,0.4,515042.0,7.908,1186.0,Released,2018-09-28,21790193.0,100.0,False,0.0,en,9.771,"Documentary, Adventure","National Geographic, Parkes+MacDonald Image Nation, Little Monster Films, MacDonald/Parkes Productions, Itinerant Media, Image Nation, National Geographic Documentary Films",United States of America,English,2018.0,both,right_only
,,,,,,,,,,,,,,,,,,,2016.0,184.0,freestateofjones,25035950.0,20810036.0,0.831,4225914.0,0.17,316152.0,6.7,1361.0,Released,2016-06-24,25035950.0,140.0,False,50000000.0,en,14.529,"Action, Drama, History, War","Vendian Entertainment, Larger Than Life Productions, STX Films, Bluegrass Films, Rahway Road Productions, Huayi Brothers Pictures, IM Global, Route One Entertainment, Union Investment Partners","China, South Korea, United States of America",English,2016.0,both,right_only
,,,,,,,,,,,,,,,,,,,2025.0,137.0,friendship,16544104.0,16252948.0,0.982,291156.0,0.018,35217.0,6.3,118.0,Released,2010-01-13,0.0,110.0,False,0.0,de,7.465,"Comedy, Drama","Mr. Brown Entertainment, Wiedemann & Berg Film, Deutsche Columbia TriStar Filmproduktion, Barefoot Films, Sony Pictures Releasing, SevenPictures Film","Germany, United States of America",German,2010.0,both,right_only
,,,,,,,,,,,,,,,,,,,2025.0,137.0,friendship,16544104.0,16252948.0,0.982,291156.0,0.018,72743.0,5.889,9.0,Released,2008-07-03,0.0,115.0,False,0.0,th,1.574,"Drama, Romance",Right Beyond,Thailand,Thai,2008.0,both,right_only
,,,,,,,,,,,,,,,,,,,2020.0,33.0,fromtodayitsmyturnthemovie,47895887.0,,,47895887.0,1.0,698222.0,6.824,17.0,Released,2020-07-17,0.0,114.0,False,0.0,ja,4.154,"Comedy, Action","AX-ON, Nippon Television Network Corporation",Japan,Japanese,2020.0,both,right_only
,,,,,,,,,,,,,,,,,,,2015.0,46.0,fromvegastomacauii,163877532.0,,,163877532.0,1.0,329984.0,5.068,37.0,Released,2015-02-19,0.0,110.0,False,0.0,cn,5.284,Comedy,"Sun Entertainment Culture, Bona International Film Group, Media Asia Films, Mega-Vision Pictures (MVP)",Hong Kong,"Thai, Cantonese",2015.0,both,right_only
,,,,,,,,,,,,,,,,,,,2016.0,50.0,fromvegastomacauiii,181732879.0,,,181732879.0,1.0,381002.0,4.029,35.0,Released,2016-02-06,0.0,112.0,False,0.0,cn,5.56,"Action, Comedy","Mega-Vision Project Workshop, Media Asia Film Company Limited, China Star Entertainment, Bona Film Group, Sun Entertainment Culture, TVB",Hong Kong,"Mandarin, Cantonese",2016.0,both,right_only
3.0,"Nov 22, 2019","Nov 20, 2019",2019.0,frozenii,Walt Disney,Musical,Based on Folk Tale/Legend/Fairytale,Digital Animation,Kids Fiction,150000000.0,4440.0,4440.0,38297.0,130263358.0,477373578.0,589293820.0,974279738.0,1451653316.0,2019.0,3.0,frozenii,1450026933.0,477373578.0,0.3289999999999999,972653355.0,0.67,330457.0,7.272,9060.0,Released,2019-11-20,1450026933.0,103.0,False,150000000.0,en,70.221,"Family, Animation, Adventure, Comedy, Fantasy","Walt Disney Pictures, Walt Disney Animation Studios",United States of America,English,2019.0,both,both
,,,,,,,,,,,,,,,,,,,2020.0,137.0,fukushima50,7494243.0,,,7494243.0,1.0,563067.0,6.366,142.0,Released,2020-03-06,7494243.0,122.0,False,0.0,ja,9.855,"History, Drama, Action","Shochiku, KADOKAWA",Japan,Japanese,2020.0,both,right_only
8.0,"Mar 17, 2023","Jan 22, 2023",2023.0,fullriverred,NiuVision Media,Drama,Original Screenplay,Live Action,Historical Fiction,0.0,0.0,0.0,0.0,0.0,0.0,0.0,581641120.0,581641120.0,2023.0,7.0,fullriverred,670491959.0,,,670491959.0,1.0,1066298.0,5.75,96.0,Released,2023-01-22,673556758.0,157.0,False,0.0,zh,24.642,"Mystery, Comedy, Thriller, History","Huanxi Media Group, Edko Films",China,Mandarin,2023.0,both,both
33.0,"May 24, 2024","May 22, 2024",2024.0,furiosaamadmaxsaga,Warner Bros.,Action,Spin-Off,Live Action,Science Fiction,168000000.0,3804.0,3864.0,14436.0,26326462.0,67587546.0,67587546.0,106900000.0,174487546.0,2024.0,35.0,furiosaamadmaxsaga,174375791.0,67475791.0,0.387,106900000.0,0.61,,,,,,,,,,,,,,,,,left_only,both
3.0,"Apr 3, 2015","Apr 1, 2015",2015.0,furious7,Universal,Action,Original Screenplay,Live Action,Contemporary Fiction,190000000.0,4004.0,4022.0,27789.0,147187040.0,353007020.0,473607279.0,1157058375.0,1510065395.0,2015.0,3.0,furious7,1515047671.0,353007020.0,0.233,1162040651.0,0.77,168259.0,7.238,9988.0,Released,2015-04-01,1515341399.0,137.0,False,190000000.0,en,62.276,"Action, Thriller, Crime","Original Film, One Race, Universal Pictures",United States of America,"Arabic, English, Spanish, Thai",2015.0,both,both
67.0,"Sep 26, 2025","Sep 18, 2025",2025.0,gabbysdollhousethemovie,Universal,Musical,Based on TV,Animation/Live Action,Kids Fiction,32000000.0,3500.0,3507.0,14896.0,13697595.0,32011820.0,32011820.0,47935886.0,79947706.0,2025.0,59.0,gabbysdollhousethemovie,80352491.0,32011820.0,0.3979999999999999,48340671.0,0.602,1280282.0,0.0,0.0,In Production,2025-09-26,0.0,0.0,False,0.0,en,0.6,"Animation, Family","Universal Pictures, DreamWorks Animation",United States of America,English,2025.0,both,both
65.0,"Feb 23, 2018","Feb 23, 2018",2018.0,gamenight,Warner Bros.,Comedy,Original Screenplay,Live Action,Contemporary Fiction,37000000.0,3488.0,3502.0,18188.0,17005332.0,69179066.0,85885313.0,48500000.0,117679066.0,2018.0,61.0,gamenight,117679066.0,69179066.0,0.588,48500000.0,0.41,445571.0,6.85,5372.0,Released,2018-02-15,117501013.0,100.0,False,37000000.0,en,18.92,"Mystery, Comedy, Crime","New Line Cinema, Aggregate Films, Davis Entertainment, Access Entertainment, Dune Entertainment",United States of America,English,2018.0,both,both
50.0,"Oct 11, 2019","Oct 3, 2019",2019.0,geminiman,Paramount Pictures,Action,Original Screenplay,Animation/Live Action,Science Fiction,140000000.0,3642.0,3642.0,13042.0,20552372.0,48546770.0,59941484.0,118051592.0,166598362.0,2019.0,51.0,geminiman,173469516.0,48546770.0,0.28,124922746.0,0.72,453405.0,6.311,4718.0,Released,2019-10-02,173469516.0,117.0,False,140000000.0,en,23.667,"Science Fiction, Action, Adventure, Thriller","Skydance, Jerry Bruckheimer Films, Alibaba Pictures Group, Fosun Pictures, Paramount, Gobierno de Colombia, Hungarian National Film Fund","China, Colombia, Hungary, United States of America",English,2019.0,both,both
46.0,"Oct 20, 2017","Oct 13, 2017",2017.0,geostorm,Warner Bros.,Thriller/Suspense,Original Screenplay,Live Action,Science Fiction,100000000.0,3246.0,3246.0,12315.0,13707376.0,33700160.0,42489159.0,189700000.0,223400160.0,2017.0,45.0,geostorm,221900160.0,33700160.0,0.152,188200000.0,0.85,274855.0,6.11,4441.0,Released,2017-10-12,221600160.0,109.0,False,120000000.0,en,84.712,"Action, Science Fiction, Thriller","Twisted Media, Skydance, RatPac Entertainment, Electric Entertainment, Warner Bros. Pictures, October Pictures","Canada, Hong Kong, United States of America",English,2017.0,both,both
63.0,"Mar 27, 2015","Mar 26, 2015",2015.0,gethard,Warner Bros.,Comedy,Original Screenplay,Live Action,Contemporary Fiction,40000000.0,3175.0,3212.0,18582.0,33803253.0,90411453.0,121299354.0,21400000.0,111811453.0,2015.0,65.0,gethard,111811453.0,90411453.0,0.809,21400000.0,0.19,257091.0,6.01,2520.0,Released,2015-03-26,111811453.0,100.0,False,40000000.0,en,12.493,Comedy,"Gary Sanchez Productions, Warner Bros. Pictures",United States of America,English,2015.0,both,both
41.0,"Feb 24, 2017","Feb 24, 2017",2017.0,getout,Universal,Horror,Original Screenplay,Live Action,Contemporary Fiction,5000000.0,2781.0,3143.0,24136.0,33377060.0,175837935.0,221701843.0,76459470.0,252297405.0,2017.0,37.0,getout,255407969.0,176040665.0,0.6890000000000001,79367304.0,0.31,419430.0,7.62,16081.0,Released,2017-02-24,255407969.0,104.0,False,4500000.0,en,36.442,"Mystery, Thriller, Horror","Monkeypaw Productions, Blumhouse Productions, QC Entertainment",United States of America,English,2017.0,both,both
41.0,"Feb 24, 2017","Feb 24, 2017",2017.0,getout,Universal,Horror,Original Screenplay,Live Action,Contemporary Fiction,5000000.0,2781.0,3143.0,24136.0,33377060.0,175837935.0,221701843.0,76459470.0,252297405.0,2017.0,37.0,getout,255407969.0,176040665.0,0.6890000000000001,79367304.0,0.31,1190709.0,0.0,0.0,Released,2023-10-20,0.0,4.0,False,0.0,en,5.379,Horror,Filmbussen i Trøndelag,Norway,Norwegian,2023.0,both,both
41.0,"Feb 24, 2017","Feb 24, 2017",2017.0,getout,Universal,Horror,Original Screenplay,Live Action,Contemporary Fiction,5000000.0,2781.0,3143.0,24136.0,33377060.0,175837935.0,221701843.0,76459470.0,252297405.0,2017.0,37.0,getout,255407969.0,176040665.0,0.6890000000000001,79367304.0,0.31,1477058.0,0.0,0.0,Released,1992-04-07,0.0,40.0,False,0.0,en,0.0071,Documentary,BBC,United Kingdom,English,1992.0,both,both
36.0,"Jul 15, 2016","Jul 13, 2016",2016.0,ghostbusters,Sony Pictures,Comedy,Original Screenplay,Animation/Live Action,Science Fiction,144000000.0,3963.0,3963.0,18792.0,46018755.0,128350574.0,167820234.0,100658084.0,229008658.0,2016.0,39.0,ghostbusters,229147509.0,128350574.0,0.56,100796935.0,0.44,620.0,7.467,8143.0,Released,1984-06-08,296187079.0,107.0,False,30000000.0,en,29.78,"Comedy, Fantasy","Columbia Pictures, Delphi Films, Black Rhino Productions",United States of America,English,1984.0,both,both
22.0,"Nov 19, 2021","Nov 18, 2021",2021.0,ghostbustersafterlife,Sony Pictures,Comedy,Original Screenplay,Live Action,Science Fiction,75000000.0,4315.0,4315.0,29925.0,44008406.0,129360575.0,143595719.0,73630513.0,202991088.0,2021.0,22.0,ghostbustersafterlife,204334455.0,129360575.0,0.633,74973880.0,0.37,425909.0,7.451,3898.0,Released,2021-11-11,191000000.0,124.0,False,75000000.0,en,59.556,"Fantasy, Comedy, Adventure","Columbia Pictures, Bron Studios, The Montecito Picture Company, Ghost Corps","Canada, United States of America",English,2021.0,both,both
26.0,"Mar 22, 2024","Mar 20, 2024",2024.0,ghostbustersfrozenempire,Sony Pictures,Comedy,Original Screenplay,Live Action,Science Fiction,100000000.0,4345.0,4345.0,26415.0,45004673.0,113376590.0,113376590.0,86564410.0,199941000.0,2024.0,28.0,ghostbustersfrozenempire,201967521.0,113376590.0,0.561,88590931.0,0.44,,,,,,,,,,,,,,,,,left_only,both
58.0,"Mar 31, 2017","Mar 23, 2017",2017.0,ghostintheshell,Paramount Pictures,Action,Based on Comic/Graphic Novel,Live Action,Science Fiction,110000000.0,3440.0,3440.0,10907.0,18676033.0,40563557.0,51145358.0,127347133.0,167910690.0,2017.0,56.0,ghostintheshell,169801921.0,40563557.0,0.239,129238364.0,0.76,315837.0,6.066,7581.0,Released,2017-03-29,169801921.0,107.0,False,110000000.0,en,32.851,"Science Fiction, Drama, Action","Weying Galaxy Entertainment, Paramount, Shanghai Film Group, Reliance Entertainment, Grosvenor Park Productions, Steven Paul Production, Huahua Media, Seaside Entertainment, DreamWorks Pictures, Arad Productions","China, Hong Kong, India, United States of America","Japanese, English",2017.0,both,both
,,,,,,,,,,,,,,,,,,,2017.0,135.0,gifted,43046590.0,24801212.0,0.5760000000000001,18245378.0,0.42,400928.0,8.044,4983.0,Released,2017-04-12,40343446.0,101.0,False,7000000.0,en,48.714,"Drama, Comedy","Grade A Entertainment, Dayday Films, FilmNation Entertainment, Fox Searchlight Pictures",United States of America,English,2017.0,both,right_only
,,,,,,,,,,,,,,,,,,,2017.0,135.0,gifted,43046590.0,24801212.0,0.5760000000000001,18245378.0,0.42,1152434.0,10.0,1.0,Released,2022-05-13,0.0,10.0,False,0.0,en,0.953,"Comedy, Science Fiction","Movies By Mini, University of Regina",Canada,,2022.0,both,right_only
,,,,,,,,,,,,,,,,,,,2018.0,167.0,gintama2rulesaremadetobebroken,30896653.0,,,30896653.0,1.0,519176.0,7.254,65.0,Released,2018-08-04,0.0,134.0,False,0.0,ja,11.158,"Comedy, Action, Science Fiction, Fantasy",Warner Bros. Japan,Japan,Japanese,2018.0,both,right_only
,,,,,,,,,,,,,,,,,,,2021.0,189.0,girlstobuy,8177284.0,,,8177284.0,1.0,881764.0,5.918,55.0,Released,2021-11-26,0.0,136.0,False,0.0,pl,19.736,"Thriller, Drama, Crime",Ent One,Poland,"Czech, English, Polish",2021.0,both,right_only
65.0,"Jul 21, 2017","Jul 20, 2017",2017.0,girlstrip,Universal,Comedy,Original Screenplay,Live Action,Contemporary Fiction,28000000.0,2591.0,2648.0,17956.0,31201920.0,115108515.0,145136819.0,25777838.0,140886353.0,2017.0,63.0,girlstrip,140552359.0,115171585.0,0.8190000000000001,25380774.0,0.18,417870.0,6.838,1418.0,Released,2017-07-21,140376621.0,122.0,False,19000000.0,en,15.72,Comedy,"Will Packer Productions, Universal Pictures",United States of America,English,2017.0,both,both
65.0,"Jul 21, 2017","Jul 20, 2017",2017.0,girlstrip,Universal,Comedy,Original Screenplay,Live Action,Contemporary Fiction,28000000.0,2591.0,2648.0,17956.0,31201920.0,115108515.0,145136819.0,25777838.0,140886353.0,2017.0,63.0,girlstrip,140552359.0,115171585.0,0.8190000000000001,25380774.0,0.18,1051724.0,0.0,0.0,Released,2019-04-23,0.0,95.0,True,0.0,en,0.6,,Trans Angels,,,2019.0,both,both
12.0,"Nov 22, 2024","Nov 13, 2024",2024.0,gladiatorii,Paramount Pictures,Action,Original Screenplay,Live Action,Historical Fiction,250000000.0,3573.0,3580.0,22007.0,55034715.0,172438016.0,172438016.0,287942395.0,460380411.0,2024.0,12.0,gladiatorii,462180717.0,172438016.0,0.373,289742701.0,0.63,,,,,,,,,,,,,,,,,left_only,both
35.0,"Jan 18, 2019","Jan 17, 2019",2019.0,glass,Universal,Thriller/Suspense,Original Screenplay,Live Action,Contemporary Fiction,20000000.0,3841.0,3844.0,20285.0,40328920.0,111048468.0,137113335.0,135950571.0,246999039.0,2019.0,36.0,glass,246999039.0,111048468.0,0.45,135950571.0,0.55,450465.0,6.677,7793.0,Released,2019-01-16,246999039.0,129.0,False,20000000.0,en,31.843,"Thriller, Drama, Science Fiction","Universal Pictures, Blumhouse Productions, Blinding Edge Pictures, Buena Vista International, Perfect World Pictures",United States of America,"English, Spanish",2019.0,both,both
,,,,,,,,,,,,,,,,,,,2015.0,93.0,goawaymrtumor,80606893.0,286639.0,0.004,80320254.0,1.0,354128.0,6.163,40.0,Released,2015-08-13,7500.0,128.0,False,0.0,zh,4.249,"Comedy, Romance",,China,Mandarin,2015.0,both,right_only
,,,,,,,,,,,,,,,,,,,2018.0,116.0,gobrother,54663060.0,,,54663060.0,1.0,543628.0,7.238,21.0,Released,2018-08-17,0.0,113.0,False,0.0,zh,3.076,"Comedy, Drama",Wanda Media Co.,China,Mandarin,2018.0,both,right_only
,,,,,,,,,,,,,,,,,,,2020.0,187.0,godaithewunderkind,4948225.0,,,4948225.0,1.0,746257.0,7.25,8.0,Released,2020-12-11,0.0,109.0,False,0.0,ja,3.666,"History, Drama",,,Japanese,2020.0,both,right_only
,,,,,,,,,,,,,,,,,,,2022.0,115.0,godfather,18737287.0,,,18737287.0,1.0,134474.0,7.556,27.0,Released,1991-09-15,700000.0,150.0,False,18000.0,ml,3.803,"Drama, Comedy, Romance",Swargachitra,India,Malayalam,1991.0,both,right_only
,,,,,,,,,,,,,,,,,,,2022.0,115.0,godfather,18737287.0,,,18737287.0,1.0,863931.0,5.2,9.0,Released,2022-10-05,0.0,157.0,False,0.0,te,7.028,"Action, Drama","Konidela Production Company, Super Good Films",India,Telugu,2022.0,both,right_only
,,,,,,,,,,,,,,,,,,,2022.0,115.0,godfather,18737287.0,,,18737287.0,1.0,587211.0,6.0,4.0,Released,2020-02-21,0.0,104.0,False,0.0,ta,1.352,,"Clap Entertainment, G. S. Arts",India,Tamil,2020.0,both,right_only
,,,,,,,,,,,,,,,,,,,2016.0,188.0,godsnotdead2,24487848.0,20774575.0,0.848,3713273.0,0.15,347126.0,6.149,375.0,Released,2016-04-01,23507567.0,121.0,False,5000000.0,en,19.981,Drama,Pure Flix Entertainment,United States of America,English,2016.0,both,right_only
64.0,"Feb 26, 2016","Feb 24, 2016",2016.0,godsofegypt,Lionsgate,Adventure,Original Screenplay,Live Action,Fantasy,140000000.0,3117.0,3117.0,10965.0,14123903.0,31153464.0,40733610.0,107683292.0,138836756.0,2015.0,52.0,godsofegypt,150680864.0,31153464.0,0.207,119527400.0,0.79,205584.0,5.629,3817.0,Released,2016-02-25,150680864.0,127.0,False,140000000.0,en,32.95,"Action, Adventure, Fantasy","Thunder Road, Pyramania, Summit Entertainment, Mystery Clock Cinema, TIK Films, Lionsgate, Fin Design & Effects","Australia, Hong Kong, United States of America",English,2016.0,both,both
,,,,,,,,,,,,,,,,,,,2023.0,46.0,godspeed,165276468.0,,,165276468.0,1.0,411005.0,7.3,35.0,Released,2016-11-18,0.0,111.0,False,0.0,zh,3.452,"Drama, Crime, Comedy, Thriller","Applause Entertainment, 3 Ng Film",Taiwan,Mandarin,2016.0,both,right_only
,,,,,,,,,,,,,,,,,,,2023.0,46.0,godspeed,165276468.0,,,165276468.0,1.0,779819.0,9.0,5.0,Released,2020-12-25,0.0,58.0,False,0.0,en,1.101,Documentary,Illegal Civilization,United States of America,English,2020.0,both,right_only
23.0,"May 31, 2019","May 29, 2019",2019.0,godzillakingofthemonsters,Warner Bros.,Action,Original Screenplay,Live Action,Science Fiction,170000000.0,4108.0,4108.0,17244.0,47776293.0,110500138.0,136436308.0,276800000.0,387300138.0,2019.0,22.0,godzillakingofthemonsters,387300138.0,110500138.0,0.285,276800000.0,0.72,373571.0,6.674,5479.0,Released,2019-05-29,386600138.0,132.0,False,170000000.0,en,53.983,"Science Fiction, Action","Legendary Pictures, Huahua Media, TOHO","China, Japan, United States of America","Mandarin, English, Japanese",2019.0,both,both
23.0,"May 31, 2019","May 29, 2019",2019.0,godzillakingofthemonsters,Warner Bros.,Action,Original Screenplay,Live Action,Science Fiction,170000000.0,4108.0,4108.0,17244.0,47776293.0,110500138.0,136436308.0,276800000.0,387300138.0,2019.0,22.0,godzillakingofthemonsters,387300138.0,110500138.0,0.285,276800000.0,0.72,665871.0,10.0,4.0,Released,1998-07-11,0.0,39.0,False,0.0,en,0.6,Documentary,,United Kingdom,"English, Japanese",1998.0,both,both
73.0,"Dec 1, 2023","Nov 3, 2023",2023.0,godzillaminusone,Toho International,Action,Original Screenplay,Live Action,Science Fiction,15000000.0,2308.0,2622.0,16221.0,11419975.0,57144669.0,58686241.0,47944649.0,105089318.0,2023.0,63.0,godzillaminusone,113820494.0,57144669.0,0.502,56675825.0,0.5,940721.0,0.0,0.0,Post Production,2023-11-03,0.0,0.0,False,0.0,ja,8.626,"Science Fiction, Horror, Action","Robot Communications, TOHO Studios, TOHO",Japan,Japanese,2023.0,both,both
7.0,"Mar 31, 2021","Mar 25, 2021",2021.0,godzillavskong,Warner Bros.,Action,Original Screenplay,Live Action,Science Fiction,155000000.0,3064.0,3084.0,28241.0,32200000.0,100916094.0,112228225.0,369200000.0,470116094.0,2021.0,8.0,godzillavskong,470116094.0,100916094.0,0.215,369200000.0,0.79,399566.0,7.661,9080.0,Released,2021-03-24,470116094.0,114.0,False,200000000.0,en,99.005,"Action, Science Fiction, Thriller",Legendary Pictures,United States of America,English,2021.0,both,both
8.0,"Mar 29, 2024","Mar 27, 2024",2024.0,godzillaxkongthenewempire,Warner Bros.,Action,Original Screenplay,Live Action,Science Fiction,135000000.0,3861.0,3948.0,26920.0,80006561.0,196805338.0,196805338.0,375700000.0,572505338.0,2024.0,8.0,godzillaxkongthenewempire,572050016.0,196350016.0,0.3429999999999999,375700000.0,0.66,823464.0,0.0,0.0,In Production,2024-04-10,0.0,0.0,False,0.0,en,11.175,"Action, Science Fiction, Adventure",Legendary Pictures,United States of America,English,2024.0,both,both
65.0,"Sep 27, 2024","Aug 16, 2024",2024.0,goforbroke,,Action,Original Screenplay,Live Action,Contemporary Fiction,0.0,0.0,0.0,0.0,0.0,0.0,0.0,65388937.0,65388937.0,,,goforbroke,,,,,,159795.0,4.8,4.0,Released,2002-06-27,0.0,85.0,False,0.0,en,3.377,Comedy,Warning Films Inc.,United States of America,English,2002.0,right_only,both
87.0,"Apr 7, 2017","Apr 5, 2017",2017.0,goinginstyle,Warner Bros.,Comedy,Original Screenplay,Live Action,Contemporary Fiction,24000000.0,3061.0,3076.0,17204.0,11932330.0,45018541.0,56762504.0,40200000.0,85218541.0,2017.0,84.0,goinginstyle,85218541.0,45018541.0,0.528,40200000.0,0.47,353070.0,6.689,2569.0,Released,2017-04-06,84618541.0,96.0,False,25000000.0,en,23.48,"Crime, Comedy","Village Roadshow Pictures, New Line Cinema, De Line Pictures, RatPac Entertainment, Warner Bros. Pictures",United States of America,English,2017.0,both,both
,,,,,,,,,,,,,,,,,,,2017.0,107.0,goldbuster,57628292.0,186135.0,0.003,57442157.0,1.0,491937.0,4.4,12.0,Released,2017-12-29,0.0,89.0,False,0.0,zh,1.988,"Drama, Comedy","Fun Age Pictures, One Cool Film Production, We Pictures, Kashgar J.Q. Media & Culture, Zhejiang Films & TV(Group) Company Ltd., With You Film Production & Investment Ltd., Joseph Kaufman Productions","China, Hong Kong",Mandarin,2017.0,both,right_only
,,,,,,,,,,,,,,,,,,,2018.0,128.0,goldenjob,47287851.0,285795.0,0.006,47002056.0,0.99,531380.0,6.4,84.0,Released,2018-09-20,0.0,100.0,False,0.0,cn,12.281,"Action, Adventure, Crime","Art Top Movie Productions, Jing's Production Limited",Hong Kong,"English, Mandarin, Japanese, Cantonese",2018.0,both,right_only
71.0,"Aug 16, 2019","Aug 14, 2019",2019.0,goodboys,Universal,Comedy,Original Screenplay,Live Action,Contemporary Fiction,20000000.0,3204.0,3458.0,21155.0,21402605.0,83140306.0,102654683.0,28033942.0,111174248.0,2019.0,74.0,goodboys,111173598.0,83140306.0,0.748,28033292.0,0.25,521777.0,6.844,1675.0,Released,2019-08-14,111037232.0,89.0,False,20000000.0,en,18.855,Comedy,"Good Universe, Point Grey Pictures",United States of America,English,2019.0,both,both
,,,,,,,,,,,,,,,,,,,2015.0,35.0,goodbyemrloser,228122928.0,1293626.0,0.006,226829302.0,0.99,362682.0,6.742,93.0,Released,2015-09-30,228000000.0,104.0,False,0.0,zh,12.57,"Romance, Comedy","Fun Age Pictures, Wanda Pictures, New Classics Media, Tencent Pictures",China,Mandarin,2015.0,both,right_only
,,,,,,,,,,,,,,,,,,,2025.0,106.0,goodfortune,26239690.0,16585758.0,0.632,9653932.0,0.368,1299267.0,0.0,0.0,Released,2024-06-01,0.0,9.0,False,0.0,en,0.0,,,,,2024.0,both,right_only
,,,,,,,,,,,,,,,,,,,2022.0,169.0,goodlucktoyouleogrande,9795364.0,,,9795364.0,1.0,758330.0,6.982,355.0,Released,2022-06-16,7589829.0,97.0,False,0.0,en,19.645,"Comedy, Romance, Drama","Cornerstone Films, Genesius Pictures, Align",United Kingdom,English,2022.0,both,right_only
48.0,"Oct 16, 2015","Oct 14, 2015",2015.0,goosebumps,Sony Pictures,Horror,Based on Fiction Book/Short Story,Animation/Live Action,Kids Fiction,58000000.0,3501.0,3618.0,20942.0,23618556.0,80069458.0,107392183.0,78882785.0,158952243.0,2015.0,48.0,goosebumps,158260952.0,80080379.0,0.506,78180573.0,0.49,257445.0,6.3,3516.0,Released,2015-08-05,158162788.0,103.0,False,58000000.0,en,24.932,"Adventure, Horror, Comedy","Original Film, Scholastic Entertainment, Sony Pictures, Columbia Pictures, Village Roadshow Pictures, Sony Pictures Animation",United States of America,English,2015.0,both,both
81.0,"Oct 12, 2018","Oct 10, 2018",2018.0,goosebumps2hauntedhalloween,Sony Pictures,Horror,Based on Fiction Book/Short Story,Animation/Live Action,Kids Fiction,35000000.0,3521.0,3723.0,16639.0,15802225.0,46697321.0,57974393.0,46309108.0,93006429.0,2018.0,78.0,goosebumps2hauntedhalloween,93320380.0,46700633.0,0.5,46619747.0,0.5,442062.0,6.111,1358.0,Released,2018-10-11,93320380.0,90.0,False,35000000.0,en,23.627,"Adventure, Comedy, Fantasy, Family, Horror","Columbia Pictures, Original Film, Scholastic Entertainment, Silvertongue Films, Sony Pictures, Sony Pictures Animation","United Kingdom, United States of America",English,2018.0,both,both
,,,,,,,,,,,,,,,,,,,2020.0,200.0,grannynanny,4654655.0,432.0,0.001,4654223.0,1.0,649755.0,6.6,44.0,Released,2020-02-06,0.0,104.0,False,0.0,de,6.931,"Comedy, Drama, Family","Claussen+Putz Filmproduktion, Fresco Film Services",Germany,German,2020.0,both,right_only
,,,,,,,,,,,,,,,,,,,2023.0,58.0,granturismo,122076738.0,44428554.0,0.364,77648184.0,0.64,980489.0,8.068,702.0,Released,2023-08-09,114800000.0,135.0,False,60000000.0,en,2680.593,"Action, Drama, Adventure","PlayStation Productions, 2.0 Entertainment, Columbia Pictures",United States of America,"English, German, Japanese",2023.0,both,right_only
,,,,,,,,,,,,,,,,,,,2023.0,58.0,granturismo,122076738.0,44428554.0,0.364,77648184.0,0.64,611173.0,0.0,0.0,Released,2001-01-22,0.0,0.0,False,0.0,fr,1.894,Comedy,,France,French,2001.0,both,right_only
32.0,"Nov 16, 2018","Nov 16, 2018",2018.0,greenbook,Universal,Comedy,Based on Real Life Events,Live Action,Dramatization,23000000.0,25.0,2648.0,26078.0,320429.0,85080171.0,105267757.0,234914848.0,319995019.0,2018.0,33.0,greenbook,321752656.0,85080171.0,0.264,236672485.0,0.74,490132.0,8.242,10542.0,Released,2018-11-16,319700000.0,130.0,False,23000000.0,en,34.768,"Drama, Comedy","Participant, DreamWorks Pictures, Cinetic Media",United States of America,"English, Italian, Russian",2018.0,both,both
46.0,"Dec 18, 2020","Jul 31, 2020",2020.0,greenland,STX Entertainment,Thriller/Suspense,Original Screenplay,Live Action,Contemporary Fiction,34000000.0,0.0,0.0,0.0,0.0,0.0,0.0,40629075.0,40629075.0,2020.0,26.0,greenland,52300000.0,,,52300000.0,1.0,524047.0,7.14,4013.0,Released,2020-07-29,52300000.0,120.0,False,34000000.0,en,35.287,"Action, Thriller, Drama","STX Films, Thunder Road, Anton, G-BASE, Riverstone Pictures, Truenorth Productions","United Kingdom, United States of America",English,2020.0,both,both
,,,,,,,,,,,,,,,,,,,2021.0,190.0,greensnake,8170000.0,,,8170000.0,1.0,795607.0,8.3,267.0,Released,2021-07-23,87212911.0,131.0,False,0.0,zh,14.361,"Animation, Fantasy, Action, Adventure","Light Chaser Animation Studios, Alibaba Pictures Group",China,Mandarin,2021.0,both,right_only
,,,,,,,,,,,,,,,,,,,2019.0,200.0,greta,18653107.0,10532219.0,0.565,8120888.0,0.44,471506.0,6.575,1203.0,Released,2018-09-06,0.0,98.0,False,0.0,en,19.863,"Mystery, Thriller, Horror","Sidney Kimmel Entertainment, Lawrence Bender Productions, Little Wave Productions, Metropolitan Films International, Showbox, Starlight Culture Entertainment Group, Fís Éireann/Screen Ireland","Hong Kong, Ireland, South Korea, United States of America",English,2018.0,both,right_only
74.0,"Jan 31, 2020","Jan 30, 2020",2020.0,gretelhansel,United Artists,Horror,Based on Folk Tale/Legend/Fairytale,Live Action,Historical Fiction,5000000.0,3007.0,3007.0,8719.0,6154007.0,15347654.0,18908714.0,6704802.0,22052456.0,2020.0,60.0,gretelhansel,22304357.0,15347654.0,0.688,6956703.0,0.31,542224.0,5.99,1281.0,Released,2020-01-30,22304357.0,87.0,False,5000000.0,en,16.122,"Fantasy, Horror, Mystery","Automatik Entertainment, Bron Studios, Creative Wealth Media Finance, Orion Pictures, Wild Atlantic Pictures","Canada, Ireland, United States of America",English,2020.0,both,both
7.0,"May 5, 2017","Apr 28, 2017",2017.0,guardiansofthegalaxyvol2,Walt Disney,Action,Based on Comic/Graphic Novel,Animation/Live Action,Super Hero,200000000.0,4347.0,4347.0,30496.0,146510104.0,389813101.0,491503477.0,479274862.0,869087963.0,2017.0,8.0,guardiansofthegalaxyvol2,863756051.0,389813101.0,0.451,473942950.0,0.55,283995.0,7.624,20353.0,Released,2017-04-19,863756051.0,137.0,False,200000000.0,en,67.553,"Science Fiction, Adventure, Action",Marvel Studios,United States of America,English,2017.0,both,both
4.0,"May 5, 2023","May 3, 2023",2023.0,guardiansofthegalaxyvol3,Walt Disney,Action,Based on Comic/Graphic Novel,Animation/Live Action,Super Hero,250000000.0,4450.0,4450.0,30828.0,118414021.0,358995815.0,371137356.0,486559962.0,845555777.0,2023.0,4.0,guardiansofthegalaxyvol3,845555777.0,358995815.0,0.425,486559962.0,0.58,447365.0,8.023,4941.0,Released,2023-05-03,845430302.0,150.0,False,250000000.0,en,318.516,"Science Fiction, Adventure, Action","Marvel Studios, Kevin Feige Productions",United States of America,English,2023.0,both,both
,,,,,,,,,,,,,,,,,,,2024.0,134.0,guestfromthefuture,20115888.0,,,20115888.0,1.0,20894.0,7.702,62.0,Released,1984-07-07,0.0,334.0,False,0.0,ru,3.231,"Adventure, Family, Science Fiction",,Soviet Union,Russian,1984.0,both,right_only
,,,,,,,,,,,,,,,,,,,2022.0,149.0,guglhupfgeschwader,12307072.0,,,12307072.0,1.0,851238.0,6.629,35.0,Released,2022-08-04,0.0,97.0,False,0.0,de,4.767,"Comedy, Crime","Constantin Film, ARD Degeto, BR",Germany,German,2022.0,both,right_only
,,,,,,,,,,,,,,,,,,,2017.0,128.0,guiltyofmind,45698503.0,,,45698503.0,1.0,470413.0,4.6,5.0,Released,2017-08-11,0.0,110.0,False,0.0,zh,2.786,"Mystery, Crime, Drama",,China,Mandarin,2017.0,both,right_only
,,,,,,,,,,,,,,,,,,,2019.0,162.0,gullyboy,28299498.0,5566534.0,0.1969999999999999,22732964.0,0.8,491625.0,7.401,157.0,Released,2019-02-14,33974264.0,156.0,False,5782853.0,hi,5.765,"Drama, Music","Excel Entertainment, Tiger Baby",India,"Hindi, English",2019.0,both,right_only
52.0,"Nov 4, 2016","Nov 3, 2016",2016.0,hacksawridge,Lionsgate,Drama,Based on Real Life Events,Live Action,Dramatization,40000000.0,2886.0,2971.0,19682.0,15190758.0,67209615.0,87749438.0,101213634.0,168423249.0,2016.0,51.0,hacksawridge,180563636.0,67209615.0,0.372,113354021.0,0.63,324786.0,8.195,12668.0,Released,2016-10-07,175302354.0,139.0,False,40000000.0,en,74.994,"Drama, History, War","Vendian Entertainment, Summit Entertainment, Cross Creek Pictures, IM Global, Screen Australia, Screen NSW, Permut Presentations, Pandemonium, Demarest Films, Lionsgate, Bliss Media, Kylin Pictures, AI Film","Australia, China, United Kingdom, United States of America","Japanese, English",2016.0,both,both
,,,,,,,,,,,,,,,,,,,2016.0,110.0,hailcaesar,63647656.0,30498085.0,0.479,33149571.0,0.52,270487.0,5.914,3567.0,Released,2016-02-05,63647656.0,106.0,False,22000000.0,en,13.853,"Comedy, Crime","Universal Pictures, Mike Zoss Productions, Working Title Films",United States of America,English,2016.0,both,right_only
,,,,,,,,,,,,,,,,,,,2016.0,110.0,hailcaesar,63647656.0,30498085.0,0.479,33149571.0,0.52,173299.0,3.469,16.0,Released,1994-05-11,0.0,100.0,False,0.0,en,4.843,Comedy,Crystal Sky Worldwide,United States of America,English,1994.0,both,right_only
40.0,"Oct 19, 2018","Oct 17, 2018",2018.0,halloween,Universal,Horror,Original Screenplay,Live Action,Contemporary Fiction,10000000.0,3928.0,3990.0,15891.0,76221545.0,159366015.0,197843059.0,96050074.0,255416089.0,2018.0,39.0,halloween,255485178.0,159342015.0,0.624,96143163.0,0.38,,,,,,,,,,,,,,,,,left_only,both
43.0,"Oct 14, 2022","Oct 12, 2022",2022.0,halloweenends,Universal,Horror,Original Screenplay,Live Action,Contemporary Fiction,20000000.0,3901.0,3901.0,14653.0,40050355.0,64079860.0,68826519.0,41320936.0,105400796.0,2022.0,41.0,halloweenends,104374176.0,64079860.0,0.614,40294316.0,0.39,616820.0,6.212,1413.0,Released,2022-10-12,104361355.0,111.0,False,20000000.0,en,45.067,"Horror, Thriller","Universal Pictures, Blumhouse Productions, Miramax, Rough House Pictures, Trancas International Films",United States of America,English,2022.0,both,both
36.0,"Oct 15, 2021","Oct 14, 2021",2021.0,halloweenkills,Universal,Horror,Original Screenplay,Live Action,Contemporary Fiction,20000000.0,3705.0,3727.0,17202.0,49404980.0,92002155.0,102315078.0,38849007.0,130851162.0,2021.0,36.0,halloweenkills,131647155.0,92002155.0,0.6990000000000001,39645000.0,0.3,610253.0,6.49,2371.0,Released,2021-10-14,133423964.0,105.0,False,20000000.0,en,37.851,"Horror, Thriller","Blumhouse Productions, Miramax, Rough House Pictures, Trancas International Films",United States of America,English,2021.0,both,both
83.0,"Jul 3, 2020","Jul 3, 2020",2020.0,hamilton,Walt Disney,Musical,Based on Musical or Opera,Live Action,Historical Fiction,0.0,0.0,1850.0,5005.0,0.0,16946377.0,16946377.0,3938350.0,20884727.0,,,hamilton,,,,,,556574.0,8.215,1217.0,Released,2020-07-03,0.0,160.0,False,0.0,en,15.966,"History, Drama","RadicalMedia, 5000 Broadway Productions, Nevis Productions, Old 320 Sycamore, Walt Disney Pictures",United States of America,"English, French",2020.0,right_only,both
,,,,,,,,,,,,,,,,,,,2020.0,153.0,hammamet,6434874.0,,,6434874.0,1.0,590869.0,5.923,376.0,Released,2020-01-09,0.0,127.0,False,0.0,it,6.038,"Drama, History","Pepito Produzioni, Minerva Pictures Group, RAI Cinema",Italy,Italian,2020.0,both,right_only
66.0,"Nov 26, 2025","Jan 23, 2025",2025.0,hamnet,Focus Features,Drama,Based on Fiction Book/Short Story,Live Action,Historical Fiction,0.0,119.0,1996.0,8477.0,932278.0,22845175.0,22845175.0,57386000.0,80231175.0,2025.0,60.0,hamnet,80209737.0,22744960.0,0.284,57464777.0,0.716,1439910.0,0.0,0.0,Released,2025-02-13,0.0,115.0,False,0.0,en,1.4,,Hamlet Isn't Dead,United States of America,English,2025.0,both,both
,,,,,,,,,,,,,,,,,,,2024.0,159.0,handsomeguys,14439610.0,,,14439610.0,1.0,736720.0,0.0,0.0,Post Production,2023-12-31,0.0,0.0,False,0.0,ko,4.773,Comedy,"Next Entertainment World, Hive Media Corp",South Korea,Korean,2023.0,both,right_only
,,,,,,,,,,,,,,,,,,,2022.0,61.0,hansanrisingdragon,57490985.0,865888.0,0.015,56625097.0,0.99,588108.0,6.7,36.0,Released,2022-07-27,0.0,130.0,False,0.0,ko,26.784,"Action, History, Drama, War","Lotte Entertainment, Big Stone Pictures",South Korea,"Korean, Italian, Japanese",2022.0,both,right_only
,,,,,,,,,,,,,,,,,,,2017.0,126.0,hansonandthebeast,46154323.0,,,46154323.0,1.0,492317.0,5.905,21.0,Released,2017-12-29,42690682.0,110.0,False,0.0,zh,4.228,"Comedy, Fantasy",,China,Mandarin,2017.0,both,right_only
70.0,"Oct 13, 2017","Oct 11, 2017",2017.0,happydeathday,Universal,Horror,Original Screenplay,Live Action,Contemporary Fiction,5000000.0,3149.0,3535.0,14476.0,26039025.0,55683845.0,70210071.0,69326415.0,125010260.0,2017.0,66.0,happydeathday,125479266.0,55683845.0,0.444,69795421.0,0.56,440021.0,6.638,5721.0,Released,2017-10-12,125479266.0,97.0,False,4800000.0,en,17.251,"Horror, Mystery, Comedy","Vesuvius Productions, Blumhouse Productions, Digital Riot Media",United States of America,English,2017.0,both,both
94.0,"Feb 13, 2019","Feb 13, 2019",2019.0,happydeathday2u,Universal,Thriller/Suspense,Original Screenplay,Live Action,Contemporary Fiction,9000000.0,3207.0,3212.0,10836.0,9497665.0,28148130.0,34754951.0,36538385.0,64686515.0,2019.0,100.0,happydeathday2u,64600152.0,28148130.0,0.436,36452022.0,0.56,512196.0,6.304,3118.0,Released,2019-02-13,25327500.0,100.0,False,9000000.0,en,18.181,"Comedy, Horror, Science Fiction","Digital Riot Media, Blumhouse Productions",United States of America,English,2019.0,both,both
,,,,,,,,,,,,,,,,,,,2021.0,194.0,hardhit,7658021.0,,,7658021.0,1.0,654739.0,7.715,137.0,Released,2021-06-23,0.0,90.0,False,0.0,ko,14.827,"Action, Crime, Drama, Thriller","CJ Entertainment, TPS Company, CJ ENM",South Korea,Korean,2021.0,both,right_only
,,,,,,,,,,,,,,,,,,,2019.0,132.0,harriet,43347017.0,43082155.0,0.994,264862.0,0.01,506528.0,7.3,711.0,Released,2019-11-01,0.0,125.0,False,0.0,en,15.213,"Drama, History",Focus Features,United States of America,"English, Italian",2019.0,both,right_only
68.0,"Jul 28, 2023","Jul 26, 2023",2023.0,hauntedmansion,Walt Disney,Comedy,Based on Theme Park Ride,Live Action,Contemporary Fiction,150000000.0,3740.0,3740.0,18115.0,24082475.0,67653287.0,69941379.0,49796503.0,117449790.0,2023.0,61.0,hauntedmansion,117449790.0,67653287.0,0.5760000000000001,49796503.0,0.42,616747.0,6.8,217.0,Released,2023-07-26,91000000.0,123.0,False,157800000.0,en,86.751,"Fantasy, Comedy","Walt Disney Pictures, Rideback",United States of America,English,2023.0,both,both
,,,,,,,,,,,,,,,,,,,2025.0,98.0,hearteyes,33129099.0,30415738.0,0.918,2713361.0,0.0819999999999999,1247361.0,10.0,1.0,Released,2023-12-05,0.0,120.0,False,20.0,en,0.0,Romance,,"Algeria, Canada","Arabic, English, French",2023.0,both,right_only
,,,,,,,,,,,,,,,,,,,2015.0,167.0,heidi,35755670.0,,,35755670.0,1.0,365045.0,7.108,357.0,Released,2015-12-10,0.0,111.0,False,8800000.0,de,14.026,"Adventure, Family","StudioCanal, Zodiac Pictures, Teleclub, Claussen+Wöbke Filmproduktion, SRF, ZDF","Germany, Switzerland",German,2015.0,both,right_only
,,,,,,,,,,,,,,,,,,,2015.0,161.0,helios,37938005.0,,,37938005.0,1.0,315509.0,5.1,46.0,Released,2015-04-30,0.0,118.0,False,25784494.0,cn,5.685,"Crime, Action","Long Motion Pictures, Media Asia Films, Wanda Films, Sun Entertainment Culture, Sil-Metropole Organisation",Hong Kong,"Cantonese, Mandarin, Korean",2015.0,both,right_only
,,,,,,,,,,,,,,,,,,,2019.0,110.0,hellboy,55064690.0,21903748.0,0.3979999999999999,33160942.0,0.6,1487.0,6.665,6392.0,Released,2004-04-02,99318987.0,122.0,False,66000000.0,en,23.193,"Fantasy, Action","Columbia Pictures, Revolution Studios, Dark Horse Entertainment, Lawrence Gordon Productions, Starlite Films, Partnership Films","Czech Republic, United States of America","Russian, English",2004.0,both,right_only
,,,,,,,,,,,,,,,,,,,2018.0,27.0,hellomrbillionaire,366961907.0,,,366961907.0,1.0,538331.0,6.809,82.0,Released,2018-07-27,376000000.0,118.0,False,0.0,zh,7.543,Comedy,Fun Age Pictures,China,Mandarin,2018.0,both,right_only
,,,,,,,,,,,,,,,,,,,2018.0,83.0,hellomrsmoney,86874070.0,,,86874070.0,1.0,551127.0,4.364,12.0,Released,2018-09-30,0.0,113.0,False,0.0,zh,1.139,Comedy,Fun Age Pictures,China,Mandarin,2018.0,both,right_only
,,,,,,,,,,,,,,,,,,,2016.0,147.0,hellorhighwater,37879877.0,27007844.0,0.713,10872033.0,0.29,338766.0,7.304,4128.0,Released,2016-08-11,37589296.0,102.0,False,12000000.0,en,15.749,"Western, Crime, Drama","Sidney Kimmel Entertainment, Film 44, OddLot Entertainment, Estrella Media, Lionsgate, CBS Films, Sierra/Affinity",United States of America,English,2016.0,both,right_only
,,,,,,,,,,,,,,,,,,,2024.0,150.0,here,16010355.0,12237270.0,0.764,3773085.0,0.24,98644.0,5.273,22.0,Released,2011-01-21,0.0,126.0,False,0.0,en,3.025,"Adventure, Drama, Romance",,United States of America,"English, Armenian",2011.0,both,right_only
,,,,,,,,,,,,,,,,,,,2024.0,150.0,here,16010355.0,12237270.0,0.764,3773085.0,0.24,844029.0,0.0,0.0,Released,2002-01-01,0.0,12.0,False,0.0,en,0.6,,,"Canada, United States of America",,2002.0,both,right_only
94.0,"Jun 8, 2018","Jun 1, 2018",2018.0,hereditary,A24,Horror,Original Screenplay,Live Action,Contemporary Fiction,10000000.0,2964.0,2998.0,10946.0,13575173.0,44069456.0,54711910.0,36790829.0,80860285.0,2018.0,91.0,hereditary,79973847.0,44069456.0,0.551,35904391.0,0.45,493922.0,7.274,6880.0,Released,2018-06-07,82530552.0,128.0,False,10000000.0,en,38.531,"Horror, Mystery, Thriller",PalmStar Media,United States of America,English,2018.0,both,both
71.0,"Nov 8, 2024","Nov 1, 2024",2024.0,heretic,A24,Horror,Original Screenplay,Live Action,Contemporary Fiction,0.0,3221.0,3230.0,9112.0,10829810.0,27716205.0,27716205.0,30378637.0,58094842.0,2024.0,63.0,heretic,59777970.0,27986380.0,0.4679999999999999,31791590.0,0.53,,,,,,,,,,,,,,,,,left_only,both
,,,,,,,,,,,,,,,,,,,2015.0,144.0,hero,45565534.0,88675.0,0.002,45476859.0,1.0,79.0,7.509,2032.0,Released,2002-07-22,177394432.0,99.0,False,31000000.0,zh,21.472,"Drama, Adventure, Action, History","Beijing New Picture Film Co. Ltd., China Film Co-Production Corporation, Miramax",China,Mandarin,2002.0,both,right_only
,,,,,,,,,,,,,,,,,,,2015.0,144.0,hero,45565534.0,88675.0,0.002,45476859.0,1.0,615324.0,7.0,4.0,Released,2018-04-16,0.0,4.0,False,0.0,en,0.986,Animation,,,,2018.0,both,right_only
,,,,,,,,,,,,,,,,,,,2015.0,144.0,hero,45565534.0,88675.0,0.002,45476859.0,1.0,951693.0,7.0,1.0,Released,2021-02-12,0.0,25.0,False,9.0,en,0.6,"Drama, Family",NO NARRATIVE FILMS,India,English,2021.0,both,right_only
,,,,,,,,,,,,,,,,,,,2022.0,93.0,hero,24392492.0,,,24392492.0,1.0,79.0,7.509,2032.0,Released,2002-07-22,177394432.0,99.0,False,31000000.0,zh,21.472,"Drama, Adventure, Action, History","Beijing New Picture Film Co. Ltd., China Film Co-Production Corporation, Miramax",China,Mandarin,2002.0,both,right_only
,,,,,,,,,,,,,,,,,,,2022.0,93.0,hero,24392492.0,,,24392492.0,1.0,615324.0,7.0,4.0,Released,2018-04-16,0.0,4.0,False,0.0,en,0.986,Animation,,,,2018.0,both,right_only
,,,,,,,,,,,,,,,,,,,2022.0,93.0,hero,24392492.0,,,24392492.0,1.0,951693.0,7.0,1.0,Released,2021-02-12,0.0,25.0,False,9.0,en,0.6,"Drama, Family",NO NARRATIVE FILMS,India,English,2021.0,both,right_only
55.0,"Dec 31, 2024","Nov 22, 2024",2024.0,herstory,,Drama,Original Screenplay,Live Action,Contemporary Fiction,0.0,0.0,0.0,0.0,0.0,0.0,0.0,91807492.0,91807492.0,,,herstory,,,,,,527436.0,8.767,15.0,Released,2018-06-27,0.0,121.0,False,0.0,ko,3.524,Drama,"Soo Film, Next Entertainment World",South Korea,Korean,2018.0,right_only,both
55.0,"Dec 31, 2024","Nov 22, 2024",2024.0,herstory,,Drama,Original Screenplay,Live Action,Contemporary Fiction,0.0,0.0,0.0,0.0,0.0,0.0,0.0,91807492.0,91807492.0,,,herstory,,,,,,1157924.0,0.0,0.0,Released,2002-01-01,0.0,0.0,False,0.0,en,0.6,,,,,2002.0,right_only,both
,,,,,,,,,,,,,,,,,,,2018.0,183.0,hichki,26055222.0,330279.0,0.013,25724943.0,0.99,493623.0,7.563,119.0,Released,2018-03-23,25629954.0,116.0,False,2000000.0,hi,7.535,"Drama, Comedy",Yash Raj Films,India,"Hindi, English",2018.0,both,right_only
61.0,"Feb 17, 2023","Jan 22, 2023",2023.0,hiddenblade,Well Go USA,Drama,Original Screenplay,Live Action,Contemporary Fiction,0.0,62.0,62.0,172.0,296337.0,803189.0,830358.0,125177961.0,125981150.0,2023.0,51.0,hiddenblade,136784593.0,803189.0,0.006,135981404.0,0.99,855483.0,6.462,26.0,Released,2023-01-22,139083591.0,128.0,False,0.0,zh,16.293,"Drama, Mystery, History, Action",Bona Film Group,China,"Cantonese, Japanese, Mandarin",2023.0,both,both
37.0,"Dec 25, 2016","Dec 25, 2016",2016.0,hiddenfigures,20th Century Fox,Drama,Based on Factual Book/Article,Live Action,Dramatization,25000000.0,25.0,3416.0,29233.0,515499.0,169607287.0,213945344.0,58761843.0,228369130.0,2016.0,38.0,hiddenfigures,235956898.0,169607287.0,0.7190000000000001,66349611.0,0.28,381284.0,8.058,8958.0,Released,2016-12-10,235956898.0,127.0,False,25000000.0,en,70.299,"Drama, History","Fox 2000 Pictures, Levantine Films, Chernin Entertainment, 20th Century Fox",United States of America,English,2016.0,both,both
,,,,,,,,,,,,,,,,,,,2018.0,86.0,hiddenman,85170581.0,,,85170581.0,1.0,503235.0,6.604,53.0,Released,2018-07-13,0.0,137.0,False,0.0,zh,4.47,"Action, Crime, Drama",Gravity Pictures,China,"French, Mandarin, Japanese, English",2018.0,both,right_only
,,,,,,,,,,,,,,,,,,,2025.0,103.0,him,27834512.0,25009605.0,0.899,2824907.0,0.1009999999999999,752070.0,4.52,75.0,Released,2021-10-27,0.0,88.0,False,0.0,fr,4.688,Drama,"Trésor Films, Pathé, Artémis Productions, Caneo Films",France,French,2021.0,both,right_only
,,,,,,,,,,,,,,,,,,,2025.0,103.0,him,27834512.0,25009605.0,0.899,2824907.0,0.1009999999999999,776888.0,8.5,1.0,Released,2021-03-19,0.0,85.0,False,0.0,no,0.64,Drama,Alternativet Produksjon AS,Norway,"Norwegian, Swedish",2021.0,both,right_only
,,,,,,,,,,,,,,,,,,,2025.0,103.0,him,27834512.0,25009605.0,0.899,2824907.0,0.1009999999999999,1039169.0,0.0,0.0,Released,2022-01-03,0.0,10.0,False,0.0,en,0.622,Drama,Screen 1,United Kingdom,English,2022.0,both,right_only
1.0,"Dec 31, 2020","Feb 12, 2021",2020.0,himom,,Drama,Original Screenplay,Live Action,Science Fiction,0.0,0.0,0.0,0.0,0.0,0.0,0.0,839098445.0,839098445.0,2021.0,3.0,himom,822009764.0,,,822009764.0,1.0,758891.0,7.222,117.0,Released,2021-02-12,822049668.0,128.0,False,59000000.0,zh,8.689,"Drama, Comedy, Fantasy","Alibaba Pictures Group, Tianjin Maoyan Media, Beijing Big Bowl Entertainment Culture Media, Beijing Jingxi Culture and Tourism, Beijing Cheering Times Culture & Entertainment, Shanghai Ruyi Film & TV Production",China,Mandarin,2021.0,both,both
,,,,,,,,,,,,,,,,,,,2017.0,160.0,hindimedium,32841493.0,,,32841493.0,1.0,456570.0,7.297,148.0,Released,2017-05-19,52390000.0,132.0,False,3213790.0,hi,7.079,"Comedy, Drama",Maddock Films,India,Hindi,2017.0,both,right_only
,,,,,,,,,,,,,,,,,,,2023.0,169.0,hisonlyson,13817186.0,12392740.0,0.897,1424446.0,0.1,761851.0,7.3,5.0,Released,2023-03-30,11480048.0,106.0,False,250000.0,en,31.135,"Drama, Fantasy","RockBridge Productions, Angel Studios",United States of America,English,2023.0,both,right_only
86.0,"Aug 21, 2015","Aug 19, 2015",2015.0,hitmanagent47,20th Century Fox,Action,Based on Game,Live Action,Contemporary Fiction,35000000.0,3261.0,3273.0,10384.0,8326530.0,22467450.0,30143163.0,59715353.0,82182803.0,2015.0,91.0,hitmanagent47,82347656.0,22467450.0,0.273,59880206.0,0.73,249070.0,5.83,2812.0,Released,2015-08-20,81967450.0,96.0,False,35000000.0,en,28.424,"Action, Crime, Thriller","Daybreak Productions, Prime Universe Productions, Giant Pictures, TSG Entertainment, Dayday Films, Ingenious Media, Fox International Productions, Deutscher Filmförderfonds, 20th Century Fox, Medienboard Berlin-Brandenburg","Indonesia, Germany, United States of America",English,2015.0,both,both
,,,,,,,,,,,,,,,,,,,2020.0,77.0,hitmanagentjun,17601351.0,,,17601351.0,1.0,604362.0,7.3,48.0,Released,2020-01-22,0.0,110.0,False,0.0,ko,9.53,"Action, Comedy","Lotte Entertainment, Very Good Studio",South Korea,Korean,2020.0,both,right_only
,,,,,,,,,,,,,,,,,,,2021.0,54.0,hitmanswifesbodyguard,70060492.0,38014727.0,0.5429999999999999,32045765.0,0.46,522931.0,6.71,1957.0,Released,2021-06-14,70060492.0,117.0,False,70000000.0,en,23.808,"Action, Comedy, Crime, Thriller","Nu Boyana Film Studios, Summit Entertainment, Lionsgate, Millennium Media, Davis Films","Bulgaria, France, United States of America","English, Japanese",2021.0,both,right_only
,,,,,,,,,,,,,,,,,,,2019.0,153.0,hitmeanyoneonemoretime,32333512.0,,,32333512.0,1.0,636021.0,7.375,8.0,Released,2019-09-13,0.0,127.0,False,0.0,ja,2.209,"Comedy, Drama",,Japan,Japanese,2019.0,both,right_only
,,,,,,,,,,,,,,,,,,,2015.0,128.0,hollywoodadventures,52265070.0,,,52265070.0,1.0,343059.0,4.5,15.0,Released,2015-06-26,0.0,114.0,False,0.0,zh,2.376,"Comedy, Action","Beijing Enlight Pictures, Perfect Storm Entertainment","China, Hong Kong, United States of America","English, Mandarin",2015.0,both,right_only
,,,,,,,,,,,,,,,,,,,2018.0,142.0,holmeswatson,40466970.0,30573626.0,0.7559999999999999,9893344.0,0.24,426563.0,4.294,763.0,Released,2018-12-25,40462793.0,90.0,False,42000000.0,en,8.55,"Mystery, Adventure, Comedy, Crime","Mosaic, Columbia Pictures, Gary Sanchez Productions, Mimran Schur Pictures, Mosaic Media Group",United States of America,English,2018.0,both,right_only
19.0,"Mar 27, 2015","Mar 19, 2015",2015.0,home,20th Century Fox,Adventure,Based on Fiction Book/Short Story,Digital Animation,Kids Fiction,130000000.0,3708.0,3801.0,31486.0,52107731.0,177397510.0,238003059.0,208600386.0,385997896.0,2015.0,20.0,home,386041607.0,177397510.0,0.46,208644097.0,0.54,228161.0,6.782,3693.0,Released,2015-03-18,368871007.0,94.0,False,135000000.0,en,29.249,"Fantasy, Comedy, Animation, Science Fiction, Family","DreamWorks Animation, 20th Century Fox",United States of America,English,2015.0,both,both
19.0,"Mar 27, 2015","Mar 19, 2015",2015.0,home,20th Century Fox,Adventure,Based on Fiction Book/Short Story,Digital Animation,Kids Fiction,130000000.0,3708.0,3801.0,31486.0,52107731.0,177397510.0,238003059.0,208600386.0,385997896.0,2015.0,20.0,home,386041607.0,177397510.0,0.46,208644097.0,0.54,179624.0,5.5,6.0,Released,2012-04-27,0.0,110.0,False,0.0,ja,3.055,"Family, Drama",Toei Company,Japan,Japanese,2012.0,both,both
19.0,"Mar 27, 2015","Mar 19, 2015",2015.0,home,20th Century Fox,Adventure,Based on Fiction Book/Short Story,Digital Animation,Kids Fiction,130000000.0,3708.0,3801.0,31486.0,52107731.0,177397510.0,238003059.0,208600386.0,385997896.0,2015.0,20.0,home,386041607.0,177397510.0,0.46,208644097.0,0.54,545360.0,7.0,1.0,Released,2018-08-27,0.0,61.0,False,0.0,en,0.671,Drama,,,,2018.0,both,both
19.0,"Mar 27, 2015","Mar 19, 2015",2015.0,home,20th Century Fox,Adventure,Based on Fiction Book/Short Story,Digital Animation,Kids Fiction,130000000.0,3708.0,3801.0,31486.0,52107731.0,177397510.0,238003059.0,208600386.0,385997896.0,2015.0,20.0,home,386041607.0,177397510.0,0.46,208644097.0,0.54,1307566.0,10.0,1.0,Released,2024-06-21,0.0,2.0,False,0.0,en,1.4,Drama,,,,2024.0,both,both
19.0,"Mar 27, 2015","Mar 19, 2015",2015.0,home,20th Century Fox,Adventure,Based on Fiction Book/Short Story,Digital Animation,Kids Fiction,130000000.0,3708.0,3801.0,31486.0,52107731.0,177397510.0,238003059.0,208600386.0,385997896.0,2015.0,20.0,home,386041607.0,177397510.0,0.46,208644097.0,0.54,1177264.0,0.0,0.0,Released,2021-03-26,0.0,7.0,False,0.0,ja,0.6,Science Fiction,Orange,Japan,Japanese,2021.0,both,both
19.0,"Mar 27, 2015","Mar 19, 2015",2015.0,home,20th Century Fox,Adventure,Based on Fiction Book/Short Story,Digital Animation,Kids Fiction,130000000.0,3708.0,3801.0,31486.0,52107731.0,177397510.0,238003059.0,208600386.0,385997896.0,2015.0,20.0,home,386041607.0,177397510.0,0.46,208644097.0,0.54,1189513.0,0.0,0.0,Released,2023-10-09,0.0,0.0,False,0.0,tr,1.4,"Mystery, Science Fiction, Drama, Fantasy",,Turkey,,2023.0,both,both
19.0,"Mar 27, 2015","Mar 19, 2015",2015.0,home,20th Century Fox,Adventure,Based on Fiction Book/Short Story,Digital Animation,Kids Fiction,130000000.0,3708.0,3801.0,31486.0,52107731.0,177397510.0,238003059.0,208600386.0,385997896.0,2015.0,20.0,home,386041607.0,177397510.0,0.46,208644097.0,0.54,1421318.0,0.0,0.0,In Production,2025-02-01,0.0,4.0,False,0.0,en,1.4,,,,,2025.0,both,both
19.0,"Mar 27, 2015","Mar 19, 2015",2015.0,home,20th Century Fox,Adventure,Based on Fiction Book/Short Story,Digital Animation,Kids Fiction,130000000.0,3708.0,3801.0,31486.0,52107731.0,177397510.0,238003059.0,208600386.0,385997896.0,2015.0,20.0,home,386041607.0,177397510.0,0.46,208644097.0,0.54,498291.0,0.0,0.0,Released,2016-06-14,0.0,11.0,False,0.0,en,0.6,,ARGOS Centre for  Art and Media,Belgium,,2016.0,both,both
19.0,"Mar 27, 2015","Mar 19, 2015",2015.0,home,20th Century Fox,Adventure,Based on Fiction Book/Short Story,Digital Animation,Kids Fiction,130000000.0,3708.0,3801.0,31486.0,52107731.0,177397510.0,238003059.0,208600386.0,385997896.0,2015.0,20.0,home,386041607.0,177397510.0,0.46,208644097.0,0.54,607042.0,0.0,0.0,Released,2018-12-08,0.0,18.0,False,0.0,en,0.6,,,,,2018.0,both,both
19.0,"Mar 27, 2015","Mar 19, 2015",2015.0,home,20th Century Fox,Adventure,Based on Fiction Book/Short Story,Digital Animation,Kids Fiction,130000000.0,3708.0,3801.0,31486.0,52107731.0,177397510.0,238003059.0,208600386.0,385997896.0,2015.0,20.0,home,386041607.0,177397510.0,0.46,208644097.0,0.54,927114.0,0.0,0.0,Released,2013-07-22,0.0,55.0,False,0.0,en,0.6,Documentary,"The Kindling Group, See3 Communcations",United States of America,English,2013.0,both,both
,,,,,,,,,,,,,,,,,,,2017.0,147.0,homeagain,37270721.0,27020284.0,0.725,10250437.0,0.28,427900.0,6.118,1125.0,Released,2017-09-07,27020284.0,97.0,False,12000000.0,en,13.053,"Comedy, Drama, Romance",Black Bicycle Entertainment,United States of America,English,2017.0,both,right_only
,,,,,,,,,,,,,,,,,,,2017.0,147.0,homeagain,37270721.0,27020284.0,0.725,10250437.0,0.28,1095784.0,0.0,0.0,Released,2021-03-18,0.0,71.0,False,0.0,is,0.6,Documentary,,,Icelandic,2021.0,both,right_only
22.0,"Dec 31, 2022","Sep 30, 2022",2022.0,homecoming,,Drama,Based on Real Life Events,Live Action,Dramatization,0.0,0.0,0.0,0.0,0.0,0.0,0.0,219150259.0,219150259.0,,,homecoming,,,,,,22681.0,5.888,139.0,Released,2009-07-17,0.0,88.0,False,1500000.0,en,6.869,"Horror, Thriller, Drama","Paper Street Films, Animus Films",United States of America,English,2009.0,right_only,both
22.0,"Dec 31, 2022","Sep 30, 2022",2022.0,homecoming,,Drama,Based on Real Life Events,Live Action,Dramatization,0.0,0.0,0.0,0.0,0.0,0.0,0.0,219150259.0,219150259.0,,,homecoming,,,,,,1022145.0,8.129,31.0,Released,2022-09-30,236085820.0,137.0,False,0.0,zh,6.477,"Drama, War",Huace Film & TV,China,"Arabic, Mandarin, English",2022.0,right_only,both
22.0,"Dec 31, 2022","Sep 30, 2022",2022.0,homecoming,,Drama,Based on Real Life Events,Live Action,Dramatization,0.0,0.0,0.0,0.0,0.0,0.0,0.0,219150259.0,219150259.0,,,homecoming,,,,,,1028038.0,0.0,0.0,Released,2014-01-01,0.0,37.0,False,0.0,cn,0.6,Documentary,,,Cantonese,2014.0,right_only,both
22.0,"Dec 31, 2022","Sep 30, 2022",2022.0,homecoming,,Drama,Based on Real Life Events,Live Action,Dramatization,0.0,0.0,0.0,0.0,0.0,0.0,0.0,219150259.0,219150259.0,,,homecoming,,,,,,852659.0,0.0,0.0,Released,2022-02-17,0.0,90.0,False,0.0,hi,0.622,Drama,Lok,India,"Bengali, English, Hindi",2022.0,right_only,both
,,,,,,,,,,,,,,,,,,,2024.0,129.0,homestead,20815384.0,20811864.0,1.0,3520.0,0.001,1015957.0,4.889,9.0,Released,2023-03-03,0.0,80.0,False,0.0,en,11.829,"Horror, Thriller, Western",Oak Street Productions,United States of America,English,2023.0,both,right_only
,,,,,,,,,,,,,,,,,,,2021.0,92.0,homesweethome,32178677.0,,,32178677.0,1.0,195796.0,5.5,45.0,Released,2013-05-14,0.0,81.0,False,0.0,en,3.094,"Horror, Thriller","Gearshift Films, Mad Dimension, Gearshift, Gearshift Films (US)","Canada, France, United States of America",English,2013.0,both,right_only
,,,,,,,,,,,,,,,,,,,2021.0,92.0,homesweethome,32178677.0,,,32178677.0,1.0,942068.0,0.0,0.0,Released,2013-07-05,0.0,4.0,False,0.0,en,0.6,,,,,2013.0,both,right_only
,,,,,,,,,,,,,,,,,,,2020.0,107.0,honestcandidate,10597464.0,,,10597464.0,1.0,605193.0,6.125,24.0,Released,2020-02-12,10468890.0,104.0,False,0.0,ko,8.237,Comedy,"Next Entertainment World, Soo Film, Hong Film",South Korea,Korean,2020.0,both,right_only
58.0,"Oct 9, 2020","Oct 8, 2020",2020.0,honestthief,,Thriller/Suspense,Original Screenplay,Live Action,Contemporary Fiction,30000000.0,0.0,2502.0,15407.0,0.0,14163574.0,17449894.0,18446057.0,32609631.0,2020.0,50.0,honestthief,31220247.0,14163574.0,0.4539999999999999,17056673.0,0.55,553604.0,6.526,1556.0,Released,2020-09-03,31220247.0,99.0,False,0.0,en,24.647,"Thriller, Action, Crime, Drama","The Solution, Dreadnought Films, Zero Gravity Management, Argonaut Entertainment Partners, Honest Thief Productions, Ingenious Media, J Cubed Film Finance, Samuel Marshall Productions, Sprockefeller Pictures","United Kingdom, United States of America",English,2020.0,both,both
,,,,,,,,,,,,,,,,,,,2021.0,186.0,honeylemonsoda,8441488.0,,,8441488.0,1.0,853821.0,7.278,9.0,Released,2021-07-09,0.0,111.0,False,0.0,ja,2.155,"Romance, Comedy, Drama",Shochiku Fujii,Japan,Japanese,2021.0,both,right_only
68.0,"Dec 31, 2024","Dec 31, 2024",2024.0,honeymoneyphony,,Drama,Original Screenplay,Live Action,Contemporary Fiction,0.0,0.0,0.0,0.0,0.0,0.0,0.0,61468059.0,61468059.0,,,honeymoneyphony,,,,,,1273472.0,0.0,0.0,In Production,2024-12-31,0.0,0.0,False,0.0,zh,0.0,"Drama, Crime, Comedy",,,Mandarin,2024.0,right_only,both
,,,,,,,,,,,,,,,,,,,2023.0,188.0,honeysweet,10766032.0,,,10766032.0,1.0,978202.0,7.5,2.0,Released,2023-08-15,0.0,118.0,False,4862154.0,ko,7.884,"Comedy, Romance","Movierock, Mindmark",South Korea,Korean,2023.0,both,right_only
,,,,,,,,,,,,,,,,,,,2023.0,188.0,honeysweet,10766032.0,,,10766032.0,1.0,1557514.0,0.0,0.0,Released,2022-02-10,0.0,3.0,False,0.0,en,0.0071,Music,,"United Kingdom, Finland",English,2022.0,both,right_only
96.0,"Jun 28, 2024","Jun 27, 2024",2024.0,horizonanamericansagachapter1,Warner Bros.,Western,Original Screenplay,Live Action,Historical Fiction,50000000.0,3334.0,3334.0,10799.0,11052561.0,29035702.0,29035702.0,9800000.0,38835702.0,2024.0,84.0,horizonanamericansagachapter1,38835702.0,29035702.0,0.748,9800000.0,0.25,,,,,,,,,,,,,,,,,left_only,both
,,,,,,,,,,,,,,,,,,,2021.0,148.0,hostagemissingcelebrity,13174292.0,,,13174292.0,1.0,602463.0,7.02,25.0,Released,2021-08-18,13000000.0,94.0,False,6144000.0,ko,5.715,"Action, Thriller","Filmmaker R&K, Next Entertainment World, The Sam Company",South Korea,"English, Korean",2021.0,both,right_only
,,,,,,,,,,,,,,,,,,,2017.0,150.0,hostiles,35669017.0,29819114.0,0.836,5849903.0,0.16,384680.0,6.914,2098.0,Released,2017-12-22,36976336.0,134.0,False,55000000.0,en,18.156,"Western, Drama, History","Entertainment Studios Motion Pictures, Waypoint Entertainment, Le Grisbi Productions, Bloom",United States of America,English,2017.0,both,right_only
,,,,,,,,,,,,,,,,,,,2020.0,160.0,hotelbelgrade,6189882.0,,,6189882.0,1.0,592717.0,7.0,31.0,Released,2020-03-05,6237973.0,107.0,False,0.0,ru,3.387,"Comedy, Romance","Start Studio, Yellow, Black & White",Russia,"Russian, Serbian",2020.0,both,right_only
,,,,,,,,,,,,,,,,,,,2019.0,192.0,hotelmumbai,21314816.0,9651611.0,0.4529999999999999,11663205.0,0.55,416144.0,7.555,1375.0,Released,2019-03-14,16872691.0,123.0,False,0.0,en,33.035,"Thriller, History, Drama, Action","Electric Pictures, Xeitgeist Entertainment Group, Cyan Films, Thunder Road, Screen Australia, South Australian Film Corporation, Hamilton Films, S'YA Concept, Arclight Films, Ikaria, Story Bridge Films, Kojo Pictures, Double Barrel Productions, Ingenious Media, Fin Design & Effects, Adelaide Film Festival Investment Fund","Australia, India, Singapore, United States of America","Arabic, English, Greek, Hindi, Marathi, Punjabi, Persian, Russian, Urdu",2019.0,both,right_only
15.0,"Sep 25, 2015","Sep 23, 2015",2015.0,hoteltransylvania2,Sony Pictures,Adventure,Original Screenplay,Digital Animation,Kids Fiction,80000000.0,3754.0,3768.0,28046.0,48464322.0,169700110.0,227634018.0,305099890.0,474800000.0,2015.0,15.0,hoteltransylvania2,474800000.0,169700110.0,0.357,305099890.0,0.64,159824.0,6.8,5338.0,Released,2015-09-21,473226958.0,89.0,False,80000000.0,en,36.252,"Animation, Comedy, Family, Fantasy","Columbia Pictures, Sony Pictures Animation",United States of America,English,2015.0,both,both
16.0,"Jul 13, 2018","Jun 22, 2018",2018.0,hoteltransylvania3summervacation,Sony Pictures,Adventure,Original Screenplay,Digital Animation,Kids Fiction,65000000.0,4267.0,4267.0,27353.0,44076225.0,167500092.0,207950173.0,359861622.0,527361714.0,2018.0,17.0,hoteltransylvania3summervacation,528583774.0,167510016.0,0.317,361073758.0,0.68,400155.0,6.897,4056.0,Released,2018-06-28,528600000.0,97.0,False,80000000.0,en,35.492,"Animation, Comedy, Family, Fantasy","Columbia Pictures, Sony Pictures Animation",United States of America,English,2018.0,both,both
,,,,,,,,,,,,,,,,,,,2015.0,130.0,hotpursuit,51680201.0,34580201.0,0.669,17100000.0,0.33,268920.0,5.689,1509.0,Released,2015-05-08,51680201.0,87.0,False,35000000.0,en,14.711,"Action, Comedy, Crime","New Line Cinema, Pacific Standard, Metro-Goldwyn-Mayer, Warner Bros. Pictures",United States of America,"Spanish, English",2015.0,both,right_only
30.0,"Nov 24, 2021","Nov 24, 2021",2021.0,houseofgucci,United Artists,Drama,Based on Factual Book/Article,Live Action,Dramatization,75000000.0,3471.0,3477.0,18682.0,14423794.0,53809574.0,59636318.0,93664564.0,147474138.0,2021.0,30.0,houseofgucci,153269161.0,53809574.0,0.351,99459587.0,0.65,644495.0,6.626,2767.0,Released,2021-11-24,153235995.0,158.0,False,75000000.0,en,26.057,"Drama, History, Crime","Scott Free Productions, Metro-Goldwyn-Mayer, Bron Studios","Canada, United Kingdom, United States of America","English, Arabic, French, Italian, Japanese",2021.0,both,both
,,,,,,,,,,,,,,,,,,,2020.0,165.0,howibecameagangster,5975729.0,,,5975729.0,1.0,660033.0,7.029,86.0,Released,2019-12-12,5975729.0,140.0,False,0.0,pl,6.485,Crime,"Open Mind Production, Next Film",Poland,Polish,2019.0,both,right_only
,,,,,,,,,,,,,,,,,,,2020.0,89.0,howlingvillage,13394556.0,,,13394556.0,1.0,635199.0,5.974,77.0,Released,2020-02-07,12175665.0,108.0,False,0.0,ja,13.455,"Horror, Mystery",Toei Company,Japan,Japanese,2020.0,both,right_only
58.0,"May 25, 2018","May 13, 2018",2018.0,howlongwilliloveu,Well Go USA,Romantic Comedy,Original Screenplay,Live Action,Fantasy,0.0,23.0,32.0,99.0,204733.0,746933.0,927307.0,132903651.0,133650584.0,2018.0,56.0,howlongwilliloveu,136796719.0,746933.0,0.005,136049786.0,1.0,522921.0,6.655,29.0,Released,2018-05-18,0.0,101.0,False,0.0,zh,3.771,"Comedy, Romance, Drama, Mystery, Fantasy",Youth Light Film,China,Mandarin,2018.0,both,both
,,,,,,,,,,,,,,,,,,,2020.0,161.0,howtobeagoodwife,6033430.0,,,6033430.0,1.0,575291.0,5.797,204.0,Released,2020-03-11,0.0,108.0,False,0.0,fr,8.02,Comedy,"Les Films du Kiosque, France 3 Cinéma, Orange Studio, uMedia, Memento Films Production, Imagine Films",France,French,2020.0,both,right_only
,,,,,,,,,,,,,,,,,,,2017.0,97.0,howtobealatinlover,62547032.0,32149404.0,0.514,30397628.0,0.49,425134.0,6.943,574.0,Released,2017-03-06,26251899.0,115.0,False,0.0,en,28.567,Comedy,Pantelion Films,United States of America,"Spanish, English",2017.0,both,right_only
78.0,"Feb 12, 2016","Feb 8, 2016",2016.0,howtobesingle,Warner Bros.,Romantic Comedy,Based on Fiction Book/Short Story,Live Action,Contemporary Fiction,37000000.0,3343.0,3357.0,13088.0,17878911.0,46843513.0,61248570.0,65700000.0,112543513.0,2016.0,75.0,howtobesingle,112543513.0,46843513.0,0.416,65700000.0,0.58,259694.0,6.246,3048.0,Released,2016-02-08,112343513.0,110.0,False,38000000.0,en,25.223,"Comedy, Romance","New Line Cinema, Metro-Goldwyn-Mayer, Flower Films",United States of America,English,2016.0,both,both
8.0,"Jun 13, 2025","Jun 6, 2025",2025.0,howtotrainyourdragon,Universal,Adventure,Based on Fiction Book/Short Story,Animation/Live Action,Fantasy,150000000.0,4356.0,4373.0,28733.0,84633315.0,262958100.0,262958100.0,373292870.0,636250970.0,2025.0,8.0,howtotrainyourdragon,636351148.0,262958100.0,0.413,373393048.0,0.5870000000000001,10191.0,7.813,12089.0,Released,2010-03-18,494879471.0,98.0,False,165000000.0,en,54.176,"Fantasy, Adventure, Animation, Family","DreamWorks Animation, Paramount",United States of America,English,2010.0,both,both
,,,,,,,,,,,,,,,,,,,2019.0,14.0,howtotrainyourdragonthehiddenworld,521799505.0,160799505.0,0.308,361000000.0,0.69,166428.0,7.761,5817.0,Released,2019-01-03,524580592.0,104.0,False,129000000.0,en,61.84,"Animation, Family, Adventure","DreamWorks Animation, Mad Hatter Entertainment",United States of America,English,2019.0,both,right_only
,,,,,,,,,,,,,,,,,,,2015.0,196.0,huevoslittleroosterseggcellentadventure,25892561.0,9080818.0,0.351,16811743.0,0.65,264419.0,7.0,195.0,Released,2015-09-04,26072723.0,99.0,False,5300000.0,es,15.205,"Animation, Adventure, Comedy, Family","Simka Entertainment, Huevocartoon Producciones, Videocine",Mexico,Spanish,2015.0,both,right_only
,,,,,,,,,,,,,,,,,,,2022.0,76.0,hunt,33821338.0,25994.0,0.001,33795344.0,1.0,727340.0,6.661,121.0,Released,2022-08-10,0.0,131.0,False,17000000.0,ko,36.976,"Action, Mystery, Thriller","Sanai Pictures, Artist Company",South Korea,"English, Japanese, Korean",2022.0,both,right_only
,,,,,,,,,,,,,,,,,,,2018.0,164.0,hunterkiller,31672678.0,15767460.0,0.498,15905218.0,0.5,399402.0,6.86,1955.0,Released,2018-10-19,31672678.0,121.0,False,40000000.0,en,44.024,"Action, Thriller","Original Film, G-BASE, Millennium Media, Hunter Killer Productions, Hishow Entertainment, SprocketHeads, Tucker Tooley Entertainment, Lionsgate, Davis Films, Summit Entertainment","China, France, United Kingdom, United States of America","English, Russian",2018.0,both,right_only
56.0,"Sep 13, 2019","Sep 12, 2019",2019.0,hustlers,STX Entertainment,Drama,Based on Factual Book/Article,Live Action,Dramatization,20700000.0,3250.0,3525.0,19080.0,33181361.0,104963598.0,129600238.0,45504321.0,150467919.0,2019.0,53.0,hustlers,157563598.0,104963598.0,0.6659999999999999,52600000.0,0.33,540901.0,6.486,2754.0,Released,2019-09-12,157600000.0,110.0,False,20000000.0,en,19.563,"Drama, Comedy, Crime","Annapurna Pictures, Annapurna Pictures, Gloria Sanchez Productions, STX Films, Nuyorican Productions",United States of America,"English, Spanish, Russian",2019.0,both,both
,,,,,,,,,,,,,,,,,,,2023.0,152.0,hypnotic,16281937.0,4500169.0,0.276,11781768.0,0.72,536437.0,6.5,603.0,Released,2023-05-11,9464308.0,94.0,False,70000000.0,en,149.609,"Mystery, Thriller, Science Fiction","Studio 8, Solstice Productions, Ingenious Media, Double R Productions","United Kingdom, United States of America",English,2023.0,both,right_only
,,,,,,,,,,,,,,,,,,,2016.0,104.0,iamnotmadamebovary,70826207.0,436798.0,0.006,70389409.0,0.99,400114.0,6.746,71.0,Released,2016-09-29,0.0,128.0,False,0.0,zh,7.864,"Comedy, Drama",Huayi Brothers Pictures,China,Mandarin,2016.0,both,right_only
70.0,"Sep 30, 2016","Sep 28, 2016",2016.0,ibelongedtoyou,China Lion Film Distribution,Drama,Based on Fiction Book/Short Story,Live Action,Contemporary Fiction,0.0,0.0,50.0,79.0,0.0,743507.0,972151.0,118675362.0,119418869.0,2016.0,69.0,ibelongedtoyou,119107580.0,744541.0,0.006,118363039.0,0.99,415636.0,6.083,18.0,Released,2016-09-29,0.0,113.0,False,0.0,zh,2.197,"Romance, Drama",,China,Mandarin,2016.0,both,both
88.0,"Mar 16, 2018","Mar 16, 2018",2018.0,icanonlyimagine,Roadside Attractions,Drama,Based on Song,Live Action,Dramatization,7000000.0,1627.0,2894.0,16927.0,17108914.0,83482352.0,103642748.0,2301215.0,85783567.0,2018.0,85.0,icanonlyimagine,86086881.0,83482352.0,0.97,2604529.0,0.03,470878.0,7.504,415.0,Released,2018-02-14,86026201.0,110.0,False,7000000.0,en,19.42,"Music, Drama","Kevin Downes Productions, Mission Pictures International, City on a Hill Productions, Imagine Rights, LD Entertainment",United States of America,"English, Portuguese",2018.0,both,both
,,,,,,,,,,,,,,,,,,,2017.0,193.0,icanspeak,24024444.0,63239.0,0.003,23961205.0,1.0,470524.0,7.904,52.0,Released,2017-09-21,0.0,119.0,False,0.0,ko,7.78,"Drama, Comedy","Myung Films, Little Big Pictures, Lotte Entertainment",South Korea,"Korean, English",2017.0,both,right_only
,,,,,,,,,,,,,,,,,,,2018.0,170.0,ice,29806210.0,,,29806210.0,1.0,440630.0,7.186,102.0,Released,2018-02-14,0.0,118.0,False,2500000.0,ru,6.407,"Comedy, Romance, Drama","Art Pictures Studio, Vodorod, Russia-1",Russia,Russian,2018.0,both,right_only
,,,,,,,,,,,,,,,,,,,2018.0,170.0,ice,29806210.0,,,29806210.0,1.0,1364425.0,0.0,0.0,Released,2024-05-01,0.0,0.0,False,0.0,en,0.0,,"CSU Sacramento, Ausmer Productions",United States of America,English,2024.0,both,right_only
,,,,,,,,,,,,,,,,,,,2020.0,68.0,ice2,19788995.0,,,19788995.0,1.0,576917.0,8.043,35.0,Released,2020-02-14,0.0,131.0,False,0.0,ru,2.981,"Drama, Romance","Vodorod Film Company, Art Pictures Studio, National Media Group",Russia,Russian,2020.0,both,right_only
,,,,,,,,,,,,,,,,,,,2024.0,131.0,ice3,20615744.0,,,20615744.0,1.0,1205088.0,0.0,0.0,In Production,2024-02-14,0.0,0.0,False,0.0,ru,0.0,Romance,"Cinema Fund, Art Pictures Studio, Vodorod Film Company, Russia-1, Plus Studio, STS Media",Russia,Russian,2024.0,both,right_only
20.0,"Jul 22, 2016","Jul 1, 2016",2016.0,iceagecollisioncourse,20th Century Fox,Adventure,Original Screenplay,Digital Animation,Kids Fiction,105000000.0,3992.0,3997.0,15400.0,21373064.0,64063008.0,83763308.0,338093674.0,402156682.0,2016.0,20.0,iceagecollisioncourse,408579038.0,64063008.0,0.157,344516030.0,0.84,278154.0,6.073,4175.0,Released,2016-06-23,408579038.0,95.0,False,105000000.0,en,38.552,"Adventure, Animation, Family, Comedy, Science Fiction","Blue Sky Studios, 20th Century Fox Animation, 20th Century Fox",United States of America,English,2016.0,both,both
74.0,"Jan 12, 2024","Dec 29, 2023",2024.0,ididitmyway,Well Go USA,Action,Original Screenplay,Live Action,Contemporary Fiction,0.0,36.0,36.0,66.0,75873.0,190686.0,190686.0,54125606.0,54316292.0,,,ididitmyway,,,,,,999056.0,0.0,0.0,Post Production,2023-12-29,0.0,0.0,False,0.0,cn,1.262,"Action, Crime, Drama, Thriller","Universe Entertainment, Alibaba Pictures Group","China, Hong Kong",Cantonese,2023.0,right_only,both
,,,,,,,,,,,,,,,,,,,2023.0,138.0,idolish7movielive4bitbeyondtheperiod,21112012.0,,,21112012.0,1.0,1108298.0,0.0,0.0,Released,2023-04-20,0.0,93.0,False,0.0,ja,1.12,"Animation, Music",,Japan,Japanese,2023.0,both,right_only
,,,,,,,,,,,,,,,,,,,2021.0,188.0,idonthaveanymoneyleftinmyretirementaccount,8204616.0,,,8204616.0,1.0,704035.0,6.5,8.0,Released,2021-10-30,0.0,115.0,False,0.0,ja,2.012,"Comedy, Drama, Family",Toei Company,Japan,Japanese,2021.0,both,right_only
29.0,"May 17, 2024","May 8, 2024",2024.0,if,Paramount Pictures,Comedy,Original Screenplay,Animation/Live Action,Kids Fiction,110000000.0,4041.0,4068.0,22839.0,33715801.0,111375918.0,111375918.0,73522752.0,184898670.0,2024.0,29.0,if,190535708.0,111375918.0,0.585,79159790.0,0.42,625417.0,10.0,1.0,Released,2019-09-30,0.0,15.0,False,100.0,en,0.6,,Hoop Good Media Group,United States of America,English,2019.0,both,both
29.0,"May 17, 2024","May 8, 2024",2024.0,if,Paramount Pictures,Comedy,Original Screenplay,Animation/Live Action,Kids Fiction,110000000.0,4041.0,4068.0,22839.0,33715801.0,111375918.0,111375918.0,73522752.0,184898670.0,2024.0,29.0,if,190535708.0,111375918.0,0.585,79159790.0,0.42,1141702.0,0.0,0.0,Released,2023-03-26,0.0,13.0,False,0.0,en,0.6,"Family, Fantasy, Science Fiction",,Canada,English,2023.0,both,both
29.0,"May 17, 2024","May 8, 2024",2024.0,if,Paramount Pictures,Comedy,Original Screenplay,Animation/Live Action,Kids Fiction,110000000.0,4041.0,4068.0,22839.0,33715801.0,111375918.0,111375918.0,73522752.0,184898670.0,2024.0,29.0,if,190535708.0,111375918.0,0.585,79159790.0,0.42,90075.0,0.0,0.0,Released,1981-01-01,0.0,9.0,False,0.0,cs,0.6,Animation,UNTV,Czechoslovakia,,1981.0,both,both
83.0,"Apr 20, 2018","Apr 20, 2018",2018.0,ifeelpretty,STX Entertainment,Comedy,Original Screenplay,Live Action,Contemporary Fiction,32000000.0,3440.0,3440.0,15658.0,16030218.0,48795601.0,60579391.0,42648494.0,91444095.0,2018.0,75.0,ifeelpretty,94539426.0,48795601.0,0.516,45743825.0,0.48,460668.0,6.41,1936.0,Released,2018-04-19,94539426.0,110.0,False,32000000.0,en,26.655,"Comedy, Romance","Wonderland Sound and Vision, Voltage Pictures, Universal Pictures, STX Films, Huayi Brothers Pictures","China, United States of America",English,2018.0,both,both
,,,,,,,,,,,,,,,,,,,2020.0,122.0,ihatesummer,8926071.0,,,8926071.0,1.0,606954.0,7.095,860.0,Released,2020-01-30,0.0,105.0,False,0.0,it,7.465,Comedy,"Medusa Film, Agidi Due, Sky Cinema",Italy,Italian,2020.0,both,right_only
73.0,"Jul 18, 2025","Jun 19, 2025",2025.0,iknowwhatyoudidlastsummer,Sony Pictures,Horror,Based on Fiction Book/Short Story,Live Action,Contemporary Fiction,18000000.0,3206.0,3206.0,10311.0,12755359.0,32165634.0,32165634.0,31189157.0,63354791.0,2025.0,63.0,iknowwhatyoudidlastsummer,64808120.0,32165634.0,0.496,32642486.0,0.504,3597.0,5.941,2520.0,Released,1997-10-17,125586134.0,101.0,False,17000000.0,en,23.811,"Horror, Thriller, Mystery","Summer Knowledge LLC, Mandalay Entertainment, Columbia Pictures",United States of America,English,1997.0,both,both
88.0,"Mar 8, 2024","Mar 6, 2024",2024.0,imaginary,Lionsgate,Horror,Original Screenplay,Live Action,Contemporary Fiction,13000000.0,3118.0,3118.0,12235.0,9912713.0,28009161.0,28009161.0,15664455.0,43673616.0,2024.0,77.0,imaginary,43778760.0,28009161.0,0.64,15769599.0,0.36,1125311.0,0.0,0.0,In Production,2024-02-02,0.0,0.0,False,0.0,en,2.757,Horror,"Blumhouse Productions, Lionsgate",United States of America,,2024.0,both,both
,,,,,,,,,,,,,,,,,,,2024.0,91.0,immaculate,34853031.0,15671307.0,0.45,19181724.0,0.55,856351.0,6.6,8.0,Released,2021-09-09,0.0,114.0,False,0.0,ro,0.629,Drama,"Romanian Film Centre, Axel Film",Romania,Romanian,2021.0,both,right_only
,,,,,,,,,,,,,,,,,,,2020.0,106.0,impracticaljokersthemovie,10691091.0,10691091.0,1.0,,,566927.0,6.6,134.0,Released,2020-02-21,10700000.0,92.0,False,3000000.0,en,7.97,Comedy,"Funny or Die, truTV",United States of America,English,2020.0,both,right_only
,,,,,,,,,,,,,,,,,,,2024.0,86.0,imstillhere,36425634.0,6233517.0,0.171,30192117.0,0.83,43939.0,6.0,345.0,Released,2010-09-10,0.0,107.0,False,0.0,en,12.553,"Music, Comedy, Drama",They Are Going To Kill Us Productions,United States of America,English,2010.0,both,right_only
4.0,"Jun 15, 2018","Jun 15, 2018",2018.0,incredibles2,Walt Disney,Adventure,Original Screenplay,Digital Animation,Super Hero,200000000.0,4410.0,4413.0,40116.0,182687905.0,608581744.0,755549892.0,634223615.0,1242805359.0,2018.0,4.0,incredibles2,1242805359.0,608581744.0,0.49,634223615.0,0.51,260513.0,7.481,12061.0,Released,2018-06-14,1242805359.0,118.0,False,200000000.0,en,49.215,"Action, Adventure, Animation, Family","Walt Disney Pictures, Pixar",United States of America,English,2018.0,both,both
21.0,"Jun 24, 2016","Jun 22, 2016",2016.0,independencedayresurgence,20th Century Fox,Action,Original Screenplay,Live Action,Science Fiction,165000000.0,4068.0,4091.0,15489.0,41039944.0,103144286.0,134862645.0,281025138.0,384169424.0,2016.0,21.0,independencedayresurgence,389681935.0,103144286.0,0.265,286537649.0,0.74,47933.0,5.283,5674.0,Released,2016-06-22,389681935.0,120.0,False,165000000.0,en,31.224,"Action, Adventure, Science Fiction","20th Century Fox, TSG Entertainment, Centropolis Entertainment, Stereo D",United States of America,English,2016.0,both,both
20.0,"Jun 30, 2023","Jun 28, 2023",2023.0,indianajonesandthedialofdestiny,Walt Disney,Adventure,Original Screenplay,Live Action,Historical Fiction,300000000.0,4600.0,4600.0,21041.0,60368101.0,174480468.0,180381539.0,209482589.0,383963057.0,2023.0,20.0,indianajonesandthedialofdestiny,383963057.0,174480468.0,0.4539999999999999,209482589.0,0.55,335977.0,6.679,1748.0,Released,2023-06-28,382891104.0,155.0,False,294700000.0,en,579.252,"Adventure, Action",Lucasfilm Ltd.,United States of America,English,2023.0,both,both
38.0,"Oct 28, 2016","Oct 5, 2016",2016.0,inferno,Sony Pictures,Thriller/Suspense,Based on Fiction Book/Short Story,Live Action,Contemporary Fiction,75000000.0,3576.0,3576.0,11459.0,14860425.0,34343574.0,44899027.0,185175793.0,219519367.0,2016.0,40.0,inferno,220021259.0,34343574.0,0.156,185677685.0,0.84,207932.0,6.1,5888.0,Released,2016-10-13,220021259.0,121.0,False,75000000.0,en,24.901,"Mystery, Thriller, Action","Columbia Pictures, Imagine Entertainment",United States of America,English,2016.0,both,both
38.0,"Oct 28, 2016","Oct 5, 2016",2016.0,inferno,Sony Pictures,Thriller/Suspense,Based on Fiction Book/Short Story,Live Action,Contemporary Fiction,75000000.0,3576.0,3576.0,11459.0,14860425.0,34343574.0,44899027.0,185175793.0,219519367.0,2016.0,40.0,inferno,220021259.0,34343574.0,0.156,185677685.0,0.84,1151875.0,10.0,1.0,Released,2023-06-09,0.0,0.0,False,50.0,tr,0.6,Thriller,,,,2023.0,both,both
,,,,,,,,,,,,,,,,,,,2020.0,149.0,innocence,6688330.0,,,6659968.0,1.0,33623.0,6.495,96.0,Released,2005-01-12,0.0,121.0,False,0.0,fr,11.026,"Drama, Mystery","Ateliers de Baere, Bluelight l'Ecole, Agat Films & Cie / Ex Nihilo","Belgium, France, Japan, United Kingdom",French,2005.0,both,right_only
,,,,,,,,,,,,,,,,,,,2020.0,149.0,innocence,6688330.0,,,6659968.0,1.0,944532.0,10.0,1.0,Released,2021-10-23,0.0,23.0,False,0.0,en,0.838,Documentary,"Burn A Light Productions, Graduate School of Journalism, University of California at Berkeley, Studio 303",United States of America,English,2021.0,both,right_only
,,,,,,,,,,,,,,,,,,,2015.0,137.0,insidemen,47616503.0,,,47616503.0,1.0,293413.0,7.014,105.0,Released,2015-11-19,62000000.0,130.0,False,0.0,ko,10.669,"Crime, Action","Hive Media Corp, Showbox",South Korea,Korean,2015.0,both,right_only
7.0,"Jun 19, 2015","Jun 12, 2015",2015.0,insideout,Walt Disney,Adventure,Original Screenplay,Digital Animation,Kids Fiction,175000000.0,3946.0,4158.0,37079.0,90440272.0,356461711.0,478242219.0,492007743.0,848469454.0,2015.0,7.0,insideout,858294430.0,356461711.0,0.415,501832719.0,0.59,150540.0,7.922,19463.0,Released,2015-06-09,857611174.0,95.0,False,175000000.0,en,107.292,"Animation, Family, Adventure, Drama, Comedy","Pixar, Walt Disney Pictures",United States of America,English,2015.0,both,both
7.0,"Jun 19, 2015","Jun 12, 2015",2015.0,insideout,Walt Disney,Adventure,Original Screenplay,Digital Animation,Kids Fiction,175000000.0,3946.0,4158.0,37079.0,90440272.0,356461711.0,478242219.0,492007743.0,848469454.0,2015.0,7.0,insideout,858294430.0,356461711.0,0.415,501832719.0,0.59,44227.0,6.2,10.0,Released,1999-01-01,0.0,7.0,False,0.0,en,1.548,"Romance, Comedy","The Long March Film Company, The Jerwood Charitable Foundation",United Kingdom,English,1999.0,both,both
7.0,"Jun 19, 2015","Jun 12, 2015",2015.0,insideout,Walt Disney,Adventure,Original Screenplay,Digital Animation,Kids Fiction,175000000.0,3946.0,4158.0,37079.0,90440272.0,356461711.0,478242219.0,492007743.0,848469454.0,2015.0,7.0,insideout,858294430.0,356461711.0,0.415,501832719.0,0.59,125075.0,7.4,5.0,Released,1997-09-07,0.0,115.0,False,0.0,en,1.666,Drama,,United States of America,,1997.0,both,both
7.0,"Jun 19, 2015","Jun 12, 2015",2015.0,insideout,Walt Disney,Adventure,Original Screenplay,Digital Animation,Kids Fiction,175000000.0,3946.0,4158.0,37079.0,90440272.0,356461711.0,478242219.0,492007743.0,848469454.0,2015.0,7.0,insideout,858294430.0,356461711.0,0.415,501832719.0,0.59,1451494.0,3.0,1.0,Released,2000-02-05,0.0,2.0,False,0.0,no,0.0,,Apecosmonautene,Norway,No Language,2000.0,both,both
7.0,"Jun 19, 2015","Jun 12, 2015",2015.0,insideout,Walt Disney,Adventure,Original Screenplay,Digital Animation,Kids Fiction,175000000.0,3946.0,4158.0,37079.0,90440272.0,356461711.0,478242219.0,492007743.0,848469454.0,2015.0,7.0,insideout,858294430.0,356461711.0,0.415,501832719.0,0.59,1576478.0,0.0,0.0,Released,2010-01-01,0.0,25.0,False,0.0,en,0.0071,,,,English,2010.0,both,both
7.0,"Jun 19, 2015","Jun 12, 2015",2015.0,insideout,Walt Disney,Adventure,Original Screenplay,Digital Animation,Kids Fiction,175000000.0,3946.0,4158.0,37079.0,90440272.0,356461711.0,478242219.0,492007743.0,848469454.0,2015.0,7.0,insideout,858294430.0,356461711.0,0.415,501832719.0,0.59,424861.0,0.0,0.0,Released,1999-01-01,0.0,10.0,False,0.0,en,0.6,,,,,1999.0,both,both
7.0,"Jun 19, 2015","Jun 12, 2015",2015.0,insideout,Walt Disney,Adventure,Original Screenplay,Digital Animation,Kids Fiction,175000000.0,3946.0,4158.0,37079.0,90440272.0,356461711.0,478242219.0,492007743.0,848469454.0,2015.0,7.0,insideout,858294430.0,356461711.0,0.415,501832719.0,0.59,840083.0,0.0,0.0,Released,2021-01-13,0.0,25.0,False,0.0,ja,0.918,Comedy,,Japan,Japanese,2021.0,both,both
1.0,"Jun 14, 2024","Jun 12, 2024",2024.0,insideout2,Walt Disney,Adventure,Original Screenplay,Digital Animation,Kids Fiction,200000000.0,4440.0,4440.0,40615.0,154201673.0,652980194.0,652980194.0,1045851588.0,1698831782.0,2024.0,1.0,insideout2,1698863816.0,652980194.0,0.384,1045883622.0,0.62,353917.0,2.0,2.0,Released,1992-06-11,0.0,90.0,False,0.0,en,1.173,"Fantasy, Science Fiction",Propaganda Films,United States of America,English,1992.0,both,both
61.0,"Jun 5, 2015","Jun 4, 2015",2015.0,insidiouschapter3,Focus Features,Horror,Original Screenplay,Live Action,Contemporary Fiction,10000000.0,3002.0,3014.0,11369.0,22692741.0,52218558.0,70058347.0,68234597.0,120453155.0,2015.0,64.0,insidiouschapter3,112983889.0,52218558.0,0.462,60765331.0,0.54,280092.0,6.295,3123.0,Released,2015-05-28,112983889.0,97.0,False,10000000.0,en,31.496,"Horror, Thriller, Mystery","Blumhouse Productions, Entertainment One","Canada, United States of America",English,2015.0,both,both
52.0,"Jan 5, 2018","Jan 3, 2018",2018.0,insidiousthelastkey,Universal,Horror,Original Screenplay,Live Action,Contemporary Fiction,10000000.0,3116.0,3150.0,12790.0,29581355.0,67745330.0,84105345.0,105066641.0,172811971.0,2018.0,50.0,insidiousthelastkey,167885588.0,67745330.0,0.4039999999999999,100140258.0,0.6,406563.0,6.272,2679.0,Released,2018-01-03,167885588.0,103.0,False,10000000.0,en,102.088,"Horror, Mystery, Thriller","Stage 6 Films, Blumhouse Productions, Universal Pictures, Solana Films",United States of America,English,2018.0,both,both
45.0,"Jul 7, 2023","Jul 5, 2023",2023.0,insidiousthereddoor,Sony Pictures,Horror,Original Screenplay,Live Action,Contemporary Fiction,16000000.0,3188.0,3188.0,12465.0,33013036.0,82156962.0,84935578.0,104101966.0,186258928.0,2023.0,43.0,insidiousthereddoor,189086877.0,82156962.0,0.434,106929915.0,0.57,614479.0,6.85,1161.0,Released,2023-07-05,185582093.0,107.0,False,16000000.0,en,305.896,"Horror, Mystery, Thriller","Blumhouse Productions, Stage 6 Films, Screen Gems, Oren Peli Productions, Solana Films",United States of America,English,2023.0,both,both
61.0,"Nov 16, 2018","Nov 16, 2018",2018.0,instantfamily,Paramount Pictures,Comedy,Original Screenplay,Live Action,Contemporary Fiction,48000000.0,3286.0,3426.0,19071.0,14504315.0,67363237.0,83613914.0,52372951.0,119736188.0,2018.0,59.0,instantfamily,120556201.0,67363237.0,0.5589999999999999,53192964.0,0.44,491418.0,7.537,2676.0,Released,2018-11-16,120989656.0,118.0,False,48000000.0,en,21.868,Comedy,"Closest to the Hole Productions, Leverage Entertainment, Paramount",United States of America,English,2018.0,both,both
,,,,,,,,,,,,,,,,,,,2019.0,193.0,integrity,21290004.0,,,21290004.0,1.0,575238.0,5.231,13.0,Released,2019-02-05,0.0,114.0,False,0.0,cn,2.715,"Crime, Mystery, Drama, Thriller","JCE Movies, Stellar Mega Films",Hong Kong,Cantonese,2019.0,both,right_only
77.0,"Dec 11, 2015","Nov 26, 2015",2015.0,intheheartofthesea,Warner Bros.,Adventure,Based on Real Life Events,Live Action,Dramatization,100000000.0,3103.0,3103.0,8370.0,11053366.0,25020758.0,33501985.0,69300000.0,94320758.0,2015.0,83.0,intheheartofthesea,94320758.0,25020758.0,0.265,69300000.0,0.74,205775.0,6.7,3828.0,Released,2015-12-03,93920758.0,122.0,False,100000000.0,en,21.081,"Thriller, Drama, Adventure, Action, History","Imagine Entertainment, Spring Creek Productions, Roth Films, Kjam Media, Cott Productions, Surf Film, Enelmar Productions, A.I.E., Warner Bros. Pictures, Village Roadshow Pictures","Spain, United States of America",English,2015.0,both,both
74.0,"Jun 10, 2021","Jun 10, 2021",2021.0,intheheights,Warner Bros.,Musical,Based on Musical or Opera,Live Action,Contemporary Fiction,55000000.0,3456.0,3509.0,12587.0,11504710.0,29975167.0,33335218.0,15200000.0,45175167.0,2021.0,71.0,intheheights,45175167.0,29975167.0,0.664,15200000.0,0.34,467909.0,7.221,634.0,Released,2021-06-10,43000000.0,143.0,False,55000000.0,en,13.347,"Drama, Romance","Likely Story, SGS Pictures, 5000 Broadway Productions, Barrio Grrrl!, Endeavor Content",United States of America,"English, Spanish",2021.0,both,both
,,,,,,,,,,,,,,,,,,,2018.0,143.0,intimatestrangers,39576060.0,,,39576060.0,1.0,21200.0,6.4,60.0,Released,2004-02-05,10485817.0,104.0,False,4293360.0,fr,4.316,"Drama, Romance","Assise Productions, Les Films Alain Sarde, Zoulou Films, France 3 Cinéma",France,French,2004.0,both,right_only
,,,,,,,,,,,,,,,,,,,2020.0,198.0,intruder,4751103.0,,,4751103.0,1.0,31150.0,6.322,228.0,Released,1989-01-27,0.0,88.0,False,130000.0,en,12.491,"Horror, Thriller","Beyond Infinity, Full Moon Features, Phantom Productions, Empire Pictures",United States of America,English,1989.0,both,right_only
,,,,,,,,,,,,,,,,,,,2020.0,198.0,intruder,4751103.0,,,4751103.0,1.0,1263334.0,0.0,0.0,Released,2024-03-16,0.0,3.0,False,0.0,es,1.4,"Horror, Comedy",ABULIA,Argentina,Spanish,2024.0,both,right_only
,,,,,,,,,,,,,,,,,,,2015.0,49.0,ipman3,156954938.0,2679437.0,0.017,154275501.0,0.98,365222.0,7.005,1564.0,Released,2015-12-24,157029618.0,105.0,False,36000000.0,cn,18.276,"Action, Drama, History","Dreams Salon Entertainment Culture, Pegasus Motion Pictures, Starbright Communications, Golden Harvest Company, Henan Film & TV Production Group Henan Film Studio, Prosperity Pictures","China, Hong Kong","Cantonese, Mandarin, English, French",2015.0,both,right_only
,,,,,,,,,,,,,,,,,,,2019.0,50.0,ipman4thefinale,176345966.0,3956031.0,0.022,172389935.0,0.98,449924.0,7.257,1766.0,Released,2019-12-19,176345966.0,107.0,False,52000000.0,cn,11.457,"Action, Drama, History","Mandarin Motion Pictures Limited, Golden Harvest Company, Bullet Films, Shanghai Bona Cultural Media","China, Hong Kong","English, Cantonese, Mandarin",2019.0,both,right_only
,,,,,,,,,,,,,,,,,,,2015.0,190.0,irrationalman,27391084.0,4030360.0,0.147,23360724.0,0.85,282984.0,6.538,2256.0,Released,2015-07-17,27391084.0,95.0,False,11000000.0,en,9.574,"Drama, Comedy, Crime","Perdido Productions, Sony Pictures, Gravier Productions",United States of America,English,2015.0,both,right_only
79.0,"Dec 31, 2020","Jun 11, 2021",2020.0,islandkeeper,,Drama,Based on Real Life Events,Live Action,Dramatization,0.0,0.0,0.0,0.0,0.0,0.0,0.0,21640000.0,21640000.0,,,islandkeeper,,,,,,842683.0,7.0,1.0,Released,2021-06-18,0.0,125.0,False,0.0,zh,0.757,Drama,,China,Mandarin,2021.0,right_only,both
,,,,,,,,,,,,,,,,,,,2018.0,111.0,isleofdogs,64241499.0,32015231.0,0.498,32226268.0,0.5,399174.0,7.857,4427.0,Released,2018-03-23,64337744.0,101.0,False,62770198.0,en,18.059,"Adventure, Comedy, Animation","Studio Babelsberg, American Empirical Pictures, Indian Paintbrush, Scott Rudin Productions","Germany, United States of America","English, Japanese",2018.0,both,right_only
,,,,,,,,,,,,,,,,,,,2019.0,122.0,isntitromantic,48791187.0,48791187.0,1.0,,,449563.0,6.225,3343.0,Released,2019-02-13,48800000.0,89.0,False,31000000.0,en,13.625,"Comedy, Fantasy, Romance","New Line Cinema, Bron Studios, Broken Road Productions, Camp Sugar, Creative Wealth Media Finance",United States of America,English,2019.0,both,right_only
97.0,"Mar 13, 2020","Mar 11, 2020",2020.0,istillbelieve,Lionsgate,Drama,Based on Real Life Events,Live Action,Dramatization,12000000.0,3250.0,3250.0,4725.0,9103614.0,10410004.0,12825393.0,6293747.0,16703751.0,2020.0,81.0,istillbelieve,16069730.0,9868521.0,0.614,6201209.0,0.39,585244.0,7.603,1089.0,Released,2020-03-12,16069730.0,115.0,False,12000000.0,en,15.677,"Music, Drama, Romance",Kevin Downes Productions,United States of America,English,2020.0,both,both
13.0,"Sep 8, 2017","Aug 31, 2017",2017.0,it,Warner Bros.,Horror,Based on Fiction Book/Short Story,Live Action,Historical Fiction,35000000.0,4103.0,4148.0,30627.0,123403419.0,328828874.0,414575084.0,375300000.0,704128874.0,2017.0,13.0,it,702781748.0,327481748.0,0.466,375300000.0,0.53,346364.0,7.242,18018.0,Released,2017-09-06,701800000.0,135.0,False,40000000.0,en,74.73,"Horror, Fantasy","New Line Cinema, Vertigo Entertainment, Lin Pictures, KatzSmith Productions",United States of America,English,2017.0,both,both
13.0,"Sep 8, 2017","Aug 31, 2017",2017.0,it,Warner Bros.,Horror,Based on Fiction Book/Short Story,Live Action,Historical Fiction,35000000.0,4103.0,4148.0,30627.0,123403419.0,328828874.0,414575084.0,375300000.0,704128874.0,2017.0,13.0,it,702781748.0,327481748.0,0.466,375300000.0,0.53,340677.0,5.399,581.0,Released,2016-09-09,0.0,96.0,False,13000000.0,en,14.917,Thriller,"Fastnet Films, Irish Dreamtime, Ciné+, 22h22, Mutressa Movies, Friendly Films, Canal+, Voltage Pictures","France, Ireland, United States of America",English,2016.0,both,both
17.0,"Sep 6, 2019","Sep 4, 2019",2019.0,itchaptertwo,Warner Bros.,Horror,Original Screenplay,Live Action,Contemporary Fiction,70000000.0,4570.0,4570.0,25813.0,91062152.0,211593228.0,261257573.0,261500000.0,473093228.0,2019.0,16.0,itchaptertwo,473093228.0,211593228.0,0.447,261500000.0,0.55,474350.0,6.854,8021.0,Released,2019-09-04,473122525.0,169.0,False,79000000.0,en,72.553,"Horror, Fantasy","New Line Cinema, Vertigo Entertainment, Double Dream, Rideback",United States of America,English,2019.0,both,both
21.0,"Aug 9, 2024","Aug 7, 2024",2024.0,itendswithus,Sony Pictures,Drama,Based on Fiction Book/Short Story,Live Action,Contemporary Fiction,25000000.0,3611.0,3839.0,23407.0,50016652.0,148518266.0,148518266.0,201204091.0,349722357.0,2024.0,20.0,itendswithus,351441044.0,148518266.0,0.423,202922778.0,0.58,1079091.0,0.0,0.0,In Production,2024-02-08,0.0,0.0,False,0.0,en,1.534,Drama,"Sony Pictures, Wayfarer Studios, Saks Picture Company",United States of America,English,2024.0,both,both
,,,,,,,,,,,,,,,,,,,2017.0,113.0,itonya,53939297.0,30014539.0,0.556,23924758.0,0.44,389015.0,7.501,5405.0,Released,2017-12-08,53939297.0,120.0,False,11000000.0,en,16.904,"Drama, Comedy","LuckyChap Entertainment, Clubhouse Pictures",United States of America,English,2017.0,both,right_only
,,,,,,,,,,,,,,,,,,,2017.0,157.0,iwanttoeatyourpancreas,33748006.0,277019.0,0.008,33470987.0,0.99,504253.0,8.26,1330.0,Released,2018-09-01,33748006.0,108.0,False,0.0,ja,32.72,"Animation, Drama, Romance","ABC Animation, Aniplex, East Japan Marketing & Communications, Futabasha, Studio VOLN, Tohan, The Asahi Shimbun, HALF H・P STUDIO",Japan,Japanese,2018.0,both,right_only
56.0,"Feb 4, 2022","Feb 3, 2022",2022.0,jackassforever,Paramount Pictures,Reality,Based on TV,Live Action,Factual,10000000.0,3604.0,3653.0,18316.0,23154388.0,57743451.0,62020749.0,17045841.0,74789292.0,2022.0,48.0,jackassforever,80563999.0,57743451.0,0.7170000000000001,22820548.0,0.28,656663.0,6.876,668.0,Released,2022-02-01,80340218.0,96.0,False,10000000.0,en,23.527,"Comedy, Documentary","Paramount, MTV Entertainment Studios, Dickhouse Productions, Gorilla Flicks",United States of America,English,2022.0,both,both
,,,,,,,,,,,,,,,,,,,2016.0,167.0,jackie,29777777.0,13960394.0,0.469,15817383.0,0.53,376866.0,6.443,2194.0,Released,2016-12-02,13960394.0,100.0,False,9000000.0,en,13.102,Drama,"Fox Searchlight Pictures, Why Not Productions, Wild Bunch, Protozoa Pictures, Bliss Media, Endemol Shine North America, Fabula, LD Entertainment","Chile, France, United States of America",English,2016.0,both,right_only
56.0,"Oct 21, 2016","Oct 20, 2016",2016.0,jackreachernevergoback,Paramount Pictures,Action,Based on Fiction Book/Short Story,Live Action,Contemporary Fiction,60000000.0,3780.0,3780.0,15887.0,22872490.0,58697076.0,76740273.0,101249413.0,159946489.0,2016.0,57.0,jackreachernevergoback,162146076.0,58697076.0,0.362,103449000.0,0.64,343611.0,5.945,4489.0,Released,2016-10-19,162146076.0,118.0,False,60000000.0,en,57.904,"Action, Thriller","Skydance, Huahua Media, Shanghai Film Group, TC Productions, Paramount","China, United States of America",English,2016.0,both,both
,,,,,,,,,,,,,,,,,,,2019.0,107.0,jadedynasty,57149764.0,,,57149764.0,1.0,578906.0,7.745,53.0,Released,2019-09-13,0.0,101.0,False,0.0,zh,9.207,"Drama, Romance, Fantasy",,China,Mandarin,2019.0,both,right_only
19.0,"Jul 29, 2016","Jul 20, 2016",2016.0,jasonbourne,Universal,Action,Based on Fiction Book/Short Story,Live Action,Contemporary Fiction,120000000.0,4026.0,4039.0,22794.0,59215365.0,162192920.0,212069591.0,253975396.0,416168316.0,2016.0,19.0,jasonbourne,415484914.0,162434410.0,0.391,253050504.0,0.61,324668.0,6.329,5362.0,Released,2016-07-27,415484914.0,123.0,False,120000000.0,en,28.778,"Action, Thriller, Mystery, Drama","The Kennedy/Marshall Company, Captivate Entertainment, Pearl Street Films, Perfect World Pictures","China, United States of America",English,2016.0,both,both
57.0,"Sep 7, 2023","Sep 7, 2023",2023.0,jawan,Yash Raj Films,Action,Original Screenplay,Live Action,Contemporary Fiction,0.0,826.0,826.0,2498.0,6124963.0,15198530.0,15712553.0,121476558.0,136675088.0,2023.0,120.0,jawan,31539434.0,15198530.0,0.482,16340904.0,0.52,872906.0,7.4,67.0,Released,2023-09-07,128690264.0,169.0,False,36150000.0,hi,52.487,"Action, Adventure, Thriller",Red Chillies Entertainment,India,Hindi,2023.0,both,both
,,,,,,,,,,,,,,,,,,,2023.0,163.0,jeannedubarry,14826528.0,,,14826528.0,1.0,921452.0,7.0,180.0,Released,2023-05-16,0.0,117.0,False,0.0,fr,179.543,"Drama, History, Romance","Why Not Productions, La Petite Reine, Red Sea Fund, France 2 Cinéma, Les Films de Batna, France 3 Cinéma, Les Films du Fleuve, Impala Productions, IN.2 FILM","Belgium, France, United Kingdom",French,2023.0,both,right_only
99.0,"Feb 24, 2023","Feb 24, 2023",2023.0,jesusrevolution,Lionsgate,Drama,Based on Real Life Events,Live Action,Dramatization,15000000.0,2475.0,2575.0,14287.0,15882067.0,52102987.0,53865153.0,1277994.0,53380981.0,2023.0,89.0,jesusrevolution,54293684.0,52102987.0,0.96,2190697.0,0.04,719256.0,6.9,75.0,Released,2023-02-23,52300000.0,120.0,False,15000000.0,en,25.539,"Drama, History","Lionsgate, Kingdom Story Company",United States of America,English,2023.0,both,both
44.0,"Jul 24, 2015","Jul 16, 2015",2015.0,jianbingman,Asia Releasing,Comedy,Original Screenplay,Live Action,Super Hero,0.0,0.0,0.0,0.0,0.0,0.0,0.0,169842267.0,169842267.0,2015.0,41.0,jianbingman,186683536.0,,,186683536.0,1.0,348595.0,5.161,59.0,Released,2015-07-17,0.0,113.0,False,0.0,zh,4.097,"Action, Comedy, Drama",New Classics Media,China,Mandarin,2015.0,both,both
77.0,"Oct 27, 2017","Oct 27, 2017",2017.0,jigsaw,Lionsgate,Horror,Original Screenplay,Live Action,Contemporary Fiction,10000000.0,2941.0,2941.0,10856.0,16640452.0,38052832.0,47979655.0,66170483.0,104223315.0,2017.0,76.0,jigsaw,102952888.0,38052832.0,0.37,64900056.0,0.63,298250.0,6.2,3301.0,Released,2017-10-25,102952888.0,92.0,False,10000000.0,en,128.026,"Horror, Mystery, Thriller","Twisted Pictures, A Bigger Boat, Serendipity Productions, Lionsgate",United States of America,English,2017.0,both,both
,,,,,,,,,,,,,,,,,,,2020.0,146.0,jimbuttonandthewild13,6933267.0,,,6933267.0,1.0,616180.0,6.2,35.0,Released,2020-10-01,6700000.0,110.0,False,20000000.0,de,5.741,"Adventure, Family, Fantasy","Rat Pack Filmproduktion, Warner Bros. Entertainment Germany, DFF - Deutsches Filminstitut & Filmmuseum",Germany,German,2020.0,both,right_only
55.0,"Oct 26, 2018","Sep 13, 2018",2018.0,johnnyenglishstrikesagain,Focus Features,Comedy,Original Screenplay,Live Action,Contemporary Fiction,30000000.0,544.0,552.0,1364.0,1638895.0,4412170.0,5477682.0,154957108.0,159369278.0,2018.0,52.0,johnnyenglishstrikesagain,158970776.0,4412170.0,0.0279999999999999,154558606.0,0.97,463272.0,6.257,2266.0,Released,2018-09-13,158972499.0,89.0,False,25000000.0,en,21.362,"Action, Adventure, Comedy",Working Title Films,United Kingdom,English,2018.0,both,both
48.0,"Dec 31, 2023","Dec 29, 2023",2023.0,johnnykeepwalking,,Comedy,Original Screenplay,Live Action,Contemporary Fiction,0.0,0.0,0.0,0.0,0.0,0.0,0.0,178444932.0,178444932.0,2023.0,47.0,johnnykeepwalking,159776483.0,,,159776483.0,1.0,,,,,,,,,,,,,,,,,left_only,both
,,,,,,,,,,,,,,,,,,,2017.0,55.0,johnwickchapter2,171539887.0,92029184.0,0.536,79510703.0,0.46,324552.0,7.323,12007.0,Released,2017-02-08,171539887.0,122.0,False,40000000.0,en,88.285,"Action, Thriller, Crime","Thunder Road, 87Eleven, Summit Entertainment",United States of America,"English, Hebrew, Italian, Russian",2017.0,both,right_only
29.0,"May 17, 2019","May 15, 2019",2019.0,johnwickchapter3parabellum,Lionsgate,Action,Original Screenplay,Live Action,Contemporary Fiction,75000000.0,3850.0,3850.0,23967.0,56818067.0,171016727.0,211157112.0,155668652.0,326685379.0,2019.0,27.0,johnwickchapter3parabellum,327777335.0,171015687.0,0.522,156761648.0,0.48,458156.0,7.447,9711.0,Released,2019-05-15,326709727.0,131.0,False,55000000.0,en,80.825,"Action, Thriller, Crime","Thunder Road, Lionsgate, 87Eleven",United States of America,"Arabic, Mandarin, English, Indonesian, Italian, Japanese, Latin, Russian",2019.0,both,both
16.0,"Mar 24, 2023","Mar 22, 2023",2023.0,johnwickchapter4,Lionsgate,Action,Original Screenplay,Live Action,Contemporary Fiction,100000000.0,3855.0,3855.0,24938.0,73817950.0,187131806.0,193460762.0,260184599.0,447316405.0,2023.0,16.0,johnwickchapter4,447142521.0,187131806.0,0.419,260010715.0,0.58,603692.0,7.814,4639.0,Released,2023-03-22,426978565.0,170.0,False,90000000.0,en,482.538,"Action, Thriller, Crime","Thunder Road, 87Eleven, Summit Entertainment, Studio Babelsberg","Germany, United States of America","Arabic, Cantonese, English, French, German, Japanese, Latin, Russian, Spanish",2023.0,both,both
80.0,"Oct 18, 2019","Oct 18, 2019",2019.0,jojorabbit,Fox Searchlight,Black Comedy,Original Screenplay,Live Action,Historical Fiction,14000000.0,5.0,1173.0,11224.0,349555.0,33370906.0,41170481.0,53507167.0,86878073.0,2019.0,83.0,jojorabbit,90335025.0,33370906.0,0.369,56964119.0,0.63,515001.0,8.042,8724.0,Released,2019-10-18,82468705.0,108.0,False,14000000.0,en,22.567,"Comedy, War, Drama","Fox Searchlight Pictures, Defender Films, Piki Films, TSG Entertainment, Czech Anglo Productions","Czech Republic, New Zealand, United States of America","English, German",2019.0,both,both
6.0,"Oct 4, 2019","Oct 2, 2019",2019.0,joker,Warner Bros.,Thriller/Suspense,Based on Comic/Graphic Novel,Live Action,Contemporary Fiction,55000000.0,4374.0,4374.0,32875.0,96202337.0,335451311.0,414182640.0,743300000.0,1078751311.0,2019.0,6.0,joker,1078751311.0,335451311.0,0.311,743300000.0,0.69,475557.0,8.168,23425.0,Released,2019-10-01,1074458282.0,122.0,False,55000000.0,en,54.522,"Crime, Thriller, Drama","Warner Bros. Pictures, Joint Effort, Village Roadshow Pictures, Bron Studios, DC Films","Canada, United States of America",English,2019.0,both,both
25.0,"Oct 4, 2024","Oct 1, 2024",2024.0,jokerfolieãdeux,Warner Bros.,Thriller/Suspense,Based on Comic/Graphic Novel,Live Action,Contemporary Fiction,190000000.0,4102.0,4102.0,12700.0,37678467.0,58300287.0,58300287.0,149200000.0,207500287.0,2024.0,27.0,jokerfolieãdeux,207500287.0,58300287.0,0.281,149200000.0,0.72,,,,,,,,,,,,,,,,,left_only,both
,,,,,,,,,,,,,,,,,,,2017.0,192.0,jollyllb2,24214186.0,1654254.0,0.068,22559932.0,0.93,412090.0,6.918,116.0,Released,2017-02-09,1632440.0,140.0,False,4480000.0,hi,7.372,"Comedy, Crime",Star Studios,India,Hindi,2017.0,both,right_only
,,,,,,,,,,,,,,,,,,,2017.0,39.0,journeytothewestthedemonsstrikeback,247585244.0,880346.0,0.004,246704898.0,1.0,435800.0,5.956,90.0,Released,2017-01-28,248805149.0,109.0,False,63300000.0,zh,13.726,"Adventure, Fantasy, Action","Star Overseas, China Film Group Corporation, Huayi Brothers Pictures, Hehe Pictures, Dadi Film Group, Wanda Pictures, Lian Ray Pictures","China, Hong Kong",Mandarin,2017.0,both,right_only
71.0,"Dec 25, 2015","Dec 24, 2015",2015.0,joy,20th Century Fox,Drama,Based on Real Life Events,Live Action,Dramatization,60000000.0,2896.0,2924.0,12291.0,17015168.0,56451232.0,74776822.0,44682827.0,101134059.0,2015.0,74.0,joy,101134059.0,56451232.0,0.5579999999999999,44682827.0,0.44,274479.0,6.51,3828.0,Released,2015-12-24,101134059.0,124.0,False,60000000.0,en,13.845,"Drama, Comedy","TSG Entertainment, Davis Entertainment, Annapurna Pictures, Fox 2000 Pictures, 20th Century Fox",United States of America,"Spanish, English",2015.0,both,both
71.0,"Dec 25, 2015","Dec 24, 2015",2015.0,joy,20th Century Fox,Drama,Based on Real Life Events,Live Action,Dramatization,60000000.0,2896.0,2924.0,12291.0,17015168.0,56451232.0,74776822.0,44682827.0,101134059.0,2015.0,74.0,joy,101134059.0,56451232.0,0.5579999999999999,44682827.0,0.44,1440480.0,0.0,0.0,Released,2024-10-24,0.0,10.0,False,0.0,en,0.0,Comedy,,,English,2024.0,both,both
71.0,"Dec 25, 2015","Dec 24, 2015",2015.0,joy,20th Century Fox,Drama,Based on Real Life Events,Live Action,Dramatization,60000000.0,2896.0,2924.0,12291.0,17015168.0,56451232.0,74776822.0,44682827.0,101134059.0,2015.0,74.0,joy,101134059.0,56451232.0,0.5579999999999999,44682827.0,0.44,790611.0,0.0,0.0,Released,2019-12-31,0.0,40.0,False,0.0,en,0.6,Documentary,,,,2019.0,both,both
,,,,,,,,,,,,,,,,,,,2023.0,156.0,joyride,15787674.0,12897789.0,0.8170000000000001,2889885.0,0.18,10866.0,6.485,1053.0,Released,2001-10-05,36642838.0,97.0,False,23000000.0,en,16.758,"Mystery, Thriller, Drama","Regency Enterprises, Bad Robot",United States of America,English,2001.0,both,right_only
,,,,,,,,,,,,,,,,,,,2023.0,156.0,joyride,15787674.0,12897789.0,0.8170000000000001,2889885.0,0.18,762361.0,6.1,26.0,Released,2022-07-29,0.0,94.0,False,0.0,en,5.733,"Comedy, Drama, Crime","Embankment Films, Fís Éireann/Screen Ireland, Subotica Entertainment, Ingenious Media",Ireland,English,2022.0,both,right_only
,,,,,,,,,,,,,,,,,,,2021.0,199.0,judasandtheblackmessiah,7478009.0,5478009.0,0.733,2000000.0,0.27,583406.0,7.359,1344.0,Released,2021-02-12,6416063.0,126.0,False,26000000.0,en,17.74,"Drama, History","MACRO, Bron Studios, Participant, Proximity Media, Warner Bros. Pictures","Canada, United States of America",English,2021.0,both,right_only
,,,,,,,,,,,,,,,,,,,2017.0,173.0,judwaa2,28733523.0,1431255.0,0.05,27302268.0,0.95,456565.0,5.537,95.0,Released,2017-09-29,34500000.0,150.0,False,10000000.0,hi,7.642,"Action, Comedy, Romance","Star Studios, Nadiadwala Grandson Entertainment",India,Hindi,2017.0,both,right_only
,,,,,,,,,,,,,,,,,,,2019.0,129.0,judy,45701880.0,24313888.0,0.532,21387992.0,0.47,491283.0,6.7,1095.0,Released,2019-09-27,38981322.0,118.0,False,10000000.0,en,11.491,"Drama, History, Music","BBC Film, Calamity Films, Pathé, LD Entertainment, Roadside Attractions","France, United Kingdom, United States of America",English,2019.0,both,right_only
,,,,,,,,,,,,,,,,,,,2022.0,154.0,jugjuggjeeyo,11467726.0,1033000.0,0.09,10434726.0,0.91,765019.0,5.7,25.0,Released,2022-06-24,0.0,148.0,False,0.0,hi,3.524,"Comedy, Drama","Dharma Productions, Viacom18 Studios",India,"English, Hindi",2022.0,both,right_only
28.0,"Mar 18, 2022","Dec 24, 2021",2022.0,jujutsukaisen0,FUNimation,Action,Based on Comic/Graphic Novel,Digital Animation,Fantasy,0.0,2286.0,2418.0,5864.0,18003204.0,33919605.0,36432168.0,149844704.0,183764309.0,2021.0,26.0,jujutsukaisen0,166659865.0,34542754.0,0.207,132117111.0,0.79,810693.0,8.184,1068.0,Released,2021-12-24,195870885.0,105.0,False,0.0,ja,118.924,"Animation, Action, Fantasy","MAPPA, Shueisha, Sumzap, MBS, dugout, TOHO",Japan,Japanese,2021.0,both,both
92.0,"Dec 5, 2025","Nov 7, 2025",2025.0,jujutsukaisenexecution,GKIDS,Action,Based on TV,Digital Animation,Science Fiction,0.0,1833.0,1935.0,5878.0,10084023.0,16583133.0,16583133.0,27985697.0,44568830.0,2025.0,76.0,jujutsukaisenexecution,44457030.0,16583133.0,0.373,27873897.0,0.627,,,,,,,,,,,,,,,,,left_only,both
10.0,"Dec 13, 2019","Dec 4, 2019",2019.0,jumanjithenextlevel,Sony Pictures,Adventure,Original Screenplay,Live Action,Science Fiction,125000000.0,4227.0,4227.0,41449.0,59251543.0,316831246.0,390861114.0,475641422.0,792472668.0,2019.0,10.0,jumanjithenextlevel,801693929.0,320314960.0,0.4,481378969.0,0.6,512200.0,6.931,7932.0,Released,2019-12-04,801693929.0,123.0,False,125000000.0,en,38.772,"Adventure, Comedy, Fantasy","Columbia Pictures, Seven Bucks Productions, Matt Tolmach Productions, The Detective Agency",United States of America,English,2019.0,both,both
5.0,"Dec 20, 2017","Dec 20, 2017",2017.0,jumanjiwelcometothejungle,Sony Pictures,Adventure,Original Screenplay,Live Action,Science Fiction,90000000.0,3765.0,3849.0,43252.0,36169328.0,404508916.0,505469653.0,557123891.0,961632807.0,2017.0,5.0,jumanjiwelcometothejungle,962077546.0,404515480.0,0.42,557562066.0,0.58,353486.0,6.827,12796.0,Released,2017-12-09,995339117.0,119.0,False,90000000.0,en,26.669,"Adventure, Action, Comedy, Fantasy","Radar Pictures, Matt Tolmach Productions, Seven Bucks Productions, Columbia Pictures",United States of America,English,2017.0,both,both
19.0,"Jul 30, 2021","Jul 28, 2021",2021.0,junglecruise,Walt Disney,Adventure,Based on Theme Park Ride,Animation/Live Action,Historical Fiction,200000000.0,4310.0,4310.0,32108.0,35018731.0,116987516.0,130101158.0,93482287.0,210469803.0,2021.0,19.0,junglecruise,220889446.0,116987516.0,0.53,103901930.0,0.47,451048.0,7.418,5199.0,Released,2021-07-28,220889446.0,127.0,False,200000000.0,en,48.284,"Action, Adventure, Fantasy","Walt Disney Pictures, Seven Bucks Productions, Davis Entertainment, Flynn Picture Company, TSG Entertainment, Zaftig Films",United States of America,"English, French, Spanish, Latin, German, Polish, Portuguese, Italian",2021.0,both,both
42.0,"Feb 6, 2015","Feb 6, 2015",2015.0,jupiterascending,Warner Bros.,Action,Original Screenplay,Live Action,Science Fiction,179000000.0,3885.0,3885.0,13791.0,18372372.0,47482519.0,63704310.0,136900000.0,184382519.0,2015.0,42.0,jupiterascending,184287723.0,47387723.0,0.257,136900000.0,0.74,76757.0,5.433,6353.0,Released,2015-02-04,183987723.0,127.0,False,176000003.0,en,53.857,"Science Fiction, Fantasy, Action","Anarchos Productions, Village Roadshow Pictures, Dune Entertainment, Warner Bros. Pictures",United States of America,"English, Russian",2015.0,both,both
2.0,"Jun 12, 2015","Jun 9, 2015",2015.0,jurassicworld,Universal,Action,Based on Fiction Book/Short Story,Live Action,Science Fiction,215000000.0,4274.0,4291.0,36378.0,208806270.0,653406625.0,876373751.0,1017657016.0,1671063641.0,2015.0,2.0,jurassicworld,1670400637.0,652270625.0,0.39,1018130012.0,0.61,135397.0,6.682,19414.0,Released,2015-06-06,1671537444.0,124.0,False,150000000.0,en,54.089,"Action, Adventure, Science Fiction, Thriller","Amblin Entertainment, Universal Pictures",United States of America,English,2015.0,both,both
3.0,"Jun 10, 2022","Jun 1, 2022",2022.0,jurassicworlddominion,Universal,Action,Original Screenplay,Animation/Live Action,Science Fiction,185000000.0,4676.0,4697.0,33015.0,145075625.0,376851080.0,404765978.0,627153512.0,1004004592.0,2022.0,3.0,jurassicworlddominion,1001978080.0,376851080.0,0.376,625127000.0,0.62,507086.0,6.787,5225.0,Released,2022-06-01,1001978080.0,147.0,False,165000000.0,en,113.897,"Adventure, Action, Science Fiction","Amblin Entertainment, Universal Pictures",United States of America,English,2022.0,both,both
3.0,"Jun 22, 2018","Jun 6, 2018",2018.0,jurassicworldfallenkingdom,Universal,Action,Based on Fiction Book/Short Story,Live Action,Science Fiction,170000000.0,4475.0,4485.0,30489.0,148024610.0,417719760.0,518596107.0,890603542.0,1308323302.0,2018.0,3.0,jurassicworldfallenkingdom,1308467944.0,417719760.0,0.319,890748184.0,0.68,351286.0,6.548,10431.0,Released,2018-06-22,1310466296.0,129.0,False,170000000.0,en,44.365,"Action, Adventure, Science Fiction, Thriller","Amblin Entertainment, Universal Pictures",United States of America,"English, Russian",2018.0,both,both
6.0,"Jul 2, 2025","Jul 1, 2025",2025.0,jurassicworldrebirth,Universal,Action,Original Screenplay,Live Action,Science Fiction,225000000.0,4308.0,4324.0,28979.0,92016065.0,339640400.0,339640400.0,529504738.0,869145138.0,2025.0,6.0,jurassicworldrebirth,869146189.0,339640400.0,0.391,529505789.0,0.609,,,,,,,,,,,,,,,,,left_only,both
14.0,"Nov 17, 2017","Nov 13, 2017",2017.0,justiceleague,Warner Bros.,Action,Based on Comic/Graphic Novel,Live Action,Super Hero,300000000.0,4051.0,4051.0,22381.0,93842239.0,229024295.0,288702362.0,432300000.0,661324295.0,2017.0,14.0,justiceleague,661324295.0,229024295.0,0.346,432300000.0,0.65,141052.0,6.098,12263.0,Released,2017-11-15,657926987.0,120.0,False,300000000.0,en,91.091,"Action, Adventure, Science Fiction","RatPac Entertainment, Cruel & Unusual Films, Atlas Entertainment, Warner Bros. Pictures, DC Films","Canada, United Kingdom, United States of America",English,2017.0,both,both
,,,,,,,,,,,,,,,,,,,2019.0,113.0,justmercy,50901502.0,36001502.0,0.7070000000000001,14900000.0,0.29,522212.0,7.903,2036.0,Released,2019-12-25,50401502.0,137.0,False,25000000.0,en,14.476,"Drama, Crime, History","Netter Productions, Outlier Society Productions, Endeavor Content, MACRO, One Community, Participant, Warner Bros. Pictures",United States of America,English,2019.0,both,right_only
,,,,,,,,,,,,,,,,,,,2021.0,180.0,kaguyasamaloveiswar,8794981.0,,,8794981.0,1.0,617402.0,7.6,37.0,Released,2019-09-06,0.0,113.0,False,0.0,ja,4.331,"Comedy, Romance",TOHO,Japan,Japanese,2019.0,both,right_only
,,,,,,,,,,,,,,,,,,,2020.0,76.0,kaijifinalgame,17645779.0,,,17645779.0,1.0,663509.0,6.6,23.0,Released,2020-01-10,0.0,128.0,False,0.0,ja,3.899,"Action, Drama, Thriller, Mystery",,Japan,Japanese,2020.0,both,right_only
,,,,,,,,,,,,,,,,,,,2021.0,164.0,kaiserschmarrndrama,10357720.0,,,10357720.0,1.0,700578.0,7.196,56.0,Released,2021-08-05,10357720.0,96.0,False,0.0,de,4.822,"Comedy, Crime","Constantin Film, ARD Degeto, BR",Germany,German,2021.0,both,right_only
42.0,"Jun 27, 2024","May 9, 2024",2024.0,kalki2898ad,Prathyangira Cinemas,Action,Original Screenplay,Live Action,Science Fiction,0.0,1049.0,1049.0,2143.0,5668275.0,18289575.0,18289575.0,107567863.0,125857438.0,2024.0,46.0,kalki2898ad,125857438.0,18289575.0,0.145,107567863.0,0.86,801688.0,0.0,0.0,In Production,2024-01-12,0.0,0.0,False,75000000.0,te,2.947,"Science Fiction, Action, Thriller",Vyjayanthi Movies,India,"English, Hindi, Telugu",2024.0,both,both
,,,,,,,,,,,,,,,,,,,2023.0,200.0,kandahar,9387311.0,4813132.0,0.513,4574179.0,0.49,717930.0,6.866,575.0,Released,2023-05-25,3000000.0,119.0,False,0.0,en,708.536,"Action, Thriller","Thunder Road, G-BASE, MBC Studios, Capstone Pictures","United Arab Emirates, United States of America",English,2023.0,both,right_only
52.0,"May 30, 2025","May 8, 2025",2025.0,karatekidlegends,Sony Pictures,Drama,Original Screenplay,Live Action,Contemporary Fiction,45000000.0,3809.0,3859.0,14010.0,20302016.0,52547391.0,52547391.0,61971900.0,114519291.0,2025.0,47.0,karatekidlegends,117105466.0,52547391.0,0.449,64558075.0,0.551,,,,,,,,,,,,,,,,,left_only,both
,,,,,,,,,,,,,,,,,,,2016.0,166.0,keepingupwiththejoneses,29918745.0,14904426.0,0.498,15014319.0,0.5,331313.0,6.1,1878.0,Released,2016-10-20,29918745.0,105.0,False,40000000.0,en,14.168,"Action, Comedy","Parkes+MacDonald Image Nation, Fox 2000 Pictures, 20th Century Fox, TSG Entertainment",United States of America,"Hebrew, English",2016.0,both,right_only
,,,,,,,,,,,,,,,,,,,2016.0,194.0,kevinhartwhatnow,23591043.0,23591043.0,1.0,,,339927.0,6.5,230.0,Released,2016-10-14,23600000.0,96.0,False,9900000.0,en,4.857,Comedy,"Universal Pictures, HartBeat Productions",United States of America,English,2016.0,both,right_only
,,,,,,,,,,,,,,,,,,,2018.0,187.0,keystotheheart,25375866.0,75134.0,0.003,25300732.0,1.0,438623.0,8.0,28.0,Released,2018-01-17,0.0,120.0,False,0.0,ko,8.152,"Drama, Comedy","CJ Entertainment, JK Film",South Korea,Korean,2018.0,both,right_only
33.0,"Apr 14, 2022","Apr 14, 2022",2022.0,kgfchapter2,Viva Entertainment,Action,Original Screenplay,Live Action,Fantasy,0.0,510.0,510.0,1020.0,2927234.0,6604562.0,7093790.0,153282496.0,159887058.0,2022.0,38.0,kgfchapter2,118897269.0,2874000.0,0.024,116023269.0,0.98,587412.0,7.539,115.0,Released,2022-04-14,90410749.0,168.0,False,13000000.0,kn,14.352,"Action, Crime, Drama","Hombale Films, Vaaraahi Chalana Chitram, Excel Entertainment",India,Kannada,2022.0,both,both
,,,,,,,,,,,,,,,,,,,2017.0,154.0,kidnap,34814102.0,30971040.0,0.89,3843062.0,0.11,293768.0,6.198,1214.0,Released,2017-06-16,30718107.0,95.0,False,21000000.0,en,15.351,"Drama, Thriller","Ingenious Media, di Bonaventura Pictures, Gold Star Films, Lotus Entertainment, 606 Films, Well Go USA Entertainment, Rumble Entertainment","United Kingdom, United States of America",English,2017.0,both,right_only
,,,,,,,,,,,,,,,,,,,2017.0,154.0,kidnap,34814102.0,30971040.0,0.89,3843062.0,0.11,1125989.0,0.0,0.0,Released,2022-05-18,0.0,29.0,False,0.0,en,0.6,"Comedy, Crime, Drama",,United Kingdom,,2022.0,both,right_only
,,,,,,,,,,,,,,,,,,,2017.0,154.0,kidnap,34814102.0,30971040.0,0.89,3843062.0,0.11,915268.0,0.0,0.0,Released,2020-10-26,0.0,1.0,False,0.0,en,0.6,Horror,,United Kingdom,English,2020.0,both,right_only
51.0,"Oct 20, 2023","Oct 18, 2023",2023.0,killersoftheflowermoon,Paramount Pictures,Western,Based on Fiction Book/Short Story,Live Action,Historical Fiction,200000000.0,3628.0,3786.0,20475.0,23253655.0,68035488.0,70311363.0,88397430.0,156432918.0,2023.0,48.0,killersoftheflowermoon,158772599.0,68035488.0,0.429,90737111.0,0.57,466420.0,0.0,0.0,Released,2023-10-18,0.0,206.0,False,170000000.0,en,90.719,"Crime, Drama, Thriller","Appian Way, Imperative Entertainment, Sikelia Productions, Apple Studios",United States of America,English,2023.0,both,both
,,,,,,,,,,,,,,,,,,,2018.0,191.0,killingfortheprosecution,23929620.0,,,23929620.0,1.0,517373.0,6.2,15.0,Released,2018-08-24,0.0,124.0,False,0.0,ja,3.656,"Mystery, Drama, Crime, Thriller","TOHO, J Storm, Toho Pictures",Japan,Japanese,2018.0,both,right_only
77.0,"Dec 31, 2018","Dec 28, 2018",2018.0,killmobile,,Drama,Original Screenplay,Live Action,Contemporary Fiction,0.0,0.0,0.0,0.0,0.0,0.0,0.0,94951615.0,94951615.0,2018.0,74.0,killmobile,94870905.0,,,94870905.0,1.0,571432.0,5.545,11.0,Released,2018-12-29,0.0,96.0,False,0.0,zh,2.516,"Drama, Comedy",,China,Mandarin,2018.0,both,both
,,,,,,,,,,,,,,,,,,,2019.0,164.0,kimjiyoungborn1982,27696393.0,,,27696393.0,1.0,586048.0,7.45,80.0,Released,2019-10-23,0.0,119.0,False,0.0,ko,10.131,Drama,"Bombaram Film, Lotte Entertainment",South Korea,Korean,2019.0,both,right_only
62.0,"May 12, 2017","May 11, 2017",2017.0,kingarthurlegendofthesword,Warner Bros.,Adventure,Based on Folk Tale/Legend/Fairytale,Live Action,Fantasy,175000000.0,3702.0,3702.0,12290.0,15371270.0,39175066.0,49394649.0,110000000.0,149175066.0,2017.0,60.0,kingarthurlegendofthesword,149175066.0,39175066.0,0.263,110000000.0,0.74,274857.0,6.536,5333.0,Released,2017-05-10,148675066.0,126.0,False,175000000.0,en,33.349,"Action, Drama, Fantasy","Village Roadshow Pictures, Weed Road Pictures, Wigram Productions, Safehouse Pictures, Warner Bros. Pictures",United States of America,English,2017.0,both,both
,,,,,,,,,,,,,,,,,,,2019.0,115.0,kingdom,50574061.0,,,50574061.0,1.0,554805.0,7.159,69.0,Released,2019-04-19,0.0,133.0,False,0.0,ja,11.555,"Action, Adventure, War, History","TOHO, Nippon Television Network Corporation, Sony Pictures",Japan,Japanese,2019.0,both,right_only
,,,,,,,,,,,,,,,,,,,2022.0,74.0,kingdom2farandaway,34963395.0,,,34963395.0,1.0,961420.0,7.229,59.0,Released,2022-07-15,38258562.0,134.0,False,0.0,ja,155.196,"Action, Adventure, War","TOHO, Shueisha, Nippon Television Network Corporation, Sony Pictures",Japan,Japanese,2022.0,both,right_only
95.0,"Jan 10, 2024","Jul 28, 2023",2024.0,kingdom3theflameofdestiny,,Action,Based on Comic/Graphic Novel,Live Action,Historical Fiction,0.0,0.0,0.0,0.0,0.0,0.0,0.0,39761926.0,39761926.0,2023.0,111.0,kingdom3theflameofdestiny,36259522.0,,,36259522.0,1.0,,,,,,,,,,,,,,,,,left_only,both
18.0,"May 10, 2024","May 8, 2024",2024.0,kingdomoftheplanetoftheapes,20th Century Studios,Action,Original Screenplay,Animation/Live Action,Science Fiction,160000000.0,4075.0,4075.0,26910.0,58400788.0,171130165.0,171130165.0,226239804.0,397369969.0,2024.0,18.0,kingdomoftheplanetoftheapes,397378150.0,171130165.0,0.431,226247985.0,0.57,653346.0,0.0,0.0,In Production,2024-05-22,0.0,0.0,False,0.0,en,10.231,"Action, Science Fiction","20th Century Studios, Chernin Entertainment",United States of America,English,2024.0,both,both
81.0,"Nov 19, 2021","Nov 18, 2021",2021.0,kingrichard,Warner Bros.,Drama,Based on Real Life Events,Live Action,Dramatization,50000000.0,3302.0,3302.0,13279.0,5406033.0,15138334.0,16819746.0,24400000.0,39538334.0,2021.0,79.0,kingrichard,39529285.0,15129285.0,0.3829999999999999,24400000.0,0.62,614917.0,7.717,2075.0,Released,2021-11-18,39429285.0,145.0,False,50000000.0,en,28.039,"Drama, History","Star Thrower Entertainment, Westbrook Studios, Warner Bros. Pictures, Overbrook Entertainment",United States of America,English,2021.0,both,both
23.0,"Sep 22, 2017","Sep 19, 2017",2017.0,kingsmanthegoldencircle,20th Century Fox,Action,Based on Comic/Graphic Novel,Live Action,Contemporary Fiction,104000000.0,4003.0,4038.0,20465.0,39023010.0,100234838.0,126382905.0,308568858.0,408803696.0,2017.0,22.0,kingsmanthegoldencircle,410902662.0,100234838.0,0.244,310667824.0,0.76,343668.0,6.972,9560.0,Released,2017-09-20,410902662.0,141.0,False,104000000.0,en,47.359,"Action, Adventure, Comedy","20th Century Fox, Marv Films, Cloudy Productions, TSG Entertainment, Shangri-La Entertainment","United Kingdom, United States of America","Swedish, English, Italian",2017.0,both,both
18.0,"Feb 13, 2015","Jan 29, 2015",2015.0,kingsmanthesecretservice,20th Century Fox,Action,Based on Comic/Graphic Novel,Live Action,Contemporary Fiction,94000000.0,3204.0,3282.0,24227.0,36206331.0,128261724.0,172080677.0,276300000.0,404561724.0,2015.0,18.0,kingsmanthesecretservice,414351546.0,128261724.0,0.31,286089822.0,0.69,207703.0,7.636,15664.0,Released,2014-12-13,414351546.0,129.0,False,81000000.0,en,56.288,"Crime, Comedy, Action, Adventure","20th Century Fox, Marv Films, Cloudy Productions, TSG Entertainment","United Kingdom, United States of America","Arabic, English",2014.0,both,both
30.0,"Nov 27, 2019","Nov 27, 2019",2019.0,knivesout,Lionsgate,Drama,Original Screenplay,Live Action,Contemporary Fiction,40000000.0,3461.0,3461.0,28835.0,26769548.0,165364060.0,204044106.0,147534686.0,312898746.0,2019.0,29.0,knivesout,312897920.0,165363234.0,0.528,147534686.0,0.47,546554.0,7.847,11156.0,Released,2019-11-27,312897920.0,131.0,False,40000000.0,en,39.064,"Comedy, Crime, Mystery","Lionsgate, MRC, T-Street Productions",United States of America,"Spanish, English",2019.0,both,both
97.0,"Feb 3, 2023","Feb 1, 2023",2023.0,knockatthecabin,Universal,Thriller/Suspense,Based on Fiction Book/Short Story,Live Action,Contemporary Fiction,20000000.0,3643.0,3657.0,13428.0,14127170.0,35397980.0,36595168.0,19314755.0,54712735.0,2023.0,87.0,knockatthecabin,54760947.0,35397980.0,0.6459999999999999,19362967.0,0.35,631842.0,6.351,1828.0,Released,2023-02-01,54708659.0,100.0,False,20000000.0,en,68.135,"Thriller, Mystery, Horror","Blinding Edge Pictures, Universal Pictures, FilmNation Entertainment, Wishmore, dentsu","Japan, United States of America",English,2023.0,both,both
17.0,"Mar 10, 2017","Feb 23, 2017",2017.0,kongskullisland,Warner Bros.,Adventure,Original Screenplay,Live Action,Science Fiction,185000000.0,3846.0,3846.0,23268.0,61025472.0,168052812.0,211892680.0,402800000.0,570852812.0,2017.0,17.0,kongskullisland,568652812.0,168052812.0,0.296,400600000.0,0.7,293167.0,6.514,9696.0,Released,2017-03-08,566652812.0,118.0,False,185000000.0,en,39.514,"Action, Adventure, Fantasy","Legendary Pictures, Tencent Pictures","China, United States of America","English, Vietnamese",2017.0,both,both
,,,,,,,,,,,,,,,,,,,2021.0,162.0,krack,10435375.0,,,10435375.0,1.0,784572.0,5.588,17.0,Released,2021-01-09,0.0,154.0,False,0.0,te,3.237,"Action, Crime",Saraswathi Films Division,India,Telugu,2021.0,both,right_only
,,,,,,,,,,,,,,,,,,,2015.0,116.0,krampus,61548707.0,42725475.0,0.6940000000000001,18823232.0,0.31,287903.0,6.145,1882.0,Released,2015-11-26,61788393.0,98.0,False,15000000.0,en,19.663,"Horror, Comedy, Fantasy","Universal Pictures, Legendary Pictures",United States of America,"German, English",2015.0,both,right_only
69.0,"Dec 13, 2024","Aug 29, 2024",2024.0,kraventhehunter,Sony Pictures,Action,Based on Comic/Graphic Novel,Live Action,Super Hero,110000000.0,3211.0,3211.0,12918.0,11001109.0,25026310.0,25026310.0,34985118.0,60011428.0,2024.0,62.0,kraventhehunter,62076533.0,25026310.0,0.4029999999999999,37050223.0,0.6,539972.0,0.0,0.0,In Production,2024-08-28,0.0,0.0,False,0.0,en,33.266,"Action, Adventure, Science Fiction","Columbia Pictures, Matt Tolmach Productions, Arad Productions","Turkey, United States of America",English,2024.0,both,both
99.0,"Aug 19, 2016","Aug 18, 2016",2016.0,kuboandthetwostrings,Focus Features,Adventure,Original Screenplay,Stop-Motion Animation,Fantasy,55000000.0,3260.0,3279.0,16409.0,12608372.0,48023088.0,62790881.0,29525034.0,77548122.0,2016.0,99.0,kuboandthetwostrings,76249438.0,48023088.0,0.63,28226350.0,0.37,313297.0,7.64,3358.0,Released,2016-08-18,76249438.0,102.0,False,60000000.0,en,24.598,"Animation, Adventure, Family","Laika Entertainment, Focus Features",United States of America,English,2016.0,both,both
16.0,"Jan 29, 2016","Jan 23, 2016",2016.0,kungfupanda3,20th Century Fox,Adventure,Original Screenplay,Digital Animation,Kids Fiction,140000000.0,3955.0,3987.0,26899.0,41282042.0,143528619.0,187665744.0,376660606.0,520189225.0,2016.0,16.0,kungfupanda3,521170825.0,143528619.0,0.275,377642206.0,0.73,140300.0,6.878,5327.0,Released,2016-01-23,521170825.0,95.0,False,145000000.0,en,45.002,"Action, Adventure, Animation, Comedy, Family","Pearl Studio, DreamWorks Animation, China Film Group Corporation, 20th Century Fox","China, United States of America",English,2016.0,both,both
9.0,"Mar 8, 2024","Mar 6, 2024",2024.0,kungfupanda4,Universal,Comedy,Original Screenplay,Digital Animation,Kids Fiction,85000000.0,4035.0,4067.0,34341.0,57989905.0,193978190.0,193978190.0,354456117.0,548434307.0,2024.0,9.0,kungfupanda4,547946428.0,193590620.0,0.353,354355808.0,0.65,1011985.0,0.0,0.0,In Production,2024-03-07,0.0,0.0,False,0.0,en,15.964,"Action, Adventure, Animation, Comedy, Family",DreamWorks Animation,United States of America,English,2024.0,both,both
,,,,,,,,,,,,,,,,,,,2017.0,36.0,kungfuyoga,257743016.0,362657.0,0.001,257380359.0,1.0,383785.0,5.832,331.0,Released,2017-01-27,254212245.0,107.0,False,65000000.0,zh,18.611,"Comedy, Mystery, Family, Action, Adventure","Shinework Media, Taihe Entertainment, Top Entertainment, China Film Group Corporation, China Film (Shanghai) International Media Co., Alkatraz Productions, India Film Services, Dexter Studios, Salon Films (HK) Ltd., Golden Network Asia, China Film Co-Production Corporation, Ramman Production, Huaxia Film Distribution","China, Hong Kong, Iceland, India, South Korea, United Arab Emirates","English, Hindi, Mandarin, Portuguese",2017.0,both,right_only
,,,,,,,,,,,,,,,,,,,2022.0,151.0,laalsinghchaddha,12093536.0,3401324.0,0.281,8692212.0,0.72,601635.0,6.451,51.0,Released,2022-08-11,16000000.0,157.0,False,23000000.0,hi,7.085,"Drama, Romance","Aamir Khan Productions, Viacom18 Studios, Paramount",India,Hindi,2022.0,both,right_only
91.0,"Nov 3, 2017","Nov 3, 2017",2017.0,ladybird,A24,Drama,Original Screenplay,Live Action,Contemporary Fiction,10000000.0,4.0,1557.0,12410.0,364437.0,48958273.0,61390398.0,31150209.0,80108482.0,2017.0,88.0,ladybird,78965611.0,48958273.0,0.62,30007338.0,0.38,391713.0,7.271,7861.0,Released,2017-09-01,78966486.0,94.0,False,10000000.0,en,25.85,"Drama, Comedy","IAC Films, Scott Rudin Productions, Entertainment 360",United States of America,English,2017.0,both,both
91.0,"Nov 3, 2017","Nov 3, 2017",2017.0,ladybird,A24,Drama,Original Screenplay,Live Action,Contemporary Fiction,10000000.0,4.0,1557.0,12410.0,364437.0,48958273.0,61390398.0,31150209.0,80108482.0,2017.0,88.0,ladybird,78965611.0,48958273.0,0.62,30007338.0,0.38,257847.0,6.5,2.0,Released,1999-01-02,0.0,23.0,False,0.0,it,1.645,,,,Italian,1999.0,both,both
17.0,"Dec 9, 2016","Nov 30, 2016",2016.0,lalaland,Lionsgate,Musical,Original Screenplay,Live Action,Contemporary Fiction,30000000.0,5.0,3236.0,23194.0,881104.0,151101803.0,191964732.0,352751172.0,503852975.0,2016.0,17.0,lalaland,447407695.0,151101803.0,0.3379999999999999,296305892.0,0.66,313369.0,7.897,15625.0,Released,2016-11-29,447407695.0,129.0,False,30000000.0,en,32.009,"Comedy, Drama, Romance, Music","Summit Entertainment, Black Label Media, Gilbert Films, Impostor Pictures, Marc Platt Productions, Lionsgate",United States of America,English,2016.0,both,both
17.0,"Dec 9, 2016","Nov 30, 2016",2016.0,lalaland,Lionsgate,Musical,Original Screenplay,Live Action,Contemporary Fiction,30000000.0,5.0,3236.0,23194.0,881104.0,151101803.0,191964732.0,352751172.0,503852975.0,2016.0,17.0,lalaland,447407695.0,151101803.0,0.3379999999999999,296305892.0,0.66,691191.0,5.5,2.0,Released,2008-03-07,0.0,26.0,False,0.0,en,0.613,Comedy,,,,2008.0,both,both
17.0,"Dec 9, 2016","Nov 30, 2016",2016.0,lalaland,Lionsgate,Musical,Original Screenplay,Live Action,Contemporary Fiction,30000000.0,5.0,3236.0,23194.0,881104.0,151101803.0,191964732.0,352751172.0,503852975.0,2016.0,17.0,lalaland,447407695.0,151101803.0,0.3379999999999999,296305892.0,0.66,535553.0,0.0,0.0,Released,2018-09-21,0.0,18.0,False,0.0,ko,0.6,"Comedy, Music",,South Korea,Korean,2018.0,both,both
,,,,,,,,,,,,,,,,,,,2022.0,161.0,landoflegends,10357479.0,,,10357479.0,1.0,576986.0,7.6,24.0,Released,2022-10-06,0.0,159.0,False,0.0,ru,3.87,"History, Romance, Action, Adventure","Star Media, Russia-1, Igor Tolstunov Production Company (Profit)",Russia,Russian,2022.0,both,right_only
,,,,,,,,,,,,,,,,,,,2022.0,161.0,landoflegends,10357479.0,,,10357479.0,1.0,271118.0,0.0,0.0,Released,2010-12-28,0.0,0.0,False,0.0,es,0.6,,,France,French,2010.0,both,right_only
,,,,,,,,,,,,,,,,,,,2025.0,109.0,lastbreath,24823454.0,21051180.0,0.848,3772274.0,0.152,570973.0,7.619,84.0,Released,2019-04-05,0.0,85.0,False,0.0,en,8.769,Documentary,"Floating Harbour, Met Film Production, uMedia","Belgium, Sweden, United Kingdom",English,2019.0,both,right_only
64.0,"Nov 8, 2019","Nov 7, 2019",2019.0,lastchristmas,Universal,Romantic Comedy,Original Screenplay,Live Action,Contemporary Fiction,30000000.0,3448.0,3454.0,13469.0,11441055.0,35150750.0,43401107.0,88278631.0,123429381.0,2019.0,62.0,lastchristmas,123446172.0,35150750.0,0.285,88295422.0,0.72,549053.0,7.227,2140.0,Released,2019-11-07,121550750.0,102.0,False,30000000.0,en,13.789,"Comedy, Romance","Universal Pictures, Feigco Entertainment","United Kingdom, United States of America","Mandarin, French, Croatian, English",2019.0,both,both
,,,,,,,,,,,,,,,,,,,2020.0,170.0,lastletter,5663972.0,,,5663972.0,1.0,542807.0,6.882,17.0,Released,2020-01-17,0.0,120.0,False,0.0,ja,3.128,"Romance, Drama",TOHO,Japan,Japanese,2020.0,both,right_only
,,,,,,,,,,,,,,,,,,,2021.0,107.0,lastnightinsoho,22957625.0,10127625.0,0.441,12830000.0,0.56,576845.0,7.375,2812.0,Released,2021-10-21,22957625.0,117.0,False,43000000.0,en,24.18,"Mystery, Thriller, Horror","Film4 Productions, Working Title Films, Complete Fiction, Perfect World Pictures, Focus Features",United Kingdom,English,2021.0,both,right_only
,,,,,,,,,,,,,,,,,,,2019.0,188.0,latenight,22386555.0,15499454.0,0.6920000000000001,6887101.0,0.31,523172.0,6.442,729.0,Released,2019-01-25,22384741.0,102.0,False,4000000.0,en,9.15,"Comedy, Drama","FilmNation Entertainment, 30WEST, Imperative Entertainment, Scott Rudin Productions, 3 Arts Entertainment, Stage 6 Films",United States of America,English,2019.0,both,right_only
,,,,,,,,,,,,,,,,,,,2024.0,151.0,latenightwiththedevil,15469415.0,10001000.0,0.647,5468415.0,0.35,938614.0,7.7,3.0,Released,2023-03-10,0.0,92.0,False,0.0,en,4.316,"Horror, Thriller","Spooky Pictures, Future Pictures, Good Fiend Films, Image Nation Abu Dhabi, VicScreen, AGC Studios","Australia, United Arab Emirates, United States of America",English,2023.0,both,right_only
,,,,,,,,,,,,,,,,,,,2016.0,137.0,leagueofgods,43498766.0,181633.0,0.004,43317133.0,1.0,406429.0,5.4,110.0,Released,2016-07-28,43300000.0,130.0,False,38000000.0,zh,13.794,"Action, Fantasy","China Star Entertainment, Huayi Brothers Pictures","China, Hong Kong","Cantonese, Mandarin",2016.0,both,right_only
,,,,,,,,,,,,,,,,,,,2016.0,92.0,leap,84197417.0,2844490.0,0.034,81352927.0,0.97,638032.0,6.5,21.0,Released,2020-09-25,0.0,135.0,False,0.0,zh,2.887,"Drama, History","J.Q. Pictures, Huanxi Media Group, Alibaba Pictures Group, China Film Group Corporation, We Pictures, Huaxia Film Distribution","China, Hong Kong",Mandarin,2020.0,both,right_only
,,,,,,,,,,,,,,,,,,,2016.0,92.0,leap,84197417.0,2844490.0,0.034,81352927.0,0.97,628161.0,0.0,0.0,Released,2019-07-25,0.0,14.0,False,0.0,pt,0.6,Drama,"Universidade Lusófona, Lusófona Filmes",Portugal,Portuguese,2019.0,both,right_only
,,,,,,,,,,,,,,,,,,,2020.0,57.0,leap,25818882.0,83074.0,0.003,25735808.0,1.0,638032.0,6.5,21.0,Released,2020-09-25,0.0,135.0,False,0.0,zh,2.887,"Drama, History","J.Q. Pictures, Huanxi Media Group, Alibaba Pictures Group, China Film Group Corporation, We Pictures, Huaxia Film Distribution","China, Hong Kong",Mandarin,2020.0,both,right_only
,,,,,,,,,,,,,,,,,,,2020.0,57.0,leap,25818882.0,83074.0,0.003,25735808.0,1.0,628161.0,0.0,0.0,Released,2019-07-25,0.0,14.0,False,0.0,pt,0.6,Drama,"Universidade Lusófona, Lusófona Filmes",Portugal,Portuguese,2019.0,both,right_only
,,,,,,,,,,,,,,,,,,,2024.0,116.0,lee,24676030.0,2005488.0,0.081,22670542.0,0.92,517481.0,4.0,1.0,Released,2007-02-16,0.0,0.0,False,0.0,ta,1.571,,Nathambal Film Factory,India,Tamil,2007.0,both,right_only
,,,,,,,,,,,,,,,,,,,2015.0,148.0,legend,42972994.0,1872994.0,0.044,41100000.0,0.96,276907.0,7.032,3537.0,Released,2015-09-09,42972994.0,132.0,False,25000000.0,en,29.789,"Crime, Thriller","Working Title Films, Cross Creek Pictures, Anton Capital Entertainment, StudioCanal, Canal+, Universal Pictures","United Kingdom, United States of America, France",English,2015.0,both,right_only
,,,,,,,,,,,,,,,,,,,2021.0,133.0,legendno17,16096860.0,,,16096860.0,1.0,184155.0,7.079,120.0,Released,2013-04-17,29523237.0,134.0,False,7720000.0,ru,4.692,Drama,"Studio Trite, VGTRK",Russia,Russian,2013.0,both,right_only
8.0,"Oct 1, 2020","Jan 24, 2020",2020.0,legendofdeification,Well Go USA,Adventure,Original Screenplay,Digital Animation,Kids Fiction,0.0,55.0,55.0,122.0,96275.0,214670.0,264484.0,243672563.0,243887233.0,,,legendofdeification,,,,,,635389.0,7.342,165.0,Released,2020-10-01,240656068.0,105.0,False,0.0,zh,10.451,"Animation, Action, Fantasy, Adventure","Beijing Enlight Pictures, Horgos Coloroom Pictures, Chengdu Coco Cartoon, One&All Animation Studio",China,Mandarin,2020.0,right_only,both
,,,,,,,,,,,,,,,,,,,2017.0,79.0,legendofthedemoncat,97051623.0,,,97051623.0,1.0,434221.0,6.227,77.0,Released,2017-12-22,0.0,129.0,False,0.0,zh,9.417,"Drama, Fantasy, Mystery","New Classics Media, 21 Century Shengkai Film, JCE Movies, KADOKAWA","Japan, China","Mandarin, Japanese",2017.0,both,right_only
,,,,,,,,,,,,,,,,,,,2020.0,124.0,lesblaguesdetoto,8859185.0,,,8859185.0,1.0,671047.0,5.0,50.0,Released,2020-08-05,8859185.0,84.0,False,6438600.0,fr,2.147,Comedy,"Superprod, SND, Bidibul Productions",France,French,2020.0,both,right_only
90.0,"Jan 10, 2020","Aug 30, 2019",2020.0,lesmisãrables,Amazon Studios,Drama,Based on Real Life Events,Live Action,Dramatization,0.0,4.0,69.0,221.0,24154.0,330181.0,406787.0,18519566.0,18849747.0,2019.0,111.0,lesmisãrables,54606372.0,330181.0,0.006,54276191.0,0.99,,,,,,,,,,,,,,,,,left_only,both
,,,,,,,,,,,,,,,,,,,2022.0,191.0,lessoninmurder,7348964.0,,,7348964.0,1.0,890526.0,7.4,7.0,Released,2022-05-06,0.0,128.0,False,0.0,ja,3.105,"Mystery, Drama, Crime",,Japan,Japanese,2022.0,both,right_only
,,,,,,,,,,,,,,,,,,,2020.0,103.0,lethimgo,10835686.0,9358025.0,0.8640000000000001,1477661.0,0.14,596161.0,6.833,559.0,Released,2020-11-05,7997460.0,114.0,False,21000000.0,en,14.235,"Drama, Thriller, Crime, Western","Mazur / Kaplan Company, Focus Features","Canada, United States of America",English,2020.0,both,right_only
,,,,,,,,,,,,,,,,,,,2015.0,141.0,letsgetmarried,45972724.0,462918.0,0.01,45509806.0,0.99,333759.0,5.438,8.0,Released,2015-04-02,0.0,127.0,False,0.0,zh,2.518,Romance,Perfect World Pictures,China,Mandarin,2015.0,both,right_only
99.0,"Nov 26, 2021","Nov 26, 2021",2021.0,licoricepizza,United Artists,Drama,Original Screenplay,Live Action,Contemporary Fiction,40000000.0,4.0,1977.0,11015.0,345157.0,17318007.0,18807818.0,15585542.0,32903549.0,2021.0,87.0,licoricepizza,33276075.0,17318007.0,0.52,15958068.0,0.48,718032.0,7.002,1922.0,Released,2021-11-26,27423319.0,133.0,False,40000000.0,en,21.93,"Drama, Comedy","Ghoulardi Film Company, Bron Studios, Focus Features, Metro-Goldwyn-Mayer","Canada, United States of America","English, Japanese, Spanish",2021.0,both,both
79.0,"Mar 24, 2017","Mar 22, 2017",2017.0,life,Sony Pictures,Thriller/Suspense,Original Screenplay,Live Action,Science Fiction,58000000.0,3146.0,3146.0,10305.0,12501936.0,30234022.0,38121158.0,71581638.0,101815660.0,2017.0,77.0,life,100541806.0,30234022.0,0.301,70307784.0,0.7,395992.0,6.423,6811.0,Released,2017-03-22,100541806.0,104.0,False,58000000.0,en,48.2,"Horror, Science Fiction, Mystery, Thriller","Columbia Pictures, Nvizage, Sony Pictures, Skydance",United States of America,"English, Japanese, Vietnamese",2017.0,both,both
79.0,"Mar 24, 2017","Mar 22, 2017",2017.0,life,Sony Pictures,Thriller/Suspense,Original Screenplay,Live Action,Science Fiction,58000000.0,3146.0,3146.0,10305.0,12501936.0,30234022.0,38121158.0,71581638.0,101815660.0,2017.0,77.0,life,100541806.0,30234022.0,0.301,70307784.0,0.7,1044059.0,8.0,1.0,Released,2022-03-21,0.0,3.0,False,0.0,en,0.6,"Drama, Thriller, Music",,Hong Kong,,2022.0,both,both
79.0,"Mar 24, 2017","Mar 22, 2017",2017.0,life,Sony Pictures,Thriller/Suspense,Original Screenplay,Live Action,Science Fiction,58000000.0,3146.0,3146.0,10305.0,12501936.0,30234022.0,38121158.0,71581638.0,101815660.0,2017.0,77.0,life,100541806.0,30234022.0,0.301,70307784.0,0.7,1558756.0,6.0,1.0,Released,2022-01-15,0.0,0.0,False,220.0,es,0.2,"Drama, Mystery",XKANONICA FILMS,Mexico,,2022.0,both,both
79.0,"Mar 24, 2017","Mar 22, 2017",2017.0,life,Sony Pictures,Thriller/Suspense,Original Screenplay,Live Action,Science Fiction,58000000.0,3146.0,3146.0,10305.0,12501936.0,30234022.0,38121158.0,71581638.0,101815660.0,2017.0,77.0,life,100541806.0,30234022.0,0.301,70307784.0,0.7,1182290.0,0.0,0.0,Released,2023-09-22,0.0,10.0,False,0.0,en,2.636,,,,,2023.0,both,both
79.0,"Mar 24, 2017","Mar 22, 2017",2017.0,life,Sony Pictures,Thriller/Suspense,Original Screenplay,Live Action,Science Fiction,58000000.0,3146.0,3146.0,10305.0,12501936.0,30234022.0,38121158.0,71581638.0,101815660.0,2017.0,77.0,life,100541806.0,30234022.0,0.301,70307784.0,0.7,1247006.0,0.0,0.0,Released,2024-02-18,0.0,107.0,False,0.0,en,0.0,Drama,,,English,2024.0,both,both
79.0,"Mar 24, 2017","Mar 22, 2017",2017.0,life,Sony Pictures,Thriller/Suspense,Original Screenplay,Live Action,Science Fiction,58000000.0,3146.0,3146.0,10305.0,12501936.0,30234022.0,38121158.0,71581638.0,101815660.0,2017.0,77.0,life,100541806.0,30234022.0,0.301,70307784.0,0.7,1522665.0,0.0,0.0,Released,2023-11-30,0.0,6.0,False,0.0,en,0.1,Documentary,Sem Nort,Brazil,"English, Portuguese",2023.0,both,both
79.0,"Mar 24, 2017","Mar 22, 2017",2017.0,life,Sony Pictures,Thriller/Suspense,Original Screenplay,Live Action,Science Fiction,58000000.0,3146.0,3146.0,10305.0,12501936.0,30234022.0,38121158.0,71581638.0,101815660.0,2017.0,77.0,life,100541806.0,30234022.0,0.301,70307784.0,0.7,1082223.0,0.0,0.0,Released,2021-01-20,0.0,30.0,False,0.0,en,0.6,Drama,Camazan Group,United States of America,English,2021.0,both,both
,,,,,,,,,,,,,,,,,,,2018.0,108.0,lifeoftheparty,65659911.0,53059911.0,0.8079999999999999,12600000.0,0.19,399796.0,6.154,930.0,Released,2018-05-10,61700416.0,105.0,False,30000000.0,en,12.127,Comedy,"On the Day, New Line Cinema, Warner Bros. Pictures",United States of America,English,2018.0,both,right_only
,,,,,,,,,,,,,,,,,,,2018.0,108.0,lifeoftheparty,65659911.0,53059911.0,0.8079999999999999,12600000.0,0.19,1420203.0,0.0,0.0,Released,2025-01-19,0.0,7.0,False,50.0,en,1.4,"Drama, Family",Cold Coffey Productions,United States of America,English,2025.0,both,right_only
60.0,"Jul 22, 2016","Jul 21, 2016",2016.0,lightsout,Warner Bros.,Horror,Based on Short Film,Live Action,Contemporary Fiction,5000000.0,2818.0,2835.0,12695.0,21688103.0,67268835.0,87954975.0,82100000.0,149368835.0,2016.0,60.0,lightsout,149368835.0,67268835.0,0.45,82100000.0,0.55,345911.0,6.332,3611.0,Released,2016-07-21,148868835.0,81.0,False,4900000.0,en,20.444,"Horror, Thriller, Mystery","Warner Bros. Pictures, New Line Cinema, Atomic Monster, Grey Matter Productions, Dune Entertainment",United States of America,English,2016.0,both,both
60.0,"Jul 22, 2016","Jul 21, 2016",2016.0,lightsout,Warner Bros.,Horror,Based on Short Film,Live Action,Contemporary Fiction,5000000.0,2818.0,2835.0,12695.0,21688103.0,67268835.0,87954975.0,82100000.0,149368835.0,2016.0,60.0,lightsout,149368835.0,67268835.0,0.45,82100000.0,0.55,1162110.0,10.0,1.0,Released,2022-02-21,0.0,5.0,False,140.0,en,0.6,"Animation, Comedy",Meraki Animation Studios,Indonesia,English,2022.0,both,both
23.0,"Jun 17, 2022","Jun 15, 2022",2022.0,lightyear,Walt Disney,Adventure,Spin-Off,Digital Animation,Kids Fiction,200000000.0,4255.0,4255.0,17580.0,50577961.0,118307188.0,127070689.0,100570836.0,218878024.0,2022.0,20.0,lightyear,226425420.0,118307188.0,0.522,108118232.0,0.48,718789.0,7.1,3053.0,Released,2022-06-15,226425420.0,105.0,False,200000000.0,en,53.066,"Animation, Action, Adventure, Family, Science Fiction","Pixar, Walt Disney Pictures",United States of America,English,2022.0,both,both
23.0,"Jun 17, 2022","Jun 15, 2022",2022.0,lightyear,Walt Disney,Adventure,Spin-Off,Digital Animation,Kids Fiction,200000000.0,4255.0,4255.0,17580.0,50577961.0,118307188.0,127070689.0,100570836.0,218878024.0,2022.0,20.0,lightyear,226425420.0,118307188.0,0.522,108118232.0,0.48,504371.0,5.7,3.0,Released,2014-02-10,0.0,10.0,False,0.0,en,0.6,,,United States of America,No Language,2014.0,both,both
23.0,"Jun 17, 2022","Jun 15, 2022",2022.0,lightyear,Walt Disney,Adventure,Spin-Off,Digital Animation,Kids Fiction,200000000.0,4255.0,4255.0,17580.0,50577961.0,118307188.0,127070689.0,100570836.0,218878024.0,2022.0,20.0,lightyear,226425420.0,118307188.0,0.522,108118232.0,0.48,852906.0,0.0,0.0,Released,2021-03-16,0.0,100.0,False,10.0,fa,0.6,"Drama, Romance",,Iran,Persian,2021.0,both,both
68.0,"Jan 10, 2020","Jan 10, 2020",2020.0,likeaboss,Paramount Pictures,Comedy,Original Screenplay,Live Action,Contemporary Fiction,29000000.0,3078.0,3081.0,8964.0,10011272.0,22169514.0,27313424.0,4394374.0,26563888.0,2020.0,51.0,likeaboss,30399490.0,22169514.0,0.7290000000000001,8229976.0,0.27,526019.0,6.309,597.0,Released,2020-01-09,26925979.0,83.0,False,29000000.0,en,10.745,Comedy,"Artists First, Paramount",United States of America,English,2020.0,both,both
4.0,"May 23, 2025","May 16, 2025",2025.0,lilostitch,Walt Disney,Adventure,Original Screenplay,Animation/Live Action,Kids Fiction,100000000.0,4410.0,4410.0,33365.0,146016175.0,423778855.0,423778855.0,614241241.0,1038020096.0,2025.0,4.0,lilostitch,1038027526.0,423778855.0,0.408,614248671.0,0.5920000000000001,11544.0,7.516,5665.0,Released,2002-06-21,273144151.0,85.0,False,80000000.0,en,44.02,"Animation, Family","Walt Disney Pictures, Walt Disney Feature Animation",United States of America,English,2002.0,both,both
,,,,,,,,,,,,,,,,,,,2020.0,154.0,lindenbergmachdeinding,6404964.0,,,6404964.0,1.0,633172.0,6.574,34.0,Released,2020-01-16,6404964.0,139.0,False,0.0,de,2.697,"Music, Drama, Documentary","Letterbox Filmproduktion, Amalia Film, SevenPictures Film",Germany,German,2020.0,both,right_only
91.0,"Aug 19, 2016","Aug 10, 2016",2016.0,linewalker,Asia Releasing,Action,Based on TV,Live Action,Contemporary Fiction,10800000.0,0.0,0.0,0.0,0.0,0.0,0.0,89569657.0,89569657.0,2016.0,87.0,linewalker,88228755.0,,,88228755.0,1.0,411268.0,6.174,46.0,Released,2016-08-11,88658655.0,108.0,False,0.0,cn,5.459,"Action, Crime, Drama","Shaw Brothers, TVB, PJ One Cool Film Company Limited, One Cool Film Production, Stellar Mega Films, J.Q. Pictures, Media Asia Films","China, Hong Kong","Cantonese, Mandarin",2016.0,both,both
,,,,,,,,,,,,,,,,,,,2019.0,76.0,linewalker2invisiblespy,99482027.0,296751.0,0.003,99185276.0,1.0,589157.0,7.085,46.0,Released,2019-08-07,0.0,98.0,False,0.0,cn,9.726,"Drama, Action, Crime","Babieka Films, Shaw Brothers","China, Hong Kong","Cantonese, Mandarin",2019.0,both,right_only
61.0,"Nov 25, 2016","Nov 25, 2016",2016.0,lion,Weinstein Co.,Drama,Based on Factual Book/Article,Live Action,Dramatization,12000000.0,4.0,1802.0,13311.0,123360.0,51739495.0,65484154.0,97378405.0,149117900.0,2016.0,64.0,lion,140312928.0,51738905.0,0.369,88574023.0,0.63,334543.0,8.083,6199.0,Released,2016-11-24,140312928.0,118.0,False,12000000.0,en,20.266,Drama,"The Weinstein Company, See-Saw Films, Screen Australia, Aquarius Films, Sunstar Entertainment","Australia, United Kingdom, United States of America","Bengali, English, Hindi",2016.0,both,both
,,,,,,,,,,,,,,,,,,,2019.0,121.0,little,48987096.0,40860481.0,0.8340000000000001,8126615.0,0.17,526050.0,6.847,658.0,Released,2019-04-04,17399000.0,108.0,False,20000000.0,en,13.972,"Comedy, Fantasy, Romance","Will Packer Productions, Universal Pictures, Legendary Pictures, Khalabo Ink Society",United States of America,English,2019.0,both,right_only
,,,,,,,,,,,,,,,,,,,2021.0,195.0,littlecannedmen,7600000.0,,,7600000.0,1.0,872086.0,5.0,1.0,Released,2021-09-30,0.0,94.0,False,0.0,zh,1.47,"Fantasy, Comedy, Family",,China,Mandarin,2021.0,both,right_only
,,,,,,,,,,,,,,,,,,,2019.0,181.0,littlewhitelies2,23623665.0,,,23623665.0,1.0,542830.0,6.688,666.0,Released,2019-05-01,0.0,135.0,False,0.0,fr,14.51,"Comedy, Drama",Les Productions du Trésor,"Belgium, France",French,2019.0,both,right_only
41.0,"Dec 25, 2019","Dec 25, 2019",2019.0,littlewomen,Sony Pictures,Drama,Based on Fiction Book/Short Story,Live Action,Historical Fiction,42000000.0,3308.0,3308.0,21532.0,16755310.0,108095955.0,133278171.0,110742431.0,218838386.0,2019.0,41.0,littlewomen,220102679.0,108101214.0,0.491,112001465.0,0.51,331482.0,7.895,5700.0,Released,2019-12-25,216601214.0,135.0,False,40000000.0,en,25.76,"Drama, Romance","Columbia Pictures, Pascal Pictures, Regency Enterprises, Sony Pictures",United States of America,"French, English",2019.0,both,both
,,,,,,,,,,,,,,,,,,,2022.0,148.0,living,12370485.0,3038113.0,0.246,9332372.0,0.75,760099.0,7.0,265.0,Released,2022-11-04,6999027.0,102.0,False,10000000.0,en,15.601,Drama,"Number 9 Films, Film4 Productions, County Hall Arts, Lipsync Productions, RocketScience, Kurosawa Production, Filmgate Films, Film i Väst, Woolley/Karlsen Productions","Japan, Sweden, United Kingdom",English,2022.0,both,right_only
15.0,"Mar 3, 2017","Feb 23, 2017",2017.0,logan,20th Century Fox,Action,Spin-Off,Live Action,Super Hero,127000000.0,4071.0,4071.0,23365.0,88411916.0,226277068.0,285305868.0,387925247.0,614202315.0,2017.0,15.0,logan,619021436.0,226277068.0,0.366,392744368.0,0.63,263115.0,7.8,18116.0,Released,2017-02-28,619021436.0,137.0,False,97000000.0,en,54.194,"Action, Drama, Science Fiction","Hutch Parker Entertainment, The Donners' Company, Genre Films, 20th Century Fox",United States of America,"English, Spanish",2017.0,both,both
,,,,,,,,,,,,,,,,,,,2017.0,117.0,loganlucky,48453605.0,27780977.0,0.573,20672628.0,0.43,399170.0,6.729,3221.0,Released,2017-08-17,48453605.0,118.0,False,29000000.0,en,20.376,"Comedy, Crime, Action, Drama","Free Association, Trans-Radial Pictures, Universal Pictures",United States of America,English,2017.0,both,right_only
44.0,"Mar 4, 2016","Mar 2, 2016",2016.0,londonhasfallen,Focus Features,Thriller/Suspense,Original Screenplay,Live Action,Contemporary Fiction,60000000.0,3490.0,3492.0,15999.0,21635601.0,62524260.0,81751372.0,132669825.0,195194085.0,2016.0,44.0,londonhasfallen,205754447.0,62524260.0,0.304,143230187.0,0.7,267860.0,6.182,4408.0,Released,2016-03-02,205754447.0,99.0,False,60000000.0,en,39.273,"Action, Thriller","Millennium Media, Gramercy Pictures, G-BASE, LHF Film, Nu Boyana Film Studios","Bulgaria, United Kingdom, United States of America",English,2016.0,both,both
,,,,,,,,,,,,,,,,,,,2018.0,137.0,longdaysjourneyintonight,42140994.0,521365.0,0.012,41619629.0,0.99,486898.0,7.0,214.0,Released,2018-10-07,0.0,138.0,False,13000000.0,zh,9.735,"Drama, Mystery","Huace Film & TV, CG Cinéma, Tencent Pictures, YOUKU","China, France","Japanese, Mandarin",2018.0,both,right_only
43.0,"Jul 12, 2024","Jul 10, 2024",2024.0,longlegs,Neon,Horror,Original Screenplay,Live Action,Historical Fiction,10000000.0,2510.0,2850.0,13879.0,22400119.0,74346140.0,74346140.0,51065176.0,125411316.0,2024.0,43.0,longlegs,127961936.0,74346140.0,0.581,53615796.0,0.42,,,,,,,,,,,,,,,,,left_only,both
,,,,,,,,,,,,,,,,,,,2019.0,112.0,longshot,53873809.0,30316271.0,0.563,23557538.0,0.44,459992.0,6.735,2446.0,Released,2019-05-02,0.0,125.0,False,40000000.0,en,15.28,"Comedy, Romance","AG Studios, Denver and Delilah Productions, Point Grey Pictures, Good Universe, Summit Entertainment, Flarsky Productions, Lionsgate",United States of America,"French, English, Swedish",2019.0,both,right_only
,,,,,,,,,,,,,,,,,,,2019.0,112.0,longshot,53873809.0,30316271.0,0.563,23557538.0,0.44,65257.0,6.0,2.0,Released,2001-10-25,0.0,93.0,False,0.0,en,2.435,"Action, Comedy, Family, Thriller",,,English,2001.0,both,right_only
,,,,,,,,,,,,,,,,,,,2024.0,169.0,lookback,12761600.0,2002270.0,0.157,10759330.0,0.84,714593.0,0.0,0.0,Released,1983-08-29,0.0,0.0,False,0.0,ru,1.202,Drama,Mosfilm,,Russian,1983.0,both,right_only
,,,,,,,,,,,,,,,,,,,2019.0,64.0,lookingup,122994583.0,84267.0,0.001,122910316.0,1.0,603765.0,5.5,12.0,Released,2019-07-18,0.0,147.0,False,0.0,zh,3.849,"Family, Drama",,China,Mandarin,2019.0,both,right_only
,,,,,,,,,,,,,,,,,,,2015.0,198.0,lookwhosback,25513752.0,,,25513752.0,1.0,318917.0,6.803,1650.0,Released,2015-10-08,25513752.0,116.0,False,3196621.0,de,15.199,Comedy,"Constantin Film, Claussen+Wöbke Filmproduktion, Mythos Film",Germany,German,2015.0,both,right_only
,,,,,,,,,,,,,,,,,,,2016.0,112.0,lordlegendofravagingdynasties,58089494.0,350456.0,0.006,57739038.0,0.99,369552.0,7.075,120.0,Released,2016-09-29,0.0,113.0,False,0.0,zh,12.699,"Animation, Fantasy, Drama, Science Fiction","THOUSAND DELIGHT PICTURES, Le Vision Pictures, Original Force Animation, HELI CHEN’GUANG INTERNATIONAL MEDIA, Tencent Pictures, WANDA MEDIA COMPANY, Lionsgate",China,Mandarin,2016.0,both,right_only
,,,,,,,,,,,,,,,,,,,2015.0,169.0,lostandlove,34930177.0,188817.0,0.005,34741360.0,1.0,329206.0,6.6,23.0,Released,2015-03-20,0.0,112.0,False,0.0,zh,3.488,Drama,"Huayi Brothers Pictures, Focus Features","China, Hong Kong",Mandarin,2015.0,both,right_only
,,,,,,,,,,,,,,,,,,,2018.0,141.0,lostfound,41043552.0,,,41043552.0,1.0,39964.0,5.175,82.0,Released,1999-04-23,6552255.0,95.0,False,30000000.0,en,7.906,"Comedy, Romance","Dinamo Entertainment, Alcon Entertainment",United States of America,English,1999.0,both,right_only
,,,,,,,,,,,,,,,,,,,2018.0,141.0,lostfound,41043552.0,,,41043552.0,1.0,531542.0,7.1,10.0,Released,2018-06-17,0.0,102.0,False,0.0,zh,1.382,"Drama, Crime","Easy Productions LTD, Huayi Brothers Pictures",China,Mandarin,2018.0,both,right_only
,,,,,,,,,,,,,,,,,,,2018.0,141.0,lostfound,41043552.0,,,41043552.0,1.0,573897.0,4.0,1.0,Released,2018-12-09,0.0,7.0,False,0.0,en,0.6,Drama,"EdLu Productions, Poor Monster Productions",United States of America,,2018.0,both,right_only
,,,,,,,,,,,,,,,,,,,2018.0,141.0,lostfound,41043552.0,,,41043552.0,1.0,1568717.0,0.0,0.0,Released,2025-07-19,0.0,19.0,False,0.0,en,0.0143,,,,English,2025.0,both,right_only
,,,,,,,,,,,,,,,,,,,2018.0,141.0,lostfound,41043552.0,,,41043552.0,1.0,631206.0,0.0,0.0,Released,2003-09-12,0.0,70.0,False,0.0,en,0.6,Drama,,,English,2003.0,both,right_only
,,,,,,,,,,,,,,,,,,,2018.0,141.0,lostfound,41043552.0,,,41043552.0,1.0,735248.0,0.0,0.0,Released,2016-09-16,0.0,12.0,False,0.0,en,0.658,Drama,,United States of America,,2016.0,both,right_only
,,,,,,,,,,,,,,,,,,,2021.0,184.0,lostillusions,8635184.0,126391.0,0.015,8508793.0,0.99,660000.0,7.49,420.0,Released,2021-10-20,8600000.0,149.0,False,20800000.0,fr,10.829,"Drama, Romance, History","Curiosa Films, France 3 Cinéma, Pictanovo, uMedia, Canal+, France Télévisions, Ciné+, CNC, Orange Studio, Gaumont, Gabriel Inc., uFund, Région Hauts-de-France","Belgium, France",French,2021.0,both,right_only
,,,,,,,,,,,,,,,,,,,2015.0,29.0,lostinhongkong,256283912.0,1302281.0,0.005,254981631.0,1.0,361613.0,5.667,54.0,Released,2015-09-25,0.0,114.0,False,0.0,zh,4.962,Comedy,"Luck Road Culture Communication Co., PULIN Production",China,"Cantonese, Mandarin",2015.0,both,right_only
,,,,,,,,,,,,,,,,,,,2015.0,29.0,lostinhongkong,256283912.0,1302281.0,0.005,254981631.0,1.0,360438.0,6.0,1.0,Released,2015-02-07,0.0,12.0,False,0.0,cn,0.6,Drama,,Hong Kong,Cantonese,2015.0,both,right_only
15.0,"Jul 7, 2023","Jun 22, 2023",2023.0,lostinthestars,CMC Pictures,Thriller/Suspense,Original Screenplay,Live Action,Contemporary Fiction,0.0,62.0,62.0,62.0,820000.0,820000.0,847730.0,454070251.0,454890251.0,2023.0,14.0,lostinthestars,487637474.0,1721446.0,0.004,485916028.0,1.0,1108211.0,6.33,44.0,Released,2023-06-22,334039200.0,122.0,False,417549000.0,zh,23.732,"Mystery, Crime, Drama, Thriller","Tao Piao Piao, As One Production",China,"English, Mandarin",2023.0,both,both
,,,,,,,,,,,,,,,,,,,2020.0,178.0,loveaajkal,5120794.0,,,5120794.0,1.0,19663.0,6.2,82.0,Released,2009-07-31,20794985.0,128.0,False,12500000.0,hi,6.873,"Comedy, Drama, Romance","Eros International, Illuminati Films Pvt Ltd",India,Hindi,2009.0,both,right_only
,,,,,,,,,,,,,,,,,,,2023.0,175.0,loveagain,12696584.0,6230837.0,0.491,6465747.0,0.51,758336.0,6.65,183.0,Released,2023-05-04,10000000.0,104.0,False,9000000.0,en,25.145,"Romance, Drama, Comedy","Screen Gems, Thunder Road, 2.0 Entertainment",United States of America,English,2023.0,both,right_only
,,,,,,,,,,,,,,,,,,,2023.0,175.0,loveagain,12696584.0,6230837.0,0.491,6465747.0,0.51,346228.0,6.1,19.0,Released,2015-06-21,0.0,90.0,False,0.0,en,3.428,"Drama, Romance, TV Movie","Front Street Pictures, Hallmark Media","Canada, United States of America",English,2015.0,both,right_only
,,,,,,,,,,,,,,,,,,,2025.0,133.0,lovehurts,17529487.0,15683090.0,0.895,1846397.0,0.105,51822.0,7.713,251.0,Released,2002-11-08,0.0,104.0,False,10000000.0,es,12.579,"Drama, Romance","Altavista Films, Videocine S.A. de C.V.",Mexico,"English, Spanish",2002.0,both,right_only
,,,,,,,,,,,,,,,,,,,2024.0,168.0,loveliesbleeding,12792360.0,8335797.0,0.652,4456563.0,0.35,14565.0,6.375,36.0,Released,2008-01-15,0.0,94.0,False,3000000.0,en,4.293,"Action, Crime, Thriller",,United States of America,"English, Portuguese",2008.0,both,right_only
,,,,,,,,,,,,,,,,,,,2020.0,152.0,lovemelovemenot,6494241.0,,,6494241.0,1.0,624812.0,7.3,12.0,Released,2020-09-18,0.0,103.0,False,0.0,ja,8.897,"Animation, Drama, Romance, Comedy","A-1 Pictures, ZEXCS, TOHO, Aniplex, Shueisha, Yomiuri Telecasting Corporation, KDDI, Hikari TV, East Japan Marketing & Communications, Lawson Entertainment, movic, Hakuhodo DY Music & Pictures, Tokyo MX, Yomiuri Shimbun Company, GYAO, Marui Group, Nippan Group Holdings",Japan,Japanese,2020.0,both,right_only
,,,,,,,,,,,,,,,,,,,2020.0,152.0,lovemelovemenot,6494241.0,,,6494241.0,1.0,596156.0,0.0,0.0,Released,1981-11-05,0.0,91.0,False,0.0,zh,0.6,Romance,Yung Sheng Film Company,Taiwan,Mandarin,1981.0,both,right_only
,,,,,,,,,,,,,,,,,,,2020.0,152.0,lovemelovemenot,6494241.0,,,6494241.0,1.0,773640.0,0.0,0.0,Released,2019-02-22,0.0,4.0,False,0.0,sv,0.6,Documentary,,,Swedish,2019.0,both,right_only
,,,,,,,,,,,,,,,,,,,2015.0,185.0,lovemercy,28641776.0,12551031.0,0.4379999999999999,16090745.0,0.56,271714.0,7.106,615.0,Released,2015-05-29,28641776.0,120.0,False,10000000.0,en,17.56,"Drama, Music, History","John Wells Productions, River Road Entertainment, Roadside Attractions, Lionsgate, Stage 6 Films",United States of America,English,2015.0,both,right_only
,,,,,,,,,,,,,,,,,,,2016.0,141.0,loveo2o,39969537.0,,,39969537.0,1.0,412190.0,6.946,46.0,Released,2016-08-12,39969537.0,105.0,False,0.0,zh,6.266,"Drama, Comedy, Romance",,China,Mandarin,2016.0,both,right_only
,,,,,,,,,,,,,,,,,,,2017.0,185.0,loveoffthecuff,25959989.0,,,25959989.0,1.0,447954.0,7.031,32.0,Released,2017-04-27,0.0,119.0,False,0.0,cn,4.24,"Romance, Comedy","Sun Entertainment Culture, Media Asia Film, Enlight Pictures","China, Hong Kong",Cantonese,2017.0,both,right_only
,,,,,,,,,,,,,,,,,,,2023.0,146.0,lovereset,18425590.0,,,18425590.0,1.0,1069515.0,0.0,0.0,Released,2016-11-29,0.0,7.0,False,0.0,en,0.6,,,,,2016.0,both,right_only
,,,,,,,,,,,,,,,,,,,2018.0,106.0,lovesimon,66316289.0,40826341.0,0.616,25489948.0,0.38,449176.0,8.041,5748.0,Released,2018-02-16,66316289.0,110.0,False,17000000.0,en,19.843,"Comedy, Drama, Romance","Temple Hill Entertainment, Fox 2000 Pictures, New Leaf Literary & Media, 20th Century Fox, Twisted Media",United States of America,English,2018.0,both,right_only
,,,,,,,,,,,,,,,,,,,2015.0,150.0,lovethecoopers,42426912.0,26302731.0,0.62,16124181.0,0.38,333348.0,5.991,724.0,Released,2015-11-12,42426912.0,107.0,False,17000000.0,en,17.294,"Drama, Comedy, Family","Imagine Entertainment, Groundswell Productions, CBS Films, Handwritten Films",United States of America,English,2015.0,both,right_only
,,,,,,,,,,,,,,,,,,,2021.0,72.0,lovewilltearusapart,45060290.0,,,45060290.0,1.0,830938.0,6.15,10.0,Released,2021-05-20,30863720.0,105.0,False,0.0,zh,3.595,"Drama, Romance",,China,Mandarin,2021.0,both,right_only
,,,,,,,,,,,,,,,,,,,2020.0,25.0,loveyouforever,60670799.0,,,60670799.0,1.0,735168.0,7.0,2.0,Released,2020-08-25,0.0,115.0,False,0.0,zh,1.863,Romance,"Beijing C2M Pictures, Edko Films, Irresistible Alpha, Milk & Honey Pictures","China, Czech Republic",Mandarin,2020.0,both,right_only
,,,,,,,,,,,,,,,,,,,2017.0,137.0,lovingvincent,42187665.0,6735118.0,0.16,35452547.0,0.84,339877.0,8.026,2287.0,Released,2017-06-22,42187665.0,95.0,False,5500000.0,en,19.476,"Animation, Drama, Mystery, History","Breakthru Films, Trademark Films, Centrum Technologii Audiowizualnych, PISF, Odra Film, Good Deed Entertainment","United Kingdom, Poland",English,2017.0,both,right_only
,,,,,,,,,,,,,,,,,,,2018.0,109.0,lstorm,64517456.0,,,64517456.0,1.0,506492.0,7.29,31.0,Released,2018-08-23,0.0,97.0,False,0.0,cn,3.47,"Action, Crime, Thriller","Pegasus Motion Pictures, Huace Film & TV, Wanda Media Co., Er Dong Pictures, My Pictures Studio, Beijing Youpin Investment Fund, Shanghai Tencent Pictures Culture Media, Zhongqing Xingying Media, CF Tide Films, Wishart Media Co., Ltd.","China, Hong Kong","Cantonese, Mandarin",2018.0,both,right_only
70.0,"Jun 18, 2021","Jun 17, 2021",2021.0,luca,Walt Disney,Adventure,Original Screenplay,Digital Animation,Kids Fiction,0.0,0.0,1390.0,2780.0,0.0,1324302.0,1324302.0,49787534.0,51111836.0,2021.0,67.0,luca,51074773.0,1324302.0,0.026,49750471.0,0.97,508943.0,7.865,7625.0,Released,2021-06-17,49750471.0,95.0,False,200000000.0,en,60.762,"Animation, Comedy, Fantasy, Adventure, Family","Pixar, Walt Disney Pictures",United States of America,"English, Italian",2021.0,both,both
70.0,"Jun 18, 2021","Jun 17, 2021",2021.0,luca,Walt Disney,Adventure,Original Screenplay,Digital Animation,Kids Fiction,0.0,0.0,1390.0,2780.0,0.0,1324302.0,1324302.0,49787534.0,51111836.0,2021.0,67.0,luca,51074773.0,1324302.0,0.026,49750471.0,0.97,1632233.0,0.0,0.0,Released,2026-02-02,0.0,12.0,False,0.0,ja,0.0357,Animation,,,Japanese,2026.0,both,both
,,,,,,,,,,,,,,,,,,,2016.0,127.0,luckkey,48913975.0,466505.0,0.01,48447470.0,0.99,421928.0,7.141,110.0,Released,2016-10-13,0.0,112.0,False,0.0,ko,7.738,"Action, Comedy, Crime","Yong Film, Showbox",South Korea,Korean,2016.0,both,right_only
40.0,"Oct 7, 2022","Oct 6, 2022",2022.0,lylelylecrocodile,Sony Pictures,Musical,Based on Fiction Book/Short Story,Animation/Live Action,Kids Fiction,50000000.0,4350.0,4350.0,28107.0,11401182.0,46888441.0,50354201.0,60303627.0,107192068.0,2022.0,40.0,lylelylecrocodile,111080122.0,46888441.0,0.422,64191681.0,0.58,830784.0,7.2,465.0,Released,2022-10-07,104088441.0,106.0,False,50000000.0,en,45.932,"Comedy, Family, Music","Eagle Pictures, Columbia Pictures","Italy, United States of America",English,2022.0,both,both
46.0,"Jan 6, 2023","Dec 28, 2022",2023.0,m3gan,Universal,Horror,Original Screenplay,Live Action,Science Fiction,12000000.0,3509.0,3628.0,22218.0,30429860.0,95159005.0,98377366.0,86637512.0,181796517.0,2022.0,27.0,m3gan,180089109.0,95159005.0,0.528,84930104.0,0.47,536554.0,7.219,3210.0,Released,2022-12-28,179960167.0,102.0,False,12000000.0,en,100.625,"Science Fiction, Horror","Atomic Monster, Blumhouse Productions, Divide / Conquer, Universal Pictures",United States of America,English,2022.0,both,both
98.0,"Jun 27, 2025","Jun 25, 2025",2025.0,m3gan20,Universal,Horror,Original Screenplay,Live Action,Science Fiction,25000000.0,3112.0,3133.0,8762.0,10201625.0,24101280.0,24101280.0,14984662.0,39085942.0,2025.0,86.0,m3gan20,39083707.0,24101280.0,0.617,14982427.0,0.3829999999999999,1071585.0,0.0,0.0,Planned,2025-01-16,0.0,0.0,False,0.0,en,6.926,"Science Fiction, Horror, Comedy","Blumhouse Productions, Atomic Monster, Divide / Conquer, Universal Pictures",United States of America,English,2025.0,both,both
99.0,"May 31, 2019","May 29, 2019",2019.0,ma,Universal,Horror,Original Screenplay,Live Action,Contemporary Fiction,5000000.0,2808.0,2816.0,9097.0,18099805.0,45896028.0,56668563.0,15324756.0,61220784.0,2019.0,104.0,ma,61220784.0,45896028.0,0.75,15324756.0,0.25,502416.0,5.796,2027.0,Released,2019-05-29,51749995.0,99.0,False,5000000.0,en,15.987,"Horror, Thriller","Universal Pictures, Blumhouse Productions, Wyolah Films",United States of America,English,2019.0,both,both
99.0,"May 31, 2019","May 29, 2019",2019.0,ma,Universal,Horror,Original Screenplay,Live Action,Contemporary Fiction,5000000.0,2808.0,2816.0,9097.0,18099805.0,45896028.0,56668563.0,15324756.0,61220784.0,2019.0,104.0,ma,61220784.0,45896028.0,0.75,15324756.0,0.25,637503.0,8.0,1.0,Released,2017-01-22,0.0,11.0,False,0.0,tl,0.6,,,,,2017.0,both,both
99.0,"May 31, 2019","May 29, 2019",2019.0,ma,Universal,Horror,Original Screenplay,Live Action,Contemporary Fiction,5000000.0,2808.0,2816.0,9097.0,18099805.0,45896028.0,56668563.0,15324756.0,61220784.0,2019.0,104.0,ma,61220784.0,45896028.0,0.75,15324756.0,0.25,954017.0,0.0,0.0,Released,2022-03-18,0.0,6.0,False,0.0,en,0.6,Animation,,United Kingdom,,2022.0,both,both
99.0,"May 31, 2019","May 29, 2019",2019.0,ma,Universal,Horror,Original Screenplay,Live Action,Contemporary Fiction,5000000.0,2808.0,2816.0,9097.0,18099805.0,45896028.0,56668563.0,15324756.0,61220784.0,2019.0,104.0,ma,61220784.0,45896028.0,0.75,15324756.0,0.25,1028404.0,0.0,0.0,Released,2022-11-15,0.0,16.0,False,0.0,en,1.4,Drama,Bottleneck Productions,Philippines,Tagalog,2022.0,both,both
50.0,"Feb 14, 2024","Feb 14, 2024",2024.0,madameweb,Sony Pictures,Action,Spin-Off,Live Action,Super Hero,80000000.0,4013.0,4013.0,14307.0,15335860.0,43817106.0,43817106.0,56481711.0,100298817.0,2024.0,49.0,madameweb,100498764.0,43817106.0,0.436,56681658.0,0.56,1322864.0,0.0,0.0,In Production,2024-08-15,0.0,14.0,False,100.0,en,1.4,"Action, Adventure, Animation, Comedy, Music",,United States of America,,2024.0,both,both
,,,,,,,,,,,,,,,,,,,2020.0,186.0,madeinabyssdawnofthedeepsoul,4971635.0,,,4971635.0,1.0,573730.0,7.938,186.0,Released,2020-01-17,4971635.0,105.0,False,0.0,ja,15.898,"Animation, Adventure, Fantasy, Mystery","Kinema Citrus, KADOKAWA, CygamesPictures, Takeshobo, AT-X, Sony Music Entertainment (Japan), Kanetsu Investment, Global Solutions, Kadokawa Media House",Japan,Japanese,2020.0,both,right_only
,,,,,,,,,,,,,,,,,,,2025.0,115.0,madly,21986901.0,,,21986901.0,1.0,390329.0,4.9,9.0,Released,2016-04-14,0.0,105.0,False,0.0,en,3.293,Drama,,"Argentina, Australia, India, Japan, United Kingdom, United States of America","English, Hindi, Japanese, Spanish",2016.0,both,right_only
20.0,"May 15, 2015","May 14, 2015",2015.0,madmaxfuryroad,Warner Bros.,Action,Original Screenplay,Live Action,Science Fiction,150000000.0,3702.0,3722.0,20865.0,45428128.0,154363726.0,206759412.0,226100000.0,380463726.0,2015.0,21.0,madmaxfuryroad,379436354.0,153636354.0,0.405,225800000.0,0.6,76341.0,7.582,20911.0,Released,2015-05-13,378858340.0,121.0,False,150000000.0,en,78.319,"Action, Adventure, Science Fiction","Kennedy Miller Productions, Warner Bros. Pictures, RatPac Entertainment, Village Roadshow Pictures","Australia, United States of America, South Africa",English,2015.0,both,both
93.0,"Feb 10, 2023","Feb 8, 2023",2023.0,magicmikeslastdance,Warner Bros.,Comedy,Original Screenplay,Live Action,Contemporary Fiction,45000000.0,1496.0,3034.0,9582.0,8305317.0,26033633.0,26914113.0,31100000.0,57133633.0,2023.0,83.0,magicmikeslastdance,57105156.0,26005156.0,0.455,31100000.0,0.55,906221.0,6.8,355.0,Released,2023-02-09,52000000.0,112.0,False,45000000.0,en,27.894,"Comedy, Drama, Romance","Warner Bros. Pictures, Nick Wechsler Productions, Free Association",United States of America,English,2023.0,both,both
58.0,"Jul 1, 2015","Jul 1, 2015",2015.0,magicmikexxl,Warner Bros.,Comedy,Original Screenplay,Live Action,Contemporary Fiction,14500000.0,3355.0,3355.0,12264.0,12857184.0,66013057.0,88565556.0,57567364.0,123580421.0,2015.0,62.0,magicmikexxl,122613057.0,66013057.0,0.5379999999999999,56600000.0,0.46,264999.0,6.16,1685.0,Released,2015-07-01,117813057.0,115.0,False,14800000.0,en,16.848,"Comedy, Drama","Warner Bros. Pictures, Iron Horse Entertainment",United States of America,English,2015.0,both,both
,,,,,,,,,,,,,,,,,,,2024.0,123.0,mai,21714524.0,,,21714524.0,1.0,238165.0,7.0,1.0,Released,2013-01-31,0.0,105.0,False,0.0,en,0.677,,,,Hindi,2013.0,both,right_only
,,,,,,,,,,,,,,,,,,,2024.0,123.0,mai,21714524.0,,,21714524.0,1.0,1210973.0,0.0,0.0,Post Production,2024-02-10,0.0,0.0,True,0.0,vi,0.0,Romance,,,,2024.0,both,right_only
,,,,,,,,,,,,,,,,,,,2024.0,180.0,maisonderetraite2,11227393.0,,,11227393.0,1.0,1083300.0,0.0,0.0,In Production,2024-02-14,0.0,0.0,False,0.0,fr,0.987,Comedy,"My Family, TF1 Films Production, Apollo Films",France,French,2024.0,both,right_only
,,,,,,,,,,,,,,,,,,,2020.0,126.0,malang,8399765.0,,,8399765.0,1.0,661043.0,7.244,45.0,Released,2020-02-06,11136444.0,135.0,False,7907534.0,hi,4.712,"Romance, Action, Drama","LUV Films, T-Series, Northern Lights Films",India,Hindi,2020.0,both,right_only
16.0,"Oct 18, 2019","Oct 17, 2019",2019.0,maleficentmistressofevil,Walt Disney,Adventure,Original Screenplay,Live Action,Fantasy,185000000.0,3790.0,3820.0,21876.0,36948713.0,113929605.0,140669019.0,375251752.0,489181357.0,2019.0,15.0,maleficentmistressofevil,491730089.0,113929605.0,0.2319999999999999,377800484.0,0.77,420809.0,7.323,5698.0,Released,2019-10-16,491730089.0,119.0,False,185000000.0,en,40.547,"Family, Fantasy, Adventure, Action","Walt Disney Pictures, Roth Films",United States of America,English,2019.0,both,both
94.0,"Sep 10, 2021","Sep 2, 2021",2021.0,malignant,Warner Bros.,Horror,Original Screenplay,Live Action,Contemporary Fiction,40000000.0,3485.0,3501.0,10420.0,5434620.0,13391791.0,14892940.0,21500000.0,34891791.0,2021.0,86.0,malignant,34891791.0,13391791.0,0.384,21500000.0,0.62,619778.0,6.832,2000.0,Released,2021-09-01,34891791.0,111.0,False,40000000.0,en,32.356,"Horror, Mystery, Thriller","New Line Cinema, Atomic Monster, Starlight Media, My Entertainment",United States of America,English,2021.0,both,both
,,,,,,,,,,,,,,,,,,,2020.0,173.0,mamaweed,5461144.0,29151.0,0.005,5431993.0,1.0,575463.0,5.87,234.0,Released,2020-09-09,5460628.0,104.0,False,5080800.0,fr,9.411,"Crime, Drama, Comedy","Les Films du Lendemain, SCOPE Pictures, La Boétie Films","Belgium, France",French,2020.0,both,right_only
22.0,"Jul 20, 2018","Jul 18, 2018",2018.0,mammamiaherewegoagain,Universal,Musical,Original Screenplay,Live Action,Contemporary Fiction,75000000.0,3317.0,3514.0,19513.0,34952180.0,120634935.0,149767416.0,275508396.0,396143331.0,2018.0,23.0,mammamiaherewegoagain,395044706.0,120634935.0,0.305,274409771.0,0.7,458423.0,7.126,3120.0,Released,2018-07-09,395044706.0,113.0,False,75000000.0,en,25.164,"Comedy, Romance","Littlestar, Playtone","United Kingdom, United States of America",English,2018.0,both,both
98.0,"Nov 18, 2016","Nov 17, 2016",2016.0,manchesterbythesea,Roadside Attractions,Drama,Original Screenplay,Live Action,Contemporary Fiction,8500000.0,4.0,1213.0,10502.0,256498.0,47695371.0,61399615.0,30038496.0,77733867.0,2016.0,95.0,manchesterbythesea,78988148.0,47695371.0,0.604,31292777.0,0.4,334541.0,7.5,5396.0,Released,2016-11-18,78988148.0,138.0,False,9000000.0,en,22.316,Drama,"Pearl Street Films, K Period Media, B Story, The Affleck/Middleton Project, The Media Farm, Amazon Studios, Big Indie Pictures, CMP Entertainment, OddLot Entertainment",United States of America,English,2016.0,both,both
31.0,"Dec 31, 2020","Apr 1, 2021",2020.0,maninlove,,Drama,Based on Movie,Live Action,Contemporary Fiction,0.0,0.0,0.0,0.0,0.0,0.0,0.0,54253498.0,54253498.0,2021.0,64.0,maninlove,52946097.0,,,52946097.0,1.0,797787.0,7.163,40.0,Released,2021-04-01,0.0,115.0,False,0.0,zh,6.196,"Romance, Drama","Calendar Studios, QC Media, Zhong Creation Film Culture Media, Central Motion Picture Corporation, Sony Pictures International Productions","China, Hong Kong, Taiwan, United States of America",Mandarin,2021.0,both,both
,,,,,,,,,,,,,,,,,,,2024.0,112.0,maria,25399103.0,,,25399103.0,1.0,591121.0,6.186,137.0,Released,2019-03-07,0.0,89.0,False,0.0,tl,10.373,"Action, Crime","Viva Films, BlackOps Studios Asia, PsyOps8",Philippines,"English, Tagalog",2019.0,both,right_only
,,,,,,,,,,,,,,,,,,,2024.0,112.0,maria,25399103.0,,,25399103.0,1.0,1127483.0,0.0,0.0,Released,2023-05-12,0.0,0.0,False,0.0,pt,0.976,Drama,"Pavirada Filmes, Gancho de Nuvem, Quartinho Direções Artísticas",Brazil,,2023.0,both,right_only
73.0,"Feb 11, 2022","Feb 9, 2022",2022.0,marryme,Universal,Romantic Comedy,Based on Comic/Graphic Novel,Live Action,Contemporary Fiction,23000000.0,3642.0,3643.0,13275.0,7949980.0,22438180.0,24100264.0,26336813.0,48774993.0,2022.0,64.0,marryme,50541093.0,22438180.0,0.444,28102913.0,0.56,615904.0,6.782,836.0,Released,2022-02-09,44000000.0,112.0,False,23000000.0,en,21.375,"Romance, Comedy, Music","Universal Pictures, Nuyorican Productions, Perfect World Pictures","China, United States of America",English,2022.0,both,both
73.0,"Feb 11, 2022","Feb 9, 2022",2022.0,marryme,Universal,Romantic Comedy,Based on Comic/Graphic Novel,Live Action,Contemporary Fiction,23000000.0,3642.0,3643.0,13275.0,7949980.0,22438180.0,24100264.0,26336813.0,48774993.0,2022.0,64.0,marryme,50541093.0,22438180.0,0.444,28102913.0,0.56,345632.0,5.412,17.0,Released,2015-07-02,0.0,90.0,False,0.0,de,3.538,Comedy,"Wüste Film Ost, Wüste Film, ZDF, ARRI Film & TV Services, ARTE",Germany,"English, German, Hindi, Turkish",2015.0,both,both
40.0,"Dec 19, 2025","Dec 19, 2025",2025.0,martysupreme,A24,Drama,Based on Real Life Events,Live Action,Dramatization,70000000.0,6.0,2887.0,15413.0,875000.0,94426896.0,94426896.0,53782213.0,148209109.0,2025.0,36.0,martysupreme,150121293.0,94555487.0,0.63,55565806.0,0.37,,,,,,,,,,,,,,,,,left_only,both
,,,,,,,,,,,,,,,,,,,2017.0,138.0,maryandthewitchsflower,41978431.0,2418404.0,0.0579999999999999,39560027.0,0.94,430447.0,7.1,696.0,Released,2017-07-08,42170089.0,103.0,False,0.0,ja,22.085,"Fantasy, Adventure, Animation, Family",STUDIO PONOC,Japan,Japanese,2017.0,both,right_only
29.0,"Dec 19, 2018","Dec 19, 2018",2018.0,marypoppinsreturns,Walt Disney,Musical,Based on Fiction Book/Short Story,Animation/Live Action,Kids Fiction,130000000.0,4090.0,4090.0,24355.0,23523121.0,171958438.0,213037716.0,173648062.0,345606500.0,2018.0,31.0,marypoppinsreturns,349537494.0,171958438.0,0.492,177579056.0,0.51,400650.0,6.5,3101.0,Released,2018-12-13,348807090.0,131.0,False,130000000.0,en,17.19,"Fantasy, Family, Comedy","Walt Disney Pictures, Marc Platt Productions, Lucamar Productions",United States of America,English,2018.0,both,both
,,,,,,,,,,,,,,,,,,,2018.0,129.0,maryqueenofscots,46712809.0,16468499.0,0.353,30244310.0,0.65,457136.0,6.6,1675.0,Released,2018-12-07,37807625.0,124.0,False,25000000.0,en,13.526,"Drama, History","Focus Features, Working Title Films, Perfect World Pictures, 3dot Productions","United Kingdom, United States of America","English, French, Gaelic, Latin",2018.0,both,right_only
,,,,,,,,,,,,,,,,,,,2020.0,179.0,maskedward,5107013.0,,,5107013.0,1.0,704933.0,6.553,19.0,Released,2020-03-06,0.0,114.0,False,0.0,ja,4.229,"Crime, Thriller",,Japan,Japanese,2020.0,both,right_only
,,,,,,,,,,,,,,,,,,,2019.0,135.0,masqueradehotel,40396244.0,,,40396244.0,1.0,554808.0,6.776,29.0,Released,2019-03-21,0.0,133.0,False,0.0,ja,3.32,"Crime, Mystery",TOHO,Japan,Japanese,2019.0,both,right_only
,,,,,,,,,,,,,,,,,,,2021.0,90.0,masqueradenight,32287400.0,,,32287400.0,1.0,824202.0,6.727,11.0,Released,2021-09-17,0.0,129.0,False,0.0,ja,2.306,"Crime, Mystery","Cine Bazar, Fuji Television Network",Japan,Japanese,2021.0,both,right_only
,,,,,,,,,,,,,,,,,,,2016.0,122.0,master,51636415.0,597251.0,0.012,51039164.0,0.99,680829.0,5.302,100.0,Released,2022-03-18,0.0,98.0,False,0.0,en,11.765,"Horror, Thriller, Drama, Mystery","Amazon Studios, Animal Kingdom, Big Indie Pictures",United States of America,English,2022.0,both,right_only
,,,,,,,,,,,,,,,,,,,2021.0,97.0,master,28692230.0,,,28692230.0,1.0,680829.0,5.302,100.0,Released,2022-03-18,0.0,98.0,False,0.0,en,11.765,"Horror, Thriller, Drama, Mystery","Amazon Studios, Animal Kingdom, Big Indie Pictures",United States of America,English,2022.0,both,right_only
,,,,,,,,,,,,,,,,,,,2016.0,168.0,masterminds,29674699.0,17368022.0,0.585,12306677.0,0.42,213681.0,5.736,1619.0,Released,2016-09-29,29200000.0,94.0,False,25000000.0,en,13.304,"Action, Comedy, Crime","Broadway Video, Relativity Media, Michaels-Goldwyn",United States of America,"English, Spanish",2016.0,both,right_only
53.0,"Jun 13, 2025","Jun 12, 2025",2025.0,materialists,A24,Romantic Comedy,Original Screenplay,Live Action,Contemporary Fiction,20000000.0,2844.0,2844.0,9703.0,11338642.0,36503614.0,36503614.0,69933294.0,106436908.0,2025.0,48.0,materialists,105618370.0,36521973.0,0.346,69096397.0,0.654,,,,,,,,,,,,,,,,,left_only,both
,,,,,,,,,,,,,,,,,,,2023.0,149.0,mavkatheforestsong,17974964.0,,,17974964.0,1.0,459003.0,7.375,396.0,Released,2023-03-02,16858557.0,99.0,False,5000000.0,uk,206.792,"Animation, Adventure, Family, Fantasy","Animagrad Animation Studio, 3Beep, FILM.UA Group",Ukraine,Ukrainian,2023.0,both,right_only
,,,,,,,,,,,,,,,,,,,2015.0,146.0,max,43956255.0,42656255.0,0.97,1300000.0,0.03,272878.0,7.164,743.0,Released,2015-06-26,43967255.0,111.0,False,20000000.0,en,14.306,"Adventure, Drama, Family","Reel Chefs Catering, Sunswept Entertainment, Metro-Goldwyn-Mayer, Warner Bros. Pictures",United States of America,English,2015.0,both,right_only
,,,,,,,,,,,,,,,,,,,2020.0,184.0,mayday,5011408.0,,,5011408.0,1.0,672521.0,4.843,35.0,Released,2021-10-01,0.0,100.0,False,0.0,en,6.495,"Mystery, Fantasy, Thriller, Action, Drama","Complementary Colors, Queen's Army, Secret Engine",United States of America,English,2021.0,both,right_only
,,,,,,,,,,,,,,,,,,,2020.0,184.0,mayday,5011408.0,,,5011408.0,1.0,485436.0,7.2,5.0,Released,2017-10-19,0.0,22.0,False,0.0,en,0.6,"Drama, Comedy",,Belgium,"French, Dutch",2017.0,both,right_only
,,,,,,,,,,,,,,,,,,,2020.0,184.0,mayday,5011408.0,,,5011408.0,1.0,1440253.0,0.0,0.0,Released,2014-01-01,0.0,37.0,False,0.0,en,0.6,,,,,2014.0,both,right_only
,,,,,,,,,,,,,,,,,,,2020.0,184.0,mayday,5011408.0,,,5011408.0,1.0,863246.0,0.0,0.0,Released,2021-09-09,0.0,36.0,False,0.0,ja,0.6,Documentary,,Japan,Japanese,2021.0,both,right_only
38.0,"Jan 26, 2018","Jan 17, 2018",2018.0,mazerunnerthedeathcure,20th Century Fox,Action,Based on Fiction Book/Short Story,Live Action,Science Fiction,61000000.0,3787.0,3793.0,14684.0,24167011.0,58032443.0,72046860.0,207846093.0,265878536.0,2018.0,37.0,mazerunnerthedeathcure,288175335.0,58032443.0,0.201,230142892.0,0.8,336843.0,7.1,7141.0,Released,2018-01-10,288175335.0,143.0,False,62000000.0,en,41.488,"Science Fiction, Action, Adventure, Thriller","Gotham Group, Temple Hill Entertainment, 20th Century Fox",United States of America,English,2018.0,both,both
24.0,"Sep 18, 2015","Sep 9, 2015",2015.0,mazerunnerthescorchtrials,20th Century Fox,Action,Based on Fiction Book/Short Story,Live Action,Science Fiction,61000000.0,3791.0,3792.0,19348.0,30316510.0,81697192.0,109605708.0,228868970.0,310566162.0,2015.0,25.0,mazerunnerthescorchtrials,312296056.0,81697192.0,0.262,230598864.0,0.74,294254.0,6.7,9669.0,Released,2015-09-09,312296056.0,131.0,False,61000000.0,en,42.487,"Science Fiction, Action, Thriller, Adventure","Temple Hill Entertainment, Gotham Group, TSG Entertainment, 20th Century Fox",United States of America,English,2015.0,both,both
,,,,,,,,,,,,,,,,,,,2015.0,143.0,mcfarlandusa,45710059.0,44482410.0,0.973,1227649.0,0.03,228203.0,7.407,686.0,Released,2015-02-20,45710059.0,128.0,False,0.0,en,19.772,"Drama, Family","Mayhem Pictures, Walt Disney Pictures",United States of America,"Spanish, English",2015.0,both,right_only
47.0,"Jan 12, 2024","Jan 10, 2024",2024.0,meangirls,Paramount Pictures,Musical,Based on Musical or Opera,Live Action,Contemporary Fiction,36000000.0,3791.0,3826.0,19185.0,28635307.0,72581770.0,72581770.0,32000000.0,104581770.0,2024.0,48.0,meangirls,104970953.0,72581770.0,0.691,32389183.0,0.31,10625.0,7.186,7931.0,Released,2004-04-30,130126277.0,97.0,False,17000000.0,en,56.332,Comedy,"Broadway Video, Paramount, M.G. Films","Canada, United States of America","Swahili, English, German, Vietnamese",2004.0,both,both
40.0,"Jun 3, 2016","Jun 1, 2016",2016.0,mebeforeyou,Warner Bros.,Drama,Based on Fiction Book/Short Story,Live Action,Contemporary Fiction,20000000.0,2704.0,2762.0,11324.0,18723269.0,56245075.0,73541251.0,152200000.0,208445075.0,2016.0,43.0,mebeforeyou,208445075.0,56245075.0,0.27,152200000.0,0.73,296096.0,7.918,11414.0,Released,2016-06-01,207945075.0,110.0,False,20000000.0,en,79.741,"Drama, Romance","New Line Cinema, Sunswept Entertainment, Metro-Goldwyn-Mayer",United States of America,English,2016.0,both,both
67.0,"Aug 26, 2016","Aug 25, 2016",2016.0,mechanicresurrection,Lionsgate,Action,Original Screenplay,Live Action,Contemporary Fiction,40000000.0,2258.0,2258.0,8138.0,7456525.0,21218403.0,27743373.0,104511232.0,125729635.0,2016.0,66.0,mechanicresurrection,125729635.0,21218403.0,0.1689999999999999,104511232.0,0.83,278924.0,5.972,3083.0,Released,2016-08-25,125729635.0,98.0,False,40000000.0,en,29.25,"Action, Crime, Thriller","Davis Films, ME2 Productions, Millennium Media, Chartoff-Winkler Productions, Summit Entertainment","France, United States of America, Thailand","Bulgarian, English",2016.0,both,both
19.0,"Aug 4, 2023","Jul 29, 2023",2023.0,meg2thetrench,Warner Bros.,Action,Original Screenplay,Live Action,Science Fiction,129000000.0,3503.0,3604.0,19364.0,30002735.0,82633033.0,85427755.0,315900000.0,398533033.0,2023.0,19.0,meg2thetrench,398500317.0,82600317.0,0.207,315900000.0,0.79,615656.0,6.912,2034.0,Released,2023-08-02,384056482.0,116.0,False,129000000.0,en,1567.273,"Action, Science Fiction, Horror","Apelles Entertainment, Warner Bros. Pictures, di Bonaventura Pictures, CMC Pictures, DF Pictures, Onaroll Productions","China, United States of America",English,2023.0,both,both
,,,,,,,,,,,,,,,,,,,2022.0,145.0,memory,13240559.0,7329043.0,0.5539999999999999,5911516.0,0.45,818397.0,6.883,1293.0,Released,2022-04-28,13897255.0,114.0,False,30000000.0,en,56.091,"Action, Thriller, Crime","Black Bear Pictures, Welle Entertainment, Saville Productions, Open Road Films, Briarcliff Entertainment, STX Films",United States of America,"Spanish, English",2022.0,both,right_only
,,,,,,,,,,,,,,,,,,,2022.0,158.0,men,11151120.0,7587853.0,0.68,3563267.0,0.32,780609.0,6.222,798.0,Released,2022-05-20,7168717.0,100.0,False,0.0,en,24.51,"Horror, Thriller, Fantasy",DNA Films,United Kingdom,English,2022.0,both,right_only
,,,,,,,,,,,,,,,,,,,2022.0,158.0,men,11151120.0,7587853.0,0.68,3563267.0,0.32,10146.0,6.1,27.0,Released,1985-12-19,0.0,95.0,False,0.0,de,3.057,Comedy,"Olga Film GmbH, ZDF",Germany,German,1985.0,both,right_only
32.0,"Jun 14, 2019","Jun 12, 2019",2019.0,meninblackinternational,Sony Pictures,Adventure,Based on Comic/Graphic Novel,Animation/Live Action,Science Fiction,110000000.0,4224.0,4224.0,18294.0,30035838.0,80001807.0,98779527.0,174308196.0,254310003.0,2019.0,34.0,meninblackinternational,253890701.0,80001807.0,0.315,173888894.0,0.69,479455.0,5.937,4478.0,Released,2019-06-12,253890701.0,115.0,False,110000000.0,en,24.845,"Comedy, Science Fiction, Action","Amblin Entertainment, Parkes+MacDonald Image Nation, Columbia Pictures, Tencent Pictures","China, United States of America","French, English",2019.0,both,both
,,,,,,,,,,,,,,,,,,,2018.0,155.0,miaandthewhitelion,35487190.0,399471.0,0.011,35087719.0,0.99,498248.0,7.3,817.0,Released,2018-08-02,35487190.0,98.0,False,9600000.0,fr,18.407,"Adventure, Family, Drama","M6 Films, Film Afrika, Pandora Film, Galatée Films, Outside Films, StudioCanal, Canal+, Ciné+, M6, W9, Film- und Medienstiftung NRW","South Africa, Germany, France","English, French",2018.0,both,right_only
44.0,"Mar 7, 2025","Feb 28, 2025",2025.0,mickey17,Warner Bros.,Black Comedy,Based on Fiction Book/Short Story,Live Action,Science Fiction,118000000.0,3807.0,3807.0,12798.0,19002852.0,46142263.0,46142263.0,87400000.0,133542263.0,2025.0,43.0,mickey17,133542263.0,46142263.0,0.346,87400000.0,0.654,696506.0,0.0,0.0,In Production,2024-03-27,0.0,0.0,False,0.0,en,7.57,"Adventure, Drama, Science Fiction","Plan B Entertainment, Offscreen, Warner Bros. Pictures, Kate Street Picture Company",United States of America,English,2024.0,both,both
,,,,,,,,,,,,,,,,,,,2016.0,196.0,middleschooltheworstyearsofmylife,23316139.0,20007149.0,0.858,3308990.0,0.14,369883.0,6.913,383.0,Released,2016-10-07,23316139.0,92.0,False,8500000.0,en,9.265,"Family, Comedy","Lionsgate, CBS Films, Participant",United States of America,"English, Portuguese",2016.0,both,right_only
,,,,,,,,,,,,,,,,,,,2016.0,196.0,middleschooltheworstyearsofmylife,23316139.0,20007149.0,0.858,3308990.0,0.14,1170898.0,0.0,0.0,In Production,2024-08-12,0.0,0.0,False,0.0,en,0.994,,,,English,2024.0,both,right_only
,,,,,,,,,,,,,,,,,,,2017.0,144.0,midnightrunners,39730433.0,,,39730433.0,1.0,453127.0,7.467,181.0,Released,2017-08-09,0.0,108.0,False,0.0,ko,10.641,"Action, Comedy, Adventure, Crime","Lotte Entertainment, Movierock, Studio By The Library, Very Good Studio",South Korea,Korean,2017.0,both,right_only
,,,,,,,,,,,,,,,,,,,2018.0,178.0,midnightsun,27365467.0,9561064.0,0.349,17804403.0,0.65,419478.0,7.795,3237.0,Released,2018-03-22,27365467.0,91.0,False,2800000.0,en,23.479,"Romance, Drama","Boies/Schiller Film Group, Wrigley Pictures, Universal Pictures",United States of America,English,2018.0,both,right_only
,,,,,,,,,,,,,,,,,,,2020.0,155.0,midnightswan,6397065.0,,,6397065.0,1.0,725691.0,7.444,9.0,Released,2020-09-25,0.0,124.0,False,0.0,ja,4.568,Drama,Kino Films,Japan,Japanese,2020.0,both,right_only
,,,,,,,,,,,,,,,,,,,2019.0,125.0,midsommar,47873567.0,27426361.0,0.573,20447206.0,0.43,530385.0,7.162,6185.0,Released,2019-07-03,47969371.0,147.0,False,9000000.0,en,32.581,"Horror, Drama, Mystery","B-Reel Films, Square Peg","Sweden, United States of America","English, Swedish",2019.0,both,right_only
60.0,"Nov 8, 2019","Nov 7, 2019",2019.0,midway,Lionsgate,Action,Based on Real Life Events,Live Action,Dramatization,100000000.0,3242.0,3242.0,15920.0,17897419.0,56846802.0,70188141.0,69940558.0,126787360.0,2019.0,60.0,midway,127390389.0,56846802.0,0.446,70543587.0,0.55,522162.0,7.155,2254.0,Released,2019-11-06,127420861.0,138.0,False,100000000.0,en,33.577,"Action, Drama, War, History, Adventure","AGC Studios, Centropolis Entertainment, Street Entertainment, Entertainment One, Starlight Culture Entertainment Group, Shanghai RuYi Entertainment","Canada, Hong Kong, United States of America","Mandarin, English, Japanese",2019.0,both,both
60.0,"Nov 8, 2019","Nov 7, 2019",2019.0,midway,Lionsgate,Action,Based on Real Life Events,Live Action,Dramatization,100000000.0,3242.0,3242.0,15920.0,17897419.0,56846802.0,70188141.0,69940558.0,126787360.0,2019.0,60.0,midway,127390389.0,56846802.0,0.446,70543587.0,0.55,991381.0,0.0,0.0,Released,2022-05-23,0.0,10.0,False,0.0,en,0.6,"Animation, Documentary",,United Arab Emirates,,2022.0,both,both
26.0,"Dec 22, 2023","Dec 6, 2023",2023.0,migration,Universal,Adventure,Original Screenplay,Digital Animation,Kids Fiction,72000000.0,3761.0,3839.0,36371.0,12453275.0,127630880.0,129460722.0,172870472.0,300501352.0,2023.0,24.0,migration,300187799.0,127630880.0,0.425,172556919.0,0.58,293135.0,5.7,3.0,Released,2008-03-07,0.0,19.0,False,0.0,hi,0.72,Drama,Mirabai Films,"United States of America, India","Hindi, English",2008.0,both,both
100.0,"Jul 8, 2016","Jul 7, 2016",2016.0,mikeanddaveneedweddingdates,20th Century Fox,Comedy,Original Screenplay,Live Action,Contemporary Fiction,33000000.0,2982.0,3008.0,10094.0,16628170.0,46009673.0,60158308.0,29888427.0,75898100.0,2016.0,98.0,mikeanddaveneedweddingdates,77068246.0,46009673.0,0.597,31058573.0,0.4,316023.0,6.06,2345.0,Released,2016-07-07,77068246.0,98.0,False,33000000.0,en,14.518,Comedy,"Chernin Entertainment, TSG Entertainment, 20th Century Fox",United States of America,English,2016.0,both,both
,,,,,,,,,,,,,,,,,,,2018.0,107.0,mile22,66308758.0,36108758.0,0.545,30200000.0,0.46,347375.0,6.198,2022.0,Released,2018-08-16,66308758.0,95.0,False,35000000.0,en,19.766,"Action, Thriller","STX Films, Closest to the Hole Productions, Film 44, The Hideaway Entertainment, Huayi Brothers Pictures, Tang Media Productions, Leverage Entertainment","China, Colombia, United States of America","Indonesian, English, Russian",2018.0,both,right_only
,,,,,,,,,,,,,,,,,,,2020.0,188.0,militarywives,4890505.0,,,4890505.0,1.0,617784.0,6.65,157.0,Released,2020-03-06,0.0,113.0,False,0.0,en,9.502,Drama,"Ingenious Media, Tempo Productions, 42, Koliko Films, Lionsgate",United Kingdom,English,2020.0,both,right_only
,,,,,,,,,,,,,,,,,,,2021.0,139.0,minari,15288578.0,3110580.0,0.203,12177998.0,0.8,615643.0,7.361,1402.0,Released,2021-02-12,12886100.0,115.0,False,2000000.0,en,16.285,Drama,Plan B Entertainment,United States of America,"English, Korean",2021.0,both,right_only
5.0,"Jul 10, 2015","Jun 17, 2015",2015.0,minions,Universal,Adventure,Spin-Off,Digital Animation,Kids Fiction,74000000.0,4301.0,4311.0,33712.0,115718405.0,336045770.0,450851446.0,821225989.0,1157271759.0,2015.0,5.0,minions,1159398397.0,336045770.0,0.29,823352627.0,0.71,211672.0,6.395,9969.0,Released,2015-06-17,1156730962.0,91.0,False,74000000.0,en,26.414,"Family, Animation, Adventure, Comedy","Illumination, Universal Pictures",United States of America,English,2015.0,both,both
5.0,"Jul 1, 2022","Jun 16, 2022",2022.0,minionstheriseofgru,Universal,Adventure,Spin-Off,Digital Animation,Kids Fiction,100000000.0,4391.0,4427.0,45866.0,107010140.0,370549695.0,397953991.0,567156799.0,937706494.0,2022.0,5.0,minionstheriseofgru,940482695.0,370549695.0,0.3939999999999999,569933000.0,0.61,438148.0,7.379,3060.0,Released,2022-06-29,939628210.0,87.0,False,85000000.0,en,81.377,"Animation, Comedy, Family","Universal Pictures, Illumination",United States of America,English,2022.0,both,both
85.0,"Dec 31, 2019","Mar 13, 2020",2019.0,miracleincellno7,,Drama,Based on Real Life Events,Live Action,Contemporary Fiction,0.0,0.0,0.0,0.0,0.0,0.0,0.0,76168428.0,76168428.0,,,miracleincellno7,,,,,,637920.0,8.277,4217.0,Released,2019-10-10,19289062.0,132.0,False,0.0,tr,29.802,Drama,"Lanistar Media, Motion Content Group, CJ Entertainment Turkey",Turkey,Turkish,2019.0,right_only,both
,,,,,,,,,,,,,,,,,,,2016.0,102.0,miraclesfromheaven,73983003.0,61705123.0,0.8340000000000001,12277880.0,0.17,339984.0,7.431,1106.0,Released,2016-03-17,73983359.0,119.0,False,16000000.0,en,38.297,"Family, Drama","Columbia Pictures, Affirm Films, Roth Films, Franklin Entertainment, Sony Pictures",United States of America,English,2016.0,both,right_only
,,,,,,,,,,,,,,,,,,,2023.0,105.0,miraculousladybugcatnoirthemovie,40388834.0,,,40388834.0,1.0,496450.0,7.8,593.0,Released,2023-07-05,36010829.0,107.0,False,86000000.0,fr,212.626,"Animation, Music, Family, Action, Romance, Fantasy, Comedy","ON Animation Studios, The Awakening Production, SND, Zagtoon, Method Animation, Fantawild, Mediawan","China, France",French,2023.0,both,right_only
,,,,,,,,,,,,,,,,,,,2018.0,174.0,mirai,28756961.0,812794.0,0.0279999999999999,27944167.0,0.97,475215.0,7.187,702.0,Released,2018-06-16,27526961.0,98.0,False,0.0,ja,18.372,"Animation, Family, Fantasy, Adventure, Drama","Studio Chizu, D.N. Dream Partners, NTT Docomo, Nippon Television Network Corporation, KADOKAWA",Japan,Japanese,2018.0,both,right_only
,,,,,,,,,,,,,,,,,,,2015.0,119.0,missgranny,59396311.0,234573.0,0.004,59161738.0,1.0,253065.0,7.2,97.0,Released,2014-01-22,0.0,124.0,False,0.0,ko,7.081,"Drama, Comedy, Music",CJ Entertainment,South Korea,Korean,2014.0,both,right_only
,,,,,,,,,,,,,,,,,,,2023.0,94.0,missing,48767848.0,32502025.0,0.6659999999999999,16265823.0,0.33,768362.0,7.531,707.0,Released,2023-01-19,45100756.0,111.0,False,7000000.0,en,27.68,"Thriller, Mystery","Stage 6 Films, Search Party, Bazelevs Entertainment, Screen Gems",United States of America,"English, Spanish",2023.0,both,right_only
,,,,,,,,,,,,,,,,,,,2023.0,94.0,missing,48767848.0,32502025.0,0.6659999999999999,16265823.0,0.33,593893.0,0.0,0.0,Released,2018-09-21,0.0,21.0,False,1500.0,es,0.6,"Thriller, Drama",,Peru,Spanish,2018.0,both,right_only
,,,,,,,,,,,,,,,,,,,2023.0,94.0,missing,48767848.0,32502025.0,0.6659999999999999,16265823.0,0.33,1088423.0,0.0,0.0,Released,2019-11-16,0.0,3.0,False,0.0,en,0.6,"Horror, Thriller",,United States of America,English,2019.0,both,right_only
,,,,,,,,,,,,,,,,,,,2019.0,168.0,missinglink,26565710.0,16649539.0,0.627,9916171.0,0.37,458253.0,7.0,777.0,Released,2019-04-04,26565710.0,95.0,False,100000000.0,en,14.75,"Family, Animation, Comedy, Adventure, Fantasy","Laika Entertainment, Annapurna Pictures",United States of America,English,2019.0,both,right_only
,,,,,,,,,,,,,,,,,,,2023.0,10.0,missionimpossibledeadreckoningpartone,571125435.0,172640980.0,0.302,398484455.0,0.7,575264.0,7.74,1171.0,Released,2023-07-08,563148955.0,164.0,False,291000000.0,en,401.083,"Action, Thriller","Paramount, Skydance, TC Productions",United States of America,"French, English, Italian, Russian",2023.0,both,right_only
9.0,"Jul 27, 2018","Jul 16, 2018",2018.0,missionimpossiblefallout,Paramount Pictures,Action,Based on TV,Live Action,Contemporary Fiction,178000000.0,4386.0,4395.0,27928.0,61236534.0,220159104.0,273325954.0,566110516.0,786269620.0,2018.0,8.0,missionimpossiblefallout,791115104.0,220159104.0,0.278,570956000.0,0.72,353081.0,7.414,7537.0,Released,2018-07-13,791657398.0,147.0,False,178000000.0,en,61.258,"Action, Adventure","Paramount, Bad Robot, Skydance, TC Productions",United States of America,"English, French",2018.0,both,both
8.0,"Jul 31, 2015","Jul 29, 2015",2015.0,missionimpossibleroguenation,Paramount Pictures,Action,Based on TV,Live Action,Contemporary Fiction,150000000.0,3956.0,3988.0,27828.0,55520089.0,195042377.0,261676077.0,493816615.0,688858992.0,2015.0,8.0,missionimpossibleroguenation,682714267.0,195042377.0,0.286,487671890.0,0.71,177677.0,7.19,8182.0,Released,2015-07-23,682716636.0,131.0,False,150000000.0,en,64.814,"Action, Adventure","Paramount, Bad Robot, Odin, Skydance",United States of America,"German, English, Swedish",2015.0,both,both
,,,,,,,,,,,,,,,,,,,2016.0,149.0,missionmilano,37749848.0,,,37749848.0,1.0,419544.0,5.769,13.0,Released,2016-09-29,0.0,103.0,False,0.0,cn,3.697,"Action, Comedy","Mega-Vision Pictures (MVP), Gravity Pictures, Aim Media Co","Hong Kong, China",Mandarin,2016.0,both,right_only
,,,,,,,,,,,,,,,,,,,2016.0,34.0,missperegrineshomeforpeculiarchildren,296482446.0,87242834.0,0.294,209239612.0,0.71,283366.0,6.822,9401.0,Released,2016-09-27,296482446.0,127.0,False,110000000.0,en,39.951,"Fantasy, Adventure","Big Screen Productions, Chernin Entertainment, Tim Burton Productions, SCOPE Pictures, TSG Entertainment, Ingenious Media, 20th Century Fox, St. Petersburg Clearwater Film Commision","Belgium, United Kingdom, United States of America",English,2016.0,both,right_only
11.0,"Nov 23, 2016","Jan 27, 2016",2016.0,moana,Walt Disney,Musical,Original Screenplay,Digital Animation,Kids Fiction,150000000.0,3875.0,3875.0,31937.0,56631401.0,248757044.0,323281308.0,435600456.0,684357500.0,2016.0,12.0,moana,643331111.0,248757044.0,0.387,394574067.0,0.61,277834.0,7.6,11502.0,Released,2016-10-13,690860472.0,107.0,False,150000000.0,en,17.963,"Adventure, Comedy, Family, Animation","Walt Disney Pictures, Walt Disney Animation Studios, Hurwitz Creative",United States of America,English,2016.0,both,both
3.0,"Nov 27, 2024","Nov 27, 2024",2024.0,moana2,Walt Disney,Musical,Original Screenplay,Digital Animation,Kids Fiction,150000000.0,4200.0,4200.0,38250.0,139787385.0,460405297.0,460405297.0,598730701.0,1059135998.0,2024.0,3.0,moana2,1059242164.0,460405297.0,0.435,598836867.0,0.57,1241982.0,0.0,0.0,Post Production,2024-11-27,0.0,0.0,False,0.0,en,1.4,"Animation, Adventure, Family, Comedy, Fantasy","Walt Disney Pictures, Walt Disney Animation Studios, Walt Disney Animation Studios","Canada, United States of America",English,2024.0,both,both
,,,,,,,,,,,,,,,,,,,2022.0,200.0,mobilesuitgundamcucuruzdoansisland,7006640.0,,,7006640.0,1.0,883768.0,6.5,10.0,Released,2022-06-03,0.0,109.0,False,0.0,ja,4.964,"Animation, Drama, Science Fiction, Action","Bandai Namco Filmworks, Shochiku, SUNRISE",Japan,Japanese,2022.0,both,right_only
,,,,,,,,,,,,,,,,,,,2025.0,107.0,mobilesuitgundamgquuuuuuxbeginning,26032533.0,1223881.0,0.047,24808652.0,0.953,1397163.0,0.0,0.0,Post Production,2025-01-17,0.0,0.0,False,0.0,ja,0.6,"Science Fiction, Animation","SUNRISE, khara, Bandai Namco Filmworks, Sotsu",Japan,Japanese,2025.0,both,right_only
,,,,,,,,,,,,,,,,,,,2021.0,125.0,mobilesuitgundamhathaway,18731309.0,,,18731309.0,1.0,685274.0,7.421,107.0,Released,2021-06-11,0.0,96.0,False,0.0,ja,17.664,"Animation, Action, Drama, Science Fiction","SUNRISE, TFC",Japan,Japanese,2021.0,both,right_only
,,,,,,,,,,,,,,,,,,,2024.0,89.0,mobilesuitgundamseedfreedom,36041159.0,,,36041159.0,1.0,1146972.0,0.0,0.0,In Production,2024-01-26,0.0,0.0,False,0.0,ja,2.505,"Animation, Science Fiction, Action","Shochiku, Bandai Namco Filmworks, SUNRISE",Japan,Japanese,2024.0,both,right_only
,,,,,,,,,,,,,,,,,,,2015.0,28.0,mojinthelostlegend,259368448.0,1243810.0,0.005,258124638.0,1.0,299824.0,6.3,205.0,Released,2015-12-18,278300000.0,127.0,False,37000000.0,zh,12.818,"Action, Adventure, Fantasy",Beijing Enlight Pictures,China,Mandarin,2015.0,both,right_only
,,,,,,,,,,,,,,,,,,,2018.0,199.0,mojinthewormvalley,22381583.0,101516.0,0.005,22280067.0,1.0,571446.0,6.209,43.0,Released,2018-12-29,0.0,110.0,False,0.0,zh,7.885,"Action, Fantasy, Adventure",,China,Mandarin,2018.0,both,right_only
,,,,,,,,,,,,,,,,,,,2017.0,104.0,mollysgame,59284015.0,28780744.0,0.485,30503271.0,0.52,396371.0,7.154,3432.0,Released,2017-12-07,59284015.0,140.0,False,30000000.0,en,16.556,"Drama, Crime","The Mark Gordon Company, Entertainment One, STX Films, Pascal Pictures, Huayi Brothers Pictures","United States of America, China, Canada",English,2017.0,both,right_only
,,,,,,,,,,,,,,,,,,,2017.0,188.0,money,25403753.0,,,25403753.0,1.0,422874.0,5.293,104.0,Released,2016-04-06,0.0,86.0,False,0.0,en,7.71,"Crime, Thriller","Kamel Films, Create Entertainment, Narola Films",United States of America,English,2016.0,both,right_only
88.0,"May 13, 2016","May 12, 2016",2016.0,moneymonster,Sony Pictures,Thriller/Suspense,Original Screenplay,Live Action,Contemporary Fiction,27000000.0,3104.0,3104.0,11438.0,14788157.0,41012075.0,53623877.0,52454020.0,93466095.0,2016.0,83.0,moneymonster,93282604.0,41012075.0,0.44,52270529.0,0.56,303858.0,6.447,2763.0,Released,2016-05-12,93282604.0,98.0,False,27000000.0,en,16.113,"Thriller, Drama","The Allegiance Theater, TriStar Pictures, LStar Capital, Smoke House Pictures, Sony Pictures",United States of America,English,2016.0,both,both
,,,,,,,,,,,,,,,,,,,2015.0,106.0,monkcomesdownthemountain,64455686.0,,,64455686.0,1.0,345235.0,5.2,86.0,Released,2015-07-03,0.0,113.0,False,0.0,zh,15.759,"Action, Comedy",Columbia Pictures,China,Mandarin,2015.0,both,right_only
,,,,,,,,,,,,,,,,,,,2015.0,51.0,monkeykingheroisback,153262397.0,,,153262397.0,1.0,351694.0,6.901,238.0,Released,2015-07-10,150000000.0,89.0,False,10000000.0,zh,24.178,"Fantasy, Animation, Comedy","Hengdian Chinese Film Production Co., Beijing Weiyingshidai Culture & Media, October Media, October Animation Studio, S&C Pictures, Shandong Film & TV Group",China,"Cantonese, Mandarin",2015.0,both,right_only
,,,,,,,,,,,,,,,,,,,2024.0,90.0,monkeyman,35383733.0,25116955.0,0.71,10266778.0,0.29,1109906.0,10.0,1.0,Released,2023-04-06,0.0,10.0,False,2.0,en,0.6,"Horror, Mystery",,United States of America,English,2023.0,both,right_only
,,,,,,,,,,,,,,,,,,,2024.0,149.0,monsieuraznavour,16219506.0,,,16219506.0,1.0,1002155.0,0.0,0.0,In Production,2024-10-23,0.0,0.0,False,0.0,fr,1.417,"History, Music","Mandarin Production, Kallouche Cinéma",France,French,2024.0,both,right_only
,,,,,,,,,,,,,,,,,,,2022.0,108.0,monster,20455482.0,434585.0,0.021,20020897.0,0.98,504.0,7.227,2110.0,Released,2003-12-24,60378584.0,110.0,False,8000000.0,en,26.753,"Crime, Drama","Newmarket Films, Media 8 Entertainment, DEJ Productions, K/W Productions, Denver and Delilah Productions, VIP 2 Medienfonds, MDP Worldwide",United States of America,English,2003.0,both,right_only
,,,,,,,,,,,,,,,,,,,2022.0,108.0,monster,20455482.0,434585.0,0.021,20020897.0,0.98,193166.0,5.2,6.0,Released,1999-09-12,0.0,0.0,False,0.0,it,2.777,"Horror, Science Fiction, TV Movie","Monster Productions, Village Roadshow Pictures, Wilshire Court Productions",United States of America,English,1999.0,both,right_only
,,,,,,,,,,,,,,,,,,,2022.0,108.0,monster,20455482.0,434585.0,0.021,20020897.0,0.98,432595.0,0.0,0.0,Released,2016-05-11,0.0,4.0,False,0.0,en,0.6,,,,,2016.0,both,right_only
,,,,,,,,,,,,,,,,,,,2022.0,108.0,monster,20455482.0,434585.0,0.021,20020897.0,0.98,922443.0,0.0,0.0,Released,2021-12-10,1.0,9.0,False,100.0,en,0.6,"Horror, Romance, Drama",Brinceton Vision,United States of America,English,2021.0,both,right_only
,,,,,,,,,,,,,,,,,,,2017.0,176.0,monsterfamily,27890108.0,127259.0,0.005,27762849.0,1.0,454699.0,5.992,311.0,Released,2017-08-24,26441892.0,93.0,False,0.0,en,12.02,"Animation, Family, Fantasy, Comedy","Agir, Ambient Entertainment, Timeless Films, United Entertainment, Mack Media","United Kingdom, Germany",English,2017.0,both,right_only
,,,,,,,,,,,,,,,,,,,2015.0,19.0,monsterhunt,387053506.0,32766.0,0.001,387020740.0,1.0,334298.0,6.447,311.0,Released,2015-07-16,387053506.0,118.0,False,0.0,zh,13.031,"Comedy, Fantasy, Adventure",Edko Films,"China, Hong Kong","Cantonese, Mandarin, Thai",2015.0,both,right_only
,,,,,,,,,,,,,,,,,,,2018.0,29.0,monsterhunt2,361682618.0,706153.0,0.002,360976465.0,1.0,497984.0,6.696,115.0,Released,2018-02-16,361682618.0,110.0,False,0.0,zh,10.88,"Adventure, Comedy, Fantasy",Edko Films,China,Mandarin,2018.0,both,right_only
39.0,"Dec 18, 2020","Feb 18, 2020",2020.0,monsterhunter,Sony Pictures,Action,Based on Game,Live Action,Science Fiction,60000000.0,1736.0,1817.0,20193.0,2201269.0,15162470.0,17463964.0,32691423.0,47853893.0,2020.0,39.0,monsterhunter,42145959.0,15162470.0,0.36,26983489.0,0.64,458576.0,6.647,3023.0,Released,2020-12-03,42145959.0,104.0,False,60000000.0,en,40.804,"Action, Fantasy, Adventure","CAPCOM, Constantin Film, Impact Pictures, Tencent Pictures, TOHO","China, Germany, Japan, United Kingdom",English,2020.0,both,both
,,,,,,,,,,,,,,,,,,,2016.0,108.0,monstertrucks,64493915.0,33370166.0,0.517,31123749.0,0.48,262841.0,6.081,780.0,Released,2016-12-21,64493915.0,104.0,False,125000000.0,en,13.906,"Action, Comedy, Science Fiction","Nickelodeon Movies, Paramount, Disruption Entertainment, Paramount Animation",United States of America,English,2016.0,both,right_only
,,,,,,,,,,,,,,,,,,,2022.0,146.0,moonagedaydream,13114674.0,4218925.0,0.322,8895749.0,0.68,957457.0,7.642,151.0,Released,2022-09-15,10680627.0,135.0,False,0.0,en,9.284,"Documentary, Music","BMG, Live Nation Productions, Public Road Productions","Germany, United States of America",English,2022.0,both,right_only
,,,,,,,,,,,,,,,,,,,2021.0,181.0,moonbound,8763611.0,,,8763611.0,1.0,809717.0,6.4,83.0,Released,2021-06-24,6666618.0,81.0,False,2000000.0,de,18.379,"Animation, Adventure, Comedy","Little Dream Entertainment, brave new work Filmproduktions, Coop 99 Filmproduktion","Austria, Germany",German,2021.0,both,right_only
64.0,"Feb 4, 2022","Feb 3, 2022",2022.0,moonfall,Lionsgate,Action,Original Screenplay,Live Action,Science Fiction,150000000.0,3446.0,3446.0,10392.0,9868997.0,19060660.0,20472559.0,39992535.0,59053195.0,2022.0,56.0,moonfall,67319703.0,19060660.0,0.283,48234703.0,0.72,406759.0,6.355,2650.0,Released,2022-02-03,67295363.0,131.0,False,146000000.0,en,55.7,"Science Fiction, Adventure, Action","Centropolis Entertainment, Street Entertainment, Lionsgate, AGC Studios, Huayi Tencent Entertainment Company, Huayi Brothers International","Hong Kong, United Kingdom, United States of America","Mandarin, English, French",2022.0,both,both
,,,,,,,,,,,,,,,,,,,2016.0,107.0,moonlight,65108848.0,27854932.0,0.428,37253916.0,0.57,376867.0,7.392,6641.0,Released,2016-10-21,65046687.0,111.0,False,4000000.0,en,16.748,Drama,"A24, Plan B Entertainment, PASTEL",United States of America,English,2016.0,both,right_only
,,,,,,,,,,,,,,,,,,,2016.0,107.0,moonlight,65108848.0,27854932.0,0.428,37253916.0,0.57,1028005.0,0.0,0.0,Released,2022-09-17,0.0,110.0,False,0.0,en,0.6,"Comedy, Horror",,,Thai,2022.0,both,right_only
11.0,"Dec 31, 2022","Jul 29, 2022",2022.0,moonman,,Comedy,Original Screenplay,Live Action,Science Fiction,0.0,0.0,0.0,0.0,0.0,0.0,0.0,460303199.0,460303199.0,2022.0,11.0,moonman,460237662.0,,,460237662.0,1.0,801803.0,6.9,52.0,Released,2022-07-29,460300583.0,122.0,False,0.0,zh,9.141,"Science Fiction, Comedy, Drama",Fun Age Pictures,China,Mandarin,2022.0,both,both
11.0,"Dec 31, 2022","Jul 29, 2022",2022.0,moonman,,Comedy,Original Screenplay,Live Action,Science Fiction,0.0,0.0,0.0,0.0,0.0,0.0,0.0,460303199.0,460303199.0,2022.0,11.0,moonman,460237662.0,,,460237662.0,1.0,1355012.0,0.0,0.0,Released,2019-11-07,0.0,0.0,False,0.0,fr,0.6,,,,,2019.0,both,both
31.0,"Apr 1, 2022","Mar 30, 2022",2022.0,morbius,Sony Pictures,Action,Spin-Off,Live Action,Super Hero,75000000.0,4268.0,4268.0,18394.0,39005895.0,73865530.0,79337049.0,88893907.0,162759437.0,2022.0,31.0,morbius,167460961.0,73865530.0,0.441,93595431.0,0.56,526896.0,6.115,3693.0,Released,2022-03-30,167500000.0,105.0,False,75000000.0,en,53.018,"Action, Science Fiction, Fantasy","Columbia Pictures, Matt Tolmach Productions, Arad Productions",United States of America,"English, Greek, Norwegian, Spanish",2022.0,both,both
,,,,,,,,,,,,,,,,,,,2018.0,54.0,morethanblue,142958164.0,722669.0,0.005,142235495.0,1.0,45098.0,7.3,60.0,Released,2009-03-11,0.0,105.0,False,0.0,ko,9.29,"Drama, Romance","Core Contents Media, Showbox",South Korea,Korean,2009.0,both,right_only
90.0,"Dec 14, 2018","Dec 5, 2018",2018.0,mortalengines,Universal,Action,Based on Fiction Book/Short Story,Live Action,Science Fiction,100000000.0,3103.0,3103.0,9899.0,7559850.0,15951040.0,19795938.0,69530864.0,85481904.0,2018.0,87.0,mortalengines,83672673.0,15951040.0,0.191,67721633.0,0.81,428078.0,6.176,4274.0,Released,2018-11-27,83869818.0,129.0,False,100000000.0,en,26.659,"Adventure, Science Fiction","Scholastic Productions, Silvertongue Films, Universal Pictures, WingNut Films, MRC","New Zealand, United States of America",English,2018.0,both,both
51.0,"Apr 23, 2021","Apr 8, 2021",2021.0,mortalkombat,Warner Bros.,Action,Based on Game,Animation/Live Action,Fantasy,55000000.0,3073.0,3114.0,15736.0,23302503.0,42326031.0,47070546.0,42100000.0,84426031.0,2021.0,48.0,mortalkombat,84426031.0,42326031.0,0.501,42100000.0,0.5,460465.0,7.081,5427.0,Released,2021-04-07,84426031.0,110.0,False,20000000.0,en,49.774,"Action, Fantasy, Adventure","Atomic Monster, Broken Road Productions, New Line Cinema",United States of America,"Japanese, English, Mandarin",2021.0,both,both
,,,,,,,,,,,,,,,,,,,2015.0,140.0,mortdecai,47275695.0,7696134.0,0.163,39579561.0,0.84,210860.0,5.508,2517.0,Released,2015-01-21,47318560.0,107.0,False,60000000.0,en,19.252,"Comedy, Adventure","Lionsgate, Mad Chance, Infinitum Nihil, OddLot Entertainment, Huayi Brothers Pictures",United States of America,English,2015.0,both,right_only
77.0,"Dec 31, 2023","Sep 29, 2023",2023.0,moscowmission,,Action,Original Screenplay,Live Action,Contemporary Fiction,0.0,0.0,0.0,0.0,0.0,0.0,0.0,92910181.0,92910181.0,,,moscowmission,,,,,,783121.0,7.0,1.0,Released,2023-09-29,0.0,128.0,False,0.0,zh,40.461,Action,CMC Pictures,China,Mandarin,2023.0,right_only,both
,,,,,,,,,,,,,,,,,,,2017.0,131.0,mother,44516999.0,17800004.0,0.4,26716995.0,0.6,381283.0,7.0,6267.0,Released,2017-09-13,44516999.0,121.0,False,30000000.0,en,24.705,"Drama, Thriller, Horror","Protozoa Pictures, Paramount",United States of America,English,2017.0,both,right_only
,,,,,,,,,,,,,,,,,,,2017.0,131.0,mother,44516999.0,17800004.0,0.4,26716995.0,0.6,30018.0,7.733,1301.0,Released,2009-05-28,17112713.0,129.0,False,5000000.0,ko,20.852,"Crime, Drama, Mystery, Thriller","Barunson E&A, CJ Entertainment, Michigan Venture Capital",South Korea,Korean,2009.0,both,right_only
,,,,,,,,,,,,,,,,,,,2017.0,131.0,mother,44516999.0,17800004.0,0.4,26716995.0,0.6,698860.0,6.9,79.0,Released,2020-07-03,0.0,127.0,False,0.0,ja,10.843,Drama,STAR SANDS,Japan,Japanese,2020.0,both,right_only
,,,,,,,,,,,,,,,,,,,2017.0,131.0,mother,44516999.0,17800004.0,0.4,26716995.0,0.6,49939.0,5.625,12.0,Released,1999-05-14,0.0,147.0,False,0.0,ja,1.826,Drama,"Bitters End, Suncent CinemaWorks, Bandai Visual, WOWOW",Japan,Japanese,1999.0,both,right_only
,,,,,,,,,,,,,,,,,,,2017.0,131.0,mother,44516999.0,17800004.0,0.4,26716995.0,0.6,826237.0,10.0,1.0,Released,2019-11-21,0.0,88.0,False,0.0,de,0.6,Documentary,Watchmen Productions,Germany,"German, English",2019.0,both,right_only
,,,,,,,,,,,,,,,,,,,2017.0,131.0,mother,44516999.0,17800004.0,0.4,26716995.0,0.6,1489472.0,0.0,0.0,Post Production,2025-06-24,0.0,0.0,False,0.0,zh,0.0071,Drama,,Taiwan,Mandarin,2025.0,both,right_only
,,,,,,,,,,,,,,,,,,,2017.0,131.0,mother,44516999.0,17800004.0,0.4,26716995.0,0.6,1568224.0,0.0,0.0,Released,2024-09-28,0.0,5.0,False,1.0,en,0.0071,,,,,2024.0,both,right_only
,,,,,,,,,,,,,,,,,,,2017.0,131.0,mother,44516999.0,17800004.0,0.4,26716995.0,0.6,1373144.0,0.0,0.0,In Production,2024-11-14,0.0,18.0,False,0.0,en,1.4,Documentary,,,English,2024.0,both,right_only
,,,,,,,,,,,,,,,,,,,2017.0,131.0,mother,44516999.0,17800004.0,0.4,26716995.0,0.6,1452974.0,0.0,0.0,Released,2023-06-06,0.0,5.0,False,0.0,id,0.1,Animation,,,Indonesian,2023.0,both,right_only
,,,,,,,,,,,,,,,,,,,2017.0,131.0,mother,44516999.0,17800004.0,0.4,26716995.0,0.6,1050504.0,0.0,0.0,Released,2022-11-06,0.0,10.0,False,0.0,en,0.6,,,,,2022.0,both,right_only
,,,,,,,,,,,,,,,,,,,2016.0,129.0,mothersday,48782670.0,32492859.0,0.6659999999999999,16289811.0,0.33,353069.0,5.988,1197.0,Released,2016-04-28,48782670.0,118.0,False,25000000.0,en,10.719,"Comedy, Drama, Romance","Rice Films, GulfStream Pictures, May Day Movies, Triad Film Works, Beatnik Films, Capacity Pictures, Open Road Films, PalmStar Media, Universal Pictures",United States of America,English,2016.0,both,right_only
,,,,,,,,,,,,,,,,,,,2016.0,129.0,mothersday,48782670.0,32492859.0,0.6659999999999999,16289811.0,0.33,1311323.0,0.0,0.0,Released,2023-12-10,0.0,0.0,False,0.0,en,0.746,,,,,2023.0,both,right_only
,,,,,,,,,,,,,,,,,,,2016.0,180.0,mrdonkey,25537759.0,356255.0,0.0139999999999999,25181504.0,0.99,421742.0,6.857,42.0,Released,2016-10-28,356255.0,111.0,False,0.0,zh,2.141,"Comedy, Drama",Fun Age Pictures,China,Mandarin,2016.0,both,right_only
,,,,,,,,,,,,,,,,,,,2015.0,184.0,mrholmes,29355203.0,17737646.0,0.604,11617557.0,0.4,280996.0,6.467,1737.0,Released,2015-06-19,29355203.0,104.0,False,11000000.0,en,14.376,"Drama, Crime","FilmNation Entertainment, BBC Film, See-Saw Films, Archer Gray, AI Film","United Kingdom, United States of America","French, English, Japanese",2015.0,both,right_only
91.0,"Jul 15, 2022","Jul 15, 2022",2022.0,mrsharrisgoestoparis,Focus Features,Drama,Based on Fiction Book/Short Story,Live Action,Historical Fiction,13000000.0,980.0,1001.0,5751.0,1953070.0,10433915.0,11206796.0,20838855.0,31272770.0,2022.0,81.0,mrsharrisgoestoparis,31179316.0,10433915.0,0.335,20745401.0,0.67,754609.0,7.17,244.0,Released,2022-07-15,10370305.0,116.0,False,0.0,en,16.093,"Drama, Comedy","Focus Features, Entertainment One, Superbe Films, Hero Squared, Elysian Films, uMedia, Moonriver","Belgium, Canada, France, Hungary, United Kingdom","French, English",2022.0,both,both
,,,,,,,,,,,,,,,,,,,2015.0,55.0,mrsix,139191345.0,1415450.0,0.01,137775895.0,0.99,357940.0,6.821,137.0,Released,2015-09-16,0.0,134.0,False,250000.0,zh,9.188,"Crime, Action, Drama",Huayi Brothers Pictures,China,"Spanish, Mandarin",2015.0,both,right_only
,,,,,,,,,,,,,,,,,,,2016.0,171.0,msdhonitheuntoldstory,28903047.0,1801550.0,0.062,27101497.0,0.94,388333.0,7.159,145.0,Released,2016-09-30,0.0,190.0,False,0.0,hi,5.286,Drama,"Star Studios, Inspired Entertainments, Friday Filmworks",India,Hindi,2016.0,both,right_only
6.0,"Dec 20, 2024","Dec 18, 2024",2024.0,mufasathelionking,Walt Disney,Musical,Original Screenplay,Animation/Live Action,Kids Fiction,200000000.0,4100.0,4100.0,38790.0,35409365.0,254567693.0,254567693.0,468050902.0,722618595.0,2024.0,6.0,mufasathelionking,722631756.0,254567693.0,0.352,468064063.0,0.65,,,,,,,,,,,,,,,,,left_only,both
27.0,"Sep 4, 2020","Jul 23, 2020",2020.0,mulan,Walt Disney,Adventure,Based on Folk Tale/Legend/Fairytale,Live Action,Historical Fiction,200000000.0,0.0,0.0,0.0,0.0,0.0,0.0,69973540.0,69973540.0,2020.0,21.0,mulan,69965374.0,,,69965374.0,1.0,10674.0,7.915,8920.0,Released,1998-06-18,304320254.0,88.0,False,90000000.0,en,73.011,"Animation, Family, Adventure","Walt Disney Pictures, Walt Disney Feature Animation",United States of America,"English, Mandarin",1998.0,both,both
27.0,"Sep 4, 2020","Jul 23, 2020",2020.0,mulan,Walt Disney,Adventure,Based on Folk Tale/Legend/Fairytale,Live Action,Historical Fiction,200000000.0,0.0,0.0,0.0,0.0,0.0,0.0,69973540.0,69973540.0,2020.0,21.0,mulan,69965374.0,,,69965374.0,1.0,801361.0,6.5,2.0,Released,1998-02-01,0.0,60.0,False,0.0,en,1.271,"Animation, Family, Fantasy, History",,,Italian,1998.0,both,both
96.0,"Feb 24, 2023","Jan 5, 2023",2023.0,mummies,Warner Bros.,Adventure,Original Screenplay,Digital Animation,Kids Fiction,0.0,225.0,384.0,1943.0,422183.0,4960498.0,5128271.0,50200000.0,55160498.0,2023.0,88.0,mummies,54475970.0,4275970.0,0.078,50200000.0,0.92,816904.0,7.193,373.0,Released,2023-01-05,34200000.0,88.0,False,12300000.0,es,71.229,"Animation, Comedy, Family, Adventure, Fantasy","Warner Bros. Entertainment España, 4 Cats Pictures, Moomios Movie AIE, Anangu Grup SL, C.O.R.E. Feature Animation, Atresmedia",Spain,Spanish,2023.0,both,both
27.0,"Nov 10, 2017","Nov 3, 2017",2017.0,murderontheorientexpress,20th Century Fox,Drama,Based on Fiction Book/Short Story,Live Action,Historical Fiction,55000000.0,3341.0,3354.0,20181.0,28681472.0,102826543.0,129608087.0,248940604.0,351767147.0,2017.0,26.0,murderontheorientexpress,352789811.0,102826543.0,0.291,249963268.0,0.71,392044.0,6.706,9243.0,Released,2017-11-03,352794081.0,114.0,False,55000000.0,en,37.493,"Mystery, Drama, Crime","The Mark Gordon Company, Scott Free Productions, Genre Films, 20th Century Fox","United Kingdom, United States of America","German, English, Arabic, French",2017.0,both,both
,,,,,,,,,,,,,,,,,,,2019.0,105.0,mybestsummer,60011073.0,,,60011073.0,1.0,602663.0,5.2,6.0,Released,2019-06-06,0.0,110.0,False,0.0,zh,3.905,"Romance, Drama",,China,Mandarin,2019.0,both,right_only
89.0,"Mar 25, 2016","Mar 23, 2016",2016.0,mybigfatgreekwedding2,Universal,Comedy,Original Screenplay,Live Action,Contemporary Fiction,18000000.0,3133.0,3179.0,16199.0,17861950.0,59689605.0,78045017.0,32406953.0,92096558.0,2016.0,85.0,mybigfatgreekwedding2,90632641.0,59689605.0,0.659,30943036.0,0.34,302688.0,5.963,927.0,Released,2016-03-23,90632641.0,94.0,False,18000000.0,en,25.539,"Romance, Comedy","Universal Pictures, Gold Circle Films, HBO Films, Playtone, Mandate International","Canada, United States of America","English, Greek",2016.0,both,both
,,,,,,,,,,,,,,,,,,,2023.0,107.0,mybigfatgreekwedding3,38831076.0,28496030.0,0.7340000000000001,10335046.0,0.27,1001811.0,6.5,31.0,Released,2023-09-07,34900000.0,92.0,False,0.0,en,295.179,"Romance, Comedy","Gold Circle Films, Playtone, Focus Features, HBO",United States of America,"English, Greek",2023.0,both,right_only
,,,,,,,,,,,,,,,,,,,2020.0,158.0,myboyfriendsmeds,6292780.0,2971116.0,0.472,3321664.0,0.53,557940.0,7.1,284.0,Released,2020-02-14,0.0,100.0,False,0.0,es,6.713,Comedy,"Pantelion Films, Fuego Films, Traziende Films",Mexico,"Spanish, English",2020.0,both,right_only
,,,,,,,,,,,,,,,,,,,2021.0,18.0,mycountrymyparents,221831086.0,177133.0,0.001,221653953.0,1.0,869724.0,5.533,15.0,Released,2021-09-30,0.0,156.0,False,0.0,zh,3.139,Drama,China Film Group Corporation,China,Mandarin,2021.0,both,right_only
,,,,,,,,,,,,,,,,,,,2019.0,158.0,mydearliar,31177968.0,90545.0,0.003,31087423.0,1.0,635425.0,7.0,10.0,Released,2019-11-08,0.0,112.0,False,0.0,zh,1.589,Drama,,China,Mandarin,2019.0,both,right_only
,,,,,,,,,,,,,,,,,,,2020.0,128.0,mydonkeymyloveri,7974769.0,152184.0,0.019,7821615.0,0.98,669664.0,6.447,303.0,Released,2020-09-16,0.0,97.0,False,0.0,fr,9.974,"Comedy, Adventure, Romance","Chapka Films, France 3 Cinéma, Belga Productions, La Filmerie","Belgium, France",French,2020.0,both,right_only
,,,,,,,,,,,,,,,,,,,2022.0,199.0,myfairytroublemaker,7178001.0,,,7178001.0,1.0,681303.0,7.313,32.0,Released,2022-10-13,1819302.0,80.0,False,0.0,de,31.342,"Animation, Adventure, Comedy, Family, Fantasy","Fortune Cookie Filmproduktion, Ella Film, Fabrique d'images","Germany, Luxembourg",German,2022.0,both,right_only
,,,,,,,,,,,,,,,,,,,2019.0,160.0,myheroacademiaheroesrising,29971229.0,13304000.0,0.444,16667229.0,0.56,592350.0,8.185,1078.0,Released,2019-12-20,29900850.0,104.0,False,0.0,ja,29.697,"Animation, Action, Fantasy, Adventure","BONES, dentsu, movic, Nippon Television Network Corporation, Shueisha, Sony Music Entertainment (Japan), Yomiuri Telecasting Corporation, TOHO, TOHO MUSIC",Japan,Japanese,2019.0,both,right_only
,,,,,,,,,,,,,,,,,,,2021.0,69.0,myheroacademiaworldheroesmission,46940541.0,12271658.0,0.261,34668883.0,0.74,768744.0,7.603,438.0,Released,2021-08-06,38410729.0,105.0,False,0.0,ja,40.799,"Animation, Action, Adventure, Science Fiction","BONES, TOHO, Yomiuri Telecasting Corporation, Shueisha, Nippon Television Network Corporation, dentsu, Sony Music Entertainment (Japan), movic, Sony Pictures Releasing, Funimation Global Group",Japan,Japanese,2021.0,both,right_only
,,,,,,,,,,,,,,,,,,,2017.0,103.0,mylittleponythemovie,60330833.0,21885107.0,0.363,38445726.0,0.64,335360.0,7.2,350.0,Released,2017-10-05,61294644.0,99.0,False,6000000.0,en,19.283,"Family, Animation, Adventure, Fantasy","Lionsgate, DHX Media, Allspark Pictures","Canada, United States of America",English,2017.0,both,right_only
39.0,"May 7, 2021","Apr 30, 2021",2021.0,mylove,CMC Pictures,Drama,Original Screenplay,Live Action,Contemporary Fiction,0.0,0.0,0.0,0.0,0.0,0.0,0.0,117788257.0,117788257.0,2021.0,41.0,mylove,116720921.0,86252.0,0.001,116634669.0,1.0,104522.0,7.63,46.0,Released,2006-08-27,0.0,26.0,False,0.0,ru,2.761,"Animation, Drama, Romance",Dago Productions,Russia,Russian,2006.0,both,both
39.0,"May 7, 2021","Apr 30, 2021",2021.0,mylove,CMC Pictures,Drama,Original Screenplay,Live Action,Contemporary Fiction,0.0,0.0,0.0,0.0,0.0,0.0,0.0,117788257.0,117788257.0,2021.0,41.0,mylove,116720921.0,86252.0,0.001,116634669.0,1.0,925443.0,2.0,1.0,Released,2004-10-23,0.0,37.0,False,0.0,ru,0.6,"Crime, Drama, Thriller, Horror","Almazfilm, 20:06 pictures",Russia,Russian,2004.0,both,both
39.0,"May 7, 2021","Apr 30, 2021",2021.0,mylove,CMC Pictures,Drama,Original Screenplay,Live Action,Contemporary Fiction,0.0,0.0,0.0,0.0,0.0,0.0,0.0,117788257.0,117788257.0,2021.0,41.0,mylove,116720921.0,86252.0,0.001,116634669.0,1.0,1497997.0,0.0,0.0,Released,2005-05-05,1500000.0,104.0,False,450000.0,it,0.1143,"Drama, Romance",,,Italian,2005.0,both,both
,,,,,,,,,,,,,,,,,,,2016.0,144.0,mymomisacharacter2,39195565.0,,,39195565.0,1.0,227932.0,7.655,475.0,Released,2016-12-22,37858128.0,96.0,False,2000000.0,pt,4.385,Comedy,"Migdal Filmes, Globo Filmes, Paris Filmes, Downtown Filmes, Universal Pictures International (UPI), Paramount Pictures Brasil",Brazil,Portuguese,2016.0,both,right_only
,,,,,,,,,,,,,,,,,,,2020.0,46.0,mymomisacharacter3,34360029.0,,,34360029.0,1.0,620683.0,8.166,452.0,Released,2019-12-26,39273021.0,111.0,False,2000000.0,pt,6.591,Comedy,"Migdal Filmes, Globo Filmes, Universal Pictures International (UPI), Paramount Pictures Brasil, Brazil Production Services",Brazil,Portuguese,2019.0,both,right_only
20.0,"Oct 1, 2019","Sep 27, 2019",2019.0,mypeoplemycountry,CMC Pictures,Drama,Based on Real Life Events,Live Action,Historical Fiction,0.0,67.0,83.0,153.0,875600.0,2323409.0,2868748.0,443852463.0,446175872.0,2019.0,17.0,mypeoplemycountry,450064993.0,2356683.0,0.005,447708310.0,1.0,612845.0,6.65,51.0,Released,2019-09-30,450064993.0,154.0,False,0.0,zh,6.32,"Drama, History",Huaxia Film Distribution,China,Mandarin,2019.0,both,both
,,,,,,,,,,,,,,,,,,,2020.0,4.0,mypeoplemyhomeland,422390820.0,,,422390820.0,1.0,734778.0,6.913,23.0,Released,2020-10-01,0.0,153.0,False,0.0,zh,4.681,"Drama, Comedy","Beijing JingxiCulture &Tourism Co., Ltd., 西虹市影视文化, Alibaba Pictures Group, Beijing Jingxi Culture and Tourism, 坏猴子（上海）文化传播有限公司, 北京黎枫文化发展有限公司, 天津万荣企业管理咨询中心（有限合伙）, 上海拾谷影业有限公司, 北京真乐遣文化传播有限公司, As One Production, 天津橙子映像传媒有限公司, bilibili, 开心麻花, China Film Group Corporation",China,Mandarin,2020.0,both,right_only
,,,,,,,,,,,,,,,,,,,2020.0,110.0,myspy,10200000.0,,,10200000.0,1.0,592834.0,6.876,1038.0,Released,2020-01-09,4418501.0,99.0,False,0.0,en,14.447,"Family, Action, Comedy","STX Films, MWM Studios",United States of America,"English, French",2020.0,both,right_only
,,,,,,,,,,,,,,,,,,,2017.0,151.0,namiya,35351623.0,70814.0,0.002,35280809.0,1.0,494734.0,5.941,17.0,Released,2017-12-29,0.0,105.0,False,0.0,zh,4.056,"Fantasy, Drama",JCE Movies,China,Mandarin,2017.0,both,right_only
38.0,"Nov 22, 2023","Nov 22, 2023",2023.0,napoleon,Sony Pictures,Drama,Based on Real Life Events,Live Action,Dramatization,200000000.0,3500.0,3500.0,15187.0,20638887.0,61524375.0,63571690.0,156392781.0,217917156.0,2023.0,34.0,napoleon,222435664.0,61524375.0,0.2769999999999999,160911289.0,0.72,44381.0,5.979,72.0,Released,1995-06-30,0.0,81.0,False,0.0,en,7.074,"Adventure, Family","Adelaide Motion Picture Company, Australian Film Finance Corporation, Film Australia, Furry Feature Films, Herald Ace, Nippon Herald Films, Samuel Goldwyn Company, Pacific Link Communications Japan, Fuji Television Network","Australia, Japan",English,1995.0,both,both
80.0,"May 20, 2016","May 5, 2016",2016.0,neighbors2sororityrising,Universal,Comedy,Original Screenplay,Live Action,Contemporary Fiction,35000000.0,3384.0,3416.0,11725.0,21760405.0,55340730.0,72358801.0,53416891.0,108757621.0,2016.0,77.0,neighbors2sororityrising,108007109.0,55455765.0,0.513,52551344.0,0.49,325133.0,5.817,4164.0,Released,2016-05-04,108758521.0,92.0,False,35000000.0,en,17.212,Comedy,"Perfect World Pictures, Point Grey Pictures, Good Universe, Universal Pictures",United States of America,English,2016.0,both,both
94.0,"Jul 27, 2016","Jul 27, 2016",2016.0,nerve,Lionsgate,Thriller/Suspense,Based on Fiction Book/Short Story,Live Action,Contemporary Fiction,20000000.0,2538.0,2538.0,9683.0,9445456.0,38583626.0,50448651.0,47000319.0,85583945.0,2016.0,91.0,nerve,85251425.0,38583626.0,0.4529999999999999,46667799.0,0.55,328387.0,7.045,6555.0,Released,2016-06-27,85241496.0,96.0,False,19000000.0,en,14.439,"Mystery, Adventure, Crime","Lionsgate, Allison Shearmur Productions, Keep Your Head Productions",United States of America,English,2016.0,both,both
,,,,,,,,,,,,,,,,,,,2016.0,126.0,nevergone,48980792.0,96421.0,0.002,48884371.0,1.0,780494.0,0.0,0.0,Released,2020-12-27,0.0,6.0,False,0.0,en,1.142,,,,English,2020.0,both,right_only
,,,,,,,,,,,,,,,,,,,2024.0,146.0,neverletgo,16879184.0,10306106.0,0.611,6573078.0,0.39,347761.0,5.643,42.0,Released,2015-08-28,0.0,93.0,False,0.0,en,5.494,"Drama, Action, Thriller","Kasbah-Film Tanger, Latitude Films, Mallorca Specials, Socially Organic","Morocco, Spain, United Kingdom, United States of America",English,2015.0,both,right_only
29.0,"Dec 31, 2017","Sep 29, 2017",2017.0,neversaydie,,Comedy,Original Screenplay,Live Action,Contemporary Fiction,0.0,0.0,0.0,0.0,0.0,0.0,0.0,334536622.0,334536622.0,2017.0,28.0,neversaydie,334530869.0,,,334530869.0,1.0,479306.0,5.7,48.0,Released,2017-09-30,334530869.0,100.0,False,0.0,zh,2.896,"Comedy, Fantasy","Fun Age Pictures, New Classics Media",China,Mandarin,2017.0,both,both
,,,,,,,,,,,,,,,,,,,2023.0,23.0,neversaynever,301957043.0,,,301957043.0,1.0,40004.0,5.266,32.0,Released,2005-09-28,0.0,101.0,False,0.0,fr,3.242,Comedy,"TPS Star, SND, TF1 Films Production",France,French,2005.0,both,right_only
,,,,,,,,,,,,,,,,,,,2023.0,23.0,neversaynever,301957043.0,,,301957043.0,1.0,1112175.0,6.929,14.0,Released,2023-07-06,0.0,117.0,False,0.0,zh,11.189,"Drama, Action","Beijing Happy Pictures, Tianjin Maoyan Weying Media",China,Mandarin,2023.0,both,right_only
73.0,"Dec 31, 2020","Jun 10, 2021",2020.0,neverstop,,Drama,Original Screenplay,Live Action,Contemporary Fiction,0.0,0.0,0.0,0.0,0.0,0.0,0.0,22114909.0,22114909.0,2021.0,167.0,neverstop,10224935.0,,,10224935.0,1.0,642643.0,0.0,0.0,Released,2019-03-11,0.0,0.0,False,0.0,cs,0.6,Documentary,Endorfilm,Czech Republic,Czech,2019.0,both,both
59.0,"Apr 12, 2021","Feb 6, 2021",2021.0,newgodsnezhareborn,,Adventure,Based on Fiction Book/Short Story,Digital Animation,Fantasy,0.0,0.0,0.0,0.0,0.0,0.0,0.0,70070914.0,70070914.0,2021.0,61.0,newgodsnezhareborn,56088478.0,,,56088478.0,1.0,663558.0,8.065,377.0,Released,2021-02-06,0.0,116.0,False,0.0,zh,22.296,"Animation, Action, Fantasy","bilibili, Alibaba Pictures Group, Light Chaser Animation Studios",China,"Mandarin, Portuguese",2021.0,both,both
83.0,"Jan 20, 2023","Aug 19, 2022",2023.0,newgodsyangjian,GKIDS,Action,Original Screenplay,Digital Animation,Fantasy,0.0,0.0,0.0,0.0,0.0,0.0,0.0,82453728.0,82453728.0,,,newgodsyangjian,,,,,,844075.0,7.0,26.0,Released,2022-08-19,70826303.0,128.0,False,0.0,zh,8.718,"Animation, Adventure, Fantasy",Light Chaser Animation Studios,China,Mandarin,2022.0,right_only,both
,,,,,,,,,,,,,,,,,,,2020.0,93.0,newsoftheworld,12668325.0,12668325.0,1.0,,,581032.0,6.99,1579.0,Released,2020-12-25,12668325.0,118.0,False,38000000.0,en,12.601,"Drama, Western, Adventure","Playtone, Pretty Pictures, Universal Pictures, Perfect World Pictures",United States of America,"German, English",2020.0,both,right_only
,,,,,,,,,,,,,,,,,,,2023.0,145.0,nextgoalwins,18648802.0,6713826.0,0.36,11934976.0,0.64,256836.0,7.381,42.0,Released,2014-04-25,43089.0,97.0,False,0.0,en,2.189,Documentary,"K5 International, Agile fims, Archer's Mark",United Kingdom,English,2014.0,both,right_only
12.0,"Aug 29, 2019","Jul 17, 2019",2019.0,nezha,Well Go USA,Adventure,Original Screenplay,Digital Animation,Fantasy,0.0,66.0,135.0,428.0,1164810.0,3695533.0,4562929.0,739022963.0,742718496.0,2019.0,12.0,nezha,726024868.0,3695533.0,0.005,722329335.0,1.0,615453.0,7.906,362.0,Released,2019-07-26,742500000.0,110.0,False,20000000.0,zh,17.093,"Animation, Fantasy, Adventure","Beijing Enlight Pictures, Horgos Coloroom Pictures, October Media, Chengdu Coco Cartoon",China,Mandarin,2019.0,both,both
12.0,"Aug 29, 2019","Jul 17, 2019",2019.0,nezha,Well Go USA,Adventure,Original Screenplay,Digital Animation,Fantasy,0.0,66.0,135.0,428.0,1164810.0,3695533.0,4562929.0,739022963.0,742718496.0,2019.0,12.0,nezha,726024868.0,3695533.0,0.005,722329335.0,1.0,781456.0,6.0,10.0,Released,2021-01-15,0.0,105.0,False,0.0,zh,7.377,Action,"Shine Time Entertainment Co., Ltd.",Taiwan,Mandarin,2021.0,both,both
1.0,"Feb 14, 2025","Jan 29, 2025",2025.0,nezha2,CMC Pictures,Action,Based on Folk Tale/Legend/Fairytale,Digital Animation,Fantasy,80000000.0,660.0,2228.0,5044.0,7200000.0,23251218.0,23251218.0,1977903876.0,2001155094.0,2025.0,1.0,nezha2,2259822417.0,23308176.0,0.01,2236514241.0,0.99,,,,,,,,,,,,,,,,,left_only,both
21.0,"Dec 31, 2021","Feb 1, 2022",2021.0,niceview,,Drama,Original Screenplay,Live Action,Contemporary Fiction,0.0,0.0,0.0,0.0,0.0,0.0,0.0,204449108.0,204449108.0,2022.0,24.0,niceview,211019042.0,,,211019042.0,1.0,803266.0,6.455,22.0,Released,2022-02-01,211018982.0,106.0,False,0.0,zh,5.023,"Drama, Family, Comedy","Shenzhen Media Film & Television, Shanghai Tao Piao Piao Movie & TV Culture",China,Mandarin,2022.0,both,both
,,,,,,,,,,,,,,,,,,,2020.0,85.0,nightlife,14308789.0,,,14308789.0,1.0,653910.0,6.323,127.0,Released,2020-02-13,10349294.0,111.0,False,0.0,de,6.012,"Comedy, Romance","Wiedemann & Berg Film, Warner Bros. Film Productions Germany, SevenPictures Film",Germany,German,2020.0,both,right_only
,,,,,,,,,,,,,,,,,,,2020.0,85.0,nightlife,14308789.0,,,14308789.0,1.0,26678.0,5.8,20.0,Released,1989-09-18,0.0,92.0,False,2500000.0,en,2.146,"Horror, Comedy","Wild Night Productions, Creative Movie Marketing",United States of America,English,1989.0,both,right_only
87.0,"Dec 17, 2021","Dec 17, 2021",2021.0,nightmarealley,Searchlight Pictures,Thriller/Suspense,Based on Fiction Book/Short Story,Live Action,Historical Fiction,60000000.0,2145.0,2145.0,12433.0,2811703.0,11338107.0,12439484.0,26199666.0,37537773.0,2021.0,78.0,nightmarealley,39629195.0,11338107.0,0.286,28291088.0,0.71,597208.0,6.992,2530.0,Released,2021-12-02,39629195.0,150.0,False,60000000.0,en,27.726,"Thriller, Crime, Drama","Searchlight Pictures, Double Dare You Productions",United States of America,English,2021.0,both,both
70.0,"Sep 28, 2018","Sep 26, 2018",2018.0,nightschool,Universal,Comedy,Original Screenplay,Live Action,Contemporary Fiction,29000000.0,3010.0,3019.0,16123.0,27257615.0,77339130.0,96015826.0,26806503.0,104145633.0,2018.0,66.0,nightschool,103105878.0,77339130.0,0.75,25766748.0,0.25,454293.0,6.167,1546.0,Released,2018-09-27,33157615.0,111.0,False,29000000.0,en,29.771,Comedy,"HartBeat Productions, Will Packer Productions, Perfect World Pictures, Universal Pictures",United States of America,"English, French, Spanish",2018.0,both,both
70.0,"Sep 28, 2018","Sep 26, 2018",2018.0,nightschool,Universal,Comedy,Original Screenplay,Live Action,Contemporary Fiction,29000000.0,3010.0,3019.0,16123.0,27257615.0,77339130.0,96015826.0,26806503.0,104145633.0,2018.0,66.0,nightschool,103105878.0,77339130.0,0.75,25766748.0,0.25,1190618.0,0.0,0.0,Released,2008-01-01,0.0,11.0,False,0.0,en,0.6,"Drama, Romance",,United Kingdom,English,2008.0,both,both
73.0,"Jan 5, 2024","Jan 3, 2024",2024.0,nightswim,Universal,Horror,Based on Short Film,Live Action,Contemporary Fiction,15000000.0,3250.0,3257.0,16620.0,11797155.0,32494740.0,32494740.0,22290647.0,54785387.0,2024.0,66.0,nightswim,54768317.0,32494740.0,0.593,22273577.0,0.41,305966.0,6.7,3.0,Released,2014-10-12,0.0,4.0,False,0.0,en,1.4,Horror,,United States of America,English,2014.0,both,both
73.0,"Jan 5, 2024","Jan 3, 2024",2024.0,nightswim,Universal,Horror,Based on Short Film,Live Action,Contemporary Fiction,15000000.0,3250.0,3257.0,16620.0,11797155.0,32494740.0,32494740.0,22290647.0,54785387.0,2024.0,66.0,nightswim,54768317.0,32494740.0,0.593,22273577.0,0.41,1202401.0,0.0,0.0,Released,2023-03-01,0.0,5.0,False,0.0,fi,0.0,Drama,Cineparadiso,Finland,No Language,2023.0,both,both
,,,,,,,,,,,,,,,,,,,2016.0,113.0,ninelives,57814445.0,19700032.0,0.341,38114413.0,0.66,322240.0,5.74,988.0,Released,2016-08-03,57814445.0,87.0,False,30000000.0,en,16.946,"Fantasy, Comedy, Family","Fundamental Films, EuropaCorp","China, France",English,2016.0,both,right_only
67.0,"Mar 26, 2021","Mar 19, 2021",2021.0,nobody,Universal,Thriller/Suspense,Original Screenplay,Live Action,Contemporary Fiction,16000000.0,2460.0,2567.0,21178.0,6820100.0,27568035.0,30658255.0,29944435.0,57512470.0,2021.0,60.0,nobody,57510518.0,27568035.0,0.479,29942483.0,0.52,615457.0,8.018,6217.0,Released,2021-03-18,61779301.0,92.0,False,17000000.0,en,44.03,"Action, Crime, Thriller","87North Productions, Odenkirk Provissiero Entertainment, Eighty Two Films",United States of America,"English, Russian, Spanish",2021.0,both,both
67.0,"Mar 26, 2021","Mar 19, 2021",2021.0,nobody,Universal,Thriller/Suspense,Original Screenplay,Live Action,Contemporary Fiction,16000000.0,2460.0,2567.0,21178.0,6820100.0,27568035.0,30658255.0,29944435.0,57512470.0,2021.0,60.0,nobody,57510518.0,27568035.0,0.479,29942483.0,0.52,1275333.0,0.0,0.0,Released,2008-01-01,0.0,15.0,False,0.0,en,0.6,,,,,2008.0,both,both
67.0,"Mar 26, 2021","Mar 19, 2021",2021.0,nobody,Universal,Thriller/Suspense,Original Screenplay,Live Action,Contemporary Fiction,16000000.0,2460.0,2567.0,21178.0,6820100.0,27568035.0,30658255.0,29944435.0,57512470.0,2021.0,60.0,nobody,57510518.0,27568035.0,0.479,29942483.0,0.52,715325.0,0.0,0.0,Released,2020-06-15,0.0,5.0,False,0.0,en,0.6,Animation,Central St. Martins College of Art and Design,United Kingdom,,2020.0,both,both
28.0,"Nov 7, 2025","Aug 2, 2025",2025.0,nobody,CMC Pictures,Adventure,Based on Short Film,Digital Animation,Kids Fiction,0.0,0.0,0.0,0.0,0.0,0.0,0.0,218440114.0,218440114.0,2021.0,60.0,nobody,57510518.0,27568035.0,0.479,29942483.0,0.52,615457.0,8.018,6217.0,Released,2021-03-18,61779301.0,92.0,False,17000000.0,en,44.03,"Action, Crime, Thriller","87North Productions, Odenkirk Provissiero Entertainment, Eighty Two Films",United States of America,"English, Russian, Spanish",2021.0,both,both
28.0,"Nov 7, 2025","Aug 2, 2025",2025.0,nobody,CMC Pictures,Adventure,Based on Short Film,Digital Animation,Kids Fiction,0.0,0.0,0.0,0.0,0.0,0.0,0.0,218440114.0,218440114.0,2021.0,60.0,nobody,57510518.0,27568035.0,0.479,29942483.0,0.52,1275333.0,0.0,0.0,Released,2008-01-01,0.0,15.0,False,0.0,en,0.6,,,,,2008.0,both,both
28.0,"Nov 7, 2025","Aug 2, 2025",2025.0,nobody,CMC Pictures,Adventure,Based on Short Film,Digital Animation,Kids Fiction,0.0,0.0,0.0,0.0,0.0,0.0,0.0,218440114.0,218440114.0,2021.0,60.0,nobody,57510518.0,27568035.0,0.479,29942483.0,0.52,715325.0,0.0,0.0,Released,2020-06-15,0.0,5.0,False,0.0,en,0.6,Animation,Central St. Martins College of Art and Design,United Kingdom,,2020.0,both,both
95.0,"Aug 15, 2025","Aug 13, 2025",2025.0,nobody2,Universal,Thriller/Suspense,Original Screenplay,Live Action,Contemporary Fiction,25000000.0,3260.0,3282.0,10122.0,9251190.0,21604985.0,21604985.0,18424095.0,40029080.0,2025.0,80.0,nobody2,42894014.0,21604985.0,0.504,21289029.0,0.496,,,,,,,,,,,,,,,,,left_only,both
,,,,,,,,,,,,,,,,,,,2018.0,158.0,nobodysfool,33705333.0,31713110.0,0.941,1992223.0,0.06,514619.0,6.2,269.0,Released,2018-10-31,29152618.0,110.0,False,19000000.0,en,19.26,"Comedy, Romance","Paramount Players, BET Films, Tyler Perry Studios",United States of America,English,2018.0,both,right_only
,,,,,,,,,,,,,,,,,,,2016.0,151.0,nobunagaconcertothemovie,36187594.0,,,36187594.0,1.0,361358.0,6.8,15.0,Released,2016-01-23,0.0,126.0,False,0.0,ja,3.115,"Action, Comedy, Science Fiction",Fuji Television Network,Japan,Japanese,2016.0,both,right_only
,,,,,,,,,,,,,,,,,,,2016.0,164.0,nocturnalanimals,30311857.0,10663357.0,0.352,19648500.0,0.65,340666.0,7.442,7196.0,Released,2016-11-04,29252978.0,117.0,False,22500000.0,en,21.733,"Drama, Thriller","Universal Pictures, Focus Features, Artina Films, Fade to Black Productions",United States of America,English,2016.0,both,right_only
,,,,,,,,,,,,,,,,,,,2015.0,122.0,noescape,54418872.0,27288872.0,0.501,27130000.0,0.5,192141.0,6.915,2346.0,Released,2015-08-26,54418872.0,103.0,False,5000000.0,en,21.206,Thriller,"Living Films, Bold Films, Brothers Dowdle Productions",United States of America,"French, English, Thai",2015.0,both,right_only
82.0,"Jun 23, 2023","Jun 15, 2023",2023.0,nohardfeelings,Sony Pictures,Romantic Comedy,Original Screenplay,Live Action,Contemporary Fiction,45000000.0,3208.0,3208.0,12645.0,15002770.0,50452282.0,52158621.0,33001259.0,83453541.0,2023.0,73.0,nohardfeelings,87256407.0,50452282.0,0.578,36804125.0,0.42,884605.0,7.166,1401.0,Released,2023-06-15,82995526.0,104.0,False,45000000.0,en,298.801,"Comedy, Romance","Excellent Cadaver, Odenkirk Provissiero Entertainment, Columbia Pictures, Saks Picture Company",United States of America,English,2023.0,both,both
,,,,,,,,,,,,,,,,,,,2025.0,170.0,noise,12360256.0,,,12360256.0,1.0,1057577.0,4.801,108.0,Released,2023-03-17,0.0,90.0,False,0.0,nl,13.159,Drama,"Caviar, Screen Flanders",Belgium,Dutch,2023.0,both,right_only
,,,,,,,,,,,,,,,,,,,2025.0,170.0,noise,12360256.0,,,12360256.0,1.0,269704.0,10.0,1.0,Released,2006-01-01,0.0,23.0,False,0.0,ja,0.6,,,Japan,No Language,2006.0,both,right_only
,,,,,,,,,,,,,,,,,,,2025.0,170.0,noise,12360256.0,,,12360256.0,1.0,448243.0,6.0,1.0,Released,2019-03-01,0.0,115.0,False,0.0,ja,1.066,,,Japan,Japanese,2019.0,both,right_only
,,,,,,,,,,,,,,,,,,,2025.0,170.0,noise,12360256.0,,,12360256.0,1.0,1403835.0,0.0,0.0,Released,2023-10-09,0.0,6.0,True,200.0,en,0.0,"Drama, Horror",,,,2023.0,both,right_only
,,,,,,,,,,,,,,,,,,,2025.0,170.0,noise,12360256.0,,,12360256.0,1.0,893889.0,0.0,0.0,Released,2020-10-12,0.0,0.0,False,0.0,pt,0.6,,,,,2020.0,both,right_only
85.0,"Jan 29, 2021","Jan 29, 2021",2021.0,nomadland,Searchlight Pictures,Drama,Based on Fiction Book/Short Story,Live Action,Contemporary Fiction,5000000.0,0.0,1200.0,4125.0,0.0,3700000.0,3700000.0,35028987.0,38728987.0,2021.0,80.0,nomadland,39458207.0,3700000.0,0.094,35758207.0,0.91,581734.0,7.237,2678.0,Released,2021-01-29,14784114.0,108.0,False,5000000.0,en,18.152,Drama,"Cor Cordium Productions, Hear/Say Productions, Highwayman Films",United States of America,English,2021.0,both,both
85.0,"Jan 29, 2021","Jan 29, 2021",2021.0,nomadland,Searchlight Pictures,Drama,Based on Fiction Book/Short Story,Live Action,Contemporary Fiction,5000000.0,0.0,1200.0,4125.0,0.0,3700000.0,3700000.0,35028987.0,38728987.0,2021.0,80.0,nomadland,39458207.0,3700000.0,0.094,35758207.0,0.91,1194787.0,0.0,0.0,Released,2023-10-13,0.0,9.0,False,0.0,en,1.922,,,India,"English, Hindi",2023.0,both,both
,,,,,,,,,,,,,,,,,,,2016.0,195.0,nomanchesfrida,23540937.0,11528613.0,0.49,12012324.0,0.51,375794.0,7.78,776.0,Released,2016-09-02,12421716.0,100.0,False,0.0,es,26.059,Comedy,"Videocine, Pantelion Films, Alcon Entertainment, Constantin Film, Neverending Media, Epoca Films, Televisa",Mexico,Spanish,2016.0,both,right_only
,,,,,,,,,,,,,,,,,,,2019.0,169.0,nomanchesfrida2,26493648.0,9270920.0,0.35,17222728.0,0.65,554596.0,7.99,810.0,Released,2019-03-15,0.0,102.0,False,0.0,es,30.77,Comedy,Epoca Films,Mexico,English,2019.0,both,right_only
12.0,"Dec 31, 2023","Aug 8, 2023",2023.0,nomorebets,,Drama,Original Screenplay,Live Action,Contemporary Fiction,0.0,0.0,0.0,0.0,0.0,0.0,0.0,504630207.0,504630207.0,2023.0,12.0,nomorebets,532600264.0,,,532600264.0,1.0,1121612.0,7.462,13.0,Released,2023-08-05,464012225.0,130.0,False,0.0,zh,44.847,"Drama, Crime","Tao Piao Piao, 坏猴子（上海）文化传播有限公司, 北京上狮文化传播有限公司, 裕野（上海）文化传媒有限公司, China Film Group Corporation",China,Mandarin,2023.0,both,both
100.0,"Dec 25, 2025","Jan 15, 2025",2025.0,nootherchoice,Neon,Black Comedy,Based on Fiction Book/Short Story,Live Action,Contemporary Fiction,12200000.0,13.0,697.0,2179.0,332653.0,9844571.0,9844571.0,27204248.0,37048819.0,2025.0,88.0,nootherchoice,37954908.0,9844572.0,0.259,28110336.0,0.741,314002.0,0.0,0.0,Released,2012-01-01,0.0,15.0,False,0.0,ar,0.6,Documentary,Dancing Turtle Films,United Kingdom,English,2012.0,both,both
29.0,"Jul 22, 2022","Jul 21, 2022",2022.0,nope,Universal,Horror,Original Screenplay,Live Action,Science Fiction,68000000.0,3785.0,3807.0,21484.0,44366910.0,123277080.0,132408715.0,48655002.0,171932082.0,2022.0,29.0,nope,171235592.0,123277080.0,0.72,47958512.0,0.28,762504.0,6.9,3268.0,Released,2022-07-20,170823080.0,130.0,False,68000000.0,en,50.448,"Horror, Science Fiction, Mystery","Monkeypaw Productions, Universal Pictures, dentsu","United States of America, Japan",English,2022.0,both,both
29.0,"Jul 22, 2022","Jul 21, 2022",2022.0,nope,Universal,Horror,Original Screenplay,Live Action,Science Fiction,68000000.0,3785.0,3807.0,21484.0,44366910.0,123277080.0,132408715.0,48655002.0,171932082.0,2022.0,29.0,nope,171235592.0,123277080.0,0.72,47958512.0,0.28,952663.0,4.3,3.0,Released,2021-09-27,0.0,6.0,False,50000.0,en,0.705,Comedy,Basement,Italy,,2021.0,both,both
29.0,"Jul 22, 2022","Jul 21, 2022",2022.0,nope,Universal,Horror,Original Screenplay,Live Action,Science Fiction,68000000.0,3785.0,3807.0,21484.0,44366910.0,123277080.0,132408715.0,48655002.0,171932082.0,2022.0,29.0,nope,171235592.0,123277080.0,0.72,47958512.0,0.28,997143.0,0.0,0.0,Released,2020-07-16,0.0,0.0,False,0.0,de,0.6,Comedy,,,German,2020.0,both,both
,,,,,,,,,,,,,,,,,,,2016.0,161.0,normofthenorth,30734502.0,17062499.0,0.555,13672003.0,0.45,276905.0,4.687,315.0,Released,2016-01-14,17062499.0,86.0,False,7000000.0,en,10.88,"Adventure, Animation, Comedy, Family","Lionsgate, Splash Entertainment, Telegael, Assemblage Entertainment, Mandate International, Yang Yang Pictures","China, India, Ireland, United States of America",English,2016.0,both,right_only
,,,,,,,,,,,,,,,,,,,2015.0,156.0,northernlimitline,40034677.0,337907.0,0.008,39696770.0,0.99,343843.0,6.419,43.0,Released,2015-06-24,0.0,130.0,False,0.0,ko,5.291,"War, History","ROSETTA CINEMA, Next Entertainment World",South Korea,Korean,2015.0,both,right_only
,,,,,,,,,,,,,,,,,,,2023.0,115.0,noryangdeadlysea,34210966.0,315245.0,0.009,33895721.0,0.99,660360.0,0.0,0.0,Post Production,2023-12-31,0.0,0.0,False,0.0,ko,2.614,"History, Action, Drama","Acemaker Movieworks, Big Stone Pictures, Lotte Entertainment",South Korea,Korean,2023.0,both,right_only
30.0,"Dec 25, 2024","Dec 25, 2024",2024.0,nosferatu,Focus Features,Horror,Based on Fiction Book/Short Story,Live Action,Fantasy,50000000.0,2992.0,3132.0,15264.0,21652560.0,95608235.0,95608235.0,86197410.0,181805645.0,2024.0,31.0,nosferatu,181954339.0,95608235.0,0.525,86346104.0,0.48,,,,,,,,,,,,,,,,,left_only,both
,,,,,,,,,,,,,,,,,,,2018.0,154.0,nothingtolose,36075317.0,1016188.0,0.0279999999999999,35059129.0,0.97,11676.0,6.478,535.0,Released,1997-07-18,44480039.0,97.0,False,25000000.0,en,16.102,"Comedy, Crime","Touchstone Pictures, O Entertainment",United States of America,English,1997.0,both,right_only
,,,,,,,,,,,,,,,,,,,2018.0,154.0,nothingtolose,36075317.0,1016188.0,0.0279999999999999,35059129.0,0.97,170638.0,6.2,4.0,Released,2002-09-27,0.0,94.0,False,0.0,th,1.075,"Comedy, Crime, Drama",Film Bangkok,Thailand,Thai,2002.0,both,right_only
3.0,"Oct 8, 2021","Sep 29, 2021",2021.0,notimetodie,United Artists,Action,Based on Fiction Book/Short Story,Live Action,Contemporary Fiction,250000000.0,4407.0,4407.0,27874.0,55225007.0,160891007.0,178921463.0,598038764.0,758929771.0,2021.0,4.0,notimetodie,774153007.0,160891007.0,0.208,613262000.0,0.79,370172.0,7.402,5502.0,Released,2021-09-29,774153007.0,163.0,False,250000000.0,en,51.295,"Action, Thriller, Romance","Eon Productions, Metro-Goldwyn-Mayer, Universal Pictures","United Kingdom, United States of America","English, Spanish, French, Italian, Russian",2021.0,both,both
,,,,,,,,,,,,,,,,,,,2022.0,116.0,november,18554715.0,,,18554715.0,1.0,823951.0,7.173,571.0,Released,2022-10-05,18114769.0,105.0,False,17700000.0,fr,12.316,"Crime, Drama, Thriller","Chi-Fou-Mi Productions, Récifilms, uMedia, France 2 Cinéma, uFund, Canal+, La Banque Postale Image","Belgium, France","Arabic, French",2022.0,both,right_only
,,,,,,,,,,,,,,,,,,,2022.0,116.0,november,18554715.0,,,18554715.0,1.0,1253337.0,10.0,1.0,Released,2023-11-22,0.0,24.0,False,300.0,en,0.722,"Horror, Crime, Comedy, Mystery",Dawn Of The Terror Productions,,,2023.0,both,right_only
,,,,,,,,,,,,,,,,,,,2025.0,94.0,novocaine,34536061.0,19861854.0,0.575,14674207.0,0.425,20794.0,5.941,128.0,Released,2001-11-23,2025238.0,95.0,False,6000000.0,en,10.285,"Comedy, Crime, Thriller",Numb Gums Production Inc.,United States of America,English,2001.0,both,right_only
27.0,"Jun 10, 2016","May 27, 2016",2016.0,nowyouseeme2,Lionsgate,Thriller/Suspense,Original Screenplay,Live Action,Contemporary Fiction,90000000.0,3232.0,3232.0,13138.0,22383146.0,65075540.0,85087211.0,263249467.0,328325007.0,2016.0,28.0,nowyouseeme2,334897606.0,65075540.0,0.1939999999999999,269822066.0,0.81,291805.0,6.83,10172.0,Released,2016-06-02,334901337.0,129.0,False,90000000.0,en,33.753,"Crime, Thriller, Action, Mystery","Summit Entertainment, Lionsgate, K/O Paper Products, TIK Films","Hong Kong, United States of America","Cantonese, Mandarin, English",2016.0,both,both
25.0,"Nov 14, 2025","Nov 12, 2025",2025.0,nowyouseemenowyoudont,Lionsgate,Thriller/Suspense,Original Screenplay,Live Action,Contemporary Fiction,90000000.0,3403.0,3403.0,15888.0,21013793.0,61882396.0,61882396.0,181112598.0,242994994.0,2025.0,24.0,nowyouseemenowyoudont,242458031.0,61882396.0,0.255,180575635.0,0.745,529293.0,10.0,1.0,Released,2005-02-05,0.0,30.0,False,0.0,hu,0.6,"Thriller, Drama",,,Hungarian,2005.0,both,both
25.0,"Nov 14, 2025","Nov 12, 2025",2025.0,nowyouseemenowyoudont,Lionsgate,Thriller/Suspense,Original Screenplay,Live Action,Contemporary Fiction,90000000.0,3403.0,3403.0,15888.0,21013793.0,61882396.0,61882396.0,181112598.0,242994994.0,2025.0,24.0,nowyouseemenowyoudont,242458031.0,61882396.0,0.255,180575635.0,0.745,412305.0,6.0,1.0,Released,1994-12-22,0.0,87.0,False,0.0,cn,0.618,"Action, Comedy, Crime",,Hong Kong,Cantonese,1994.0,both,both
90.0,"Nov 7, 2025","Nov 6, 2025",2025.0,nuremberg,Sony Pictures Classics,Drama,Based on Factual Book/Article,Live Action,Dramatization,0.0,1802.0,1830.0,6448.0,3883294.0,14524694.0,14524694.0,31013196.0,45537890.0,2025.0,79.0,nuremberg,43039080.0,14524692.0,0.337,28514388.0,0.6629999999999999,,,,,,,,,,,,,,,,,left_only,both
,,,,,,,,,,,,,,,,,,,2018.0,35.0,oceanseight,297718711.0,140218711.0,0.471,157500000.0,0.53,402900.0,6.985,7780.0,Released,2018-06-07,297718711.0,111.0,False,70000000.0,en,30.268,"Crime, Comedy, Action","Village Roadshow Pictures, Warner Bros. Pictures, Larger Than Life Productions, Rahway Road Productions, Smoke House Pictures",United States of America,"English, German",2018.0,both,right_only
77.0,"Dec 9, 2016","Dec 8, 2016",2016.0,officechristmasparty,Paramount Pictures,Comedy,Based on Fiction Book/Short Story,Live Action,Contemporary Fiction,45000000.0,3210.0,3210.0,12535.0,16890204.0,54767494.0,71378292.0,60330380.0,115097874.0,2016.0,74.0,officechristmasparty,114501299.0,54767494.0,0.478,59733805.0,0.52,384682.0,5.652,1904.0,Released,2016-11-25,114501299.0,105.0,False,45000000.0,en,18.016,Comedy,"Bluegrass Films, Entertainment 360",United States of America,"English, Russian",2016.0,both,both
,,,,,,,,,,,,,,,,,,,2020.0,117.0,okaymadam,9433525.0,,,9433525.0,1.0,599335.0,7.5,33.0,Released,2020-08-12,9341543.0,100.0,False,0.0,ko,6.684,"Comedy, Action","Sanai Pictures, OAL, Plus M Entertainment, Korea Investment Partners",South Korea,Korean,2020.0,both,right_only
50.0,"Jul 23, 2021","Jul 21, 2021",2021.0,old,Universal,Thriller/Suspense,Based on Comic/Graphic Novel,Live Action,Contemporary Fiction,18000000.0,3355.0,3379.0,17714.0,16854735.0,48276510.0,53688038.0,41560287.0,89836797.0,2021.0,47.0,old,90146510.0,48276510.0,0.536,41870000.0,0.46,631843.0,6.387,3856.0,Released,2021-07-21,90146510.0,108.0,False,18000000.0,en,39.363,"Thriller, Mystery, Horror","Universal Pictures, Blinding Edge Pictures, Perfect World Pictures, dentsu","Japan, United States of America",English,2021.0,both,both
50.0,"Jul 23, 2021","Jul 21, 2021",2021.0,old,Universal,Thriller/Suspense,Based on Comic/Graphic Novel,Live Action,Contemporary Fiction,18000000.0,3355.0,3379.0,17714.0,16854735.0,48276510.0,53688038.0,41560287.0,89836797.0,2021.0,47.0,old,90146510.0,48276510.0,0.536,41870000.0,0.46,355715.0,0.0,0.0,Released,2015-07-25,0.0,55.0,False,0.0,en,0.67,Documentary,,,English,2015.0,both,both
89.0,"Aug 11, 2017","Aug 3, 2017",2017.0,onceuponatime,Well Go USA,Drama,Based on Fiction Book/Short Story,Live Action,Fantasy,0.0,51.0,51.0,110.0,249933.0,485728.0,612437.0,82406221.0,82891949.0,2017.0,86.0,onceuponatime,82886178.0,485728.0,0.006,82400450.0,0.99,463197.0,6.779,34.0,Released,2017-08-03,0.0,108.0,False,22000000.0,zh,7.823,"Drama, Fantasy, Romance",Alibaba Pictures Group,China,Mandarin,2017.0,both,both
89.0,"Aug 11, 2017","Aug 3, 2017",2017.0,onceuponatime,Well Go USA,Drama,Based on Fiction Book/Short Story,Live Action,Fantasy,0.0,51.0,51.0,110.0,249933.0,485728.0,612437.0,82406221.0,82891949.0,2017.0,86.0,onceuponatime,82886178.0,485728.0,0.006,82400450.0,0.99,412846.0,8.3,9.0,Released,2013-05-08,0.0,18.0,False,0.0,en,1.37,History,,,,2013.0,both,both
89.0,"Aug 11, 2017","Aug 3, 2017",2017.0,onceuponatime,Well Go USA,Drama,Based on Fiction Book/Short Story,Live Action,Fantasy,0.0,51.0,51.0,110.0,249933.0,485728.0,612437.0,82406221.0,82891949.0,2017.0,86.0,onceuponatime,82886178.0,485728.0,0.006,82400450.0,0.99,1098416.0,0.0,0.0,Released,1987-01-01,0.0,2.0,False,0.0,en,0.6,"Animation, Comedy",,,No Language,1987.0,both,both
89.0,"Aug 11, 2017","Aug 3, 2017",2017.0,onceuponatime,Well Go USA,Drama,Based on Fiction Book/Short Story,Live Action,Fantasy,0.0,51.0,51.0,110.0,249933.0,485728.0,612437.0,82406221.0,82891949.0,2017.0,86.0,onceuponatime,82886178.0,485728.0,0.006,82400450.0,0.99,1504824.0,0.0,0.0,Released,2011-10-23,0.0,43.0,False,0.0,en,0.0286,,,,English,2011.0,both,both
25.0,"Jul 26, 2019","Jul 24, 2019",2019.0,onceuponatimeinhollywood,Sony Pictures,Thriller/Suspense,Based on Real Life Events,Live Action,Dramatization,90000000.0,3659.0,3659.0,25655.0,41082018.0,142502728.0,175946594.0,234924175.0,377426903.0,2019.0,24.0,onceuponatimeinhollywood,377426903.0,142502728.0,0.3779999999999999,234924175.0,0.62,466272.0,7.437,12237.0,Released,2019-07-24,374251247.0,162.0,False,95000000.0,en,47.706,"Comedy, Drama, Thriller","Heyday Films, Columbia Pictures, Bona Film Group","China, United Kingdom, United States of America","English, Italian, Spanish",2019.0,both,both
,,,,,,,,,,,,,,,,,,,2021.0,91.0,onceuponatimeinhongkong,32218874.0,,,32218874.0,1.0,814781.0,5.4,9.0,Released,2021-04-29,0.0,106.0,False,0.0,zh,7.654,"Crime, Drama, Action","Emperor Film Production, Mega-Vision Project Workshop, Er Dong Pictures Co., Ltd., Tianjin Maoyan Weying Media, Mokexing Film",Hong Kong,Cantonese,2021.0,both,right_only
65.0,"Aug 11, 2023","Jul 28, 2023",2023.0,oneandonly,CMC Pictures,Comedy,Original Screenplay,Live Action,Contemporary Fiction,0.0,0.0,0.0,0.0,0.0,0.0,0.0,119579503.0,119579503.0,2023.0,56.0,oneandonly,128818285.0,,,128818285.0,1.0,1006485.0,6.5,4.0,Released,2023-07-28,0.0,125.0,False,0.0,zh,7.259,"Drama, Comedy","Alibaba Pictures Group, Shanghai RuYi Entertainment, Shanghai Hanna Pictures, Shanghai Tacheng Pictures",China,Mandarin,2023.0,both,both
29.0,"Sep 26, 2025","Sep 24, 2025",2025.0,onebattleafteranother,Warner Bros.,Action,Original Screenplay,Live Action,Contemporary Fiction,140000000.0,3634.0,3634.0,18469.0,22000387.0,72170981.0,72170981.0,136397353.0,208568334.0,2025.0,27.0,onebattleafteranother,208566594.0,72166594.0,0.346,136400000.0,0.654,,,,,,,,,,,,,,,,,left_only,both
,,,,,,,,,,,,,,,,,,,2018.0,176.0,onecutofthedead,27590180.0,52406.0,0.002,27537774.0,1.0,513434.0,7.639,680.0,Released,2017-11-04,27590180.0,96.0,False,52406.0,ja,14.95,"Comedy, Horror","Panpokopina, ENBU Seminar",Japan,Japanese,2017.0,both,right_only
,,,,,,,,,,,,,,,,,,,2024.0,200.0,onegin,9203399.0,,,9203399.0,1.0,30237.0,6.138,94.0,Released,1999-12-22,206128.0,104.0,False,14000000.0,en,9.935,"Drama, Romance","CanWest Global Communications Corporationt, Onegin Productions","United Kingdom, United States of America","English, French",1999.0,both,right_only
,,,,,,,,,,,,,,,,,,,2023.0,85.0,onelife,56308105.0,5716885.0,0.102,50591220.0,0.9,75720.0,7.4,75.0,Released,2011-07-19,0.0,85.0,False,0.0,en,5.504,"Documentary, Family",BBC Earth,United Kingdom,English,2011.0,both,right_only
82.0,"Jan 17, 2025","Jan 17, 2025",2025.0,oneofthemdays,Sony Pictures,Comedy,Original Screenplay,Live Action,Contemporary Fiction,14000000.0,2675.0,2675.0,16643.0,11807731.0,50054690.0,50054690.0,1361432.0,51416122.0,2025.0,72.0,oneofthemdays,51896264.0,50054690.0,0.965,1841574.0,0.035,,,,,,,,,,,,,,,,,left_only,both
100.0,"Jan 10, 2017","Jul 22, 2016",2017.0,onepiecefilmgold,FUNimation,Action,Based on Comic/Graphic Novel,Digital Animation,Contemporary Fiction,0.0,0.0,371.0,0.0,0.0,190859.0,240643.0,65605166.0,65796025.0,2016.0,106.0,onepiecefilmgold,66207073.0,423593.0,0.006,65783480.0,0.99,374205.0,7.224,430.0,Released,2016-07-23,66207073.0,120.0,False,0.0,ja,26.683,"Action, Animation, Adventure, Comedy","Fuji Television Network, Funimation Global Group, Toei Animation, Toei Company",Japan,Japanese,2016.0,both,both
26.0,"Nov 4, 2022","Aug 6, 2022",2022.0,onepiecefilmred,Crunchyroll,Action,Based on Comic/Graphic Novel,Digital Animation,Contemporary Fiction,0.0,2367.0,2367.0,4580.0,9340245.0,12768073.0,13713861.0,188619527.0,201387600.0,2022.0,28.0,onepiecefilmred,171315305.0,12775324.0,0.075,158539981.0,0.93,900667.0,7.346,733.0,Released,2022-08-06,150797338.0,115.0,False,0.0,ja,293.869,"Animation, Adventure, Action, Fantasy","Toei Animation, Shueisha, Toei Company, Fuji Television Network, Bandai, Bandai Namco Entertainment, ADK Emotions, dentsu",Japan,Japanese,2022.0,both,both
81.0,"Oct 24, 2019","Aug 9, 2019",2019.0,onepiecestampede,FUNimation,Adventure,Based on Comic/Graphic Novel,Digital Animation,Fantasy,0.0,0.0,0.0,0.0,0.0,0.0,0.0,84372182.0,84372182.0,2019.0,85.0,onepiecestampede,81562741.0,1298528.0,0.016,80264213.0,0.98,568012.0,7.854,543.0,Released,2019-08-09,81562741.0,101.0,False,0.0,ja,12.375,"Animation, Action, Adventure, Family, Fantasy","Toei Animation, Toei Company",Japan,Japanese,2019.0,both,both
,,,,,,,,,,,,,,,,,,,2020.0,104.0,onesecond,10791301.0,,,10791301.0,1.0,575089.0,7.605,76.0,Released,2020-11-27,10791301.0,104.0,False,1250000.0,zh,9.849,"Drama, History","Huanxi Media Group, Edko Films","China, Hong Kong",Mandarin,2020.0,both,right_only
,,,,,,,,,,,,,,,,,,,2019.0,183.0,onlycloudknows,23414998.0,,,23414998.0,1.0,640293.0,4.8,5.0,Released,2019-12-20,0.0,132.0,False,0.0,zh,1.088,"Romance, Drama",Huayi Brothers Pictures,China,"Mandarin, English",2019.0,both,right_only
,,,,,,,,,,,,,,,,,,,2017.0,180.0,onlythebrave,26351322.0,18343983.0,0.696,8007339.0,0.3,395991.0,7.402,1411.0,Released,2017-09-22,25754775.0,133.0,False,38000000.0,en,19.383,"Drama, Action, History","di Bonaventura Pictures, Black Label Media, Condé Nast Entertainment",United States of America,English,2017.0,both,right_only
,,,,,,,,,,,,,,,,,,,2017.0,180.0,onlythebrave,26351322.0,18343983.0,0.696,8007339.0,0.3,31101.0,5.152,23.0,Released,2006-10-23,150000.0,99.0,False,3300000.0,en,7.746,"Drama, War",Mission From Buddha Productions,United States of America,English,2006.0,both,right_only
93.0,"Jul 26, 2024","Feb 11, 2023",2024.0,onlytheriverflows,KimStim,Drama,Original Screenplay,Live Action,Historical Fiction,0.0,0.0,0.0,0.0,0.0,0.0,0.0,40151847.0,40151847.0,,,onlytheriverflows,,,,,,1115379.0,0.0,0.0,Released,2024-02-29,0.0,101.0,False,0.0,zh,1.799,"Drama, Crime, Thriller","Hangzhou Dangdang Film, KXKH FILM, Infinite Films, Lian Ray Global Pictures, Emei Film Studio, China Film Group Corporation",China,Mandarin,2024.0,right_only,both
,,,,,,,,,,,,,,,,,,,2018.0,149.0,onthebasisofsex,38673750.0,24622687.0,0.637,14051063.0,0.36,339380.0,7.413,942.0,Released,2018-12-25,38673750.0,120.0,False,20000000.0,en,15.688,"Drama, History","Robert Cort Productions, Participant, Focus Features, DreamWorks Pictures",United States of America,English,2018.0,both,right_only
,,,,,,,,,,,,,,,,,,,2021.0,157.0,ontheline,12058986.0,,,12058986.0,1.0,979924.0,6.155,387.0,Released,2022-10-31,0.0,104.0,False,0.0,en,45.955,Thriller,"BondIt Media Capital, CaliWood Pictures, R-Lines Productions, Three Point Capital",United States of America,English,2022.0,both,right_only
,,,,,,,,,,,,,,,,,,,2021.0,157.0,ontheline,12058986.0,,,12058986.0,1.0,1095028.0,6.0,4.0,Released,2023-05-15,0.0,74.0,False,0.0,en,1.446,"Thriller, Drama, History",QLALO FILMS,United Kingdom,English,2023.0,both,right_only
18.0,"Mar 6, 2020","Feb 28, 2020",2020.0,onward,Walt Disney,Adventure,Original Screenplay,Digital Animation,Kids Fiction,200000000.0,4310.0,4310.0,8620.0,39119861.0,61555145.0,75837542.0,71763323.0,133318468.0,2020.0,16.0,onward,141914643.0,61555145.0,0.434,80359498.0,0.57,508439.0,7.726,5687.0,Released,2020-02-29,141940042.0,103.0,False,200000000.0,en,25.372,"Family, Animation, Adventure, Comedy, Fantasy","Walt Disney Pictures, Pixar",United States of America,English,2020.0,both,both
,,,,,,,,,,,,,,,,,,,2021.0,156.0,onyourmark,12100000.0,,,12100000.0,1.0,10840.0,7.301,134.0,Released,1995-07-15,0.0,7.0,False,0.0,ja,13.774,"Animation, Drama, Science Fiction, Music",Studio Ghibli,Japan,No Language,1995.0,both,right_only
97.0,"Dec 31, 2022","Dec 31, 2022",2022.0,operationfortunerusedeguerre,STX Entertainment,Action,Original Screenplay,Live Action,Contemporary Fiction,50000000.0,0.0,2168.0,4771.0,0.0,6496125.0,6715833.0,21339690.0,27835815.0,2023.0,93.0,operationfortunerusedeguerre,48983306.0,6496125.0,0.133,42487181.0,0.87,739405.0,6.582,1047.0,Released,2023-01-04,37846713.0,114.0,False,50000000.0,en,56.248,"Action, Thriller, Comedy","Miramax, STX Films, Toff Guy Films, AZ Celtic Films","Czech Republic, Turkey, United Kingdom, United States of America",English,2023.0,both,both
49.0,"Sep 30, 2016","Sep 29, 2016",2016.0,operationmekong,Well Go USA,Action,Based on Real Life Events,Live Action,Dramatization,0.0,25.0,29.0,93.0,85082.0,800012.0,1046028.0,173479240.0,174279252.0,2016.0,53.0,operationmekong,173839072.0,800012.0,0.005,173039060.0,1.0,415214.0,7.057,230.0,Released,2016-09-30,173000000.0,124.0,False,30200000.0,zh,15.301,"Action, Adventure, Crime, War",Film Fireworks Production,"Hong Kong, China","Burmese, Cantonese, Mandarin, English, Thai",2016.0,both,both
,,,,,,,,,,,,,,,,,,,2022.0,126.0,operationmincemeat,15621194.0,,,15621194.0,1.0,661231.0,6.515,542.0,Released,2022-04-01,0.0,128.0,False,0.0,en,16.092,"War, History, Drama","See-Saw Films, Cohen Media Group, A Film Location Company, Archery Pictures, FilmNation Entertainment","Spain, United Kingdom, United States of America","English, German, Spanish",2022.0,both,right_only
18.0,"Feb 23, 2018","Feb 16, 2018",2018.0,operationredsea,Well Go USA,Action,Original Screenplay,Live Action,Contemporary Fiction,0.0,45.0,55.0,188.0,436059.0,1543547.0,1916299.0,491540682.0,493084229.0,2018.0,13.0,operationredsea,579330426.0,1543547.0,0.003,577786879.0,1.0,460555.0,7.1,237.0,Released,2018-02-16,579220560.0,139.0,False,70000000.0,zh,19.637,"Action, Thriller, War, Drama","Bona Film Group, The P.L.A Navy Government TV Art Central of China, Star Dream Studio Media, Emperor Film Production, Film Fireworks Production, ZAK Film Productions","China, Hong Kong, Morocco","Arabic, Mandarin, English",2018.0,both,both
3.0,"Jul 21, 2023","Jul 19, 2023",2023.0,oppenheimer,Universal,Drama,Based on Factual Book/Article,Live Action,Dramatization,100000000.0,3610.0,3761.0,38017.0,82455420.0,330078895.0,341107916.0,647896285.0,977975180.0,2023.0,3.0,oppenheimer,975811333.0,330078895.0,0.3379999999999999,645732438.0,0.66,872585.0,8.256,3766.0,Released,2023-07-19,933700000.0,181.0,False,100000000.0,en,463.384,"Drama, History","Syncopy, Universal Pictures, Atlas Entertainment","United Kingdom, United States of America","Dutch, English",2023.0,both,both
,,,,,,,,,,,,,,,,,,,2015.0,194.0,orange,26261536.0,,,26261536.0,1.0,359171.0,7.47,84.0,Released,2015-12-12,0.0,139.0,False,0.0,ja,7.513,Drama,"Futabasha, GYAO, Hakuhodo DY Media Partners, KDDI, Nippan Group Holdings, TOHO, Hakuhodo",Japan,Japanese,2015.0,both,right_only
,,,,,,,,,,,,,,,,,,,2024.0,133.0,ordinaryangels,20571534.0,19174421.0,0.932,1397113.0,0.07,974036.0,0.0,0.0,Post Production,2024-02-23,0.0,116.0,False,0.0,en,3.753,"Drama, Family","Kingdom Story Company, Green Hummingbird Entertainment, Vertigo Entertainment",United States of America,English,2024.0,both,right_only
75.0,"Aug 19, 2022","Jul 22, 2022",2022.0,orphanfirstkill,Paramount Pictures,Horror,Original Screenplay,Live Action,Contemporary Fiction,0.0,498.0,557.0,2236.0,1739557.0,5413227.0,5814211.0,40172455.0,45585682.0,2022.0,73.0,orphanfirstkill,37083743.0,5413227.0,0.146,31670516.0,0.85,760161.0,6.716,1833.0,Released,2022-07-27,9572765.0,99.0,False,0.0,en,58.37,"Horror, Thriller","Dark Castle Entertainment, Entertainment One, Eagle Vision","Canada, United States of America","English, Estonian",2022.0,both,both
,,,,,,,,,,,,,,,,,,,2021.0,147.0,oss117fromafricawithlove,13457801.0,,,13457801.0,1.0,604563.0,5.635,672.0,Released,2021-08-04,13450000.0,117.0,False,20400000.0,fr,9.936,"Comedy, Adventure, Action","Gaumont, Mandarin Production, M6 Films, SCOPE Pictures",France,"German, French",2021.0,both,right_only
,,,,,,,,,,,,,,,,,,,2019.0,182.0,ossansloveloveordead,23422744.0,,,23422744.0,1.0,617134.0,5.2,5.0,Released,2019-08-23,0.0,114.0,False,23422744.0,ja,1.745,"Romance, Drama, Comedy",,Japan,Japanese,2019.0,both,right_only
95.0,"Oct 21, 2016","Oct 20, 2016",2016.0,ouijaoriginofevil,Universal,Horror,Based on Game,Live Action,Historical Fiction,9000000.0,3167.0,3168.0,10634.0,14065500.0,35144505.0,45951953.0,46687361.0,81831866.0,2016.0,93.0,ouijaoriginofevil,81705746.0,35144505.0,0.43,46561241.0,0.57,335796.0,6.123,2283.0,Released,2016-10-20,81705746.0,99.0,False,9000000.0,en,20.033,Horror,"Platinum Dunes, Universal Pictures, Allspark Pictures, Blumhouse Productions, Hasbro",United States of America,English,2016.0,both,both
87.0,"Nov 20, 2015","Aug 13, 2015",2015.0,ourtimes,Asia Releasing,Romantic Comedy,Original Screenplay,Live Action,Historical Fiction,0.0,0.0,0.0,0.0,0.0,0.0,0.0,82027760.0,82027760.0,2015.0,89.0,ourtimes,83867493.0,,,83867493.0,1.0,354072.0,7.32,136.0,Released,2015-08-13,82027760.0,134.0,False,2700000.0,zh,13.814,"Romance, Comedy","Hualien Media International, Focus Features, Huace Pictures",Taiwan,Mandarin,2015.0,both,both
84.0,"May 4, 2018","May 4, 2018",2018.0,overboard,Lionsgate,Romantic Comedy,Original Screenplay,Live Action,Contemporary Fiction,12000000.0,1623.0,2006.0,10028.0,14711101.0,50316123.0,62467109.0,40928790.0,91244913.0,2018.0,80.0,overboard,91244913.0,50316123.0,0.551,40928790.0,0.45,454619.0,6.639,1284.0,Released,2018-04-13,91244913.0,112.0,False,12000000.0,en,20.121,"Romance, Comedy","Pantelion Films, 3Pas Studios, Metro-Goldwyn-Mayer",United States of America,"English, French, Norwegian, Spanish",2018.0,both,both
84.0,"May 4, 2018","May 4, 2018",2018.0,overboard,Lionsgate,Romantic Comedy,Original Screenplay,Live Action,Contemporary Fiction,12000000.0,1623.0,2006.0,10028.0,14711101.0,50316123.0,62467109.0,40928790.0,91244913.0,2018.0,80.0,overboard,91244913.0,50316123.0,0.551,40928790.0,0.45,670034.0,0.0,0.0,Released,2020-10-15,0.0,12.0,False,0.0,cs,0.6,Animation,"Nutprodukce, nutprodukcia","Czech Republic, Slovakia",No Language,2020.0,both,both
,,,,,,,,,,,,,,,,,,,2019.0,138.0,overcomer,38026103.0,34746945.0,0.914,3279158.0,0.09,527776.0,7.635,226.0,Released,2019-08-22,0.0,119.0,False,0.0,en,28.069,Drama,Kendrick Brothers,United States of America,"Spanish, English, Italian",2019.0,both,right_only
,,,,,,,,,,,,,,,,,,,2018.0,138.0,overlord,41657844.0,21704844.0,0.521,19953000.0,0.48,438799.0,6.703,2623.0,Released,2018-11-01,41657844.0,110.0,False,38000000.0,en,20.083,"Horror, War, Science Fiction","Bad Robot, Paramount","Canada, United States of America","English, French, German, Russian",2018.0,both,right_only
36.0,"Mar 23, 2018","Mar 16, 2018",2018.0,pacificrimuprising,Universal,Action,Original Screenplay,Live Action,Science Fiction,155000000.0,3708.0,3708.0,12723.0,28116535.0,59874525.0,74333799.0,231055623.0,290930148.0,2018.0,36.0,pacificrimuprising,290930148.0,59874525.0,0.206,231055623.0,0.79,268896.0,6.13,4528.0,Released,2018-03-21,290061297.0,111.0,False,150000000.0,en,44.753,"Action, Fantasy, Science Fiction, Adventure","Legendary Pictures, Double Dare You Productions",United States of America,English,2018.0,both,both
27.0,"Jan 16, 2015","Nov 28, 2014",2015.0,paddington,Weinstein Co.,Adventure,Based on Fiction Book/Short Story,Animation/Live Action,Kids Fiction,55000000.0,3303.0,3355.0,23092.0,18966676.0,76223578.0,102264375.0,191240276.0,267463854.0,,,paddington,,,,,,116149.0,7.061,3356.0,Released,2014-11-24,259207227.0,96.0,False,55000000.0,en,22.74,"Comedy, Adventure, Family","Heyday Films, StudioCanal, Anton Capital Entertainment, TF1 Films Production, Canal+, Ciné+, TF1, The Weinstein Company, Dimension Films","France, United Kingdom, United States of America",English,2014.0,right_only,both
42.0,"Jan 12, 2018","Nov 9, 2017",2018.0,paddington2,Warner Bros.,Adventure,Based on Fiction Book/Short Story,Animation/Live Action,Kids Fiction,0.0,3702.0,3702.0,15261.0,11001961.0,40964849.0,50823731.0,187612510.0,228577359.0,2017.0,41.0,paddington2,227291591.0,40891591.0,0.18,186400000.0,0.82,346648.0,7.455,2092.0,Released,2017-11-09,227300000.0,104.0,False,40000000.0,en,18.826,"Adventure, Comedy, Family","Heyday Films, StudioCanal, Anton Capital Entertainment, Canal+, Ciné+, Marmalade Films Ltd., Warner Bros. Pictures","France, United Kingdom, United States of America",English,2017.0,both,both
31.0,"Feb 14, 2025","Nov 8, 2024",2025.0,paddingtoninperu,Sony Pictures,Adventure,Based on Fiction Book/Short Story,Animation/Live Action,Kids Fiction,75336729.0,3890.0,3890.0,20132.0,12761398.0,45770312.0,45770312.0,146339309.0,192109621.0,2024.0,37.0,paddingtoninperu,172238740.0,45800000.0,0.266,126438740.0,0.73,,,,,,,,,,,,,,,,,left_only,both
,,,,,,,,,,,,,,,,,,,2018.0,196.0,padmaavat,22991060.0,11846060.0,0.515,11145000.0,0.49,432527.0,6.935,239.0,Released,2018-01-25,81673897.0,164.0,False,31000000.0,hi,11.741,"Drama, History, Romance","Bhansali Productions, Viacom18 Studios",India,Hindi,2018.0,both,right_only
,,,,,,,,,,,,,,,,,,,2018.0,173.0,padman,29045020.0,1670192.0,0.0579999999999999,27374828.0,0.94,447856.0,7.473,186.0,Released,2018-02-09,23000000.0,140.0,False,10000000.0,hi,7.935,"Comedy, Drama","KriArj Entertainment, Hari Om Entertainment, Columbia Pictures, Sony Pictures Films India",India,Hindi,2018.0,both,right_only
,,,,,,,,,,,,,,,,,,,2019.0,139.0,painandglory,37359689.0,4567338.0,0.122,32792351.0,0.88,519010.0,7.423,1650.0,Released,2019-03-22,37359689.0,114.0,False,10769016.0,es,12.452,Drama,"El Deseo, TVE",Spain,Spanish,2019.0,both,right_only
50.0,"Oct 9, 2015","Sep 25, 2015",2015.0,pan,Warner Bros.,Adventure,Based on Fiction Book/Short Story,Live Action,Fantasy,150000000.0,3515.0,3515.0,12363.0,15315435.0,35088320.0,47074731.0,116437653.0,151525973.0,2015.0,58.0,pan,128988320.0,35088320.0,0.272,93900000.0,0.73,266647.0,5.965,2607.0,Released,2015-09-24,128388320.0,111.0,False,150000000.0,en,14.579,"Fantasy, Adventure, Family, Action","Moving Picture Company, Berlanti Productions, RatPac Entertainment, Warner Bros. Pictures, Isobel Griffiths, Prime Focus Ltd.","United States of America, United Kingdom",English,2015.0,both,both
50.0,"Oct 9, 2015","Sep 25, 2015",2015.0,pan,Warner Bros.,Adventure,Based on Fiction Book/Short Story,Live Action,Fantasy,150000000.0,3515.0,3515.0,12363.0,15315435.0,35088320.0,47074731.0,116437653.0,151525973.0,2015.0,58.0,pan,128988320.0,35088320.0,0.272,93900000.0,0.73,401240.0,0.0,0.0,Released,2005-01-01,0.0,1.0,False,0.0,en,0.6,,,,,2005.0,both,both
,,,,,,,,,,,,,,,,,,,2016.0,160.0,pandora,30896701.0,,,30896701.0,1.0,429450.0,7.588,411.0,Released,2016-12-07,30169000.0,136.0,False,13938145.0,ko,14.536,"Thriller, Drama, Action","Next Entertainment World, CAC Entertainment",South Korea,Korean,2016.0,both,right_only
,,,,,,,,,,,,,,,,,,,2020.0,189.0,panga,4886124.0,582720.0,0.119,4303404.0,0.88,656007.0,6.7,23.0,Released,2020-01-24,0.0,131.0,False,0.0,hi,2.89,Romance,Star Studios,India,Hindi,2020.0,both,right_only
52.0,"Dec 31, 2022","Aug 18, 2023",2022.0,papa,,Drama,Original Screenplay,Live Action,Contemporary Fiction,0.0,0.0,0.0,0.0,0.0,0.0,0.0,84174084.0,84174084.0,,,papa,,,,,,59163.0,5.9,29.0,Released,2005-06-01,0.0,80.0,False,0.0,fr,3.414,"Comedy, Drama",Gaumont,,,2005.0,right_only,both
52.0,"Dec 31, 2022","Aug 18, 2023",2022.0,papa,,Drama,Original Screenplay,Live Action,Contemporary Fiction,0.0,0.0,0.0,0.0,0.0,0.0,0.0,84174084.0,84174084.0,,,papa,,,,,,1525350.0,0.0,0.0,Released,2025-06-13,0.0,131.0,False,0.0,en,0.1539,,,,,2025.0,right_only,both
52.0,"Dec 31, 2022","Aug 18, 2023",2022.0,papa,,Drama,Original Screenplay,Live Action,Contemporary Fiction,0.0,0.0,0.0,0.0,0.0,0.0,0.0,84174084.0,84174084.0,,,papa,,,,,,1508660.0,0.0,0.0,Released,2025-07-01,0.0,0.0,False,0.0,fr,0.0214,Music,,France,French,2025.0,right_only,both
52.0,"Dec 31, 2022","Aug 18, 2023",2022.0,papa,,Drama,Original Screenplay,Live Action,Contemporary Fiction,0.0,0.0,0.0,0.0,0.0,0.0,0.0,84174084.0,84174084.0,,,papa,,,,,,390789.0,0.0,0.0,Released,2010-01-01,0.0,4.0,False,0.0,ja,0.6,Animation,Tokyo University of the Arts,Japan,No Language,2010.0,right_only,both
52.0,"Dec 31, 2022","Aug 18, 2023",2022.0,papa,,Drama,Original Screenplay,Live Action,Contemporary Fiction,0.0,0.0,0.0,0.0,0.0,0.0,0.0,84174084.0,84174084.0,,,papa,,,,,,769189.0,0.0,0.0,Released,2015-01-01,0.0,24.0,False,0.0,lv,0.6,Drama,"Latvijas Kultūras akadēmija, Juris Podnieks Studio",Latvia,,2015.0,right_only,both
83.0,"Jul 24, 2015","Jul 9, 2015",2015.0,papertowns,20th Century Fox,Drama,Based on Fiction Book/Short Story,Live Action,Contemporary Fiction,12000000.0,3031.0,3031.0,9241.0,12650140.0,32000304.0,42932794.0,53450180.0,85450484.0,2015.0,87.0,papertowns,85512300.0,32000304.0,0.374,53511996.0,0.63,286565.0,6.134,4881.0,Released,2015-06-18,85512300.0,109.0,False,12000000.0,en,17.592,"Mystery, Drama, Romance","Fox 2000 Pictures, Temple Hill Entertainment",United States of America,English,2015.0,both,both
,,,,,,,,,,,,,,,,,,,2017.0,87.0,paradox,79226860.0,,,79226860.0,1.0,452558.0,6.507,152.0,Released,2017-08-25,0.0,101.0,False,0.0,cn,13.897,"Crime, Action, Drama","Aether Film Production, Alibaba Pictures Group, Bona Film Group, Bravos Pictures, Flagship Entertainment Group, Huoerguosi Bona Culture and Media, Rock Partner Film, Shanghai PMF Media, Sil-Metropole Organisation, Sun Entertainment Film Group, Wish Films, YL Entertainment & Sport","China, Hong Kong","Cantonese, Thai, English",2017.0,both,right_only
,,,,,,,,,,,,,,,,,,,2021.0,104.0,parallelmothers,23080884.0,2297501.0,0.1,20783383.0,0.9,766798.0,6.839,816.0,Released,2021-10-08,0.0,123.0,False,0.0,es,13.479,Drama,"El Deseo, TVE",Spain,Spanish,2021.0,both,right_only
92.0,"Oct 23, 2015","Oct 21, 2015",2015.0,paranormalactivitytheghostdimension,Paramount Pictures,Horror,Original Screenplay,Live Action,Contemporary Fiction,10000000.0,1656.0,1656.0,5419.0,8070493.0,18297124.0,24548095.0,59662250.0,77959374.0,2015.0,95.0,paranormalactivitytheghostdimension,78903124.0,18300124.0,0.2319999999999999,60603000.0,0.77,146301.0,5.288,1283.0,Released,2015-10-21,78903124.0,88.0,False,10000000.0,en,20.862,"Horror, Thriller","Blumhouse Productions, Paramount, Room 101, Solana Films",United States of America,English,2015.0,both,both
33.0,"Oct 11, 2019","May 30, 2019",2019.0,parasite,Neon,Black Comedy,Original Screenplay,Live Action,Contemporary Fiction,11800000.0,3.0,2001.0,14566.0,393216.0,53867897.0,66311958.0,199810262.0,253678159.0,2019.0,31.0,parasite,258056063.0,53369749.0,0.207,204686314.0,0.79,496243.0,8.515,16430.0,Released,2019-05-30,257591776.0,133.0,False,11363000.0,ko,64.627,"Comedy, Thriller, Drama",Barunson E&A,South Korea,"English, German, Korean",2019.0,both,both
33.0,"Oct 11, 2019","May 30, 2019",2019.0,parasite,Neon,Black Comedy,Original Screenplay,Live Action,Contemporary Fiction,11800000.0,3.0,2001.0,14566.0,393216.0,53867897.0,66311958.0,199810262.0,253678159.0,2019.0,31.0,parasite,258056063.0,53369749.0,0.207,204686314.0,0.79,1164770.0,0.0,0.0,Released,2022-09-23,0.0,11.0,False,0.0,en,0.6,,,,English,2022.0,both,both
30.0,"Dec 21, 2016","Dec 21, 2016",2016.0,passengers,Sony Pictures,Drama,Original Screenplay,Live Action,Science Fiction,110000000.0,3478.0,3478.0,18284.0,14869736.0,100014699.0,128688686.0,202224973.0,302239672.0,2016.0,32.0,passengers,303144152.0,100014699.0,0.33,203129453.0,0.67,274870.0,6.934,12429.0,Released,2016-12-21,303144152.0,116.0,False,110000000.0,en,27.272,"Drama, Romance, Science Fiction","Wanda Pictures, Columbia Pictures, Village Roadshow Pictures, Original Film, Company Films, Start Motion Pictures, LStar Capital",United States of America,English,2016.0,both,both
,,,,,,,,,,,,,,,,,,,2023.0,103.0,pastlives,42748888.0,11331983.0,0.265,31416905.0,0.74,666277.0,7.847,193.0,Released,2023-06-02,6000000.0,106.0,False,0.0,en,46.659,"Drama, Romance","A24, Killer Films, 2AM, CJ ENM","South Korea, United States of America","English, Korean",2023.0,both,right_only
72.0,"Jan 25, 2023","Jan 25, 2023",2023.0,pathaan,Yash Raj Films,Thriller/Suspense,Original Screenplay,Live Action,Dramatization,0.0,695.0,697.0,2636.0,6892182.0,17487476.0,18078922.0,88396115.0,105883591.0,2023.0,65.0,pathaan,112583450.0,17487476.0,0.155,95095974.0,0.85,864692.0,6.607,107.0,Released,2023-01-25,112000000.0,146.0,False,63000000.0,hi,22.964,"Action, Adventure, Thriller","Yash Raj Films, Pathaan Productions",India,Hindi,2023.0,both,both
,,,,,,,,,,,,,,,,,,,2016.0,119.0,patriotsday,52185751.0,31886361.0,0.611,20299390.0,0.39,388399.0,7.042,2406.0,Released,2016-12-12,50548152.0,133.0,False,45000000.0,en,14.068,"Action, Crime, Drama, History, Thriller","TIK Films, CBS Films, Closest to the Hole Productions, Bluegrass Films, Hutch Parker Entertainment, Leverage","Hong Kong, United States of America","Arabic, English, Mandarin",2016.0,both,right_only
,,,,,,,,,,,,,,,,,,,2018.0,186.0,paulapostleofchrist,25915966.0,17560475.0,0.6779999999999999,8355491.0,0.32,476968.0,7.5,307.0,Released,2018-03-23,22525668.0,108.0,False,5000000.0,en,26.813,"Drama, History","Outside Da Box, Affirm Films, ODB Films",United States of America,"Spanish, English",2018.0,both,right_only
66.0,"Apr 17, 2015","Apr 10, 2015",2015.0,paulblartmallcop2,Sony Pictures,Comedy,Original Screenplay,Live Action,Contemporary Fiction,38000000.0,3633.0,3633.0,21216.0,23762435.0,71091594.0,95379119.0,36362313.0,107453907.0,2015.0,68.0,paulblartmallcop2,107588225.0,71038190.0,0.66,36550035.0,0.34,256961.0,5.137,1444.0,Released,2015-04-16,107597242.0,94.0,False,38000000.0,en,27.563,"Action, Comedy, Family","Columbia Pictures, Hey Eddie, LStar Capital, Sony Pictures, Happy Madison Productions",United States of America,English,2015.0,both,both
,,,,,,,,,,,,,,,,,,,2020.0,86.0,pawn,14193957.0,,,14193957.0,1.0,165739.0,5.581,154.0,Released,2013-04-23,0.0,88.0,False,83000000.0,en,12.978,"Crime, Thriller","Imprint Entertainment, Most Films, Extravaganza Entertainment, 42 Films",United States of America,English,2013.0,both,right_only
,,,,,,,,,,,,,,,,,,,2020.0,199.0,pawpatroljettotherescue,4693664.0,,,4693664.0,1.0,743439.0,7.0,158.0,Released,2020-09-10,1792816.0,56.0,False,0.0,en,38.795,"Family, Animation",,"Canada, United States of America",English,2020.0,both,right_only
42.0,"Sep 29, 2023","Sep 21, 2023",2023.0,pawpatrolthemightymovie,Paramount Pictures,Adventure,Based on TV,Digital Animation,Kids Fiction,30000000.0,3989.0,4027.0,22641.0,22764354.0,65343309.0,67553273.0,136395983.0,201739292.0,2023.0,40.0,pawpatrolthemightymovie,205098869.0,65343309.0,0.319,139755560.0,0.68,893723.0,7.679,14.0,Released,2023-09-21,47400000.0,92.0,False,30000000.0,en,257.355,"Animation, Family, Comedy, Action, Science Fiction","Nickelodeon Movies, Spin Master, Paramount, Mikros Image","Canada, United States of America",English,2023.0,both,both
29.0,"Aug 20, 2021","Aug 11, 2021",2021.0,pawpatrolthemovie,Paramount Pictures,Adventure,Based on TV,Digital Animation,Kids Fiction,26000000.0,3184.0,3189.0,17614.0,13148340.0,40127371.0,44625426.0,111276048.0,151403419.0,2021.0,33.0,pawpatrolthemovie,144327371.0,40127371.0,0.278,104200000.0,0.72,675445.0,7.425,1142.0,Released,2021-08-09,144327371.0,86.0,False,26000000.0,en,217.613,"Animation, Family, Adventure, Comedy","Spin Master, Nickelodeon Movies, Paramount, Mikros Image, Elevation Pictures",United States of America,English,2021.0,both,both
81.0,"Jul 15, 2022","Jul 15, 2022",2022.0,pawsoffurythelegendofhank,Paramount Pictures,Adventure,Original Screenplay,Digital Animation,Kids Fiction,45000000.0,3475.0,3481.0,9846.0,6321423.0,17811382.0,19130741.0,22354756.0,40166138.0,2022.0,70.0,pawsoffurythelegendofhank,42439184.0,17811382.0,0.42,24627802.0,0.58,366672.0,6.7,248.0,Released,2022-07-14,42500000.0,94.0,False,45000000.0,en,25.529,"Animation, Action, Adventure, Comedy, Family, Western","Flying Tigers Entertainment, Aniventure, HB Wink Animation, Cinesite Animation, Align, GFM Animation, Nickelodeon Movies, Brooksfilms Ltd., Mass Animation, Blazing Productions, Paramount, Sky Cinema","China, United Kingdom, United States of America",English,2022.0,both,both
,,,,,,,,,,,,,,,,,,,2022.0,168.0,pearl,9847490.0,9423445.0,0.957,424045.0,0.04,949423.0,7.297,989.0,Released,2022-09-16,9423445.0,102.0,False,1000000.0,en,36.833,"Horror, Drama","A24, Little Lamb Productions",United States of America,"English, German",2022.0,both,right_only
,,,,,,,,,,,,,,,,,,,2019.0,33.0,pegasus,255863112.0,,,255863112.0,1.0,575219.0,6.404,57.0,Released,2019-02-05,0.0,98.0,False,0.0,zh,5.934,"Comedy, Action, Adventure","Alibaba Pictures Group, Bona Film Group, CMC Pictures, Shanghai PMF Media, Tianjin Maoyan Media, Wanda Media Co., Golden Village Pictures, Clover Films, Fun Age Pictures",China,Mandarin,2019.0,both,right_only
53.0,"Aug 7, 2020","Jul 15, 2020",2020.0,peninsula,,Horror,Original Screenplay,Live Action,Science Fiction,16000000.0,48.0,151.0,909.0,118647.0,1224525.0,1508652.0,33866998.0,35091523.0,2020.0,38.0,peninsula,42698327.0,1231407.0,0.0289999999999999,41466920.0,0.97,581392.0,6.8,2164.0,Released,2020-07-15,42698327.0,115.0,False,17000000.0,ko,30.117,"Horror, Adventure, Action, Thriller","Next Entertainment World, RedPeter Film, Vantage Holdings, Contents Panda",South Korea,"English, Korean",2020.0,both,both
,,,,,,,,,,,,,,,,,,,2016.0,200.0,pennypincher,22955486.0,,,22955486.0,1.0,382511.0,5.577,868.0,Released,2016-09-28,0.0,89.0,False,0.0,fr,9.325,Comedy,"TF1, Mars Films",France,French,2016.0,both,right_only
,,,,,,,,,,,,,,,,,,,2018.0,118.0,peppermint,53918723.0,35418723.0,0.657,18500000.0,0.34,458594.0,6.7,1882.0,Released,2018-09-06,53918723.0,102.0,False,25000000.0,en,19.181,"Action, Thriller","STX Films, Lakeshore Entertainment, Huayi Brothers Pictures, Universal Pictures","China, United States of America","English, Spanish",2018.0,both,right_only
,,,,,,,,,,,,,,,,,,,2023.0,130.0,perfectdays,25801836.0,3766668.0,0.146,22035168.0,0.85,101140.0,4.25,4.0,Released,2011-11-03,0.0,108.0,False,0.0,cs,0.869,Comedy,,Czech Republic,Czech,2011.0,both,right_only
,,,,,,,,,,,,,,,,,,,2017.0,158.0,perfectstrangers,33262366.0,1014507.0,0.031,32247859.0,0.97,381341.0,7.9,4149.0,Released,2016-02-11,31640626.0,97.0,False,0.0,it,15.797,"Comedy, Drama","Medusa Film, Mediaset Premium, MiC, EsseQuamVideri, Lotus Production",Italy,Italian,2016.0,both,right_only
,,,,,,,,,,,,,,,,,,,2016.0,158.0,perfectstrangers,31254929.0,,,31254929.0,1.0,381341.0,7.9,4149.0,Released,2016-02-11,31640626.0,97.0,False,0.0,it,15.797,"Comedy, Drama","Medusa Film, Mediaset Premium, MiC, EsseQuamVideri, Lotus Production",Italy,Italian,2016.0,both,right_only
,,,,,,,,,,,,,,,,,,,2020.0,192.0,persianlessons,4849240.0,,,4849240.0,1.0,581577.0,7.692,334.0,Released,2020-04-17,3825668.0,127.0,False,0.0,de,13.025,"War, Drama","Hype Film, LM Media, One Two Films, Belarusfilm","Belarus, Germany, Russia","English, French, Italian, Persian, German",2020.0,both,right_only
28.0,"Feb 9, 2018","Feb 8, 2018",2018.0,peterrabbit,Sony Pictures,Adventure,Based on Fiction Book/Short Story,Animation/Live Action,Kids Fiction,50000000.0,3725.0,3725.0,27257.0,25010928.0,115234093.0,143062305.0,242883214.0,358117307.0,2018.0,30.0,peterrabbit,351266433.0,115253424.0,0.3279999999999999,236013009.0,0.67,381719.0,6.697,1636.0,Released,2018-02-07,351266433.0,93.0,False,50000000.0,en,16.754,"Animation, Adventure, Family","Columbia Pictures, Animal Logic, 2.0 Entertainment, Olive Bridge Entertainment, Screen Australia, Screen NSW, Sony Pictures Animation","Australia, United States of America",English,2018.0,both,both
28.0,"Jun 11, 2021","Mar 26, 2021",2021.0,peterrabbit2therunaway,Sony Pictures,Adventure,Based on Fiction Book/Short Story,Animation/Live Action,Kids Fiction,45000000.0,3346.0,3346.0,16929.0,10101066.0,40501717.0,45041736.0,116713267.0,157214984.0,2021.0,29.0,peterrabbit2therunaway,153901717.0,40501717.0,0.263,113400000.0,0.74,522478.0,7.171,714.0,Released,2021-03-25,153000000.0,93.0,False,45000000.0,en,27.237,"Family, Comedy, Adventure, Animation, Fantasy","Columbia Pictures, Olive Bridge Entertainment, Animal Logic, MRC, 2.0 Entertainment","Australia, United States of America",English,2021.0,both,both
65.0,"Aug 12, 2016","Aug 10, 2016",2016.0,petesdragon,Walt Disney,Adventure,Based on Fiction Book/Short Story,Animation/Live Action,Kids Fiction,65000000.0,3702.0,3702.0,21576.0,21514095.0,76233151.0,99675946.0,61535824.0,137768975.0,2016.0,62.0,petesdragon,143695338.0,76233151.0,0.531,67462187.0,0.47,294272.0,6.379,2080.0,Released,2016-08-10,143695338.0,103.0,False,65000000.0,en,14.491,"Adventure, Family, Fantasy",Whitaker Entertainment,United States of America,English,2016.0,both,both
70.0,"Apr 5, 2019","Apr 5, 2019",2019.0,petsematary,Paramount Pictures,Horror,Based on Fiction Book/Short Story,Live Action,Contemporary Fiction,21000000.0,3585.0,3585.0,13289.0,24502775.0,54724696.0,67569469.0,57085036.0,111809732.0,2019.0,72.0,petsematary,113118226.0,54724696.0,0.484,58393530.0,0.52,157433.0,5.723,2966.0,Released,2019-04-04,113118226.0,101.0,False,21000000.0,en,24.949,"Horror, Thriller","di Bonaventura Pictures, Room 101",United States of America,English,2019.0,both,both
,,,,,,,,,,,,,,,,,,,2017.0,120.0,phantomthread,47756590.0,21198205.0,0.444,26558385.0,0.56,400617.0,7.3,3211.0,Released,2017-12-25,47756590.0,130.0,False,35000000.0,en,19.184,"Drama, Romance","Ghoulardi Film Company, Focus Features, Annapurna Pictures, Perfect World Pictures","United States of America, United Kingdom","English, French",2017.0,both,right_only
,,,,,,,,,,,,,,,,,,,2022.0,188.0,phasesofthemoon,7564756.0,,,7564756.0,1.0,961257.0,7.333,6.0,Released,2022-12-02,0.0,128.0,False,0.0,ja,3.007,"Drama, Fantasy, Romance",Shochiku,Japan,Japanese,2022.0,both,right_only
,,,,,,,,,,,,,,,,,,,2024.0,186.0,piecebypiece,10722792.0,9756635.0,0.91,966157.0,0.09,83509.0,4.0,1.0,Released,2005-01-13,0.0,79.0,False,0.0,en,0.6,Documentary,,,,2005.0,both,right_only
,,,,,,,,,,,,,,,,,,,2024.0,186.0,piecebypiece,10722792.0,9756635.0,0.91,966157.0,0.09,1133973.0,0.0,0.0,Released,2023-08-31,0.0,9.0,False,0.0,de,0.723,,,,German,2023.0,both,right_only
,,,,,,,,,,,,,,,,,,,2024.0,99.0,pilot,30917972.0,,,30917972.0,1.0,1431728.0,9.5,2.0,Released,2021-12-30,0.0,6.0,False,3000.0,en,0.6,,,,,2021.0,both,right_only
,,,,,,,,,,,,,,,,,,,2021.0,185.0,pilsadventures,8586655.0,,,8586655.0,1.0,676705.0,6.683,161.0,Released,2021-08-11,6813652.0,89.0,False,0.0,fr,15.889,"Animation, Adventure, Fantasy, Comedy, Family","TAT Productions, SND, France 3 Cinéma",France,French,2021.0,both,right_only
61.0,"Dec 25, 2020","Dec 19, 2019",2020.0,pinocchio,Roadside Attractions,Adventure,Based on Fiction Book/Short Story,Animation/Live Action,Kids Fiction,13200000.0,786.0,824.0,4859.0,272109.0,1831718.0,2095664.0,28528657.0,30360375.0,2025.0,101.0,pinocchio,31695064.0,,,31695064.0,1.0,,,,,,,,,,,,,,,,,left_only,both
61.0,"Dec 25, 2020","Dec 19, 2019",2020.0,pinocchio,Roadside Attractions,Adventure,Based on Fiction Book/Short Story,Animation/Live Action,Kids Fiction,13200000.0,786.0,824.0,4859.0,272109.0,1831718.0,2095664.0,28528657.0,30360375.0,2019.0,178.0,pinocchio,23841090.0,1831718.0,0.077,22009372.0,0.92,,,,,,,,,,,,,,,,,left_only,both
,,,,,,,,,,,,,,,,,,,2017.0,12.0,piratesofthecaribbeandeadmentellnotales,794861794.0,172558876.0,0.217,622302918.0,0.78,166426.0,6.648,11176.0,Released,2017-05-23,795922298.0,128.0,False,230000000.0,en,62.006,"Adventure, Action, Fantasy","Walt Disney Pictures, Jerry Bruckheimer Films, Infinitum Nihil",United States of America,English,2017.0,both,right_only
26.0,"May 15, 2015","May 7, 2015",2015.0,pitchperfect2,Universal,Comedy,Based on Factual Book/Article,Live Action,Contemporary Fiction,29000000.0,3473.0,3660.0,21228.0,69216890.0,184296230.0,247258643.0,102918966.0,287215196.0,2015.0,27.0,pitchperfect2,287144079.0,184296230.0,0.642,102847849.0,0.36,254470.0,6.864,5084.0,Released,2015-05-07,287506194.0,115.0,False,29000000.0,en,25.942,"Comedy, Music","Brownstone Productions, Gold Circle Films, Universal Pictures",United States of America,English,2015.0,both,both
52.0,"Dec 22, 2017","Dec 21, 2017",2017.0,pitchperfect3,Universal,Comedy,Based on Factual Book/Article,Live Action,Contemporary Fiction,45000000.0,3447.0,3468.0,17362.0,19928525.0,104897530.0,131456096.0,80838882.0,185736412.0,2017.0,50.0,pitchperfect3,185400345.0,104897530.0,0.5660000000000001,80502815.0,0.43,353616.0,6.538,3124.0,Released,2017-12-20,184724494.0,93.0,False,45000000.0,en,21.241,"Comedy, Music","Gold Circle Films, Perfect World Pictures, Universal Pictures",United States of America,English,2017.0,both,both
32.0,"Jul 24, 2015","Jul 16, 2015",2015.0,pixels,Sony Pictures,Action,Based on Short Film,Animation/Live Action,Science Fiction,90000000.0,3723.0,3723.0,19649.0,24011616.0,78765986.0,105675358.0,164726828.0,243492814.0,2015.0,31.0,pixels,244874809.0,78747585.0,0.322,166127224.0,0.68,257344.0,5.716,7061.0,Released,2015-07-16,244874809.0,105.0,False,88000000.0,en,32.028,"Action, Comedy, Science Fiction","Sony Pictures, Columbia Pictures, 1492 Pictures, LStar Capital, China Film Group Corporation, Happy Madison Productions","China, United States of America",English,2015.0,both,both
,,,,,,,,,,,,,,,,,,,2023.0,76.0,plane,74515586.0,32111181.0,0.431,42404405.0,0.57,646389.0,6.997,1753.0,Released,2023-01-12,51000000.0,107.0,False,25000000.0,en,95.197,"Action, Adventure, Thriller","MadRiver Pictures, di Bonaventura Pictures, G-BASE, Olive Hill Media, Riverstone Pictures","United States of America, Puerto Rico, United Kingdom","English, Turkish",2023.0,both,right_only
98.0,"Nov 8, 2019","Nov 8, 2019",2019.0,playingwithfire,Paramount Pictures,Comedy,Original Screenplay,Live Action,Contemporary Fiction,0.0,3125.0,3125.0,15954.0,12723781.0,44451847.0,54884602.0,16784873.0,61236720.0,2019.0,96.0,playingwithfire,69412425.0,44451847.0,0.64,24960578.0,0.36,554241.0,6.746,612.0,Released,2019-11-08,69412425.0,96.0,False,29900000.0,en,15.929,"Family, Comedy","Broken Road Productions, Nickelodeon Movies, Paramount Players, Walden Media",United States of America,English,2019.0,both,both
98.0,"Nov 8, 2019","Nov 8, 2019",2019.0,playingwithfire,Paramount Pictures,Comedy,Original Screenplay,Live Action,Contemporary Fiction,0.0,3125.0,3125.0,15954.0,12723781.0,44451847.0,54884602.0,16784873.0,61236720.0,2019.0,96.0,playingwithfire,69412425.0,44451847.0,0.64,24960578.0,0.36,1308648.0,0.0,0.0,Released,1986-02-04,0.0,90.0,False,0.0,en,0.6,,,,,1986.0,both,both
98.0,"Nov 8, 2019","Nov 8, 2019",2019.0,playingwithfire,Paramount Pictures,Comedy,Original Screenplay,Live Action,Contemporary Fiction,0.0,3125.0,3125.0,15954.0,12723781.0,44451847.0,54884602.0,16784873.0,61236720.0,2019.0,96.0,playingwithfire,69412425.0,44451847.0,0.64,24960578.0,0.36,1161697.0,0.0,0.0,Released,2023-08-06,0.0,1.0,False,10.0,en,0.6,Horror,Allen Pictures,United States of America,,2023.0,both,both
98.0,"Nov 8, 2019","Nov 8, 2019",2019.0,playingwithfire,Paramount Pictures,Comedy,Original Screenplay,Live Action,Contemporary Fiction,0.0,3125.0,3125.0,15954.0,12723781.0,44451847.0,54884602.0,16784873.0,61236720.0,2019.0,96.0,playingwithfire,69412425.0,44451847.0,0.64,24960578.0,0.36,1255965.0,0.0,0.0,Released,1989-10-20,0.0,95.0,False,0.0,ar,0.0,,,Egypt,Arabic,1989.0,both,both
54.0,"Dec 25, 2015","Dec 2, 2015",2015.0,pointbreak,Warner Bros.,Action,Original Screenplay,Live Action,Contemporary Fiction,100000000.0,2910.0,2910.0,8960.0,9800252.0,28782481.0,38165290.0,105000000.0,133782481.0,2015.0,56.0,pointbreak,133782481.0,28782481.0,0.215,105000000.0,0.79,1089.0,7.133,3202.0,Released,1991-01-31,83531958.0,122.0,False,24000000.0,en,32.136,"Action, Thriller, Crime","Largo Entertainment, JVC","Japan, United States of America",English,1991.0,both,both
21.0,"May 10, 2019","May 3, 2019",2019.0,pokãmondetectivepikachu,Warner Bros.,Comedy,Based on Game,Animation/Live Action,Kids Fiction,150000000.0,4202.0,4248.0,20264.0,54365242.0,144105346.0,177929203.0,288983000.0,433088346.0,2019.0,18.0,pokãmondetectivepikachu,433305346.0,144105346.0,0.3329999999999999,289200000.0,0.67,,,,,,,,,,,,,,,,,left_only,both
76.0,"May 22, 2015","May 20, 2015",2015.0,poltergeist,20th Century Fox,Horror,Original Screenplay,Live Action,Contemporary Fiction,35000000.0,3240.0,3242.0,10626.0,22620386.0,47425125.0,63627300.0,48252577.0,95677702.0,2015.0,81.0,poltergeist,95437994.0,47425125.0,0.497,48012869.0,0.5,609.0,7.143,2686.0,Released,1982-06-04,122200000.0,114.0,False,10700000.0,en,27.038,Horror,"SLM Production Group, Metro-Goldwyn-Mayer",United States of America,English,1982.0,both,both
,,,,,,,,,,,,,,,,,,,2022.0,99.0,ponniyinselvanparti,21888295.0,4282000.0,0.196,17606295.0,0.8,660046.0,7.186,59.0,Released,2022-09-30,0.0,167.0,False,0.0,ta,8.931,"Action, Adventure","Lyca Productions, Madras Talkies",India,Tamil,2022.0,both,right_only
69.0,"Dec 8, 2023","Dec 8, 2023",2023.0,poorthings,Searchlight Pictures,Black Comedy,Based on Fiction Book/Short Story,Live Action,Science Fiction,35000000.0,9.0,2300.0,13326.0,661230.0,34553225.0,34873535.0,77341225.0,111894450.0,2023.0,60.0,poorthings,117625455.0,34553225.0,0.294,83072230.0,0.71,629234.0,0.0,0.0,Released,2019-08-26,0.0,18.0,False,0.0,da,0.915,Thriller,,Denmark,Danish,2019.0,both,both
,,,,,,,,,,,,,,,,,,,2020.0,59.0,poupelleofchimneytown,22715146.0,,,22715146.0,1.0,655437.0,6.772,46.0,Released,2020-12-25,0.0,100.0,False,0.0,ja,8.007,"Animation, Drama, Fantasy, Adventure","Yoshimoto Kogyo, STUDIO4℃",Japan,Japanese,2020.0,both,right_only
64.0,"Mar 24, 2017","Mar 24, 2017",2017.0,powerrangers,Lionsgate,Action,Based on TV,Animation/Live Action,Kids Fiction,120000000.0,3693.0,3693.0,15803.0,40300288.0,85364450.0,107633436.0,57167102.0,142531552.0,2017.0,62.0,powerrangers,142337240.0,85364450.0,0.6,56972790.0,0.4,305470.0,6.3,4189.0,Released,2017-03-23,142337240.0,124.0,False,105000000.0,en,39.084,"Action, Adventure, Science Fiction","Lionsgate, Saban Brands, Saban Films, Temple Hill Entertainment, TIK Films","Canada, Hong Kong, United States of America",English,2017.0,both,both
64.0,"Mar 24, 2017","Mar 24, 2017",2017.0,powerrangers,Lionsgate,Action,Based on TV,Animation/Live Action,Kids Fiction,120000000.0,3693.0,3693.0,15803.0,40300288.0,85364450.0,107633436.0,57167102.0,142531552.0,2017.0,62.0,powerrangers,142337240.0,85364450.0,0.6,56972790.0,0.4,327029.0,7.0,209.0,Released,2015-02-24,0.0,14.0,False,0.0,en,9.354,"Action, Science Fiction",Adi Shankar Production,United States of America,"English, Japanese, Korean, Russian",2015.0,both,both
32.0,"Nov 7, 2025","Nov 5, 2025",2025.0,predatorbadlands,20th Century Studios,Action,Spin-Off,Live Action,Science Fiction,105000000.0,3725.0,3725.0,17275.0,40016853.0,91083631.0,91083631.0,93477425.0,184561056.0,2025.0,29.0,predatorbadlands,184561056.0,91083631.0,0.494,93477425.0,0.506,,,,,,,,,,,,,,,,,left_only,both
,,,,,,,,,,,,,,,,,,,2015.0,125.0,premratandhanpayo,52715771.0,4364639.0,0.083,48351132.0,0.92,362136.0,5.495,96.0,Released,2015-11-11,67000000.0,164.0,False,23400000.0,hi,8.659,"Romance, Drama, Action","Star Studios, Rajshri Productions",India,Hindi,2015.0,both,right_only
,,,,,,,,,,,,,,,,,,,2025.0,184.0,presence,11069405.0,6900044.0,0.623,4169361.0,0.377,878750.0,5.4,5.0,Released,2022-04-29,0.0,82.0,False,0.0,en,2.64,Horror,ALLaBorde Films,United States of America,English,2022.0,both,right_only
,,,,,,,,,,,,,,,,,,,2025.0,184.0,presence,11069405.0,6900044.0,0.623,4169361.0,0.377,1380381.0,10.0,1.0,Released,2024-05-08,0.0,3.0,False,100.0,es,0.0,Mystery,Medio Cuerpo Cine,Argentina,Spanish,2024.0,both,right_only
78.0,"Oct 28, 2022","Oct 27, 2022",2022.0,preyforthedevil,Lionsgate,Horror,Original Screenplay,Live Action,Contemporary Fiction,0.0,2980.0,2980.0,10833.0,7185126.0,19802293.0,21269134.0,24211452.0,44013745.0,2022.0,69.0,preyforthedevil,44658929.0,19802293.0,0.4429999999999999,24856636.0,0.56,676547.0,7.064,778.0,Released,2022-10-23,37655699.0,93.0,False,0.0,en,112.352,"Horror, Thriller","Lionsgate, Gold Circle Films, Confluence Productions",United States of America,English,2022.0,both,both
,,,,,,,,,,,,,,,,,,,2023.0,117.0,priscilla,33106888.0,20960939.0,0.633,12145949.0,0.37,1020006.0,0.0,0.0,Released,2023-10-26,0.0,110.0,False,0.0,en,9.133,"Drama, Romance","American Zoetrope, The Apartment Pictures","Italy, United States of America",English,2023.0,both,right_only
,,,,,,,,,,,,,,,,,,,2015.0,176.0,projectalmanac,33213241.0,22348241.0,0.6729999999999999,10865000.0,0.33,227719.0,6.729,2397.0,Released,2015-01-28,33213241.0,106.0,False,12000000.0,en,23.805,"Science Fiction, Thriller, Drama","Insurge Pictures, Paramount, MTV Films, Platinum Dunes",United States of America,English,2015.0,both,right_only
,,,,,,,,,,,,,,,,,,,2018.0,47.0,projectgutenberg,188116796.0,,,188116796.0,1.0,531384.0,6.911,84.0,Released,2018-09-30,0.0,130.0,False,38272500.0,cn,11.461,"Action, Crime, Mystery, Thriller","Emperor Motion Pictures, Bona Film Group, Shanghai Bona, Alibaba Pictures Group, A Really Happy Film, Distribution Workshop, Pearl River Film Studio, Huaxia Film Distribution","China, Hong Kong","Mandarin, Cantonese",2018.0,both,right_only
89.0,"Dec 25, 2020","Dec 25, 2020",2020.0,promisingyoungwoman,Focus Features,Black Comedy,Original Screenplay,Live Action,Contemporary Fiction,0.0,1310.0,1448.0,15765.0,719305.0,6460965.0,7330101.0,12393201.0,18854166.0,2020.0,72.0,promisingyoungwoman,18854166.0,6460965.0,0.3429999999999999,12393201.0,0.66,582014.0,7.5,2784.0,Released,2020-12-13,13868965.0,114.0,False,0.0,en,24.609,"Thriller, Crime, Drama","LuckyChap Entertainment, FilmNation Entertainment",United States of America,English,2020.0,both,both
,,,,,,,,,,,,,,,,,,,2019.0,69.0,pstorm,117991727.0,326711.0,0.003,117665016.0,1.0,588073.0,6.615,52.0,Released,2019-04-04,0.0,96.0,False,0.0,cn,7.863,"Action, Crime",Mandarin Motion Pictures Limited,Hong Kong,"Cantonese, Mandarin",2019.0,both,right_only
,,,,,,,,,,,,,,,,,,,2021.0,196.0,pushpatherisepart1,7592374.0,1320000.0,0.174,6272374.0,0.83,690957.0,7.196,92.0,Released,2021-12-16,0.0,179.0,False,0.0,te,11.855,"Action, Drama, Thriller","Mythri Movie Makers, Muttamsetty Media",India,Telugu,2021.0,both,right_only
34.0,"Dec 5, 2024","Aug 15, 2024",2024.0,pushpatherulepart2,Prathyangira Cinemas,Action,Original Screenplay,Live Action,Contemporary Fiction,0.0,1245.0,1245.0,1876.0,4800000.0,13000000.0,13000000.0,155618313.0,168618313.0,2024.0,34.0,pushpatherulepart2,175399684.0,13000000.0,0.074,162399684.0,0.93,,,,,,,,,,,,,,,,,left_only,both
10.0,"Dec 21, 2022","Dec 2, 2022",2022.0,pussinbootsthelastwish,Universal,Adventure,Spin-Off,Digital Animation,Kids Fiction,110000000.0,4099.0,4121.0,43879.0,12429515.0,186090535.0,194624979.0,298238602.0,484329137.0,2022.0,10.0,pussinbootsthelastwish,480466413.0,186090535.0,0.387,294375878.0,0.61,315162.0,8.266,6394.0,Released,2022-12-07,482129780.0,103.0,False,90000000.0,en,221.49,"Animation, Family, Fantasy, Adventure, Comedy, Action","DreamWorks Animation, Universal Pictures",United States of America,"English, Spanish",2022.0,both,both
71.0,"Dec 31, 2020","Jun 13, 2021",2020.0,qipao,,Drama,,Live Action,Contemporary Fiction,0.0,0.0,0.0,0.0,0.0,0.0,0.0,22930000.0,22930000.0,,,qipao,,,,,,1325673.0,0.0,0.0,Released,2024-05-23,0.0,8.0,False,5000.0,zh,1.4,"Drama, History",,,Mandarin,2024.0,right_only,both
,,,,,,,,,,,,,,,,,,,2019.0,126.0,queenslim,47834125.0,43808310.0,0.916,4025815.0,0.08,536743.0,7.135,621.0,Released,2019-11-27,47803176.0,131.0,False,20000000.0,en,12.575,"Drama, Romance, Crime","Hillman Grad Productions, De La Revolución Films, 3BlackDot, Creative Wealth Media Finance, Entertainment One, Makeready, Bron Studios","Canada, United States of America","English, Italian",2019.0,both,right_only
96.0,"Dec 31, 2015","Jan 1, 2016",2015.0,quovado,,Comedy,Original Screenplay,Live Action,Contemporary Fiction,0.0,0.0,0.0,0.0,0.0,0.0,0.0,73838483.0,73838483.0,2016.0,100.0,quovado,75878701.0,,,75878701.0,1.0,,,,,,,,,,,,,,,,,left_only,both
,,,,,,,,,,,,,,,,,,,2022.0,182.0,rabbitacademymissioneggpossible,8083331.0,,,8083331.0,1.0,888322.0,6.0,12.0,Released,2022-03-17,0.0,75.0,False,0.0,de,2.917,"Animation, Adventure, Comedy","Akkord Film, ARX Anima","Austria, Germany",German,2022.0,both,right_only
,,,,,,,,,,,,,,,,,,,2016.0,182.0,race,25070261.0,19206207.0,0.7659999999999999,5864054.0,0.23,323677.0,7.256,1442.0,Released,2016-02-19,24804129.0,134.0,False,5000000.0,en,14.008,"Drama, History","Trinity Race, Forecast Pictures, Solofilms, JoBro Productions","Canada, Germany","German, English",2016.0,both,right_only
,,,,,,,,,,,,,,,,,,,2022.0,124.0,radheshyam,15954804.0,1860000.0,0.1169999999999999,14094804.0,0.88,673392.0,5.175,20.0,Released,2022-03-10,0.0,138.0,False,0.0,te,5.426,"Drama, Romance","UV Creations, T-Series, MSK Films",India,Telugu,2022.0,both,right_only
,,,,,,,,,,,,,,,,,,,2023.0,135.0,radical,21797528.0,8702731.0,0.3989999999999999,13094797.0,0.6,926572.0,10.0,1.0,Released,2022-05-25,0.0,5.0,False,0.0,en,0.908,"Action, Drama, Crime",MN Productions,United Kingdom,English,2022.0,both,right_only
,,,,,,,,,,,,,,,,,,,2021.0,21.0,ragingfire,205842393.0,385305.0,0.002,205457088.0,1.0,513692.0,6.933,172.0,Released,2021-07-28,205000000.0,125.0,False,0.0,cn,13.412,"Action, Crime, Thriller","Tencent Pictures, Super Bullet Pictures, Emperor Film Production, One Cool Film Production, Emperor Motion Pictures, Tianjin Maoyan Media","China, Hong Kong","Cantonese, English",2021.0,both,right_only
,,,,,,,,,,,,,,,,,,,2017.0,155.0,raidspecialunit,34598750.0,,,34598750.0,1.0,382597.0,5.749,852.0,Released,2017-02-01,34598750.0,105.0,False,32400000.0,fr,8.083,"Action, Comedy","TF1 Films Production, Pathé, Artémis Productions, Les Productions du Ch'timi",France,French,2017.0,both,right_only
78.0,"Jan 6, 2017","Dec 22, 2016",2017.0,railroadtigers,Well Go USA,Action,Original Screenplay,Live Action,Historical Fiction,0.0,43.0,43.0,61.0,116211.0,218044.0,274923.0,101604629.0,101822673.0,2016.0,79.0,railroadtigers,102205175.0,218044.0,0.002,101987131.0,1.0,377447.0,6.008,118.0,Released,2016-12-23,102205175.0,124.0,False,50000000.0,zh,11.081,"Action, Adventure, Comedy, Family, War","Shan Dong Satellite TV Media, Shanghai Film Group, Sparkle Roll Media, Beijing Going Zoom Media, Mango Entertainment, J.Q. Pictures, Nextainment Pictures (Wuxi)",China,"Japanese, English, Mandarin",2016.0,both,both
,,,,,,,,,,,,,,,,,,,2021.0,129.0,railwayheroes,17223704.0,,,17223704.0,1.0,889227.0,6.692,26.0,Released,2021-11-19,0.0,124.0,False,0.0,zh,9.111,"War, Drama",,China,Mandarin,2021.0,both,right_only
14.0,"Nov 21, 2018","Nov 21, 2018",2018.0,ralphbreakstheinternet,Walt Disney,Adventure,Original Screenplay,Digital Animation,Kids Fiction,175000000.0,4017.0,4017.0,30648.0,56237634.0,201091711.0,249494834.0,328199119.0,529290830.0,2018.0,15.0,ralphbreakstheinternet,529323962.0,201091711.0,0.38,328232251.0,0.62,404368.0,7.2,6999.0,Released,2018-11-20,529323962.0,112.0,False,175000000.0,en,49.649,"Family, Animation, Comedy, Adventure","Walt Disney Pictures, Walt Disney Animation Studios",United States of America,English,2018.0,both,both
79.0,"Sep 20, 2019","Sep 19, 2019",2019.0,rambolastblood,Lionsgate,Action,Based on Fiction Book/Short Story,Live Action,Contemporary Fiction,50000000.0,3618.0,3618.0,13680.0,18872919.0,44819352.0,55339174.0,46559534.0,91378886.0,2019.0,82.0,rambolastblood,91490353.0,44819352.0,0.49,46671001.0,0.51,522938.0,6.521,3535.0,Released,2019-09-19,91490353.0,89.0,False,50000000.0,en,46.016,"Action, Thriller, Drama","Millennium Media, Templeton Media, Campbell Grobman Films, Dadi Film Group, Balboa Productions","China, United States of America","English, Spanish",2019.0,both,both
21.0,"Apr 13, 2018","Apr 9, 2018",2018.0,rampage,Warner Bros.,Action,Based on Game,Live Action,Science Fiction,120000000.0,4101.0,4115.0,21557.0,35753093.0,101028233.0,125425830.0,327100000.0,428128233.0,2018.0,22.0,rampage,428128233.0,101028233.0,0.236,327100000.0,0.76,427641.0,6.451,6539.0,Released,2018-04-11,428028233.0,107.0,False,120000000.0,en,109.045,"Action, Adventure, Science Fiction","Wrigley Pictures, New Line Cinema, 7 Bucks Entertainment, ASAP Entertainment, Flynn Picture Company, Twisted Media",United States of America,"English, Spanish",2018.0,both,both
41.0,"Mar 5, 2021","Mar 3, 2021",2021.0,rayaandthelastdragon,Walt Disney,Adventure,Original Screenplay,Digital Animation,Fantasy,0.0,2045.0,2375.0,29922.0,8502498.0,54723032.0,60857176.0,61480896.0,116203928.0,2021.0,37.0,rayaandthelastdragon,130423032.0,54723032.0,0.42,75700000.0,0.58,527774.0,7.9,6271.0,Released,2021-03-03,130423032.0,107.0,False,100000000.0,en,53.503,"Animation, Family, Fantasy, Action, Adventure","Walt Disney Pictures, Walt Disney Animation Studios",United States of America,English,2021.0,both,both
,,,,,,,,,,,,,,,,,,,2019.0,106.0,readyornot,57615777.0,28714231.0,0.498,28901546.0,0.5,567609.0,7.057,3909.0,Released,2019-08-21,57615777.0,95.0,False,6000000.0,en,26.743,"Comedy, Horror, Thriller","Mythology Entertainment, Vinson Films, Fox Searchlight Pictures, Radio Silence",United States of America,English,2019.0,both,right_only
,,,,,,,,,,,,,,,,,,,2019.0,106.0,readyornot,57615777.0,28714231.0,0.498,28901546.0,0.5,1326337.0,0.0,0.0,Released,2024-06-14,0.0,4.0,False,100.0,en,0.0,"Drama, Adventure, Comedy",KorMotions,United States of America,English,2024.0,both,right_only
,,,,,,,,,,,,,,,,,,,2019.0,106.0,readyornot,57615777.0,28714231.0,0.498,28901546.0,0.5,1282800.0,0.0,0.0,Released,2023-06-25,0.0,8.0,False,0.0,en,0.6,"Drama, Family",Awry Productions,United States of America,English,2023.0,both,right_only
12.0,"Mar 29, 2018","Mar 20, 2018",2018.0,readyplayerone,Warner Bros.,Adventure,Based on Fiction Book/Short Story,Animation/Live Action,Science Fiction,150000000.0,4234.0,4234.0,21560.0,41769050.0,137690172.0,170941364.0,445800000.0,583490172.0,2018.0,12.0,readyplayerone,583490172.0,137690172.0,0.236,445800000.0,0.76,333339.0,7.6,14430.0,Released,2018-03-28,607274134.0,140.0,False,175000000.0,en,50.088,"Adventure, Action, Science Fiction","Amblin Entertainment, De Line Pictures, Warner Bros. Pictures, Farah Films & Management, Village Roadshow Pictures, Access Entertainment",United States of America,English,2018.0,both,both
,,,,,,,,,,,,,,,,,,,2024.0,102.0,reagan,30107173.0,30047417.0,0.998,59756.0,0.0,56761.0,5.7,17.0,Released,2011-02-07,0.0,87.0,False,0.0,en,3.552,Documentary,"Charlotte Street Films, HBO Documentary Films, BBC Storyville",United States of America,English,2011.0,both,right_only
,,,,,,,,,,,,,,,,,,,2021.0,163.0,realmofterracotta,10363914.0,,,10363914.0,1.0,844158.0,4.5,8.0,Released,2021-07-09,0.0,111.0,False,0.0,zh,4.341,"Animation, Fantasy, Adventure",深圳华强数字动漫有限公司,China,Dutch,2021.0,both,right_only
,,,,,,,,,,,,,,,,,,,2017.0,172.0,recepivedik5,28952258.0,,,28952258.0,1.0,438703.0,4.569,87.0,Released,2017-02-16,28952258.0,114.0,False,0.0,tr,4.284,Comedy,Çamaşırhane,Turkey,Turkish,2017.0,both,right_only
99.0,"Jan 7, 2020","Jan 7, 2020",2020.0,reddog,,Documentary,Based on Real Life Events,Live Action,Factual,0.0,0.0,0.0,0.0,0.0,0.0,0.0,15788420.0,15788420.0,,,reddog,,,,,,66125.0,7.329,347.0,Released,2011-08-04,0.0,92.0,False,0.0,en,12.094,"Drama, Comedy, Family","Endymion Films, ScreenWest, Woss Group Film Productions, Screen Australia, Essential Entertainment, South Australian Film Corporation","Australia, United States of America","English, Polish",2011.0,right_only,both
,,,,,,,,,,,,,,,,,,,2022.0,172.0,redeeminglove,9464198.0,9214020.0,0.974,250178.0,0.03,698508.0,7.906,282.0,Released,2022-01-21,9100000.0,134.0,False,0.0,en,35.422,"Romance, Drama, History, Western","Mission Pictures International, Universal Pictures, Nthibah Pictures, Advantage Entertainment, Pinnacle Peak Pictures","South Africa, United States of America",English,2022.0,both,right_only
28.0,"Nov 15, 2024","Nov 6, 2024",2024.0,redone,Amazon MGM Studios,Action,Original Screenplay,Live Action,Contemporary Fiction,200000000.0,4032.0,4032.0,20501.0,32106112.0,97000759.0,97000759.0,89000000.0,186000759.0,2024.0,30.0,redone,186000759.0,97000759.0,0.522,89000000.0,0.48,,,,,,,,,,,,,,,,,left_only,both
56.0,"Mar 2, 2018","Feb 28, 2018",2018.0,redsparrow,20th Century Fox,Thriller/Suspense,Based on Fiction Book/Short Story,Live Action,Contemporary Fiction,69000000.0,3056.0,3064.0,11476.0,16853422.0,46874505.0,58194361.0,99077356.0,145951861.0,2018.0,53.0,redsparrow,151572634.0,46874505.0,0.309,104698129.0,0.69,401981.0,6.533,5596.0,Released,2018-02-28,151572634.0,140.0,False,69000000.0,en,24.57,"Thriller, Mystery","Chernin Entertainment, 20th Century Fox, TSG Entertainment, Film Rights","Hungary, United States of America",English,2018.0,both,both
59.0,"Oct 24, 2025","Oct 22, 2025",2025.0,regrettingyou,Paramount Pictures,Drama,Based on Fiction Book/Short Story,Live Action,Contemporary Fiction,30000000.0,3393.0,3425.0,15752.0,13687530.0,48852948.0,48852948.0,41582304.0,90435252.0,2025.0,53.0,regrettingyou,90452948.0,48852948.0,0.54,41600000.0,0.46,,,,,,,,,,,,,,,,,left_only,both
,,,,,,,,,,,,,,,,,,,2023.0,167.0,rehragoutrendezvous,14127069.0,,,14127069.0,1.0,1024176.0,6.8,4.0,Released,2023-08-10,0.0,98.0,False,0.0,de,2.66,"Crime, Comedy","Constantin Film, ARD Degeto, BR",Germany,"English, German",2023.0,both,right_only
,,,,,,,,,,,,,,,,,,,2022.0,181.0,remember,8166175.0,,,8166175.0,1.0,302528.0,7.4,647.0,Released,2015-10-23,1986615.0,94.0,False,0.0,en,10.65,"Drama, Thriller, Mystery","Serendipity Point Films, Egoli Tossell Film, Distant Horizon, Detalle Films, Téléfilm Canada","Canada, Germany, Mexico, South Africa","German, English",2015.0,both,right_only
,,,,,,,,,,,,,,,,,,,2022.0,181.0,remember,8166175.0,,,8166175.0,1.0,991814.0,6.997,167.0,Released,2022-10-14,0.0,103.0,False,0.0,ja,11.528,"Horror, Thriller","Warner Bros. Japan, Robot Communications",Japan,Japanese,2022.0,both,right_only
,,,,,,,,,,,,,,,,,,,2022.0,181.0,remember,8166175.0,,,8166175.0,1.0,1146475.0,10.0,1.0,Released,2023-06-01,0.0,15.0,False,0.0,en,0.778,Documentary,,United Kingdom,English,2023.0,both,right_only
,,,,,,,,,,,,,,,,,,,2022.0,181.0,remember,8166175.0,,,8166175.0,1.0,923704.0,0.0,0.0,Released,2017-03-02,0.0,27.0,False,0.0,ja,0.6,,,Japan,Japanese,2017.0,both,right_only
,,,,,,,,,,,,,,,,,,,2021.0,132.0,reminiscence,16400193.0,3900193.0,0.238,12500000.0,0.76,579047.0,6.664,1558.0,Released,2021-08-18,18717947.0,116.0,False,68000000.0,en,19.501,"Mystery, Science Fiction","FilmNation Entertainment, Michael De Luca Productions, Kilter Films",United States of America,English,2021.0,both,right_only
,,,,,,,,,,,,,,,,,,,2023.0,128.0,renfield,26493921.0,17297895.0,0.653,9196026.0,0.35,649609.0,6.723,1014.0,Released,2023-04-07,26348156.0,93.0,False,65000000.0,en,63.941,"Comedy, Horror, Fantasy","Skybound Entertainment, Universal Pictures, Giant Wildcat, dentsu","Japan, United States of America","English, Thai",2023.0,both,right_only
31.0,"Jan 27, 2017","Dec 23, 2016",2017.0,residentevilthefinalchapter,Sony Pictures,Horror,Based on Game,Live Action,Science Fiction,40000000.0,3104.0,3104.0,8218.0,13601682.0,26844692.0,33847652.0,287256498.0,314101190.0,2016.0,30.0,residentevilthefinalchapter,312242626.0,26830068.0,0.086,285412558.0,0.91,173897.0,6.108,2860.0,Released,2016-12-23,312242626.0,107.0,False,40000000.0,en,2.151,"Action, Horror, Science Fiction","Screen Gems, Constantin Film, Impact Pictures, Davis Films","Canada, France, Germany, United States of America",English,2016.0,both,both
78.0,"Nov 24, 2021","Nov 24, 2021",2021.0,residentevilwelcometoraccooncity,Sony Pictures,Horror,Based on Game,Live Action,Science Fiction,25000000.0,2803.0,2803.0,8995.0,5319280.0,17000612.0,18903365.0,24908479.0,41909091.0,2021.0,74.0,residentevilwelcometoraccooncity,41914915.0,17000612.0,0.406,24914303.0,0.59,460458.0,6.029,2176.0,Released,2021-11-24,41914915.0,107.0,False,25000000.0,en,58.776,"Horror, Science Fiction, Action","Constantin Film, Davis Films, Screen Gems, CAPCOM, Impact Pictures","Canada, France, Germany, Japan, United Kingdom, United States of America",English,2021.0,both,both
92.0,"Aug 13, 2021","Aug 12, 2021",2021.0,respect,United Artists,Drama,Based on Real Life Events,Live Action,Dramatization,0.0,3207.0,3207.0,13948.0,8807513.0,24278399.0,26999877.0,11474452.0,35752851.0,2021.0,88.0,respect,32882823.0,24278399.0,0.738,8604424.0,0.26,592863.0,6.774,350.0,Released,2021-08-12,31217372.0,145.0,False,0.0,en,13.705,"Drama, Music, History","Metro-Goldwyn-Mayer, Bron Studios, Creative Wealth Media Finance, Cinesite, Glickmania","Canada, United States of America",English,2021.0,both,both
92.0,"Aug 13, 2021","Aug 12, 2021",2021.0,respect,United Artists,Drama,Based on Real Life Events,Live Action,Dramatization,0.0,3207.0,3207.0,13948.0,8807513.0,24278399.0,26999877.0,11474452.0,35752851.0,2021.0,88.0,respect,32882823.0,24278399.0,0.738,8604424.0,0.26,1208184.0,0.0,0.0,Released,2023-09-30,0.0,0.0,False,0.0,fr,0.0,Drama,EM-GABON,Gabon,,2023.0,both,both
,,,,,,,,,,,,,,,,,,,2023.0,144.0,retribution,18685751.0,6937696.0,0.371,11748055.0,0.63,351145.0,6.772,384.0,Released,2015-09-21,0.0,101.0,False,4670099.0,es,10.964,"Thriller, Drama","Vaca Films, Atresmedia, La Ferme! Productions, TVG","France, Spain",Spanish,2015.0,both,right_only
,,,,,,,,,,,,,,,,,,,2019.0,131.0,richardjewell,44645542.0,22345542.0,0.501,22300000.0,0.5,292011.0,7.43,2278.0,Released,2019-12-13,33904605.0,131.0,False,45000000.0,en,16.924,"Drama, Crime","Warner Bros. Pictures, Malpaso Productions, Appian Way, Misher Films, 75 Year Plan Productions",United States of America,English,2019.0,both,right_only
,,,,,,,,,,,,,,,,,,,2015.0,153.0,rickiandtheflash,41325328.0,26822144.0,0.649,14503184.0,0.35,275601.0,5.79,673.0,Released,2015-07-10,41325328.0,100.0,False,18000000.0,en,9.179,"Comedy, Drama, Music","LStar Capital, Clinica Estetico, TriStar Pictures",United States of America,English,2015.0,both,right_only
68.0,"Jan 15, 2016","Jan 14, 2016",2016.0,ridealong2,Universal,Comedy,Original Screenplay,Live Action,Contemporary Fiction,40000000.0,3175.0,3192.0,15857.0,35243095.0,90862685.0,118804278.0,33964631.0,124827316.0,2015.0,61.0,ridealong2,124605297.0,91221830.0,0.732,33383467.0,0.27,323675.0,6.241,1560.0,Released,2016-01-14,124827316.0,102.0,False,40000000.0,en,20.139,"Action, Comedy","Reel Chefs Catering, Universal Pictures, Will Packer Productions, Cube Vision",United States of America,English,2016.0,both,both
,,,,,,,,,,,,,,,,,,,2023.0,112.0,rideon,36258730.0,128950.0,0.004,36129780.0,1.0,931102.0,7.4,151.0,Released,2023-04-07,36232675.0,126.0,False,0.0,zh,58.561,"Action, Comedy, Adventure, Drama","Alibaba Pictures Group, Hairun Pictures Company, China Film Group Corporation, Fosun Pictures, Hengdian Entertainment, Golden Network Asia","China, Hong Kong",Mandarin,2023.0,both,right_only
88.0,"Feb 3, 2017","Feb 3, 2017",2017.0,rings,Paramount Pictures,Horror,Original Screenplay,Live Action,Contemporary Fiction,25000000.0,2931.0,2931.0,8507.0,13002632.0,27793018.0,35043368.0,55124265.0,82917283.0,2017.0,85.0,rings,83080890.0,27793018.0,0.335,55287872.0,0.67,14564.0,4.966,2375.0,Released,2017-02-01,83080890.0,102.0,False,25000000.0,en,24.584,Horror,"Paramount, Vertigo Entertainment, Macari/Edelstein, Parkes+MacDonald Image Nation, Waddieish Claretrap",United States of America,English,2017.0,both,both
,,,,,,,,,,,,,,,,,,,2022.0,157.0,rise,11252331.0,,,11252331.0,1.0,771077.0,7.53,333.0,Released,2022-03-30,11196824.0,117.0,False,7780000.0,fr,45.301,"Comedy, Drama","Ce qui me meut, France 2 Cinéma, StudioCanal, Panache Productions, La Compagnie Cinématographique","Belgium, France",French,2022.0,both,right_only
,,,,,,,,,,,,,,,,,,,2022.0,157.0,rise,11252331.0,,,11252331.0,1.0,1570963.0,0.0,0.0,Released,2018-04-01,0.0,22.0,False,0.0,en,0.0071,,,,,2018.0,both,right_only
,,,,,,,,,,,,,,,,,,,2016.0,132.0,risen,46432579.0,36880033.0,0.794,9552546.0,0.21,335778.0,6.166,765.0,Released,2016-02-18,46069568.0,107.0,False,20000000.0,en,14.967,"Action, History, Adventure, Drama","Patrick Aiello Productions, Affirm Films, Columbia Pictures, LD Entertainment",United States of America,English,2016.0,both,right_only
83.0,"Dec 9, 2022","Nov 25, 2022",2022.0,roalddahlsmatildathemusical,Netflix,Musical,Based on Musical or Opera,Live Action,Contemporary Fiction,0.0,0.0,0.0,0.0,0.0,0.0,0.0,37208078.0,37208078.0,,,roalddahlsmatildathemusical,,,,,,668482.0,6.779,636.0,Released,2022-11-25,35602350.0,117.0,False,25000000.0,en,66.206,"Family, Comedy, Fantasy","Working Title Films, The Roald Dahl Story Company",United Kingdom,English,2022.0,right_only,both
91.0,"Nov 21, 2018","Nov 21, 2018",2018.0,robinhood,Lionsgate,Action,Based on Folk Tale/Legend/Fairytale,Live Action,Historical Fiction,99000000.0,2827.0,2939.0,10505.0,9195670.0,30824628.0,38267340.0,54385384.0,85210012.0,2018.0,84.0,robinhood,86489031.0,30824628.0,0.356,55664403.0,0.64,20662.0,6.4,4264.0,Released,2010-05-12,321669741.0,140.0,False,200000000.0,en,29.599,"Action, Adventure, Drama","Scott Free Productions, Imagine Entertainment, Relativity Media","United Kingdom, United States of America","English, French, Ukrainian",2010.0,both,both
,,,,,,,,,,,,,,,,,,,2016.0,198.0,rockdog,23139802.0,9420546.0,0.407,13719256.0,0.59,333667.0,6.185,271.0,Released,2016-07-08,9420546.0,90.0,False,60000000.0,en,15.142,"Adventure, Animation, Comedy, Family, Music","Dream Factory Group, Reel FX Creative Studios, Mandoo Pictures, Eracme Entertainment, Summit Entertainment, Huayi Brothers Pictures, Tencent Pictures","China, United States of America",English,2016.0,both,right_only
47.0,"May 31, 2019","May 22, 2019",2019.0,rocketman,Paramount Pictures,Drama,Based on Real Life Events,Live Action,Dramatization,41000000.0,3610.0,3610.0,19552.0,25725722.0,96368160.0,118987319.0,94627033.0,190995193.0,2019.0,43.0,rocketman,195320400.0,96368160.0,0.493,98952240.0,0.51,504608.0,7.328,4285.0,Released,2019-05-17,167323950.0,121.0,False,40000000.0,en,13.912,"Music, Drama, History","Paramount, New Republic Pictures, Marv Films, Rocket Pictures, Lawrence Bender Productions","United Kingdom, United States of America",English,2019.0,both,both
47.0,"May 31, 2019","May 22, 2019",2019.0,rocketman,Paramount Pictures,Drama,Based on Real Life Events,Live Action,Dramatization,41000000.0,3610.0,3610.0,19552.0,25725722.0,96368160.0,118987319.0,94627033.0,190995193.0,2019.0,43.0,rocketman,195320400.0,96368160.0,0.493,98952240.0,0.51,36797.0,5.158,117.0,Released,1997-10-10,0.0,95.0,False,16000000.0,en,9.905,"Comedy, Family, Science Fiction","Walt Disney Pictures, Caravan Pictures",United States of America,English,1997.0,both,both
47.0,"May 31, 2019","May 22, 2019",2019.0,rocketman,Paramount Pictures,Drama,Based on Real Life Events,Live Action,Dramatization,41000000.0,3610.0,3610.0,19552.0,25725722.0,96368160.0,118987319.0,94627033.0,190995193.0,2019.0,43.0,rocketman,195320400.0,96368160.0,0.493,98952240.0,0.51,1446389.0,0.0,0.0,Released,2000-01-01,0.0,5.0,False,0.0,en,0.6,,,,,2000.0,both,both
2.0,"Dec 16, 2016","Dec 14, 2016",2016.0,rogueoneastarwarsstory,Walt Disney,Adventure,Spin-Off,Animation/Live Action,Science Fiction,280200000.0,4157.0,4157.0,29371.0,155081681.0,533539991.0,691511914.0,521543605.0,1055083596.0,2016.0,2.0,rogueoneastarwarsstory,1056057273.0,532177324.0,0.504,523879949.0,0.5,330459.0,7.488,14354.0,Released,2016-12-14,1056057273.0,133.0,False,200000000.0,en,33.1,"Action, Adventure, Science Fiction",Lucasfilm Ltd.,United States of America,English,2016.0,both,both
,,,,,,,,,,,,,,,,,,,2023.0,78.0,romancham,69929632.0,,,69929632.0,1.0,976121.0,7.9,15.0,Released,2023-02-03,0.0,132.0,False,0.0,ml,3.814,"Comedy, Horror","Johnpaul George Productions, Guppy Cinemas, Goodwill Entertainments",India,Malayalam,2023.0,both,right_only
66.0,"Oct 22, 2021","Oct 13, 2021",2021.0,ronsgonewrong,20th Century Studios,Adventure,Original Screenplay,Digital Animation,Kids Fiction,0.0,3560.0,3560.0,14770.0,7300225.0,23009270.0,25588479.0,35225538.0,58234808.0,2021.0,57.0,ronsgonewrong,60692022.0,23009270.0,0.379,37682752.0,0.62,482321.0,7.968,1645.0,Released,2021-10-14,60692022.0,107.0,False,0.0,en,28.551,"Animation, Science Fiction, Family, Comedy","Locksmith Animation, DNEG, TSG Entertainment","United Kingdom, United States of America",English,2021.0,both,both
,,,,,,,,,,,,,,,,,,,2025.0,92.0,roofman,34717744.0,22739882.0,0.655,11977862.0,0.345,775363.0,0.0,0.0,Released,2003-03-15,0.0,35.0,False,0.0,lv,0.6,Documentary,Eho Filma,Latvia,,2003.0,both,right_only
,,,,,,,,,,,,,,,,,,,2015.0,168.0,room,35401758.0,14677654.0,0.415,20724104.0,0.59,264644.0,8.033,8684.0,Released,2015-10-16,35401758.0,118.0,False,13000000.0,en,17.002,"Drama, Thriller","Elevation Pictures, Téléfilm Canada, Element Pictures, FilmNation Entertainment, No Trace Camping, Film4 Productions, Fís Éireann/Screen Ireland","Canada, Ireland, United Kingdom, United States of America",English,2015.0,both,right_only
,,,,,,,,,,,,,,,,,,,2015.0,168.0,room,35401758.0,14677654.0,0.415,20724104.0,0.59,1120724.0,0.0,0.0,Released,2023-05-11,0.0,9.0,False,0.0,en,0.6,Animation,,,,2023.0,both,right_only
,,,,,,,,,,,,,,,,,,,2017.0,121.0,roughnight,47347283.0,22105643.0,0.467,25241640.0,0.53,397422.0,5.691,1891.0,Released,2017-06-15,45056771.0,101.0,False,20000000.0,en,17.511,"Drama, Comedy","Paulilu Productions, Sony Pictures, Columbia Pictures, LStar Capital",United States of America,English,2017.0,both,right_only
34.0,"Mar 24, 2022","Mar 24, 2022",2022.0,rrr,Sarigama Cinemas,Action,Based on Fiction Book/Short Story,Live Action,Historical Fiction,0.0,1200.0,1200.0,1943.0,9500000.0,14473124.0,15523383.0,136038393.0,150511517.0,2022.0,32.0,rrr,165946943.0,14500000.0,0.087,151446943.0,0.91,579974.0,7.811,1068.0,Released,2022-03-24,160000000.0,186.0,False,69000000.0,te,40.751,"Action, Drama","DVV Entertainment, Pen Studios, Lyca Productions",India,"English, Telugu",2022.0,both,both
34.0,"Mar 24, 2022","Mar 24, 2022",2022.0,rrr,Sarigama Cinemas,Action,Based on Fiction Book/Short Story,Live Action,Historical Fiction,0.0,1200.0,1200.0,1943.0,9500000.0,14473124.0,15523383.0,136038393.0,150511517.0,2022.0,32.0,rrr,165946943.0,14500000.0,0.087,151446943.0,0.91,1438950.0,0.0,0.0,Released,2014-02-09,0.0,0.0,False,0.0,ru,0.6,Drama,,Russia,,2014.0,both,both
,,,,,,,,,,,,,,,,,,,2023.0,98.0,rubygillmanteenagekraken,45657745.0,15753600.0,0.345,29904145.0,0.66,1040148.0,7.474,677.0,Released,2023-06-28,43716515.0,91.0,False,70000000.0,en,321.777,"Animation, Family, Fantasy, Comedy","Universal Pictures, DreamWorks Animation, dentsu",United States of America,English,2023.0,both,right_only
,,,,,,,,,,,,,,,,,,,2020.0,177.0,run,5184368.0,,,5184368.0,1.0,546121.0,7.336,2240.0,Released,2020-11-20,5184368.0,90.0,False,1700000.0,en,15.27,"Thriller, Horror, Drama",Search Party,United States of America,English,2020.0,both,right_only
,,,,,,,,,,,,,,,,,,,2020.0,177.0,run,5184368.0,,,5184368.0,1.0,601507.0,2.0,1.0,Released,2018-12-07,1200.0,10.0,False,1000.0,en,0.885,"Science Fiction, Action",,Argentina,Spanish,2018.0,both,right_only
,,,,,,,,,,,,,,,,,,,2020.0,177.0,run,5184368.0,,,5184368.0,1.0,1579132.0,10.0,1.0,Released,2025-11-04,0.0,1.0,False,0.0,en,0.0786,"Thriller, Horror",swanky sardine productions,,,2025.0,both,right_only
,,,,,,,,,,,,,,,,,,,2020.0,177.0,run,5184368.0,,,5184368.0,1.0,1144887.0,0.0,0.0,Released,2023-06-24,0.0,9.0,False,0.0,en,1.351,,,,,2023.0,both,right_only
97.0,"Mar 13, 2015","Mar 11, 2015",2015.0,runallnight,Warner Bros.,Action,Original Screenplay,Live Action,Contemporary Fiction,50000000.0,3171.0,3171.0,10784.0,11012305.0,26461644.0,35501920.0,45200000.0,71661644.0,2015.0,101.0,runallnight,71661644.0,26461644.0,0.369,45200000.0,0.63,241554.0,6.404,2632.0,Released,2015-03-11,71561644.0,114.0,False,50000000.0,en,25.445,"Action, Crime, Thriller","RatPac Entertainment, Vertigo Entertainment, Energy Entertainment",United States of America,English,2015.0,both,both
,,,,,,,,,,,,,,,,,,,2015.0,103.0,runningman,68782475.0,310978.0,0.005,68471497.0,1.0,194872.0,6.4,38.0,Released,2013-04-03,0.0,127.0,False,0.0,ko,4.164,"Action, Adventure, Comedy, Thriller","20th Century Fox Korea, Cree Pictures, Korean Film Council, Fox International Productions Korea",South Korea,Korean,2013.0,both,right_only
,,,,,,,,,,,,,,,,,,,2023.0,139.0,saltburn,21026167.0,11425829.0,0.5429999999999999,9600338.0,0.46,930564.0,0.0,0.0,Released,2023-11-17,0.0,131.0,False,0.0,en,8.057,"Drama, Thriller, Comedy","LuckyChap Entertainment, MRC, Lie Still, Metro-Goldwyn-Mayer","United Kingdom, United States of America",English,2023.0,both,right_only
,,,,,,,,,,,,,,,,,,,2020.0,91.0,samjincompanyenglishclass,12761386.0,,,12761386.0,1.0,630211.0,7.617,30.0,Released,2020-10-21,0.0,110.0,False,0.0,ko,6.554,"Drama, Comedy","The LAMP, Lotte Entertainment",South Korea,"English, Korean",2020.0,both,right_only
,,,,,,,,,,,,,,,,,,,2022.0,176.0,samratprithviraj,8568339.0,,,8568339.0,1.0,611598.0,7.5,15.0,Released,2022-06-03,0.0,136.0,False,0.0,hi,6.667,"Action, Drama, History",Yash Raj Films,India,"Turkish, Hindi",2022.0,both,right_only
,,,,,,,,,,,,,,,,,,,2023.0,187.0,samuraibeyondadmirationrecordtotheworldsbest,10876188.0,,,10876188.0,1.0,1142045.0,7.0,1.0,Released,2023-06-02,0.0,130.0,False,0.0,ja,0.833,Documentary,"J SPORTS, NPB Enterprise",Japan,Japanese,2023.0,both,right_only
16.0,"May 29, 2015","May 27, 2015",2015.0,sanandreas,Warner Bros.,Adventure,Original Screenplay,Live Action,Science Fiction,110000000.0,3777.0,3812.0,21999.0,54588173.0,155190832.0,208209760.0,319400000.0,474590832.0,2015.0,16.0,sanandreas,474590832.0,155190832.0,0.327,319400000.0,0.67,254128.0,6.229,8036.0,Released,2015-05-27,473990832.0,114.0,False,110000000.0,en,142.742,"Action, Drama, Thriller","New Line Cinema, Village Roadshow Pictures, Flynn Picture Company, Warner Bros. Pictures","Canada, United States of America, Australia",English,2015.0,both,both
,,,,,,,,,,,,,,,,,,,2018.0,94.0,sanju,76693052.0,7909317.0,0.103,68783735.0,0.9,496328.0,7.272,161.0,Released,2018-06-29,67414985.0,161.0,False,21918618.0,hi,8.223,"Drama, Comedy","Rajkumar Hirani Films, Vinod Chopra Films, Vidhu Vinod Chopra Productions","India, United States of America",Hindi,2018.0,both,right_only
,,,,,,,,,,,,,,,,,,,2025.0,176.0,sarahsoil,11675627.0,11675627.0,1.0,,,1325678.0,0.0,0.0,Post Production,2025-12-25,0.0,0.0,False,0.0,en,1.191,Drama,"Kingdom Story Company, The Wonder Project, Wyldwood Productions, Why Not You Productions, Amazon MGM Studios",United States of America,English,2025.0,both,right_only
,,,,,,,,,,,,,,,,,,,2020.0,42.0,sarileruneekevvaru,37389889.0,821000.0,0.022,36568889.0,0.98,607313.0,6.3,50.0,Released,2020-01-10,0.0,169.0,False,11000000.0,te,8.063,Action,"G. Mahesh Babu Entertainment Pvt. Ltd, AK Entertainments",India,Telugu,2020.0,both,right_only
,,,,,,,,,,,,,,,,,,,2022.0,139.0,sarkaruvaaripaata,14199018.0,,,14199018.0,1.0,784696.0,5.5,17.0,Released,2022-05-11,0.0,162.0,False,0.0,te,5.845,"Action, Drama","Mythri Movie Makers, 14 Reels Plus, G. Mahesh Babu Entertainment Pvt. Ltd",India,Telugu,2022.0,both,right_only
,,,,,,,,,,,,,,,,,,,2024.0,192.0,saturdaynight,10055029.0,9511315.0,0.946,543714.0,0.05,295069.0,8.1,18.0,Released,2010-05-02,0.0,90.0,False,0.0,en,2.169,"Comedy, Documentary",Rabbit Bandini Productions,United States of America,English,2010.0,both,right_only
63.0,"Aug 12, 2016","Aug 10, 2016",2016.0,sausageparty,Sony Pictures,Comedy,Original Screenplay,Digital Animation,Fantasy,19000000.0,3103.0,3135.0,17395.0,34263534.0,97670358.0,127705406.0,43673897.0,141344255.0,2016.0,63.0,sausageparty,140705322.0,97685686.0,0.6940000000000001,43019636.0,0.31,223702.0,5.734,6789.0,Released,2016-07-11,140705322.0,89.0,False,19000000.0,en,44.804,"Adventure, Animation, Comedy, Fantasy","Columbia Pictures, Annapurna Pictures, Point Grey Pictures, Nitrogen Studios Canada","Canada, United States of America",English,2016.0,both,both
,,,,,,,,,,,,,,,,,,,2015.0,180.0,savingmrwu,31222161.0,92696.0,0.003,31129465.0,1.0,362154.0,6.3,86.0,Released,2015-09-30,0.0,106.0,False,0.0,zh,6.695,"Thriller, Crime, Action, Drama","Beijing Going Zoom Media, Shanghai New Culture Media Group, Heyi Pictures Company, Beijing Skywheel Entertainment Co.",China,Mandarin,2015.0,both,right_only
62.0,"Sep 29, 2023","Sep 27, 2023",2023.0,sawx,Lionsgate,Horror,Original Screenplay,Live Action,Contemporary Fiction,13000000.0,3262.0,3262.0,16729.0,18309301.0,53607898.0,55420957.0,71701964.0,125309862.0,2023.0,64.0,sawx,112820254.0,53607898.0,0.475,59212356.0,0.53,951491.0,7.321,56.0,Released,2023-09-26,29300000.0,118.0,False,13000000.0,en,949.967,"Crime, Horror, Thriller","Twisted Pictures, Lionsgate",United States of America,"English, Spanish",2023.0,both,both
72.0,"Aug 9, 2019","Aug 8, 2019",2019.0,scarystoriestotellinthedark,Lionsgate,Horror,Based on Fiction Book/Short Story,Live Action,Historical Fiction,28000000.0,3135.0,3135.0,19939.0,20915346.0,68947075.0,85130065.0,35846633.0,104793708.0,2019.0,75.0,scarystoriestotellinthedark,104545505.0,68947075.0,0.659,35598430.0,0.34,417384.0,6.5,2423.0,Released,2019-08-08,104545505.0,108.0,False,25000000.0,en,20.778,"Horror, Thriller","1212 Entertainment, Double Dare You Productions, Entertainment One, CBS Films, Rolling Hills, Hivemind, Starlight Culture Entertainment Group","Canada, Hong Kong, United States of America",English,2019.0,both,both
,,,,,,,,,,,,,,,,,,,2021.0,66.0,schemesinantiques,51637422.0,36501.0,0.001,51600921.0,1.0,820099.0,6.647,17.0,Released,2021-12-02,0.0,123.0,False,0.0,zh,3.807,"Adventure, Mystery, Action, Comedy",Well Go USA Entertainment,"China, Hong Kong",Mandarin,2021.0,both,right_only
65.0,"May 15, 2020","May 15, 2020",2020.0,scoob,Warner Bros.,Adventure,Based on TV,Digital Animation,Kids Fiction,90000000.0,0.0,2500.0,2500.0,0.0,2188425.0,2433731.0,26560260.0,28748685.0,2020.0,54.0,scoob,28588425.0,2188425.0,0.077,26400000.0,0.92,385103.0,7.112,1576.0,Released,2020-07-08,28588425.0,93.0,False,90000000.0,en,21.788,"Animation, Comedy, Family, Mystery","Warner Bros. Pictures Animation, Warner Bros. Pictures",United States of America,English,2020.0,both,both
38.0,"Jan 14, 2022","Jan 12, 2022",2022.0,scream,Paramount Pictures,Horror,Original Screenplay,Live Action,Contemporary Fiction,24000000.0,3664.0,3666.0,22305.0,30018805.0,81641405.0,87688918.0,57233384.0,138874789.0,2022.0,36.0,scream,137743924.0,81641405.0,0.593,56102519.0,0.41,4232.0,7.4,6180.0,Released,1996-12-20,173046663.0,112.0,False,15000000.0,en,61.423,"Crime, Horror, Mystery","Dimension Films, Woods Entertainment, Miramax",United States of America,English,1996.0,both,both
38.0,"Jan 14, 2022","Jan 12, 2022",2022.0,scream,Paramount Pictures,Horror,Original Screenplay,Live Action,Contemporary Fiction,24000000.0,3664.0,3666.0,22305.0,30018805.0,81641405.0,87688918.0,57233384.0,138874789.0,2022.0,36.0,scream,137743924.0,81641405.0,0.593,56102519.0,0.41,1634214.0,0.0,0.0,Released,2026-01-01,0.0,27.0,False,0.0,sq,0.0071,,,Kosovo,Albanian,2026.0,both,both
50.0,"Mar 10, 2023","Mar 8, 2023",2023.0,screamvi,Paramount Pictures,Horror,Original Screenplay,Live Action,Contemporary Fiction,33000000.0,3675.0,3676.0,18175.0,44447270.0,108391107.0,112056980.0,60672743.0,169063850.0,2023.0,45.0,screamvi,166577232.0,108391107.0,0.6509999999999999,58186125.0,0.35,934433.0,7.2,1836.0,Released,2023-03-08,168961389.0,123.0,False,35000000.0,en,231.85,"Horror, Crime, Thriller","Radio Silence, Project X Entertainment, Spyglass Media Group, Paramount",United States of America,English,2023.0,both,both
,,,,,,,,,,,,,,,,,,,2018.0,98.0,searching,75462037.0,26020957.0,0.345,49441080.0,0.66,489999.0,7.6,3581.0,Released,2018-08-24,75462037.0,102.0,False,1000000.0,en,15.725,"Thriller, Mystery, Drama","Stage 6 Films, Screen Gems, Bazelevs Entertainment",United States of America,English,2018.0,both,right_only
,,,,,,,,,,,,,,,,,,,2018.0,102.0,secondact,72282227.0,39282227.0,0.5429999999999999,33000000.0,0.46,503616.0,6.373,1123.0,Released,2018-11-22,72282227.0,100.0,False,16000000.0,en,13.492,"Romance, Comedy","STX Films, Nuyorican Productions, Universal Pictures",United States of America,English,2018.0,both,right_only
,,,,,,,,,,,,,,,,,,,2015.0,170.0,secretintheireyes,34854990.0,20180155.0,0.579,14674835.0,0.42,290751.0,6.386,1259.0,Released,2015-10-14,34854990.0,111.0,False,19500000.0,en,13.885,"Thriller, Mystery, Drama, Crime","Ingenious Media, Gran Via Productions, IM Global, STX Films, Route One Entertainment, Union Investment Partners, SITE Productions, Willie's Movies","South Korea, Spain, United Kingdom, United States of America",English,2015.0,both,right_only
67.0,"Oct 19, 2017","Sep 29, 2017",2017.0,secretsuperstar,Zee Studios,Musical,Original Screenplay,Live Action,Contemporary Fiction,0.0,0.0,0.0,0.0,0.0,0.0,0.0,128719011.0,128719011.0,2017.0,69.0,secretsuperstar,122026260.0,,,122026260.0,1.0,441889.0,7.352,143.0,Released,2017-10-19,137416709.0,150.0,False,286284.0,hi,8.214,"Drama, Music","Zee Studios, Aamir Khan Productions",India,Hindi,2017.0,both,both
,,,,,,,,,,,,,,,,,,,2020.0,115.0,secretzoo,9471940.0,,,9471940.0,1.0,575718.0,6.3,52.0,Released,2020-01-15,8300000.0,117.0,False,8100000.0,ko,8.537,"Comedy, Drama","about Film, Acemaker Movieworks, DCG Plus, Central Films, Finecut",South Korea,Korean,2020.0,both,right_only
,,,,,,,,,,,,,,,,,,,2022.0,98.0,seehowtheyrun,21966634.0,9586237.0,0.436,12380397.0,0.56,766475.0,6.392,851.0,Released,2022-09-09,21921551.0,98.0,False,40000000.0,en,14.737,"Mystery, Comedy, Thriller","Searchlight Pictures, DJ Films, TSG Entertainment","United Kingdom, United States of America","English, Italian",2022.0,both,right_only
,,,,,,,,,,,,,,,,,,,2016.0,105.0,seeyoutomorrow,70065569.0,,,70065569.0,1.0,169683.0,5.7,112.0,Released,2013-04-20,0.0,0.0,False,0.0,it,5.049,Comedy,Moviemax,Italy,Italian,2013.0,both,right_only
,,,,,,,,,,,,,,,,,,,2016.0,105.0,seeyoutomorrow,70065569.0,,,70065569.0,1.0,1297657.0,0.0,0.0,Released,2001-01-01,0.0,0.0,False,0.0,de,0.0,,,,,2001.0,both,right_only
,,,,,,,,,,,,,,,,,,,2015.0,179.0,selfless,31807156.0,12279691.0,0.386,19527465.0,0.61,238615.0,6.409,2904.0,Released,2015-07-10,31807156.0,117.0,False,26000000.0,en,36.46,"Science Fiction, Mystery, Thriller, Action","Ram Bergman Productions, Endgame Entertainment",United States of America,English,2015.0,both,right_only
,,,,,,,,,,,,,,,,,,,2015.0,179.0,selfless,31807156.0,12279691.0,0.386,19527465.0,0.61,340056.0,5.8,4.0,Released,2008-10-11,0.0,92.0,False,0.0,en,0.6,Thriller,Blueline Productions,,English,2008.0,both,right_only
,,,,,,,,,,,,,,,,,,,2015.0,179.0,selfless,31807156.0,12279691.0,0.386,19527465.0,0.61,680540.0,0.0,0.0,Released,2019-02-28,0.0,90.0,False,0.0,en,0.84,,,,English,2019.0,both,right_only
,,,,,,,,,,,,,,,,,,,2025.0,121.0,sentimentalvalue,20860604.0,4991743.0,0.239,15868861.0,0.7609999999999999,1105422.0,0.0,0.0,Released,2023-04-01,0.0,13.0,False,0.0,en,0.6,Comedy,,United States of America,English,2023.0,both,right_only
,,,,,,,,,,,,,,,,,,,2019.0,84.0,serialbadweddings2,87761988.0,,,87761988.0,1.0,505436.0,5.898,1183.0,Released,2019-01-30,87761857.0,99.0,False,18500000.0,fr,8.486,Comedy,"Les Films du 24, TF1 Films Production, Les Films du Premier",France,French,2019.0,both,right_only
,,,,,,,,,,,,,,,,,,,2022.0,85.0,serialbadweddings3,27832384.0,,,27832384.0,1.0,714869.0,6.37,280.0,Released,2021-12-21,0.0,97.0,False,22000000.0,fr,12.669,"Romance, Comedy","UGC, Orange Studio",France,French,2021.0,both,right_only
,,,,,,,,,,,,,,,,,,,2015.0,199.0,serialteachers2,25364150.0,,,25364150.0,1.0,325844.0,5.343,880.0,Released,2015-07-01,0.0,93.0,False,0.0,fr,5.737,Comedy,"uMedia, Les Films du Premier, Poisson Rouge Pictures",France,French,2015.0,both,right_only
65.0,"Feb 6, 2015","Dec 19, 2014",2015.0,seventhson,Universal,Adventure,Based on Fiction Book/Short Story,Live Action,Fantasy,95000000.0,2875.0,2875.0,7426.0,7217640.0,17725785.0,23781571.0,91149182.0,108874967.0,,,seventhson,,,,,,68737.0,5.492,2358.0,Released,2014-12-12,114178613.0,102.0,False,95000000.0,en,30.928,"Adventure, Fantasy","Legendary Pictures, Thunder Road, Moving Picture Company, Pendle Mountain Productions, China Film Group Corporation, Universal Pictures, Wigram Productions, Outlaw Sinema","China, Canada, United States of America, United Kingdom",English,2014.0,right_only,both
,,,,,,,,,,,,,,,,,,,2018.0,79.0,shadow,91708374.0,521396.0,0.006,91186978.0,0.99,463319.0,6.9,328.0,Released,2018-09-30,91708374.0,116.0,False,44005000.0,zh,14.874,"Action, Drama","Village Roadshow Pictures Asia, LeVision Pictures, Bona Film Group",China,Mandarin,2018.0,both,right_only
,,,,,,,,,,,,,,,,,,,2018.0,79.0,shadow,91708374.0,521396.0,0.006,91186978.0,0.99,831641.0,0.0,0.0,Released,2020-03-01,0.0,9.0,False,0.0,en,0.973,"Documentary, Music",,United States of America,No Language,2020.0,both,right_only
,,,,,,,,,,,,,,,,,,,2019.0,191.0,shaft,21360215.0,21360215.0,1.0,,,486131.0,6.541,1570.0,Released,2019-06-14,21360215.0,111.0,False,30000000.0,en,13.675,"Action, Crime","Davis Entertainment, New Line Cinema",United States of America,"English, Spanish",2019.0,both,right_only
,,,,,,,,,,,,,,,,,,,2021.0,9.0,shangchiandthelegendofthetenrings,432243292.0,224543292.0,0.519,207700000.0,0.48,566525.0,7.589,8481.0,Released,2021-09-01,432243292.0,132.0,False,150000000.0,en,89.764,"Action, Adventure, Fantasy",Marvel Studios,United States of America,"English, Mandarin",2021.0,both,right_only
,,,,,,,,,,,,,,,,,,,2015.0,71.0,shaunthesheepmovie,106209378.0,19375982.0,0.182,86833396.0,0.82,263109.0,6.998,1253.0,Released,2015-02-05,106209378.0,85.0,False,25000000.0,en,15.291,"Family, Animation, Comedy, Adventure","Aardman, Anton Capital Entertainment, StudioCanal, Lionsgate","France, United Kingdom, United States of America",English,2015.0,both,right_only
27.0,"Apr 5, 2019","Apr 3, 2019",2019.0,shazam,Warner Bros.,Action,Based on Comic/Graphic Novel,Live Action,Super Hero,85000000.0,4217.0,4306.0,21838.0,53505326.0,140371656.0,173319156.0,225600000.0,365971656.0,2019.0,25.0,shazam,365971656.0,140371656.0,0.384,225600000.0,0.62,287947.0,7.034,8840.0,Released,2019-03-29,366080049.0,132.0,False,80000000.0,en,32.755,"Action, Comedy, Fantasy","New Line Cinema, The Safran Company, Seven Bucks Productions, DC Films",United States of America,English,2019.0,both,both
59.0,"Mar 17, 2023","Mar 15, 2023",2023.0,shazamfuryofthegods,Warner Bros.,Action,Based on Comic/Graphic Novel,Live Action,Super Hero,125000000.0,4071.0,4071.0,14397.0,30111158.0,57721819.0,59674014.0,76500000.0,134221819.0,2023.0,53.0,shazamfuryofthegods,134138006.0,57638006.0,0.43,76500000.0,0.57,594767.0,6.662,2416.0,Released,2023-03-15,133437105.0,130.0,False,125000000.0,en,143.169,"Comedy, Action, Fantasy","New Line Cinema, The Safran Company, DC Films",United States of America,,2023.0,both,both
,,,,,,,,,,,,,,,,,,,2019.0,47.0,sheepwithoutashepherd,191602146.0,,,191602146.0,1.0,652783.0,7.814,70.0,Released,2019-12-13,0.0,112.0,False,0.0,zh,9.399,"Crime, Drama","China Film Group Corporation, Perfect Sky Pictures, Hengye Pictures, As One Production",China,"Thai, Mandarin",2019.0,both,right_only
74.0,"Mar 23, 2018","Mar 15, 2018",2018.0,sherlockgnomes,Paramount Pictures,Adventure,Original Screenplay,Digital Animation,Kids Fiction,59000000.0,3662.0,3662.0,16784.0,10604774.0,43242871.0,53685720.0,54216235.0,97459106.0,2018.0,81.0,sherlockgnomes,90497778.0,43242871.0,0.478,47254907.0,0.52,370567.0,5.646,653.0,Released,2018-03-15,90497778.0,86.0,False,59000000.0,en,13.52,"Animation, Family, Fantasy, Comedy, Adventure, Mystery","Rocket Pictures, Paramount Animation, Metro-Goldwyn-Mayer","United Kingdom, United States of America",English,2018.0,both,both
,,,,,,,,,,,,,,,,,,,2022.0,140.0,shesaid,13944212.0,5825995.0,0.418,8118217.0,0.58,837881.0,7.297,391.0,Released,2022-11-17,10632378.0,129.0,False,32000000.0,en,16.602,"Drama, History","Plan B Entertainment, Annapurna Pictures, Universal Pictures, dentsu",United States of America,English,2022.0,both,right_only
,,,,,,,,,,,,,,,,,,,2016.0,97.0,shingodzilla,77947607.0,1918403.0,0.025,76029204.0,0.98,315011.0,7.089,1001.0,Released,2016-07-29,77947607.0,120.0,False,15000000.0,ja,26.397,"Action, Science Fiction, Horror","Toho Pictures, Cine Bazar, TOHO",Japan,"Italian, German, English, Japanese",2016.0,both,right_only
76.0,"Dec 30, 2023","Dec 28, 2023",2023.0,shiningforonething,,Thriller/Suspense,Original Screenplay,Live Action,Contemporary Fiction,0.0,0.0,0.0,0.0,0.0,0.0,0.0,97421680.0,97421680.0,,,shiningforonething,,,,,,1178811.0,0.0,0.0,Post Production,2023-12-30,0.0,0.0,False,0.0,zh,0.685,,,China,Mandarin,2023.0,right_only,both
,,,,,,,,,,,,,,,,,,,2023.0,155.0,shinkamenrider,15835414.0,,,15835414.0,1.0,813477.0,7.02,204.0,Released,2023-03-17,14768529.0,121.0,False,0.0,ja,156.758,"Action, Drama, Science Fiction","khara, Cine Bazar, Toei Company",Japan,Japanese,2023.0,both,right_only
,,,,,,,,,,,,,,,,,,,2025.0,162.0,shinsowoohanashishimasu,13073325.0,,,13073325.0,1.0,1423008.0,0.0,0.0,Post Production,2025-04-25,0.0,0.0,False,0.0,ja,0.625,Mystery,TOHO,Japan,Japanese,2025.0,both,right_only
,,,,,,,,,,,,,,,,,,,2022.0,79.0,shinultraman,32137136.0,601490.0,0.019,31535646.0,0.98,634429.0,7.055,100.0,Released,2022-05-13,33800000.0,112.0,False,5900000.0,ja,29.969,"Drama, Action, Science Fiction","Tsuburaya Productions, TOHO, khara, Cine Bazar",Japan,"English, Japanese, Russian",2022.0,both,right_only
,,,,,,,,,,,,,,,,,,,2017.0,106.0,shockwave,58824459.0,,,58824459.0,1.0,441531.0,6.8,151.0,Released,2017-04-20,0.0,119.0,False,23000000.0,cn,10.706,"Action, Crime","Universe Entertainment, Bona Film Group, Infinitus Entertainment","China, Hong Kong","Cantonese, Mandarin",2017.0,both,right_only
,,,,,,,,,,,,,,,,,,,2017.0,106.0,shockwave,58824459.0,,,58824459.0,1.0,459220.0,10.0,1.0,Released,2016-01-01,0.0,88.0,False,0.0,en,0.6,Horror,Manny Velazquez Films,United States of America,English,2016.0,both,right_only
,,,,,,,,,,,,,,,,,,,2020.0,12.0,shockwave2,198921659.0,,,198921659.0,1.0,559974.0,7.223,121.0,Released,2020-12-24,198000000.0,120.0,False,0.0,cn,10.61,"Action, Crime","Universe Entertainment, Alibaba Pictures Group, Bona Film Group","China, Hong Kong",Cantonese,2020.0,both,right_only
,,,,,,,,,,,,,,,,,,,2020.0,12.0,shockwave2,198921659.0,,,198921659.0,1.0,924682.0,0.0,0.0,Released,2009-06-22,0.0,58.0,True,0.0,en,0.6,,Dark Alley Media,,,2009.0,both,right_only
,,,,,,,,,,,,,,,,,,,2018.0,104.0,shoplifters,67945741.0,3313513.0,0.049,64632228.0,0.95,505192.0,7.868,1836.0,Released,2018-06-02,0.0,120.0,False,0.0,ja,22.183,"Drama, Crime, Thriller","Fuji Television Network, AOI Pro., BUN-BUKU, GAGA Corporation",Japan,Japanese,2018.0,both,right_only
,,,,,,,,,,,,,,,,,,,2022.0,179.0,shotgunwedding,8277788.0,,,8277788.0,1.0,758009.0,6.321,972.0,Released,2022-12-28,4495365.0,101.0,False,0.0,en,64.47,"Action, Comedy, Romance","Mandeville Films, Nuyorican Productions",United States of America,English,2022.0,both,right_only
,,,,,,,,,,,,,,,,,,,2018.0,146.0,showdogs,39156854.0,17857020.0,0.456,21299834.0,0.54,425148.0,6.106,235.0,Released,2018-05-18,38830219.0,92.0,False,5500000.0,en,9.832,"Adventure, Crime, Family, Comedy","Riverstone Pictures, Open Road Films, Neddy Dean Productions","United Kingdom, United States of America",English,2018.0,both,right_only
,,,,,,,,,,,,,,,,,,,2020.0,150.0,shubhmangalzyadasaavdhan,6574905.0,,,6574905.0,1.0,606535.0,6.1,43.0,Released,2020-02-21,0.0,120.0,False,0.0,hi,3.912,"Comedy, Romance","Colour Yellow Productions, T-Series",India,Hindi,2020.0,both,right_only
84.0,"Sep 18, 2015","Sep 17, 2015",2015.0,sicario,Lionsgate,Thriller/Suspense,Original Screenplay,Live Action,Contemporary Fiction,30000000.0,6.0,2620.0,12257.0,401288.0,46889293.0,62904354.0,37374889.0,84264182.0,2015.0,88.0,sicario,84872444.0,46889293.0,0.552,37983151.0,0.45,273481.0,7.39,7836.0,Released,2015-09-17,84872444.0,122.0,False,30000000.0,en,43.821,"Action, Crime, Thriller","Thunder Road, Black Label Media, Lionsgate","Mexico, United States of America","Spanish, English",2015.0,both,both
,,,,,,,,,,,,,,,,,,,2018.0,97.0,sicariodayofthesoldado,75837743.0,50072235.0,0.66,25765508.0,0.34,400535.0,6.901,3191.0,Released,2018-06-27,75836683.0,122.0,False,35000000.0,en,38.523,"Action, Crime, Thriller","Thunder Road, Black Label Media, Columbia Pictures",United States of America,"English, Spanish",2018.0,both,right_only
,,,,,,,,,,,,,,,,,,,2016.0,193.0,silence,23834809.0,7100177.0,0.298,16734632.0,0.7,68730.0,7.119,2822.0,Released,2016-12-22,23737523.0,161.0,False,46000000.0,en,28.9,"Drama, History","Waypoint Entertainment, Cappa Defina Productions, CatchPlay, Fábrica de Cine, SharpSword Films, Sikelia Productions, EFO Films","Mexico, Taiwan, United States of America","Japanese, English",2016.0,both,right_only
,,,,,,,,,,,,,,,,,,,2016.0,193.0,silence,23834809.0,7100177.0,0.298,16734632.0,0.7,1474911.0,0.0,0.0,Released,2025-01-17,0.0,0.0,False,0.0,fr,0.0071,,,,,2025.0,both,right_only
,,,,,,,,,,,,,,,,,,,2016.0,193.0,silence,23834809.0,7100177.0,0.298,16734632.0,0.7,639909.0,0.0,0.0,Released,2017-02-08,0.0,12.0,False,0.0,en,0.6,,,,,2017.0,both,right_only
,,,,,,,,,,,,,,,,,,,2023.0,184.0,silentnight,11067228.0,8012103.0,0.7240000000000001,3055125.0,0.28,664574.0,6.085,382.0,Released,2021-12-03,0.0,92.0,False,0.0,en,12.533,"Comedy, Science Fiction, Horror","Marv Films, Maven Screen Media, Endeavor Content, Cloudy",United Kingdom,English,2021.0,both,right_only
,,,,,,,,,,,,,,,,,,,2023.0,184.0,silentnight,11067228.0,8012103.0,0.7240000000000001,3055125.0,0.28,1308655.0,10.0,1.0,Released,2024-06-06,0.0,11.0,False,4000.0,en,1.4,"Drama, Comedy",London Film Academy,,,2024.0,both,right_only
,,,,,,,,,,,,,,,,,,,2022.0,101.0,silentparade,21723595.0,,,21723595.0,1.0,956564.0,6.5,12.0,Released,2022-09-16,0.0,130.0,False,0.0,ja,2.658,"Crime, Mystery",TOHO,Japan,Japanese,2022.0,both,right_only
,,,,,,,,,,,,,,,,,,,2018.0,124.0,simmba,51329025.0,5102129.0,0.099,46226896.0,0.9,496524.0,6.37,69.0,Released,2018-12-28,0.0,159.0,False,0.0,hi,10.333,"Action, Comedy, Crime, Drama","Reliance Entertainment, Dharma Productions, Rohit Shetty Productionz",India,Hindi,2018.0,both,right_only
,,,,,,,,,,,,,,,,,,,2022.0,112.0,simonewomanofthecentury,19198587.0,,,19198587.0,1.0,740937.0,8.114,272.0,Released,2021-11-22,0.0,140.0,False,0.0,fr,7.267,"Drama, History","Marvelous Productions, SCOPE Pictures, France 2 Cinéma, France 3 Cinéma","Belgium, France",French,2021.0,both,right_only
,,,,,,,,,,,,,,,,,,,2020.0,157.0,simplyblack,6323750.0,,,6323750.0,1.0,679989.0,5.842,361.0,Released,2020-07-08,0.0,90.0,False,0.0,fr,7.215,Comedy,Gaumont,France,French,2020.0,both,right_only
13.0,"Dec 21, 2016","Nov 24, 2016",2016.0,sing,Universal,Musical,Original Screenplay,Digital Animation,Kids Fiction,75000000.0,4022.0,4029.0,28297.0,35258145.0,270329045.0,347979520.0,360735137.0,631064182.0,2016.0,13.0,sing,634151679.0,270395425.0,0.426,363756254.0,0.57,335797.0,7.114,7458.0,Released,2016-11-23,634151679.0,108.0,False,75000000.0,en,45.871,"Animation, Comedy, Family, Music","Illumination, Universal Pictures, Fuji Television Network, dentsu",United States of America,English,2016.0,both,both
10.0,"Dec 22, 2021","Dec 1, 2021",2021.0,sing2,Universal,Musical,Original Screenplay,Digital Animation,Kids Fiction,85000000.0,3892.0,3892.0,45789.0,22326230.0,162790990.0,177757506.0,241743598.0,404534588.0,2021.0,10.0,sing2,408402685.0,162790990.0,0.3989999999999999,245611695.0,0.6,438695.0,7.918,3919.0,Released,2021-12-01,406000000.0,110.0,False,85000000.0,en,83.117,"Animation, Family","Universal Pictures, Illumination",United States of America,English,2021.0,both,both
,,,,,,,,,,,,,,,,,,,2015.0,123.0,sinister2,53329150.0,27740955.0,0.52,25588195.0,0.48,283445.0,5.876,1977.0,Released,2015-08-19,53329150.0,97.0,False,10000000.0,en,19.361,Horror,"Tank Caterpillar, Blumhouse Productions, Alliance Films, Automatik Entertainment, Entertainment One, IM Global, Steady Aim, Gramercy Pictures","Canada, United Kingdom, United States of America",English,2015.0,both,right_only
,,,,,,,,,,,,,,,,,,,2021.0,124.0,sinkhole,18816801.0,,,18816801.0,1.0,623135.0,7.1,104.0,Released,2021-08-11,17970000.0,113.0,False,11400000.0,ko,15.53,"Comedy, Drama, Action, Adventure","The Tower Pictures, Showbox",South Korea,Korean,2021.0,both,right_only
,,,,,,,,,,,,,,,,,,,2021.0,124.0,sinkhole,18816801.0,,,18816801.0,1.0,395437.0,6.0,10.0,Released,2013-04-01,0.0,90.0,False,0.0,en,7.193,"Action, Drama","The Cartel, Odyssey Media","Canada, United States of America",English,2013.0,both,right_only
,,,,,,,,,,,,,,,,,,,2018.0,145.0,sinkorswim,39193850.0,,,39193850.0,1.0,484482.0,6.914,1392.0,Released,2018-10-24,0.0,122.0,False,0.0,fr,9.164,"Drama, Comedy","Chi-Fou-Mi Productions, Les Productions du Trésor","Belgium, France",French,2018.0,both,right_only
19.0,"Apr 18, 2025","Apr 16, 2025",2025.0,sinners,Warner Bros.,Horror,Original Screenplay,Live Action,Historical Fiction,90000000.0,3308.0,3518.0,25633.0,48007468.0,279989632.0,279989632.0,88996196.0,368985828.0,2025.0,19.0,sinners,368989632.0,279989632.0,0.759,89000000.0,0.241,65037.0,8.0,2.0,Released,2002-03-26,0.0,90.0,False,0.0,en,2.274,Drama,,"Ireland, United Kingdom",English,2002.0,both,both
,,,,,,,,,,,,,,,,,,,2025.0,188.0,sirat,10401519.0,34057.0,0.003,10367462.0,0.997,1122970.0,0.0,0.0,Released,2016-01-01,0.0,6.0,False,0.0,ar,0.6,Animation,Fédération tunisienne des cinéastes amateurs (FTCA),Tunisia,,2016.0,both,right_only
,,,,,,,,,,,,,,,,,,,2021.0,38.0,sister,128317206.0,,,128317206.0,1.0,102000.0,6.759,143.0,Released,2012-04-04,0.0,100.0,False,0.0,fr,5.89,Drama,"Vega Film, Archipel 33>35, Bande à Part Films, RTS","France, Switzerland","English, French",2012.0,both,right_only
,,,,,,,,,,,,,,,,,,,2021.0,38.0,sister,128317206.0,,,128317206.0,1.0,1239852.0,0.0,0.0,Released,2024-02-29,0.0,19.0,False,300.0,en,0.0,Horror,,,English,2024.0,both,right_only
,,,,,,,,,,,,,,,,,,,2021.0,38.0,sister,128317206.0,,,128317206.0,1.0,1588797.0,0.0,0.0,Released,2025-11-21,0.0,12.0,False,0.0,en,0.0143,,,,,2025.0,both,right_only
,,,,,,,,,,,,,,,,,,,2021.0,38.0,sister,128317206.0,,,128317206.0,1.0,1469050.0,0.0,0.0,In Production,2025-06-07,0.0,13.0,False,0.0,en,0.0071,"Comedy, Drama",rubbertape,United States of America,,2025.0,both,right_only
67.0,"Dec 18, 2015","Dec 18, 2015",2015.0,sisters,Universal,Comedy,Original Screenplay,Live Action,Contemporary Fiction,30000000.0,2962.0,2978.0,17009.0,13922855.0,87044645.0,115488344.0,18986015.0,106030660.0,2015.0,72.0,sisters,105011053.0,87044645.0,0.8290000000000001,17966408.0,0.17,266294.0,5.936,1295.0,Released,2015-12-18,105011053.0,118.0,False,30000000.0,en,12.991,Comedy,Little Stranger,United States of America,English,2015.0,both,both
67.0,"Dec 18, 2015","Dec 18, 2015",2015.0,sisters,Universal,Comedy,Original Screenplay,Live Action,Contemporary Fiction,30000000.0,2962.0,2978.0,17009.0,13922855.0,87044645.0,115488344.0,18986015.0,106030660.0,2015.0,72.0,sisters,105011053.0,87044645.0,0.8290000000000001,17966408.0,0.17,729952.0,5.0,1.0,Released,2018-12-31,0.0,72.0,False,0.0,fr,0.6,,,,,2018.0,both,both
,,,,,,,,,,,,,,,,,,,2023.0,166.0,sisu,14236005.0,7265622.0,0.51,6970383.0,0.49,840326.0,7.532,1325.0,Released,2023-01-27,13009289.0,91.0,False,6200000.0,fi,157.379,"Action, War","Subzero Film Entertainment, Good Chaos, Stage 6 Films","Finland, United Kingdom, United States of America","English, Finnish",2023.0,both,right_only
,,,,,,,,,,,,,,,,,,,2025.0,192.0,sketch,10248412.0,8129808.0,0.7929999999999999,2118604.0,0.207,453068.0,5.1,18.0,Released,2018-01-12,0.0,135.0,False,0.0,ta,3.869,Action,"V Creations, Moving Frame",India,Tamil,2018.0,both,right_only
66.0,"Sep 2, 2016","Jul 19, 2016",2016.0,skiptrace,Saban Films,Action,Original Screenplay,Live Action,Contemporary Fiction,0.0,1.0,1.0,1.0,1202.0,1792.0,2341.0,131200745.0,131202537.0,2016.0,65.0,skiptrace,136579287.0,,,136579287.0,1.0,270774.0,5.677,612.0,Released,2016-07-21,58500000.0,107.0,False,32000000.0,en,18.138,"Action, Comedy, Thriller, Mystery","JC Group International, InterTitle Films, Cider Mill Pictures, Dasym Enetertainment, Talent International Media, Talent International Film Cultural Company","China, Hong Kong, United States of America","English, Mandarin",2016.0,both,both
66.0,"Sep 2, 2016","Jul 19, 2016",2016.0,skiptrace,Saban Films,Action,Original Screenplay,Live Action,Contemporary Fiction,0.0,1.0,1.0,1.0,1202.0,1792.0,2341.0,131200745.0,131202537.0,2016.0,65.0,skiptrace,136579287.0,,,136579287.0,1.0,126073.0,6.5,2.0,Released,2012-07-03,0.0,90.0,True,0.0,en,0.6,Action,Digital Playground,United States of America,English,2012.0,both,both
,,,,,,,,,,,,,,,,,,,2019.0,176.0,skyfire,24444590.0,1105.0,0.001,24443485.0,1.0,604872.0,6.464,238.0,Released,2019-12-12,24800000.0,93.0,False,0.0,zh,10.606,"Action, Adventure","Base FX, Meridian Entertainment, Gosdom Entertainment, Production Capital",China,"Mandarin, English",2019.0,both,right_only
,,,,,,,,,,,,,,,,,,,2017.0,119.0,skyhunter,48065601.0,,,48065601.0,1.0,478826.0,6.93,50.0,Released,2017-09-29,0.0,118.0,False,0.0,zh,8.258,Action,"Chunquhi Time Culture Fims, Air Force Political Department Television Arts Center",China,Mandarin,2017.0,both,right_only
33.0,"Jul 13, 2018","Jul 5, 2018",2018.0,skyscraper,Universal,Action,Original Screenplay,Live Action,Contemporary Fiction,125000000.0,3782.0,3822.0,13761.0,24905015.0,68420120.0,84943088.0,236438001.0,304858121.0,2018.0,34.0,skyscraper,304868961.0,68420120.0,0.2239999999999999,236448841.0,0.78,447200.0,6.318,4623.0,Released,2018-07-11,292351275.0,102.0,False,125000000.0,en,22.604,"Action, Thriller","Flynn Picture Company, Legendary Pictures, Seven Bucks Productions, The Third Floor",United States of America,"Cantonese, Mandarin, English",2018.0,both,both
,,,,,,,,,,,,,,,,,,,2023.0,186.0,sleep,11063144.0,34221.0,0.003,11028923.0,1.0,663993.0,5.4,22.0,Released,2020-10-29,0.0,102.0,False,0.0,de,3.326,Horror,"Junafilm, ZDF",Germany,"German, English",2020.0,both,right_only
,,,,,,,,,,,,,,,,,,,2023.0,186.0,sleep,11063144.0,34221.0,0.003,11028923.0,1.0,1198313.0,3.0,1.0,Released,2022-06-25,0.0,6.0,False,10.0,ru,0.701,Drama,,,,2022.0,both,right_only
,,,,,,,,,,,,,,,,,,,2023.0,186.0,sleep,11063144.0,34221.0,0.003,11028923.0,1.0,682424.0,0.0,0.0,Released,2019-02-20,0.0,4.0,False,0.0,en,0.6,,,,,2019.0,both,right_only
,,,,,,,,,,,,,,,,,,,2017.0,159.0,sleepless,32917353.0,20783704.0,0.631,12133649.0,0.37,324542.0,5.914,1171.0,Released,2017-01-12,32540674.0,95.0,False,30000000.0,en,15.041,"Action, Crime, Thriller","Vertigo Entertainment, FilmNation Entertainment, Riverstone Pictures, Open Road Films",United States of America,English,2017.0,both,right_only
,,,,,,,,,,,,,,,,,,,2018.0,120.0,slenderman,51738549.0,30569484.0,0.591,21169065.0,0.41,439015.0,4.333,1839.0,Released,2018-08-10,11817275.0,93.0,False,10000000.0,en,17.454,"Horror, Mystery, Thriller","Madhouse Entertainment, Mythology Entertainment, Screen Gems",United States of America,English,2018.0,both,right_only
,,,,,,,,,,,,,,,,,,,2022.0,166.0,smackdabkakha,9995945.0,,,9995945.0,1.0,679694.0,5.294,17.0,Released,2020-11-12,7758221.0,110.0,False,0.0,ru,2.061,Comedy,"Start Studio, Forever Films Media, Central Partnership",Russia,Russian,2020.0,both,right_only
43.0,"Sep 28, 2018","Sep 21, 2018",2018.0,smallfoot,Warner Bros.,Adventure,Based on Fiction Book/Short Story,Digital Animation,Kids Fiction,80000000.0,4131.0,4131.0,23062.0,23045635.0,83240103.0,103340205.0,134700000.0,217940103.0,2018.0,41.0,smallfoot,217940103.0,83240103.0,0.382,134700000.0,0.62,446894.0,6.791,1413.0,Released,2018-09-20,214115531.0,96.0,False,80000000.0,en,13.65,"Family, Animation, Adventure, Fantasy","Warner Bros. Pictures Animation, Warner Bros. Pictures, Zaftig Films",United States of America,English,2018.0,both,both
24.0,"Sep 30, 2022","Sep 28, 2022",2022.0,smile,Paramount Pictures,Horror,Based on Short Film,Live Action,Contemporary Fiction,17000000.0,3650.0,3659.0,25562.0,22609925.0,105935048.0,113782083.0,111103773.0,217038821.0,2022.0,22.0,smile,217408513.0,105935048.0,0.487,111473465.0,0.51,882598.0,6.7,2352.0,Released,2022-09-23,216135048.0,115.0,False,17000000.0,en,73.246,"Horror, Mystery, Thriller","Paramount Players, Temple Hill Entertainment",United States of America,English,2022.0,both,both
24.0,"Sep 30, 2022","Sep 28, 2022",2022.0,smile,Paramount Pictures,Horror,Based on Short Film,Live Action,Contemporary Fiction,17000000.0,3650.0,3659.0,25562.0,22609925.0,105935048.0,113782083.0,111103773.0,217038821.0,2022.0,22.0,smile,217408513.0,105935048.0,0.487,111473465.0,0.51,1150450.0,0.0,0.0,Released,2022-09-10,0.0,0.0,False,0.0,it,0.639,Fantasy,"Eikona Film, Piano Focale",Italy,Italian,2022.0,both,both
24.0,"Sep 30, 2022","Sep 28, 2022",2022.0,smile,Paramount Pictures,Horror,Based on Short Film,Live Action,Contemporary Fiction,17000000.0,3650.0,3659.0,25562.0,22609925.0,105935048.0,113782083.0,111103773.0,217038821.0,2022.0,22.0,smile,217408513.0,105935048.0,0.487,111473465.0,0.51,1142606.0,0.0,0.0,Released,2019-05-23,0.0,2.0,False,0.0,en,0.6,Animation,,United States of America,,2019.0,both,both
24.0,"Sep 30, 2022","Sep 28, 2022",2022.0,smile,Paramount Pictures,Horror,Based on Short Film,Live Action,Contemporary Fiction,17000000.0,3650.0,3659.0,25562.0,22609925.0,105935048.0,113782083.0,111103773.0,217038821.0,2022.0,22.0,smile,217408513.0,105935048.0,0.487,111473465.0,0.51,999669.0,0.0,0.0,Released,2004-01-01,0.0,4.0,False,0.0,en,0.6,"Horror, Animation",SMILE Studios,Poland,No Language,2004.0,both,both
24.0,"Sep 30, 2022","Sep 28, 2022",2022.0,smile,Paramount Pictures,Horror,Based on Short Film,Live Action,Contemporary Fiction,17000000.0,3650.0,3659.0,25562.0,22609925.0,105935048.0,113782083.0,111103773.0,217038821.0,2022.0,22.0,smile,217408513.0,105935048.0,0.487,111473465.0,0.51,925219.0,0.0,0.0,Released,2020-06-13,0.0,41.0,False,0.0,sv,0.6,"Horror, Thriller, Crime",Dark North Pictures,Sweden,Swedish,2020.0,both,both
39.0,"Oct 18, 2024","Oct 16, 2024",2024.0,smile2,Paramount Pictures,Horror,Based on Short Film,Live Action,Contemporary Fiction,28000000.0,3619.0,3624.0,17225.0,23021692.0,69012586.0,69012586.0,69011778.0,138024364.0,2024.0,41.0,smile2,138128854.0,69012586.0,0.5,69116268.0,0.5,1100782.0,0.0,0.0,Planned,2024-10-17,0.0,0.0,False,0.0,en,3.832,"Horror, Thriller",Paramount,United States of America,English,2024.0,both,both
88.0,"Dec 31, 2021","Jul 26, 2023",2021.0,smugglers,,Action,Original Screenplay,Live Action,Historical Fiction,0.0,0.0,0.0,0.0,0.0,0.0,0.0,36635299.0,36635299.0,2023.0,110.0,smugglers,36851831.0,,,36851831.0,1.0,107141.0,5.8,10.0,Released,1996-05-11,0.0,0.0,False,0.0,pl,0.962,"Action, Crime","Da Vinci Film, Telewizyjna Agencja Produkcji Teatralnej i Filmowej",Poland,Polish,1996.0,both,both
50.0,"Jul 18, 2025","Jul 10, 2025",2025.0,smurfs,Paramount Pictures,Adventure,Based on Comic/Graphic Novel,Animation/Live Action,Kids Fiction,58000000.0,3504.0,3504.0,10573.0,11075090.0,31075170.0,31075170.0,89524557.0,120599727.0,2025.0,46.0,smurfs,124157356.0,31075170.0,0.25,93082186.0,0.75,,,,,,,,,,,,,,,,,left_only,both
50.0,"Apr 7, 2017","Mar 24, 2017",2017.0,smurfsthelostvillage,Sony Pictures,Adventure,Based on Comic/Graphic Novel,Digital Animation,Kids Fiction,60000000.0,3610.0,3610.0,18099.0,13210449.0,45020282.0,56764709.0,152558304.0,197578586.0,2017.0,48.0,smurfsthelostvillage,197183546.0,45020282.0,0.228,152163264.0,0.77,137116.0,6.323,1326.0,Released,2017-03-23,197183546.0,89.0,False,60000000.0,en,37.021,"Family, Adventure, Animation, Comedy","Kerner Entertainment Company, Columbia Pictures, Sony Pictures Animation",United States of America,English,2017.0,both,both
,,,,,,,,,,,,,,,,,,,2021.0,76.0,snakeeyes,40064325.0,28264325.0,0.705,11800000.0,0.3,8688.0,6.139,1208.0,Released,1998-08-07,103891409.0,98.0,False,73000000.0,en,14.521,"Thriller, Crime, Mystery","Paramount, DeBart, Touchstone Pictures, GP Snake Eyes Productions","Canada, United States of America",English,1998.0,both,right_only
95.0,"Jul 23, 2021","Jul 21, 2021",2021.0,snakeeyesgijoeorigins,Paramount Pictures,Action,Based on Toy,Live Action,Contemporary Fiction,88000000.0,3521.0,3540.0,10716.0,13367853.0,28264325.0,31432594.0,6412896.0,34677221.0,,,snakeeyesgijoeorigins,,,,,,568620.0,6.538,1397.0,Released,2021-07-22,36964325.0,121.0,False,88000000.0,en,46.458,"Action, Adventure","Paramount, Metro-Goldwyn-Mayer, di Bonaventura Pictures, Entertainment One, Skydance, Hasbro","Canada, Japan, United States of America","English, Arabic, Italian, Japanese",2021.0,right_only,both
,,,,,,,,,,,,,,,,,,,2017.0,101.0,snatched,60845711.0,45852178.0,0.754,14993533.0,0.25,373569.0,5.37,750.0,Released,2017-05-03,60845711.0,90.0,False,42000000.0,en,14.338,"Action, Comedy","Chernin Entertainment, Feigco Entertainment, 20th Century Fox",United States of America,"English, Portuguese, Spanish",2017.0,both,right_only
,,,,,,,,,,,,,,,,,,,2017.0,101.0,snatched,60845711.0,45852178.0,0.754,14993533.0,0.25,1106439.0,0.0,0.0,Released,2022-11-01,0.0,36.0,False,0.0,en,0.647,,,,English,2022.0,both,right_only
,,,,,,,,,,,,,,,,,,,2016.0,150.0,snowden,37357216.0,21587519.0,0.578,15769697.0,0.42,302401.0,7.1,4081.0,Released,2016-09-15,37357216.0,134.0,False,40000000.0,en,19.194,"Drama, History, Crime, Thriller","KrautPack Entertainment, Vendian Entertainment, Endgame Entertainment","Germany, United States of America",English,2016.0,both,right_only
,,,,,,,,,,,,,,,,,,,2025.0,28.0,snowwhite,205679463.0,87203963.0,0.424,118475500.0,0.5760000000000001,116743.0,6.8,27.0,Released,1995-04-27,0.0,46.0,False,0.0,en,5.621,"Animation, Drama, Family","Jetlag Productions, GoodTimes Entertainment","United States of America, Japan","English, Russian",1995.0,both,right_only
23.0,"May 25, 2018","May 23, 2018",2018.0,soloastarwarsstory,Walt Disney,Adventure,Spin-Off,Animation/Live Action,Science Fiction,330400000.0,4381.0,4381.0,22569.0,84420489.0,213767512.0,265390847.0,179383835.0,393151347.0,2018.0,24.0,soloastarwarsstory,392924807.0,213767512.0,0.544,179157295.0,0.46,348350.0,6.563,7904.0,Released,2018-05-15,392952373.0,135.0,False,250000000.0,en,55.759,"Science Fiction, Adventure, Action","Lucasfilm Ltd., Allison Shearmur Productions, Imagine Entertainment",United States of America,English,2018.0,both,both
64.0,"Dec 31, 2021","Dec 24, 2022",2021.0,somedayoroneday,,Drama,Based on TV,Live Action,Science Fiction,0.0,0.0,0.0,0.0,0.0,0.0,0.0,62685199.0,62685199.0,,,somedayoroneday,,,,,,804725.0,5.4,13.0,Released,2022-12-24,62655572.0,107.0,False,0.0,zh,4.571,"Mystery, Romance, Science Fiction, Fantasy","Wanda Film and Television Media Co.,Ltd.","China, Taiwan",Mandarin,2022.0,right_only,both
84.0,"Jan 13, 2017","Dec 24, 2016",2017.0,somelikeithot,China Lion Film Distribution,Romantic Comedy,Original Screenplay,Live Action,Contemporary Fiction,0.0,10.0,10.0,10.0,42230.0,42230.0,53247.0,95655578.0,95697808.0,2016.0,80.0,somelikeithot,95721752.0,100026.0,0.001,95621726.0,1.0,,,,,,,,,,,,,,,,,left_only,both
,,,,,,,,,,,,,,,,,,,2021.0,140.0,somethingaboutlove,15204017.0,,,15204017.0,1.0,226726.0,6.2,2.0,Released,1988-12-09,0.0,93.0,False,0.0,en,1.4,,,,English,1988.0,both,right_only
,,,,,,,,,,,,,,,,,,,2015.0,142.0,somewhereonlyweknow,45737711.0,482341.0,0.011,45255370.0,0.99,306758.0,6.15,20.0,Released,2015-02-14,0.0,110.0,False,0.0,zh,5.298,"Drama, Romance",,China,"English, Mandarin",2015.0,both,right_only
,,,,,,,,,,,,,,,,,,,2019.0,154.0,somewherewinter,32218990.0,,,32218990.0,1.0,635437.0,8.0,2.0,Released,2019-11-15,0.0,125.0,False,0.0,zh,0.947,"Drama, Romance",,China,Mandarin,2019.0,both,right_only
77.0,"Dec 25, 2025","Dec 24, 2025",2025.0,songsungblue,Focus Features,Drama,Based on Movie,Live Action,Dramatization,30000000.0,2578.0,2705.0,11594.0,7073630.0,39175325.0,39175325.0,18210958.0,57386283.0,2025.0,68.0,songsungblue,57171142.0,39145325.0,0.685,18025817.0,0.315,223575.0,8.0,1.0,Released,2008-01-20,0.0,85.0,False,0.0,en,0.622,"Documentary, Music",,,,2008.0,both,both
6.0,"Feb 14, 2020","Feb 13, 2020",2020.0,sonicthehedgehog,Paramount Pictures,Adventure,Based on Game,Animation/Live Action,Kids Fiction,90000000.0,4167.0,4198.0,19300.0,58018348.0,146066470.0,179957708.0,156385607.0,302452077.0,2020.0,6.0,sonicthehedgehog,319715683.0,148974665.0,0.466,170741018.0,0.53,454626.0,7.345,8901.0,Released,2020-02-12,319715683.0,99.0,False,85000000.0,en,53.708,"Action, Science Fiction, Comedy, Family","Original Film, Blur Studio, Marza Animation Planet, Paramount, SEGA","Japan, United States of America",English,2020.0,both,both
14.0,"Apr 8, 2022","Mar 30, 2022",2022.0,sonicthehedgehog2,Paramount Pictures,Adventure,Based on Game,Animation/Live Action,Kids Fiction,90000000.0,4234.0,4258.0,31794.0,72105176.0,190872904.0,205011642.0,212951693.0,403824597.0,2022.0,14.0,sonicthehedgehog2,405421518.0,190872904.0,0.471,214548614.0,0.53,675353.0,7.57,4225.0,Released,2022-04-08,405421518.0,123.0,False,110000000.0,en,142.66,"Action, Adventure, Family, Comedy","Original Film, Blur Studio, Marza Animation Planet, Paramount, SEGA","Japan, United States of America","English, French, Latin, Greek, Russian",2022.0,both,both
10.0,"Dec 20, 2024","Dec 19, 2024",2024.0,sonicthehedgehog3,Paramount Pictures,Adventure,Based on Game,Animation/Live Action,Kids Fiction,122000000.0,3761.0,3769.0,28492.0,60102146.0,236115100.0,236115100.0,253500522.0,489615622.0,2024.0,10.0,sonicthehedgehog3,492162604.0,236115100.0,0.48,256047504.0,0.52,939243.0,0.0,0.0,Planned,2024-12-18,0.0,0.0,False,0.0,en,30.829,"Science Fiction, Family, Action, Comedy","Paramount, Original Film, Marza Animation Planet, SEGA","Japan, United States of America",English,2024.0,both,both
,,,,,,,,,,,,,,,,,,,2019.0,114.0,sonofarich,50803834.0,,,50803834.0,1.0,575828.0,7.031,127.0,Released,2019-11-24,0.0,109.0,False,2601900.0,ru,9.55,Comedy,"Yellow, Black & White, MEM Cinema Production, KIT Film Studio, Central Partnership",Russia,Russian,2019.0,both,right_only
,,,,,,,,,,,,,,,,,,,2023.0,100.0,sonofarich2,44718015.0,,,44718015.0,1.0,1004096.0,0.0,0.0,In Production,2024-01-01,0.0,0.0,False,0.0,ru,3.984,Comedy,"Russia-1, Central Partnership, Mem Media, Start Studio, Yellow, Black & White",Russia,Russian,2024.0,both,right_only
20.0,"Nov 20, 2020","Nov 20, 2020",2020.0,soul,Walt Disney,Adventure,Original Screenplay,Digital Animation,Kids Fiction,200000000.0,0.0,1350.0,2700.0,0.0,946154.0,946154.0,119122676.0,120068830.0,2020.0,18.0,soul,121903885.0,946154.0,0.008,120957731.0,0.99,508442.0,8.15,9473.0,Released,2020-12-25,136384442.0,101.0,False,150000000.0,en,48.876,"Animation, Family, Comedy, Fantasy, Drama","Walt Disney Pictures, Pixar",United States of America,English,2020.0,both,both
,,,,,,,,,,,,,,,,,,,2016.0,186.0,soulmate,24684439.0,,,24684439.0,1.0,417419.0,7.412,51.0,Released,2016-09-23,0.0,110.0,False,0.0,zh,6.265,"Romance, Drama","We Pictures Limited, Alibaba Pictures Group",China,Mandarin,2016.0,both,right_only
,,,,,,,,,,,,,,,,,,,2016.0,186.0,soulmate,24684439.0,,,24684439.0,1.0,617882.0,7.692,26.0,Released,2023-03-15,2471778.0,124.0,False,0.0,ko,15.199,"Drama, Romance","Studio & New, Climax Studios, ANDMARQ Studio, KEYEAST",South Korea,"English, Korean",2023.0,both,right_only
,,,,,,,,,,,,,,,,,,,2016.0,186.0,soulmate,24684439.0,,,24684439.0,1.0,1165553.0,0.0,0.0,Released,2020-01-15,0.0,5.0,False,0.0,en,0.6,"Drama, Romance",,,,2020.0,both,right_only
66.0,"Dec 31, 2020","Dec 4, 2020",2020.0,soulsnatcher,,Action,Based on Fiction Book/Short Story,Live Action,Fantasy,0.0,0.0,0.0,0.0,0.0,0.0,0.0,28501108.0,28501108.0,2020.0,69.0,soulsnatcher,19561221.0,,,19561221.0,1.0,755594.0,6.556,9.0,Released,2020-12-04,0.0,125.0,False,0.0,zh,3.862,"Comedy, Fantasy",,China,Mandarin,2020.0,both,both
34.0,"Jul 4, 2023","Jul 4, 2023",2023.0,soundoffreedom,Angel Studios,Thriller/Suspense,Based on Real Life Events,Live Action,Dramatization,14500000.0,2952.0,3411.0,26101.0,19680879.0,184178046.0,190407107.0,66551632.0,250729678.0,2023.0,32.0,soundoffreedom,250570396.0,184178046.0,0.735,66392350.0,0.27,678512.0,7.973,503.0,Released,2023-07-03,212587173.0,131.0,False,15000000.0,en,1111.036,"Action, Drama",Santa Fe Films,United States of America,"English, Spanish",2023.0,both,both
78.0,"Jul 24, 2015","Jul 22, 2015",2015.0,southpaw,Weinstein Co.,Drama,Original Screenplay,Live Action,Contemporary Fiction,30000000.0,2772.0,2774.0,13963.0,16701294.0,52421953.0,70331235.0,41734503.0,94156456.0,2015.0,85.0,southpaw,91970827.0,52421953.0,0.57,39548874.0,0.43,307081.0,7.362,5178.0,Released,2015-03-24,91709827.0,123.0,False,30000000.0,en,30.067,"Action, Drama","Fuqua Films, Escape Artists, Riche-Ludwig Productions, Wanda Pictures",United States of America,English,2015.0,both,both
26.0,"Jul 16, 2021","Jul 14, 2021",2021.0,spacejamanewlegacy,Warner Bros.,Comedy,Original Screenplay,Animation/Live Action,Kids Fiction,150000000.0,3965.0,4002.0,18819.0,31053362.0,70592228.0,78505221.0,93100000.0,163692228.0,2021.0,27.0,spacejamanewlegacy,163692228.0,70592228.0,0.431,93100000.0,0.57,379686.0,6.829,3732.0,Released,2021-07-08,163692228.0,115.0,False,150000000.0,en,45.412,"Family, Animation, Comedy, Science Fiction","Warner Bros. Pictures Animation, SpringHill Entertainment, Proximity Media, Warner Bros. Pictures",United States of America,English,2021.0,both,both
,,,,,,,,,,,,,,,,,,,2015.0,154.0,spanishaffair2,40591862.0,,,40591862.0,1.0,348537.0,5.483,377.0,Released,2015-11-20,38482411.0,106.0,False,4500000.0,es,8.274,"Comedy, Romance",Telecinco Cinema,Spain,"English, Galician, Spanish, Catalan, French",2015.0,both,right_only
62.0,"Sep 13, 2024","Aug 7, 2024",2024.0,speaknoevil,Universal,Horror,Original Screenplay,Live Action,Contemporary Fiction,15000000.0,3375.0,3375.0,14859.0,11397595.0,36931420.0,36931420.0,40307894.0,77239314.0,2024.0,60.0,speaknoevil,76756109.0,36931420.0,0.481,39824689.0,0.52,833339.0,6.674,385.0,Released,2022-03-17,623462.0,97.0,False,3000000.0,da,19.785,"Drama, Horror, Thriller","Profile Pictures, OAK Motion Pictures","Denmark, Netherlands","Danish, Dutch, English",2022.0,both,both
62.0,"Sep 13, 2024","Aug 7, 2024",2024.0,speaknoevil,Universal,Horror,Original Screenplay,Live Action,Contemporary Fiction,15000000.0,3375.0,3375.0,14859.0,11397595.0,36931420.0,36931420.0,40307894.0,77239314.0,2024.0,60.0,speaknoevil,76756109.0,36931420.0,0.481,39824689.0,0.52,1387841.0,0.0,0.0,Released,2023-12-16,0.0,4.0,False,0.0,en,1.4,Animation,Kingston School of Art,"China, United Kingdom",,2023.0,both,both
6.0,"Nov 6, 2015","Oct 6, 2015",2015.0,spectre,Sony Pictures,Action,Based on Fiction Book/Short Story,Live Action,Contemporary Fiction,245000000.0,3929.0,3929.0,23645.0,70403148.0,200074175.0,268325520.0,679003169.0,879077344.0,2015.0,6.0,spectre,880674609.0,200074609.0,0.2269999999999999,680600000.0,0.77,206647.0,6.533,9893.0,Released,2015-10-26,880674609.0,148.0,False,245000000.0,en,33.598,"Action, Adventure, Thriller","Columbia Pictures, Metro-Goldwyn-Mayer, Eon Productions","United Kingdom, United States of America","French, English, Spanish, Italian, German",2015.0,both,both
,,,,,,,,,,,,,,,,,,,2021.0,103.0,spencer,25246967.0,7086632.0,0.281,18160335.0,0.72,716612.0,6.858,1475.0,Released,2021-11-04,14000000.0,117.0,False,18000000.0,en,13.478,Drama,"FilmNation Entertainment, Komplizen Film, Shoebox Films, Fabula, Fabula","Chile, Germany, United Kingdom, United States of America",English,2021.0,both,right_only
6.0,"Jun 2, 2023","May 31, 2023",2023.0,spidermanacrossthespiderverse,Sony Pictures,Adventure,Based on Comic/Graphic Novel,Digital Animation,Super Hero,100000000.0,4313.0,4332.0,29712.0,120663589.0,381593754.0,394490019.0,309230984.0,690824738.0,2023.0,6.0,spidermanacrossthespiderverse,690542303.0,381311319.0,0.552,309230984.0,0.45,569094.0,8.442,4394.0,Released,2023-05-31,683241751.0,140.0,False,100000000.0,en,512.336,"Animation, Action, Adventure","Columbia Pictures, Sony Pictures Animation, Lord Miller, Pascal Pictures, Arad Productions",United States of America,"English, Hindi, Italian, Spanish",2023.0,both,both
4.0,"Jul 2, 2019","Jun 27, 2019",2019.0,spidermanfarfromhome,Sony Pictures,Action,Based on Comic/Graphic Novel,Live Action,Super Hero,160000000.0,4634.0,4634.0,33183.0,92579212.0,391362492.0,483026681.0,740936182.0,1132298674.0,2019.0,4.0,spidermanfarfromhome,1131927996.0,390532085.0,0.345,741395911.0,0.66,429617.0,7.447,14495.0,Released,2019-06-28,1131927996.0,129.0,False,160000000.0,en,49.913,"Action, Adventure, Science Fiction","Marvel Studios, Pascal Pictures, Columbia Pictures",United States of America,"Czech, Dutch, English, German, Italian",2019.0,both,both
6.0,"Jul 7, 2017","Jul 5, 2017",2017.0,spidermanhomecoming,Sony Pictures,Action,Based on Comic/Graphic Novel,Live Action,Super Hero,175000000.0,4348.0,4348.0,35314.0,117027503.0,334580976.0,421763880.0,544271773.0,878852749.0,2017.0,6.0,spidermanhomecoming,880166924.0,334201140.0,0.38,545965784.0,0.62,315635.0,7.345,20507.0,Released,2017-07-05,880166924.0,133.0,False,175000000.0,en,65.88,"Action, Adventure, Science Fiction, Drama","Marvel Studios, Pascal Pictures, LStar Capital, Columbia Pictures",United States of America,English,2017.0,both,both
,,,,,,,,,,,,,,,,,,,2018.0,25.0,spidermanintothespiderverse,375582637.0,190241310.0,0.507,185341327.0,0.49,324857.0,8.404,14024.0,Released,2018-12-06,375464627.0,117.0,False,90000000.0,en,80.675,"Action, Adventure, Animation, Science Fiction","Columbia Pictures, Lord Miller, Pascal Pictures, Sony Pictures Animation, Arad Productions",United States of America,"English, Japanese, Spanish",2018.0,both,right_only
1.0,"Dec 17, 2021","Dec 14, 2021",2021.0,spidermannowayhome,Sony Pictures,Action,Based on Comic/Graphic Novel,Animation/Live Action,Super Hero,200000000.0,4336.0,4336.0,64054.0,260138569.0,814811535.0,896901419.0,1106395051.0,1921206586.0,2021.0,1.0,spidermannowayhome,1910982770.0,804793477.0,0.421,1106189293.0,0.58,634649.0,7.99,18299.0,Released,2021-12-15,1921847111.0,148.0,False,200000000.0,en,186.065,"Action, Adventure, Science Fiction","Marvel Studios, Pascal Pictures, Columbia Pictures",United States of America,"English, Tagalog",2021.0,both,both
51.0,"Dec 25, 2019","Dec 25, 2019",2019.0,spiesindisguise,20th Century Fox,Adventure,Based on Short Film,Digital Animation,Kids Fiction,100000000.0,3502.0,3502.0,15937.0,13354798.0,66757013.0,82325264.0,98367080.0,165124093.0,2019.0,52.0,spiesindisguise,171616764.0,66757013.0,0.389,104859751.0,0.61,431693.0,7.635,2581.0,Released,2019-12-04,171616764.0,102.0,False,100000000.0,en,20.917,"Animation, Action, Adventure, Comedy, Family","Chernin Entertainment, Blue Sky Studios, 20th Century Fox Animation, 20th Century Fox",United States of America,English,2019.0,both,both
82.0,"May 14, 2021","May 12, 2021",2021.0,spiral,Lionsgate,Horror,Original Screenplay,Live Action,Contemporary Fiction,20000000.0,2811.0,2991.0,13342.0,8750034.0,23216862.0,25819339.0,16302726.0,39519588.0,2021.0,75.0,spiral,40618920.0,23216862.0,0.5720000000000001,17402058.0,0.43,614199.0,5.926,121.0,Released,2019-07-14,0.0,87.0,False,0.0,en,12.936,"Horror, Mystery, Thriller","Digital Interference Productions, Hadron Films, First Look Pictures, Téléfilm Canada",Canada,English,2019.0,both,both
,,,,,,,,,,,,,,,,,,,2016.0,192.0,spiritshomecoming,23857217.0,125616.0,0.005,23731601.0,1.0,384641.0,7.271,24.0,Released,2016-02-24,0.0,127.0,False,0.0,ko,2.5,"Drama, History","JO Entertainment, WAW Pictures",South Korea,"Mandarin, Japanese, Korean",2016.0,both,right_only
77.0,"Jun 4, 2021","Mar 7, 2021",2021.0,spirituntamed,Universal,Adventure,Based on TV,Digital Animation,Kids Fiction,30000000.0,3211.0,3394.0,16152.0,6101050.0,17716215.0,19702099.0,24519529.0,42235744.0,2021.0,73.0,spirituntamed,42717215.0,17716215.0,0.415,25001000.0,0.59,637693.0,7.3,469.0,Released,2021-05-20,17635215.0,88.0,False,30000000.0,en,30.837,"Animation, Adventure, Family, Western","Universal Pictures, DreamWorks Animation",United States of America,English,2021.0,both,both
37.0,"Jan 20, 2017","Jan 18, 2017",2017.0,split,Universal,Horror,Original Screenplay,Live Action,Contemporary Fiction,9000000.0,3038.0,3373.0,20502.0,40010975.0,138141585.0,174178524.0,140613009.0,278754594.0,2017.0,34.0,split,278454358.0,138291365.0,0.497,140162993.0,0.5,381288.0,7.337,16345.0,Released,2017-01-19,278454358.0,117.0,False,9000000.0,en,44.51,"Horror, Thriller","Universal Pictures, Blinding Edge Pictures, Blumhouse Productions",United States of America,English,2017.0,both,both
37.0,"Jan 20, 2017","Jan 18, 2017",2017.0,split,Universal,Horror,Original Screenplay,Live Action,Contemporary Fiction,9000000.0,3038.0,3373.0,20502.0,40010975.0,138141585.0,174178524.0,140613009.0,278754594.0,2017.0,34.0,split,278454358.0,138291365.0,0.497,140162993.0,0.5,1211384.0,0.0,0.0,Released,2023-10-04,0.0,50.0,False,0.0,en,0.0,"Documentary, Adventure",,,,2023.0,both,both
79.0,"Nov 6, 2015","Nov 6, 2015",2015.0,spotlight,Open Road,Drama,Based on Real Life Events,Live Action,Dramatization,20000000.0,5.0,1227.0,14081.0,295009.0,45055776.0,59795665.0,46846662.0,91902438.0,2015.0,76.0,spotlight,98690254.0,45055776.0,0.457,53634478.0,0.54,314365.0,7.814,7765.0,Released,2015-11-06,98690254.0,129.0,False,20000000.0,en,20.159,"Drama, History","Participant, Anonymous Content, Rocklin / Faust, First Look Media, Open Road Films, Entertainment One, Topic Studios, Seville International","Canada, United States of America",English,2015.0,both,both
91.0,"Oct 24, 2025","Oct 22, 2025",2025.0,springsteendelivermefromnowhere,20th Century Studios,Drama,Based on Real Life Events,Live Action,Dramatization,55000000.0,3460.0,3460.0,10415.0,8887255.0,22638297.0,22638297.0,22598794.0,45237091.0,2025.0,75.0,springsteendelivermefromnowhere,45240624.0,22638297.0,0.5,22602327.0,0.5,,,,,,,,,,,,,,,,,left_only,both
35.0,"Jun 5, 2015","May 21, 2015",2015.0,spy,20th Century Fox,Comedy,Original Screenplay,Live Action,Contemporary Fiction,65000000.0,3711.0,3715.0,21232.0,29085719.0,110825712.0,148687876.0,123018394.0,233844106.0,2015.0,33.0,spy,235666219.0,110825712.0,0.47,124840507.0,0.53,238713.0,6.832,5666.0,Released,2015-05-06,235666219.0,120.0,False,65000000.0,en,25.334,"Action, Comedy, Crime","Chernin Entertainment, Feigco Entertainment, TSG Entertainment",United States of America,"German, English, French, Italian",2015.0,both,both
,,,,,,,,,,,,,,,,,,,2020.0,139.0,spycies,7169437.0,,,7169437.0,1.0,550738.0,7.5,192.0,Released,2020-01-11,6928960.0,96.0,False,0.0,fr,10.91,"Animation, Comedy, Action, Adventure, Family","iQIYI Pictures, Lux Populi Production, Particular Crowd, Lux Populi VFX","China, France","Cantonese, Mandarin, English, French",2020.0,both,right_only
54.0,"Apr 19, 2024","Dec 22, 2023",2024.0,spyxfamilycodewhite,Crunchyroll,Action,Original Screenplay,Digital Animation,Contemporary Fiction,0.0,2009.0,2009.0,4586.0,4824993.0,8110042.0,8110042.0,87635671.0,95745713.0,2023.0,82.0,spyxfamilycodewhite,59629242.0,8110042.0,0.136,51519200.0,0.86,1062807.0,0.0,0.0,In Production,2023-12-22,0.0,0.0,False,0.0,ja,30.097,"Animation, Comedy, Adventure, Action","WIT STUDIO, CloverWorks, TOHO",Japan,Japanese,2023.0,both,both
,,,,,,,,,,,,,,,,,,,2016.0,163.0,sstorm,30381402.0,,,30381402.0,1.0,367195.0,5.763,19.0,Released,2016-09-14,0.0,90.0,False,0.0,cn,4.729,"Crime, Action, Thriller","Pegasus Motion Pictures, My Pictures Studio, Shanghai Jiaxi Cultural Communications Limited","China, Hong Kong","Cantonese, English, Mandarin",2016.0,both,right_only
,,,,,,,,,,,,,,,,,,,2021.0,158.0,standbyme,11900000.0,,,11900000.0,1.0,235.0,7.856,5317.0,Released,1986-08-08,52287414.0,89.0,False,8000000.0,en,28.659,"Crime, Drama","Columbia Pictures, Act III Productions",United States of America,English,1986.0,both,right_only
,,,,,,,,,,,,,,,,,,,2021.0,158.0,standbyme,11900000.0,,,11900000.0,1.0,642769.0,4.5,2.0,Released,2019-10-25,0.0,103.0,False,0.0,zh,0.698,Romance,,Taiwan,Mandarin,2019.0,both,right_only
,,,,,,,,,,,,,,,,,,,2021.0,158.0,standbyme,11900000.0,,,11900000.0,1.0,351902.0,0.0,0.0,Released,2013-09-30,0.0,10.0,False,0.0,en,0.6,"Romance, Drama",ALP Media,Netherlands,,2013.0,both,right_only
28.0,"Dec 31, 2020","Nov 20, 2020",2020.0,standbymedoraemon2,,Comedy,Original Screenplay,Digital Animation,Science Fiction,0.0,0.0,0.0,0.0,0.0,0.0,0.0,66606471.0,66606471.0,2020.0,23.0,standbymedoraemon2,65201374.0,,,65201374.0,1.0,728754.0,7.7,165.0,Released,2020-11-20,0.0,96.0,False,0.0,ja,37.575,"Animation, Family, Science Fiction","TOHO, Shin-Ei Animation, Fujiko Productions, Shogakukan, TV Asahi, Shogakukan-Shueisha Productions, Shirogumi, Robot Communications, dentsu, Asatsu-DK",Japan,Japanese,2020.0,both,both
,,,,,,,,,,,,,,,,,,,2018.0,188.0,stanollie,24420923.0,5470235.0,0.2239999999999999,18950688.0,0.78,394741.0,6.974,960.0,Released,2018-12-28,24420923.0,98.0,False,10000000.0,en,10.078,"Comedy, Drama","Fable Pictures, Entertainment One, Baby Cow Productions, Sonesta Films, BBC Film, Laurel and Hardy Feature Productions, Sony Pictures Classics, Entertainment One Features","Canada, United Kingdom, United States of America",English,2018.0,both,right_only
26.0,"Jul 22, 2016","Jul 21, 2016",2016.0,startrekbeyond,Paramount Pictures,Adventure,Based on TV,Live Action,Science Fiction,185000000.0,3928.0,3928.0,20357.0,59253211.0,158848340.0,207696501.0,176825368.0,335673708.0,2016.0,26.0,startrekbeyond,343471816.0,158848340.0,0.462,184623476.0,0.54,188927.0,6.781,6226.0,Released,2016-07-07,343471816.0,122.0,False,185000000.0,en,47.927,"Action, Adventure, Science Fiction","Skydance, Paramount, Bad Robot, Perfect Storm Entertainment, Sneaky Shark",United States of America,English,2016.0,both,both
,,,,,,,,,,,,,,,,,,,2019.0,177.0,startup,24106579.0,,,24106579.0,1.0,581530.0,6.966,58.0,Released,2019-12-18,0.0,102.0,False,0.0,ko,8.833,"Drama, Action, Comedy","Next Entertainment World, Filmmaker R&K",South Korea,Korean,2019.0,both,right_only
,,,,,,,,,,,,,,,,,,,2019.0,177.0,startup,24106579.0,,,24106579.0,1.0,266851.0,4.786,7.0,Released,2014-04-03,168604.0,92.0,False,2000000.0,ru,0.91,Drama,"Danais Film, Invada Film, Paradise Production Center",Russia,Russian,2014.0,both,right_only
,,,,,,,,,,,,,,,,,,,2019.0,177.0,startup,24106579.0,,,24106579.0,1.0,1383164.0,0.0,0.0,Released,2024-10-26,0.0,97.0,False,0.0,en,1.4,"Comedy, Action, Crime",Lemon Parade Films,United States of America,English,2024.0,both,right_only
8.0,"Dec 20, 2019","Dec 18, 2019",2019.0,starwarstheriseofskywalker,Walt Disney,Adventure,Original Screenplay,Animation/Live Action,Science Fiction,275000000.0,4406.0,4406.0,29704.0,177383864.0,515202542.0,635794003.0,554749272.0,1069951814.0,,,starwarstheriseofskywalker,,,,,,181812.0,6.365,9047.0,Released,2019-12-18,1074144248.0,142.0,False,250000000.0,en,89.699,"Adventure, Action, Science Fiction","Lucasfilm Ltd., Bad Robot",United States of America,English,2019.0,right_only,both
,,,,,,,,,,,,,,,,,,,2017.0,161.0,steelrain,32783733.0,,,32783733.0,1.0,435841.0,7.137,150.0,Released,2017-12-14,32783733.0,139.0,False,0.0,ko,9.997,"Action, Thriller","Mofac, Next Entertainment World, Yworks Entertainment",South Korea,"Mandarin, Korean, English",2017.0,both,right_only
,,,,,,,,,,,,,,,,,,,2015.0,173.0,stevejobs,34441873.0,17766658.0,0.516,16675215.0,0.48,321697.0,6.769,3894.0,Released,2015-10-09,34441873.0,122.0,False,30000000.0,en,11.885,"Drama, History","Universal Pictures, Scott Rudin Productions, Legendary Pictures, The Mark Gordon Company, Management 360, Cloud Eight Films","United Kingdom, United States of America",English,2015.0,both,right_only
,,,,,,,,,,,,,,,,,,,2020.0,61.0,stigmatizedproperties,21276720.0,,,21276720.0,1.0,742043.0,6.1,9.0,Released,2020-08-28,0.0,111.0,False,0.0,ja,3.242,Horror,,Japan,Japanese,2020.0,both,right_only
,,,,,,,,,,,,,,,,,,,2015.0,145.0,stillalice,44779195.0,18754371.0,0.419,26024824.0,0.58,284293.0,7.498,2876.0,Released,2014-12-05,44779195.0,100.0,False,5000000.0,en,14.606,Drama,"Shriver Films, Killer Films, Big Indie Pictures, BSM Studio, Lutzus-Brown, Backup Media, Sony Pictures Classics","France, United Kingdom, United States of America",English,2014.0,both,right_only
93.0,"Dec 31, 2020","Dec 31, 2020",2020.0,stillwater,Focus Features,Drama,Original Screenplay,Live Action,Contemporary Fiction,0.0,0.0,2611.0,9887.0,0.0,14465535.0,16087039.0,2778167.0,17243702.0,2021.0,116.0,stillwater,19754272.0,14465535.0,0.732,5288737.0,0.27,616651.0,6.666,1019.0,Released,2021-07-29,19754272.0,139.0,False,20000000.0,en,22.616,"Drama, Crime, Thriller","Anonymous Content, Slow Pony Pictures, DreamWorks Pictures, Participant, Amblin Partners, Focus Features, Firstep, 3dot Productions","France, United States of America","English, French, Spanish",2021.0,both,both
93.0,"Dec 31, 2020","Dec 31, 2020",2020.0,stillwater,Focus Features,Drama,Original Screenplay,Live Action,Contemporary Fiction,0.0,0.0,2611.0,9887.0,0.0,14465535.0,16087039.0,2778167.0,17243702.0,2021.0,116.0,stillwater,19754272.0,14465535.0,0.732,5288737.0,0.27,1490717.0,0.0,0.0,Released,2025-05-29,0.0,21.0,False,0.0,ja,0.0214,Drama,,Japan,Japanese,2025.0,both,both
,,,,,,,,,,,,,,,,,,,2020.0,112.0,stolenidentity2,9687188.0,,,9687188.0,1.0,612513.0,5.2,5.0,Released,2020-02-21,0.0,118.0,False,0.0,ja,3.413,"Crime, Drama, Thriller",Twins Japan,Japan,Japanese,2020.0,both,right_only
46.0,"Sep 23, 2016","Sep 22, 2016",2016.0,storks,Warner Bros.,Adventure,Original Screenplay,Digital Animation,Kids Fiction,70000000.0,3922.0,3922.0,21929.0,21311407.0,72679278.0,95016870.0,111000000.0,183679278.0,2016.0,49.0,storks,183679278.0,72679278.0,0.396,111000000.0,0.6,332210.0,6.636,2156.0,Released,2016-09-22,182379278.0,87.0,False,70000000.0,en,17.375,"Adventure, Animation, Comedy, Family","RatPac Entertainment, Warner Bros. Pictures Animation, Warner Bros. Pictures",United States of America,English,2016.0,both,both
40.0,"Aug 14, 2015","Aug 14, 2015",2015.0,straightouttacompton,Universal,Drama,Based on Real Life Events,Live Action,Dramatization,28000000.0,2757.0,3142.0,17941.0,60200180.0,161197785.0,216268915.0,40985196.0,202182981.0,2015.0,39.0,straightouttacompton,201634991.0,161197785.0,0.799,40437206.0,0.2,277216.0,7.785,3600.0,Released,2015-08-11,201634991.0,147.0,False,28000000.0,en,23.209,"Drama, Music, History","Broken Chair Flickz, Universal Pictures, Legendary Pictures, New Line Cinema, Cube Vision, Crucial Films, Circle of Confusion, Will Packer Productions, Xenon Pictures",United States of America,English,2015.0,both,both
57.0,"Nov 23, 2022","Nov 22, 2022",2022.0,strangeworld,Walt Disney,Adventure,Original Screenplay,Digital Animation,Kids Fiction,180000000.0,4174.0,4174.0,18823.0,12151384.0,39089002.0,40736392.0,35652677.0,74741679.0,2022.0,53.0,strangeworld,73621640.0,37968963.0,0.516,35652677.0,0.48,877269.0,6.424,1062.0,Released,2022-11-23,73621640.0,102.0,False,180000000.0,en,39.93,"Animation, Family, Adventure, Science Fiction","Walt Disney Pictures, Walt Disney Animation Studios",United States of America,English,2022.0,both,both
,,,,,,,,,,,,,,,,,,,2023.0,113.0,strays,36071267.0,23988885.0,0.665,12082382.0,0.34,912908.0,7.531,389.0,Released,2023-08-17,32000000.0,93.0,False,46000000.0,en,419.527,"Comedy, Adventure","Universal Pictures, PictureStart, Lord Miller, Gloria Sanchez Productions, Rabbit Hole Productions, dentsu",United States of America,English,2023.0,both,right_only
,,,,,,,,,,,,,,,,,,,2023.0,113.0,strays,36071267.0,23988885.0,0.665,12082382.0,0.34,676369.0,10.0,1.0,Released,2017-06-11,0.0,87.0,False,0.0,en,0.6,"Animation, Drama",Roto Film,United Kingdom,English,2017.0,both,right_only
,,,,,,,,,,,,,,,,,,,2018.0,200.0,stree,22075730.0,,,22075730.0,1.0,533991.0,6.98,124.0,Released,2018-08-31,0.0,128.0,False,0.0,hi,6.215,"Horror, Comedy","Maddock Films, D2R Films",India,Hindi,2018.0,both,right_only
49.0,"Aug 16, 2024","Aug 15, 2024",2024.0,stree2,Prathyangira Cinemas,Comedy,Original Screenplay,Live Action,Contemporary Fiction,0.0,666.0,666.0,666.0,2184000.0,2184000.0,2184000.0,100000000.0,102184000.0,,,stree2,,,,,,1112426.0,0.0,0.0,In Production,2024-08-31,0.0,0.0,False,0.0,hi,1.96,"Horror, Comedy",Maddock Films,India,Hindi,2024.0,right_only,both
,,,,,,,,,,,,,,,,,,,2020.0,109.0,streetdancer3d,10339127.0,,,10339127.0,1.0,644712.0,7.283,30.0,Released,2020-01-24,12589965.0,146.0,False,9204790.0,hi,4.498,"Drama, Music","T-Series, UTV Motion Pictures, Dance Film Company, Remo D'Souza Entertainment",India,Hindi,2020.0,both,right_only
,,,,,,,,,,,,,,,,,,,2020.0,191.0,streltsov,4850073.0,,,4850073.0,1.0,579805.0,6.636,11.0,Released,2020-09-24,0.0,101.0,False,0.0,ru,3.926,"Drama, History, Romance","Rock Films, Studio Trite, Russia-1, Central Partnership",Russia,Russian,2020.0,both,right_only
,,,,,,,,,,,,,,,,,,,2019.0,152.0,stuber,32390945.0,22370452.0,0.691,10020493.0,0.31,513045.0,6.666,1181.0,Released,2019-07-11,32400000.0,93.0,False,16000000.0,en,12.751,"Action, Comedy",GoldDay,United States of America,English,2019.0,both,right_only
15.0,"Aug 1, 2024","Jul 16, 2024",2024.0,successor,CMC Pictures,Comedy,Original Screenplay,Live Action,Contemporary Fiction,0.0,0.0,0.0,0.0,0.0,0.0,0.0,426724768.0,426724768.0,2024.0,16.0,successor,422307398.0,,,422307398.0,1.0,,,,,,,,,,,,,,,,,left_only,both
,,,,,,,,,,,,,,,,,,,2015.0,90.0,suckmeshakespeer2,83027924.0,,,83027924.0,1.0,329263.0,6.444,876.0,Released,2015-09-10,83027924.0,115.0,False,0.0,de,5.7,Comedy,Constantin Film,Germany,"English, German, Thai",2015.0,both,right_only
,,,,,,,,,,,,,,,,,,,2017.0,93.0,suckmeshakespeer3,64236772.0,,,64236772.0,1.0,437670.0,6.108,384.0,Released,2017-10-26,0.0,120.0,False,0.0,de,13.912,Comedy,Constantin Film,Germany,German,2017.0,both,right_only
,,,,,,,,,,,,,,,,,,,2015.0,178.0,suffragette,31972096.0,4702420.0,0.147,27269676.0,0.85,245168.0,7.263,1527.0,Released,2015-10-16,16002420.0,106.0,False,14000000.0,en,11.596,"Drama, History","Ruby Films, Film4 Productions, Ingenious Media, Canal+, Ciné+, Pathé, Focus Features","France, United Kingdom",English,2015.0,both,right_only
10.0,"Aug 5, 2016","Aug 2, 2016",2016.0,suicidesquad,Warner Bros.,Action,Based on Comic/Graphic Novel,Animation/Live Action,Super Hero,175000000.0,4255.0,4255.0,31523.0,133682248.0,325100054.0,425073016.0,424100000.0,749200054.0,2016.0,10.0,suicidesquad,749200054.0,325100054.0,0.434,424100000.0,0.57,297761.0,5.909,20097.0,Released,2016-08-03,746846894.0,123.0,False,175000000.0,en,35.356,"Action, Adventure, Fantasy","DC Entertainment, Dune Entertainment, Warner Bros. Pictures, Atlas Entertainment, DC Comics, DC Films, Lin Pictures",United States of America,"English, Japanese, Spanish",2016.0,both,both
34.0,"Sep 9, 2016","Sep 8, 2016",2016.0,sully,Warner Bros.,Drama,Based on Factual Book/Article,Live Action,Dramatization,60000000.0,3525.0,3955.0,24002.0,35028301.0,125070033.0,163526506.0,118800000.0,243870033.0,2016.0,36.0,sully,243870033.0,125070033.0,0.513,118800000.0,0.49,363676.0,7.177,6686.0,Released,2016-09-07,240797623.0,96.0,False,60000000.0,en,23.191,"Drama, History","Malpaso Productions, FilmNation Entertainment, Flashlight Films, Warner Bros. Pictures, RatPac Entertainment, The Kennedy/Marshall Company",United States of America,English,2016.0,both,both
,,,,,,,,,,,,,,,,,,,2016.0,88.0,sultan,87280000.0,6200000.0,0.071,81080000.0,0.93,376812.0,6.936,196.0,Released,2016-07-06,102000000.0,170.0,False,10400000.0,hi,10.879,"Drama, Action, Romance",Yash Raj Films,India,"English, Hindi",2016.0,both,right_only
,,,,,,,,,,,,,,,,,,,2023.0,196.0,sunandconcrete,10120340.0,,,10120340.0,1.0,915980.0,7.639,36.0,Released,2023-03-02,0.0,119.0,False,0.0,de,3.988,"Crime, Drama, Adventure","Seven Elephants, Constantin Film",Germany,German,2023.0,both,right_only
,,,,,,,,,,,,,,,,,,,2021.0,192.0,sunnysisters,7880000.0,,,7880000.0,1.0,829933.0,10.0,0.0,Released,2021-06-11,0.0,118.0,False,0.0,zh,1.542,Comedy,,China,Mandarin,2021.0,both,right_only
,,,,,,,,,,,,,,,,,,,2019.0,175.0,super30,24701637.0,2269878.0,0.092,22431759.0,0.91,534075.0,7.359,85.0,Released,2019-07-12,0.0,153.0,False,0.0,hi,6.131,Drama,"Phantom Films, Nadiadwala Grandson Entertainment, Reliance Entertainment, HRX Films",India,Hindi,2019.0,both,right_only
10.0,"Jul 11, 2025","Jul 8, 2025",2025.0,superman,Warner Bros.,Action,Based on Comic/Graphic Novel,Live Action,Super Hero,225000000.0,4135.0,4275.0,27453.0,125021735.0,354223803.0,354223803.0,264500000.0,618723803.0,2025.0,10.0,superman,618723803.0,354223803.0,0.573,264500000.0,0.427,923396.0,2.0,1.0,Released,2021-07-26,0.0,17.0,False,0.0,en,0.6,Thriller,,United States of America,English,2021.0,both,both
,,,,,,,,,,,,,,,,,,,2018.0,165.0,supertroopers2,31626386.0,30617396.0,0.968,1008990.0,0.03,50022.0,5.854,417.0,Released,2018-04-19,18850674.0,100.0,False,13500000.0,en,12.698,"Comedy, Crime, Mystery","Broken Lizard Industries, Cataland Films, Needle's Eye Productions, Fox Searchlight Pictures",United States of America,English,2018.0,both,right_only
,,,,,,,,,,,,,,,,,,,2022.0,135.0,superwho,14770359.0,,,14770359.0,1.0,746333.0,6.394,433.0,Released,2022-02-02,7375119.0,82.0,False,0.0,fr,12.993,"Comedy, Action","StudioCanal, Cinéfrance, BAF Prod, TF1 Films Production",France,French,2022.0,both,right_only
,,,,,,,,,,,,,,,,,,,2015.0,133.0,surprise,49567466.0,,,49567466.0,1.0,372836.0,3.2,20.0,Released,2015-12-18,0.0,96.0,False,0.0,zh,4.387,"Adventure, Comedy, Fantasy",Bona International Film Group,China,Mandarin,2015.0,both,right_only
,,,,,,,,,,,,,,,,,,,2015.0,133.0,surprise,49567466.0,,,49567466.0,1.0,44666.0,6.6,5.0,Released,1996-02-21,0.0,6.0,False,0.0,de,0.6,,,Germany,No Language,1996.0,both,right_only
24.0,"Apr 14, 2023","Nov 11, 2022",2023.0,suzume,Sony Pictures,Adventure,Original Screenplay,Digital Animation,Contemporary Fiction,0.0,2170.0,2170.0,5310.0,5001705.0,10932037.0,11301766.0,304060169.0,314992206.0,2022.0,21.0,suzume,221184739.0,10932037.0,0.049,210252702.0,0.95,916224.0,7.967,684.0,Released,2022-11-11,321092572.0,123.0,False,0.0,ja,175.357,"Animation, Drama, Adventure, Fantasy","CoMix Wave Films, Story, Lawson Entertainment, East Japan Marketing & Communications, voque ting, KADOKAWA, Aniplex, TOHO",Japan,Japanese,2022.0,both,both
,,,,,,,,,,,,,,,,,,,2017.0,171.0,swordartonlinethemovieordinalscale,29322339.0,1522976.0,0.052,27799363.0,0.95,413594.0,7.8,619.0,Released,2017-02-18,20725409.0,119.0,False,0.0,ja,16.984,"Animation, Action, Adventure, Fantasy, Romance, Science Fiction","A-1 Pictures, Aniplex, ASCII Media Works, Bandai Namco Entertainment, GENCO, EGG FIRM",Japan,Japanese,2017.0,both,right_only
,,,,,,,,,,,,,,,,,,,2022.0,174.0,swordartonlinethemovieprogressivescherzoofdeepnight,9071701.0,,,9071701.0,1.0,893712.0,7.617,133.0,Released,2022-10-22,0.0,100.0,False,0.0,ja,129.059,"Animation, Action, Fantasy, Science Fiction","A-1 Pictures, EGG FIRM, Straight Edge, Aniplex, Sonilude",Japan,Japanese,2022.0,both,right_only
,,,,,,,,,,,,,,,,,,,2017.0,139.0,t2trainspotting,41681746.0,2402004.0,0.0579999999999999,39279742.0,0.94,180863.0,6.946,2916.0,Released,2017-01-27,42067430.0,117.0,False,18000000.0,en,21.127,"Drama, Comedy","Creative Scotland, DNA Films, TriStar Pictures, Decibel Films, Film4 Productions, Cloud Eight Films",United Kingdom,"Bulgarian, English",2017.0,both,right_only
,,,,,,,,,,,,,,,,,,,2019.0,163.0,t34,28125635.0,,,28125635.0,1.0,505954.0,7.162,777.0,Released,2018-12-27,36220872.0,139.0,False,8000000.0,ru,8.778,"War, Action, Drama, History","Mars Media Entertainment, AMedia",Russia,"German, Russian",2018.0,both,right_only
,,,,,,,,,,,,,,,,,,,2022.0,164.0,tableforsix,10138355.0,,,10138355.0,1.0,851800.0,6.804,28.0,Released,2022-09-07,9590000.0,116.0,False,0.0,cn,4.502,"Comedy, Family, Romance","Irresistible Beta Limited, One Cool Film Production, Edko Films",Hong Kong,Cantonese,2022.0,both,right_only
,,,,,,,,,,,,,,,,,,,2022.0,77.0,tadthelostexplorerandtheemeraldtablet,32849430.0,67599.0,0.002,32781831.0,1.0,676701.0,7.601,263.0,Released,2022-08-24,0.0,89.0,False,0.0,es,29.496,"Animation, Adventure, Family, Comedy, Fantasy","Lightbox Animation Studios, 4 Cats Pictures, Ikiru Films, Telecinco Cinema",Spain,"Portuguese, Spanish",2022.0,both,right_only
,,,,,,,,,,,,,,,,,,,2017.0,149.0,tadthelostexplorerandthesecretofkingmidas,35704046.0,5874.0,0.001,35698172.0,1.0,452773.0,6.693,367.0,Released,2017-03-25,34156960.0,85.0,False,10778400.0,es,15.952,"Animation, Adventure, Comedy, Family","4 Cats Pictures, Lightbox Animation Studios, Ikiru Films, Lightbox Entertainment, Mogambo Films, Telefónica Studios, Tadeo Jones y el Secreto de Midas A.I.E., Telecinco Cinema, Paramount, ICAA",Spain,Spanish,2017.0,both,right_only
100.0,"Jun 15, 2018","Jun 15, 2018",2018.0,tag,Warner Bros.,Comedy,Based on Factual Book/Article,Live Action,Contemporary Fiction,28000000.0,3382.0,3382.0,14706.0,14947396.0,54730625.0,67947675.0,23500000.0,78230625.0,2018.0,93.0,tag,78230625.0,54730625.0,0.7,23500000.0,0.3,455980.0,6.7,2869.0,Released,2018-05-30,75100000.0,100.0,False,28000000.0,en,19.098,"Comedy, Action","New Line Cinema, Broken Road Productions",United States of America,English,2018.0,both,both
100.0,"Jun 15, 2018","Jun 15, 2018",2018.0,tag,Warner Bros.,Comedy,Based on Factual Book/Article,Live Action,Contemporary Fiction,28000000.0,3382.0,3382.0,14706.0,14947396.0,54730625.0,67947675.0,23500000.0,78230625.0,2018.0,93.0,tag,78230625.0,54730625.0,0.7,23500000.0,0.3,1119611.0,7.333,3.0,Released,2023-06-28,0.0,112.0,False,0.0,ar,3.063,"Action, Science Fiction, Comedy",Tamer Hosny Movie Production,Egypt,Arabic,2023.0,both,both
100.0,"Jun 15, 2018","Jun 15, 2018",2018.0,tag,Warner Bros.,Comedy,Based on Factual Book/Article,Live Action,Contemporary Fiction,28000000.0,3382.0,3382.0,14706.0,14947396.0,54730625.0,67947675.0,23500000.0,78230625.0,2018.0,93.0,tag,78230625.0,54730625.0,0.7,23500000.0,0.3,705258.0,3.0,1.0,Released,2020-01-01,0.0,4.0,False,0.0,tr,0.6,Drama,,Turkey,Turkish,2020.0,both,both
100.0,"Jun 15, 2018","Jun 15, 2018",2018.0,tag,Warner Bros.,Comedy,Based on Factual Book/Article,Live Action,Contemporary Fiction,28000000.0,3382.0,3382.0,14706.0,14947396.0,54730625.0,67947675.0,23500000.0,78230625.0,2018.0,93.0,tag,78230625.0,54730625.0,0.7,23500000.0,0.3,1315501.0,0.0,0.0,Released,2021-12-15,0.0,1.0,False,0.0,en,0.0,"Thriller, Comedy",Conflix,Canada,English,2021.0,both,both
22.0,"Jan 9, 2015","Jan 2, 2015",2015.0,taken3,20th Century Fox,Action,Original Screenplay,Live Action,Contemporary Fiction,48000000.0,3594.0,3594.0,16697.0,39201657.0,89256424.0,119749726.0,238400000.0,327656424.0,2015.0,23.0,taken3,326479141.0,89256424.0,0.273,237222717.0,0.73,260346.0,6.234,5360.0,Released,2014-12-16,325771424.0,109.0,False,48000000.0,en,86.527,"Thriller, Action","EuropaCorp, Grive Productions, M6, TSG Entertainment, 20th Century Fox, Fox International Productions, Canal+, Ciné+","France, United States of America",English,2014.0,both,both
78.0,"Jul 28, 2023","Jul 26, 2023",2023.0,talktome,A24,Horror,Original Screenplay,Live Action,Contemporary Fiction,4250000.0,2340.0,2379.0,14166.0,10431720.0,48299436.0,49932960.0,43642666.0,91942102.0,2023.0,70.0,talktome,91959188.0,48299436.0,0.525,43659752.0,0.48,1008042.0,7.214,973.0,Released,2023-07-26,72600000.0,95.0,False,4500000.0,en,1458.514,"Horror, Thriller","Causeway Films, Metrol Technology, Screen Australia, South Australian Film Corporation, Bankside Films, Head Gear Films, Adelaide Film Festival Investment Fund","Australia, United Kingdom",English,2023.0,both,both
,,,,,,,,,,,,,,,,,,,2020.0,34.0,tanhajitheunsungwarrior,45221814.0,,,45221814.0,1.0,584850.0,6.638,58.0,Released,2020-01-10,0.0,135.0,False,0.0,hi,6.021,"Action, Drama, History","T-Series, Viacom18 Studios, Ajay Devgn FFilms",India,"Hindi, Marathi",2020.0,both,right_only
84.0,"May 3, 2024","May 1, 2024",2024.0,tarot,Sony Pictures,Horror,Based on Fiction Book/Short Story,Live Action,Contemporary Fiction,8000000.0,3104.0,3104.0,10336.0,6503012.0,18771004.0,18771004.0,30333741.0,49104745.0,2024.0,73.0,tarot,49371152.0,18771004.0,0.38,30600148.0,0.62,,,,,,,,,,,,,,,,,left_only,both
,,,,,,,,,,,,,,,,,,,2018.0,150.0,taxi5,38598227.0,,,38598227.0,1.0,434355.0,5.499,925.0,Released,2018-04-07,38600000.0,102.0,False,24625000.0,fr,12.968,"Comedy, Action","ARP Sélection, EuropaCorp",France,"French, Japanese",2018.0,both,right_only
33.0,"Oct 13, 2023","Oct 13, 2023",2023.0,taylorswifttheerastour,AMC Theatres Distribution,Concert/Performance,Based on Real Life Events,Live Action,Factual,15000000.0,3855.0,3855.0,21891.0,93224755.0,180760722.0,186867444.0,80652337.0,261413059.0,2023.0,30.0,taylorswifttheerastour,261656269.0,180756269.0,0.691,80900000.0,0.31,1160164.0,0.0,0.0,Post Production,2023-10-13,0.0,160.0,False,20000000.0,en,31.98,Music,Taylor Swift Productions,United States of America,English,2023.0,both,both
37.0,"Jun 26, 2015","Jun 25, 2015",2015.0,ted2,Universal,Comedy,Original Screenplay,Animation/Live Action,Fantasy,68000000.0,3442.0,3448.0,12348.0,33507870.0,81476385.0,109311738.0,135737758.0,217214143.0,2015.0,36.0,ted2,215863606.0,81476385.0,0.377,134387221.0,0.62,214756.0,6.286,6892.0,Released,2015-06-25,215863606.0,115.0,False,68000000.0,en,58.25,"Comedy, Fantasy","Smart Entertainment, Universal Pictures, Fuzzy Door Productions, Bluegrass Films, MRC",United States of America,English,2015.0,both,both
,,,,,,,,,,,,,,,,,,,2023.0,44.0,teenagemutantninjaturtlesmutantmayhem,181935518.0,118700272.0,0.652,63235246.0,0.35,614930.0,7.328,652.0,Released,2023-07-31,172000000.0,100.0,False,70000000.0,en,484.876,"Animation, Comedy, Action","Paramount, Nickelodeon Movies, Point Grey Pictures, Mikros Animation, Cinesite Animation","Canada, France, United States of America","English, Mandarin",2023.0,both,right_only
,,,,,,,,,,,,,,,,,,,2016.0,35.0,teenagemutantninjaturtlesoutoftheshadows,245623848.0,82051601.0,0.3339999999999999,163572247.0,0.67,308531.0,6.006,3247.0,Released,2016-06-01,245623848.0,112.0,False,135000000.0,en,37.237,"Action, Adventure, Comedy, Family, Science Fiction","5150 Action, Paramount, Nickelodeon Movies, Platinum Dunes, Gama Entertainment Partners",United States of America,English,2016.0,both,right_only
,,,,,,,,,,,,,,,,,,,2018.0,119.0,teentitansgotothemovies,52390236.0,29790236.0,0.569,22600000.0,0.43,474395.0,7.351,1034.0,Released,2018-07-27,28646544.0,84.0,False,10000000.0,en,19.174,"Animation, Action, Comedy, Science Fiction","Warner Bros. Animation, DC Entertainment",United States of America,English,2018.0,both,right_only
4.0,"Sep 3, 2020","Aug 26, 2020",2020.0,tenet,Warner Bros.,Action,Original Screenplay,Live Action,Science Fiction,205000000.0,2810.0,2930.0,28603.0,20001852.0,59473550.0,72992871.0,306800000.0,366273550.0,2020.0,5.0,tenet,365304105.0,58504105.0,0.16,306800000.0,0.84,577922.0,7.191,8744.0,Released,2020-08-22,365304105.0,150.0,False,205000000.0,en,44.025,"Action, Thriller, Science Fiction","Warner Bros. Pictures, Syncopy","United Kingdom, United States of America","English, Estonian",2020.0,both,both
34.0,"Nov 1, 2019","Oct 25, 2019",2019.0,terminatordarkfate,Paramount Pictures,Action,Original Screenplay,Animation/Live Action,Science Fiction,185000000.0,4086.0,4086.0,13254.0,29033832.0,62253077.0,76864875.0,188114589.0,250367666.0,2019.0,30.0,terminatordarkfate,261119292.0,62253077.0,0.238,198866215.0,0.76,290859.0,6.455,4652.0,Released,2019-10-23,261119292.0,128.0,False,185000000.0,en,39.447,"Science Fiction, Action","Lightstorm Entertainment, Skydance, 20th Century Fox, Paramount, Tencent Pictures, TSG Entertainment, Ministry of Finance of Spain, Ministerio de Cultura, Hungarian National Film Fund, Mid Atlantic Films","China, Hungary, Spain, United States of America","English, Spanish",2019.0,both,both
17.0,"Jul 1, 2015","Jun 24, 2015",2015.0,terminatorgenisys,Paramount Pictures,Action,Original Screenplay,Live Action,Science Fiction,155000000.0,3758.0,3783.0,14033.0,27018486.0,89760956.0,120426618.0,342389938.0,432150894.0,2015.0,17.0,terminatorgenisys,440603537.0,89760956.0,0.204,350842581.0,0.8,87101.0,5.924,7870.0,Released,2015-06-23,440603537.0,126.0,False,155000000.0,en,67.345,"Science Fiction, Action, Thriller, Adventure","Skydance, Paramount, Annapurna Pictures","Canada, United States of America",English,2015.0,both,both
,,,,,,,,,,,,,,,,,,,2022.0,131.0,terrifier2,15140838.0,10640105.0,0.703,4500733.0,0.3,663712.0,6.832,1393.0,Released,2022-10-06,15065239.0,138.0,False,250000.0,en,84.833,"Horror, Thriller","Dark Age Cinema, Fuzz on the Lens Productions, Bloody Disgusting",United States of America,English,2022.0,both,right_only
63.0,"Oct 11, 2024","Oct 9, 2024",2024.0,terrifier3,Iconic/Cineverse,Horror,Original Screenplay,Live Action,Contemporary Fiction,2000000.0,2514.0,2762.0,11916.0,18928113.0,53981071.0,53981071.0,22355421.0,76336492.0,2024.0,54.0,terrifier3,89169769.0,53981071.0,0.605,35188698.0,0.4,1034541.0,0.0,0.0,Planned,2024-10-25,0.0,0.0,False,0.0,en,22.384,"Horror, Thriller","Dark Age Cinema, Fuzz on the Lens Productions, Bloody Disgusting",United States of America,English,2024.0,both,both
,,,,,,,,,,,,,,,,,,,2023.0,95.0,thanksgiving,46553280.0,31908884.0,0.685,14644396.0,0.32,363909.0,6.844,33.0,Released,2007-04-06,0.0,3.0,False,0.0,en,2.52,"Comedy, Horror",Dimension Films,United States of America,,2007.0,both,right_only
,,,,,,,,,,,,,,,,,,,2022.0,152.0,thattimeigotreincarnatedasaslimethemoviescarletbond,11628645.0,1588491.0,0.1369999999999999,10040154.0,0.86,876792.0,7.69,276.0,Released,2022-11-25,11426555.0,108.0,False,0.0,ja,82.932,"Animation, Fantasy, Adventure","8bit, Bandai Namco Filmworks, Magic Capsule, Sony Music Solutions, Bandai Spirits, Kodansha, MICRO MAGAZINE, Bandai Namco Music Live, Nippon BS Broadcasting, ADK Marketing Solutions, Nippon Television Network Corporation, Lantis",Japan,Japanese,2022.0,both,right_only
,,,,,,,,,,,,,,,,,,,2018.0,114.0,the1517toparis,57176286.0,36276286.0,0.634,20900000.0,0.37,453201.0,5.423,1509.0,Released,2018-02-07,57076286.0,94.0,False,30000000.0,en,16.183,"Drama, Thriller","Warner Bros. Pictures, Malpaso Productions, Village Roadshow Pictures, Dune Entertainment",United States of America,English,2018.0,both,right_only
,,,,,,,,,,,,,,,,,,,2015.0,188.0,the33,27972023.0,12227722.0,0.437,15744301.0,0.56,293646.0,6.357,869.0,Released,2015-08-06,24902723.0,120.0,False,25000000.0,en,13.023,"Drama, History","Alcon Entertainment, Phoenix Pictures, Half Circle, Gobierno de Colombia, Los 33, Warner Bros. Pictures, Dynamo, Fabula, Fox International Productions, Mandate International","Chile, Colombia, Spain, United States of America","Spanish, English",2015.0,both,right_only
,,,,,,,,,,,,,,,,,,,2022.0,86.0,the355,27827745.0,14570455.0,0.524,13257290.0,0.48,522016.0,6.139,859.0,Released,2022-01-05,55700000.0,122.0,False,75000000.0,en,29.949,"Action, Thriller","Freckle Films, Genre Films, FilmNation Entertainment, Universal Pictures, Demei Holdings Limited, CNC, Firstep, Episode Films Co., Zak Productions","France, Hong Kong, Morocco, Taiwan, United States of America","Arabic, English, French, Mandarin, Spanish, German",2022.0,both,right_only
,,,,,,,,,,,,,,,,,,,2025.0,160.0,the4rascals,13125103.0,,,13125103.0,1.0,1391703.0,0.0,0.0,Post Production,2025-01-29,0.0,0.0,False,0.0,vi,0.701,"Comedy, Romance",Trấn Thành Town,Vietnam,Vietnamese,2025.0,both,right_only
79.0,"Jan 22, 2016","Jan 14, 2016",2016.0,the5thwave,Sony Pictures,Action,Based on Fiction Book/Short Story,Live Action,Science Fiction,38000000.0,2908.0,2908.0,12484.0,10326356.0,34912982.0,45649230.0,76423416.0,111336398.0,2015.0,67.0,the5thwave,109906372.0,34916787.0,0.318,74989585.0,0.68,299687.0,5.946,5479.0,Released,2016-01-14,109906372.0,112.0,False,38000000.0,en,26.968,"Science Fiction, Adventure, Action","LStar Capital, Columbia Pictures, GK Films, Material Pictures",United States of America,English,2016.0,both,both
,,,,,,,,,,,,,,,,,,,2017.0,191.0,the8yearengagement,24425963.0,,,24425963.0,1.0,456063.0,7.7,42.0,Released,2017-12-16,0.0,119.0,False,0.0,ja,5.22,"Drama, Romance",Shochiku,Japan,Japanese,2017.0,both,right_only
,,,,,,,,,,,,,,,,,,,2018.0,190.0,theaccidentaldetective2inaction,24243825.0,179045.0,0.0069999999999999,24064780.0,0.99,522811.0,6.574,27.0,Released,2018-06-13,24243825.0,116.0,False,0.0,ko,3.52,"Comedy, Crime","CJ Entertainment, Cree Pictures",South Korea,Korean,2018.0,both,right_only
59.0,"Oct 14, 2016","Oct 11, 2016",2016.0,theaccountant,Warner Bros.,Thriller/Suspense,Original Screenplay,Live Action,Contemporary Fiction,40000000.0,3332.0,3402.0,19015.0,24710273.0,86260045.0,112767440.0,69300000.0,155560045.0,2016.0,59.0,theaccountant,155560045.0,86260045.0,0.555,69300000.0,0.45,302946.0,7.062,5635.0,Released,2016-10-13,155160045.0,128.0,False,44000000.0,en,22.664,"Crime, Thriller, Drama","Zero Gravity Management, Electric City Entertainment, RatPac Entertainment, Warner Bros. Pictures",United States of America,English,2016.0,both,both
55.0,"Apr 25, 2025","Apr 23, 2025",2025.0,theaccountant2,Amazon MGM Studios,Thriller/Suspense,Original Screenplay,Live Action,Contemporary Fiction,80000000.0,3610.0,3610.0,16963.0,24533959.0,65523366.0,65523366.0,37800000.0,103323366.0,2025.0,50.0,theaccountant2,103323366.0,65523366.0,0.634,37800000.0,0.366,,,,,,,,,,,,,,,,,left_only,both
42.0,"Oct 11, 2019","Oct 11, 2019",2019.0,theaddamsfamily,United Artists,Adventure,Based on TV,Digital Animation,Kids Fiction,24000000.0,4007.0,4207.0,25972.0,30300007.0,97864733.0,120833337.0,102723813.0,200588546.0,2019.0,42.0,theaddamsfamily,203044905.0,100044905.0,0.493,103000000.0,0.51,2907.0,7.031,4142.0,Released,1991-11-22,191502426.0,102.0,False,30000000.0,en,36.491,"Comedy, Fantasy","Scott Rudin Productions, Orion Pictures, Paramount",United States of America,English,1991.0,both,both
38.0,"Oct 1, 2021","Oct 1, 2021",2021.0,theaddamsfamily2,United Artists,Adventure,Based on TV,Digital Animation,Kids Fiction,0.0,4207.0,4207.0,21549.0,17325007.0,56489153.0,62821271.0,62894083.0,119383236.0,2021.0,40.0,theaddamsfamily2,119815153.0,56489153.0,0.471,63326000.0,0.53,639721.0,7.012,1152.0,Released,2021-10-01,119815153.0,93.0,False,0.0,en,36.131,"Animation, Adventure, Comedy, Family, Fantasy, Horror","Metro-Goldwyn-Mayer, Bron Studios, BermanBraun, Cinesite Animation, Nitrogen Studios Canada","Canada, United States of America","English, Spanish, Latin, Ukrainian",2021.0,both,both
,,,,,,,,,,,,,,,,,,,2017.0,148.0,theadventurers,36796816.0,216556.0,0.006,36580260.0,0.99,452551.0,6.0,156.0,Released,2017-08-11,216556.0,108.0,False,0.0,cn,8.959,"Action, Drama, Crime, Adventure","Infinitus Entertainment, Gravity Pictures, Milk & Honey Pictures, Mannix Pictures, China Media Capital, China Film Group Corporation, Alibaba Pictures Group","China, Czech Republic, Hong Kong","English, French, Mandarin, Russian",2017.0,both,right_only
99.0,"Apr 24, 2015","Apr 16, 2015",2015.0,theageofadaline,Lionsgate,Drama,Original Screenplay,Live Action,Fantasy,30000000.0,2991.0,3070.0,14935.0,13203458.0,42629776.0,57193686.0,26354760.0,68984536.0,2015.0,105.0,theageofadaline,65663276.0,42629776.0,0.649,23033500.0,0.35,293863.0,7.469,6092.0,Released,2015-04-16,65663276.0,112.0,False,25000000.0,en,27.069,"Romance, Fantasy, Drama","Lakeshore Entertainment, Sidney Kimmel Entertainment, Lionsgate",United States of America,English,2015.0,both,both
,,,,,,,,,,,,,,,,,,,2016.0,116.0,theageofshadows,54491162.0,541719.0,0.01,53949443.0,0.99,363579.0,7.252,292.0,Released,2016-09-07,53165427.0,140.0,False,9620000.0,ko,8.238,"Action, Thriller","Harbin, Warner Bros. Korea, Dark Circle Pictures, Finecut, Warner Bros. Pictures",South Korea,"English, Mandarin, Korean, Japanese",2016.0,both,right_only
58.0,"Apr 11, 2025","Apr 9, 2025",2025.0,theamateur,20th Century Studios,Thriller/Suspense,Based on Fiction Book/Short Story,Live Action,Contemporary Fiction,60000000.0,3400.0,3400.0,14450.0,14802849.0,40759635.0,40759635.0,55193640.0,95953275.0,2025.0,52.0,theamateur,96000836.0,40759635.0,0.425,55241201.0,0.575,21294.0,5.917,12.0,Released,1981-12-11,6892098.0,112.0,False,8338578.0,en,2.448,"Action, Crime, Thriller","Balkan Productions, Tiberius Film Productions",Canada,English,1981.0,both,both
,,,,,,,,,,,,,,,,,,,2022.0,106.0,theamazingmaurice,21122082.0,4303645.0,0.204,16818437.0,0.8,676710.0,6.987,113.0,Released,2022-12-16,21110363.0,93.0,False,17000000.0,en,34.244,"Animation, Adventure, Comedy, Family, Fantasy","Ulysses Filmproduktion, Cantilever Media, Filmförderung Hamburg Schleswig-Holstein, MEDIA sub-programme of Creative Europe, FFA, Narrativia, Studio Rakete, Squeeze, Red Star 3D","Germany, United Kingdom",English,2022.0,both,right_only
23.0,"May 20, 2016","May 11, 2016",2016.0,theangrybirdsmovie,Sony Pictures,Adventure,Based on Game,Digital Animation,Kids Fiction,73000000.0,3932.0,3932.0,18331.0,38155177.0,107509366.0,140570045.0,244778975.0,352288341.0,2016.0,24.0,theangrybirdsmovie,352333929.0,107509366.0,0.305,244824563.0,0.7,153518.0,6.205,3369.0,Released,2016-05-11,349779543.0,97.0,False,73000000.0,en,24.75,"Animation, Adventure, Comedy","Columbia Pictures, Rovio Entertainment, Rovio Animation","Finland, United States of America",English,2016.0,both,both
54.0,"Aug 13, 2019","Aug 2, 2019",2019.0,theangrybirdsmovie2,Sony Pictures,Adventure,Based on Game,Digital Animation,Kids Fiction,65000000.0,3869.0,3869.0,16044.0,10354073.0,41657076.0,51434668.0,110598112.0,152255188.0,2019.0,57.0,theangrybirdsmovie2,147792047.0,41667116.0,0.282,106124931.0,0.72,454640.0,7.119,1505.0,Released,2019-08-02,147792047.0,97.0,False,65000000.0,en,29.899,"Animation, Comedy, Adventure, Family","Rovio Animation, Columbia Pictures, Sony Pictures Animation, Rovio Entertainment","Finland, United States of America",English,2019.0,both,both
,,,,,,,,,,,,,,,,,,,2019.0,147.0,theartofracingintherain,33766787.0,26395642.0,0.782,7371145.0,0.22,522924.0,8.21,1304.0,Released,2019-08-08,33766787.0,109.0,False,18000000.0,en,30.413,"Drama, Romance, Comedy, Family","Original Film, 20th Century Fox, Shifting Gears Productions, Fox 2000 Pictures, Starbucks Entertainment",United States of America,"English, Spanish, Italian",2019.0,both,right_only
,,,,,,,,,,,,,,,,,,,2020.0,97.0,theasadas,11888743.0,,,11888743.0,1.0,586393.0,7.3,94.0,Released,2020-10-02,0.0,127.0,False,0.0,ja,8.254,"Drama, Comedy",TOHO,Japan,Japanese,2020.0,both,right_only
18.0,"Apr 22, 2022","Mar 17, 2022",2022.0,thebadguys,Universal,Comedy,Based on Fiction Book/Short Story,Digital Animation,Kids Fiction,70000000.0,4009.0,4042.0,33861.0,23950245.0,97787945.0,104998062.0,153373095.0,251161040.0,2022.0,17.0,thebadguys,250387888.0,97459240.0,0.389,152928648.0,0.61,629542.0,7.629,1666.0,Released,2022-03-17,250162278.0,100.0,False,80000000.0,en,54.776,"Animation, Action, Adventure, Crime, Comedy, Family","DreamWorks Animation, Universal Pictures",United States of America,English,2022.0,both,both
27.0,"Aug 1, 2025","Jul 23, 2025",2025.0,thebadguys2,Universal,Comedy,Based on Fiction Book/Short Story,Digital Animation,Kids Fiction,80000000.0,3852.0,3860.0,24514.0,21995715.0,82593605.0,82593605.0,156815318.0,239408923.0,2025.0,25.0,thebadguys2,239535701.0,82593605.0,0.345,156942096.0,0.655,,,,,,,,,,,,,,,,,left_only,both
69.0,"Oct 21, 2022","Oct 21, 2022",2022.0,thebansheesofinisherin,Searchlight Pictures,Drama,Original Screenplay,Live Action,Contemporary Fiction,20000000.0,4.0,1205.0,7516.0,184454.0,10582266.0,11303530.0,41762458.0,52344724.0,2022.0,65.0,thebansheesofinisherin,50250625.0,10582266.0,0.211,39668359.0,0.79,674324.0,7.474,2080.0,Released,2022-10-20,49262687.0,114.0,False,20000000.0,en,26.625,"Drama, Comedy, History","Searchlight Pictures, Blueprint Pictures, Film4 Productions, Metropolitan Films International, TSG Entertainment","Ireland, United Kingdom, United States of America",English,2022.0,both,both
7.0,"Mar 1, 2022","Mar 1, 2022",2022.0,thebatman,Warner Bros.,Action,Based on Comic/Graphic Novel,Live Action,Super Hero,200000000.0,4417.0,4417.0,30031.0,134008624.0,369612903.0,396971836.0,402900000.0,772512903.0,2022.0,7.0,thebatman,772245583.0,369345583.0,0.478,402900000.0,0.52,414906.0,7.705,8584.0,Released,2022-03-01,770945583.0,177.0,False,185000000.0,en,100.817,"Crime, Mystery, Thriller","6th & Idaho, Dylan Clark Productions, DC Films, Warner Bros. Pictures",United States of America,English,2022.0,both,both
2.0,"Nov 19, 2021","Sep 30, 2021",2021.0,thebattleatlakechangjin,CMC Pictures,Action,Based on Real Life Events,Live Action,Dramatization,0.0,20.0,20.0,55.0,105768.0,333214.0,370561.0,808074694.0,808407908.0,2021.0,2.0,thebattleatlakechangjin,902548476.0,342411.0,0.001,902206065.0,1.0,779029.0,5.9,72.0,Released,2021-09-30,902540935.0,178.0,False,200000000.0,zh,10.022,"Drama, War","August 1st Film Studio, Bona Film Group, Shanghai Film Group, Beijing Dengfeng International Culture, Alibaba Pictures Group, China Film Group Corporation, Distribution Workshop, A Really Happy Film, Huaxia Film Distribution","China, Hong Kong","Mandarin, English",2021.0,both,both
,,,,,,,,,,,,,,,,,,,2019.0,144.0,thebattleroartovictory,34148707.0,,,34148707.0,1.0,573791.0,7.2,19.0,Released,2019-08-07,0.0,135.0,False,0.0,ko,10.542,"History, Action, War","Showbox, W-Pictures, Big Stone Pictures",South Korea,"Japanese, Korean",2019.0,both,right_only
,,,,,,,,,,,,,,,,,,,2017.0,125.0,thebattleshipisland,46183383.0,1104957.0,0.024,45078426.0,0.98,436391.0,7.2,231.0,Released,2017-07-26,46183383.0,132.0,False,21000000.0,ko,13.499,"Action, History, Drama, War","Filmmaker R&K, CJ Entertainment, filmK",South Korea,"Korean, Japanese",2017.0,both,right_only
,,,,,,,,,,,,,,,,,,,2022.0,165.0,thebeasts,10067896.0,46105.0,0.005,10021791.0,1.0,848685.0,7.503,520.0,Released,2022-07-20,10238603.0,138.0,False,3900000.0,gl,19.184,"Thriller, Drama","Le Pacte, Arcadia Motion Pictures, Caballo Films, Cronos Entertainment AIE","France, Spain","Galician, Spanish, French",2022.0,both,right_only
37.0,"Jan 12, 2024","Jan 10, 2024",2024.0,thebeekeeper,Amazon MGM Studios,Action,Original Screenplay,Live Action,Contemporary Fiction,40000000.0,3303.0,3337.0,23397.0,16576007.0,66220535.0,66220535.0,86188698.0,152409233.0,2024.0,38.0,thebeekeeper,162619535.0,66220535.0,0.407,96399000.0,0.59,48210.0,7.133,49.0,Released,1987-08-21,0.0,122.0,False,0.0,el,3.704,Drama,"International Cinema Company (ICC), Theo Angelopoulos Films, EPT, MK2 Films","France, Greece, Italy","Greek, French",1987.0,both,both
37.0,"Jan 12, 2024","Jan 10, 2024",2024.0,thebeekeeper,Amazon MGM Studios,Action,Original Screenplay,Live Action,Contemporary Fiction,40000000.0,3303.0,3337.0,23397.0,16576007.0,66220535.0,66220535.0,86188698.0,152409233.0,2024.0,38.0,thebeekeeper,162619535.0,66220535.0,0.407,96399000.0,0.59,1081848.0,0.0,0.0,Released,2021-01-01,0.0,0.0,False,0.0,de,0.6,,,Germany,German,2021.0,both,both
,,,,,,,,,,,,,,,,,,,2017.0,177.0,thebeguiled,27869129.0,10709995.0,0.384,17159134.0,0.62,399019.0,5.896,2016.0,Released,2017-06-23,27397655.0,93.0,False,10500000.0,en,15.376,Drama,"FR Productions, American Zoetrope",United States of America,"English, French",2017.0,both,right_only
92.0,"Nov 8, 2024","Nov 8, 2024",2024.0,thebestchristmaspageantever,Lionsgate,Comedy,Based on Fiction Book/Short Story,Live Action,Contemporary Fiction,20000000.0,3020.0,3020.0,14943.0,10773559.0,40048808.0,40048808.0,217091.0,40265899.0,2024.0,82.0,thebestchristmaspageantever,40262167.0,40048808.0,0.995,213359.0,0.01,27163.0,5.4,5.0,Released,1983-12-25,0.0,48.0,False,0.0,en,1.825,"Comedy, Family",,"United States of America, Canada",English,1983.0,both,both
,,,,,,,,,,,,,,,,,,,2020.0,138.0,thebestyears,7358771.0,,,7358771.0,1.0,606566.0,6.812,386.0,Released,2020-02-13,0.0,129.0,False,0.0,it,8.969,"Romance, Drama, History","Lotus Production, 3 Marys Entertainment, RAI Cinema",Italy,Italian,2020.0,both,right_only
43.0,"Jul 1, 2016","Jun 30, 2016",2016.0,thebfg,Walt Disney,Adventure,Based on Fiction Book/Short Story,Animation/Live Action,Kids Fiction,140000000.0,3357.0,3392.0,11626.0,18775350.0,55483770.0,72545835.0,144162910.0,199646680.0,2016.0,46.0,thebfg,195243411.0,55483770.0,0.284,139759641.0,0.72,267935.0,6.253,3136.0,Released,2016-06-01,195243411.0,117.0,False,140000000.0,en,30.078,"Adventure, Family, Fantasy","Walt Disney Pictures, Amblin Entertainment, Reliance Entertainment, Walden Media, The Kennedy/Marshall Company, DreamWorks Pictures","India, United States of America",English,2016.0,both,both
55.0,"Dec 11, 2015","Dec 11, 2015",2015.0,thebigshort,Paramount Pictures,Drama,Based on Factual Book/Article,Live Action,Historical Fiction,28000000.0,8.0,2529.0,13031.0,705527.0,70259870.0,92684568.0,62364811.0,132624681.0,2015.0,57.0,thebigshort,133440870.0,70259870.0,0.527,63181000.0,0.47,318846.0,7.344,8320.0,Released,2015-12-11,133346506.0,131.0,False,28000000.0,en,34.348,"Comedy, Drama","Plan B Entertainment, Paramount, Regency Enterprises",United States of America,English,2015.0,both,both
,,,,,,,,,,,,,,,,,,,2019.0,109.0,thebigshot,56040681.0,,,56040681.0,1.0,574894.0,6.0,24.0,Released,2019-01-10,56343000.0,107.0,False,0.0,zh,6.405,"Action, Crime, Thriller",CJ Entertainment,China,Mandarin,2019.0,both,right_only
,,,,,,,,,,,,,,,,,,,2019.0,109.0,thebigshot,56040681.0,,,56040681.0,1.0,1274235.0,10.0,1.0,Released,2024-01-22,1.0,2.0,False,1.0,en,0.0,Action,,,English,2024.0,both,right_only
,,,,,,,,,,,,,,,,,,,2017.0,109.0,thebigsick,56411585.0,42873127.0,0.76,13538458.0,0.24,416477.0,7.344,2245.0,Released,2017-03-30,56303596.0,120.0,False,5000000.0,en,12.076,"Comedy, Drama, Romance","Amazon Studios, FilmNation Entertainment, Apatow Productions, Story Ink",United States of America,"English, Urdu",2017.0,both,right_only
99.0,"Jun 21, 2024","Jun 19, 2024",2024.0,thebikeriders,Focus Features,Drama,Based on Factual Book/Article,Live Action,Historical Fiction,0.0,2642.0,2692.0,8009.0,9698275.0,21746895.0,21746895.0,14555919.0,36302814.0,2024.0,88.0,thebikeriders,36159144.0,21746895.0,0.601,14412249.0,0.4,1008409.0,0.0,0.0,Released,2023-11-30,0.0,116.0,False,39400000.0,en,11.042,"Crime, Drama","Tri-State Pictures, New Regency Pictures, 20th Century Studios",United States of America,English,2023.0,both,both
,,,,,,,,,,,,,,,,,,,2023.0,147.0,theblackening,18169453.0,17707207.0,0.975,462246.0,0.03,1008392.0,6.212,113.0,Released,2023-06-15,16000000.0,97.0,False,5000000.0,en,56.495,"Horror, Comedy","MRC, CatchLight Studios, Artists First, Tracy Yvonne Productions, The Story Company",United States of America,English,2023.0,both,right_only
32.0,"Jun 24, 2022","Jun 22, 2022",2022.0,theblackphone,Universal,Horror,Based on Fiction Book/Short Story,Live Action,Contemporary Fiction,18000000.0,3150.0,3156.0,18555.0,23633220.0,90123230.0,96799021.0,71318684.0,161441914.0,2022.0,33.0,theblackphone,161440742.0,90123230.0,0.5579999999999999,71317512.0,0.44,756999.0,7.701,4158.0,Released,2022-06-22,161440742.0,103.0,False,17000000.0,en,51.024,"Horror, Thriller","Universal Pictures, Blumhouse Productions, Crooked Highway",United States of America,English,2022.0,both,both
,,,,,,,,,,,,,,,,,,,2023.0,150.0,theblind,17265876.0,17265487.0,1.0,389.0,0.001,1032194.0,10.0,3.0,Released,2023-09-28,5000000.0,105.0,False,0.0,en,54.327,Drama,"Tread Lively, GND Media Group",United States of America,English,2023.0,both,right_only
85.0,"May 27, 2022","May 25, 2022",2022.0,thebobsburgersmovie,20th Century Studios,Comedy,Based on TV,Digital Animation,Contemporary Fiction,0.0,3425.0,3425.0,12100.0,12416819.0,31933830.0,34299294.0,2140650.0,34074480.0,2022.0,75.0,thebobsburgersmovie,34148750.0,31933830.0,0.935,2214920.0,0.07,504827.0,6.978,252.0,Released,2022-05-26,34148750.0,102.0,False,38000000.0,en,13.801,"Animation, Adventure, Comedy, Music","20th Century Studios, Bento Box Entertainment",United States of America,English,2022.0,both,both
84.0,"Jun 2, 2023","May 31, 2023",2023.0,theboogeyman,20th Century Studios,Horror,Based on Fiction Book/Short Story,Live Action,Contemporary Fiction,35000000.0,3205.0,3205.0,12210.0,12356486.0,43244282.0,44706835.0,39100551.0,82344833.0,2023.0,80.0,theboogeyman,67307243.0,43244282.0,0.642,24062961.0,0.36,532408.0,6.767,415.0,Released,2023-05-31,66978229.0,99.0,False,41900000.0,en,184.621,"Horror, Thriller, Mystery","21 Laps Entertainment, 20th Century Studios",United States of America,English,2023.0,both,both
84.0,"Jun 2, 2023","May 31, 2023",2023.0,theboogeyman,20th Century Studios,Horror,Based on Fiction Book/Short Story,Live Action,Contemporary Fiction,35000000.0,3205.0,3205.0,12210.0,12356486.0,43244282.0,44706835.0,39100551.0,82344833.0,2023.0,80.0,theboogeyman,67307243.0,43244282.0,0.642,24062961.0,0.36,40220.0,4.876,89.0,Released,1980-11-07,0.0,82.0,False,300000.0,en,8.158,Horror,The Jerry Gross Organization,United States of America,English,1980.0,both,both
97.0,"Apr 8, 2016","Apr 7, 2016",2016.0,theboss,Universal,Comedy,Original Screenplay,Live Action,Contemporary Fiction,29000000.0,3480.0,3495.0,17643.0,23586645.0,63077560.0,82474816.0,15574647.0,78652207.0,2016.0,96.0,theboss,78844582.0,63285885.0,0.8029999999999999,15558697.0,0.2,323676.0,5.833,1256.0,Released,2016-04-07,78636257.0,91.0,False,29000000.0,en,11.624,Comedy,"Universal Pictures, On the Day, Gary Sanchez Productions",United States of America,English,2016.0,both,both
19.0,"Mar 31, 2017","Mar 17, 2017",2017.0,thebossbaby,20th Century Fox,Adventure,Based on Fiction Book/Short Story,Digital Animation,Kids Fiction,125000000.0,3773.0,3829.0,31488.0,50198902.0,175003033.0,220655996.0,352906916.0,527909949.0,2017.0,18.0,thebossbaby,527965936.0,175003033.0,0.331,352962903.0,0.67,295693.0,6.451,6682.0,Released,2017-03-23,527965936.0,97.0,False,125000000.0,en,14.391,"Animation, Comedy, Family","DreamWorks Animation, 20th Century Fox",United States of America,English,2017.0,both,both
31.0,"Jul 2, 2021","Jul 1, 2021",2021.0,thebossbabyfamilybusiness,Universal,Adventure,Based on Fiction Book/Short Story,Digital Animation,Kids Fiction,82000000.0,3644.0,3688.0,22269.0,16000665.0,57300280.0,63723322.0,88981452.0,146281732.0,,,thebossbabyfamilybusiness,,,,,,459151.0,7.442,2274.0,Released,2021-07-01,146745280.0,107.0,False,82000000.0,en,69.144,"Animation, Comedy, Adventure, Family","DreamWorks Animation, Universal Pictures",United States of America,English,2021.0,right_only,both
,,,,,,,,,,,,,,,,,,,2015.0,109.0,theboy,64188367.0,35819556.0,0.5579999999999999,28368811.0,0.44,321258.0,5.946,3558.0,Released,2016-01-22,73929392.0,97.0,False,10000000.0,en,18.328,"Horror, Thriller, Mystery","Lakeshore Entertainment, Vertigo Entertainment, STX Films",United States of America,English,2016.0,both,right_only
,,,,,,,,,,,,,,,,,,,2015.0,132.0,theboyandthebeast,49584680.0,490643.0,0.01,49094037.0,0.99,315465.0,7.998,1354.0,Released,2015-07-11,49714378.0,119.0,False,0.0,ja,19.059,"Action, Adventure, Animation, Drama, Family, Fantasy","Nippon Television Network Corporation, Studio Chizu, TOHO, VAP, dentsu, Yomiuri Telecasting Corporation, D.N. Dream Partners, Sapporo Television Broadcasting Company, Miyagi Television Broadcasting, Shizuoka Daiichi Television, Hiroshima Telecasting, Fukuoka Broadcasting System, KADOKAWA, Chukyo TV Broadcasting Company",Japan,Japanese,2015.0,both,right_only
28.0,"Dec 8, 2023","Jul 14, 2023",2023.0,theboyandtheheron,GKIDS,Adventure,Original Screenplay,Hand Animation,Kids Fiction,0.0,2205.0,2325.0,11055.0,13011722.0,46832867.0,48045224.0,246089696.0,292922563.0,2023.0,26.0,theboyandtheheron,282996427.0,46832867.0,0.165,236163560.0,0.84,508883.0,8.1,13.0,Released,2023-07-14,55121616.0,124.0,False,0.0,ja,35.211,"Animation, Fantasy, Drama, Adventure","Studio Ghibli, TOHO",Japan,Japanese,2023.0,both,both
,,,,,,,,,,,,,,,,,,,2015.0,126.0,theboynextdoor,52425855.0,35423380.0,0.6759999999999999,17002475.0,0.32,241251.0,4.869,1955.0,Released,2015-01-23,52425855.0,91.0,False,4000000.0,en,11.256,Thriller,"Smart Entertainment, Blumhouse Productions, Nuyorican Productions, Universal Pictures",United States of America,English,2015.0,both,right_only
,,,,,,,,,,,,,,,,,,,2015.0,126.0,theboynextdoor,52425855.0,35423380.0,0.6759999999999999,17002475.0,0.32,1469012.0,0.0,0.0,Released,2022-04-17,0.0,125.0,False,0.0,en,0.0143,,,,,2022.0,both,right_only
95.0,"Dec 25, 2023","Dec 25, 2023",2023.0,theboysintheboat,Amazon MGM Studios,Drama,Based on Factual Book/Article,Live Action,Dramatization,40000000.0,2557.0,2687.0,15082.0,8400548.0,52641306.0,53385310.0,2880268.0,55521574.0,2023.0,86.0,theboysintheboat,55501365.0,52641306.0,0.948,2860059.0,0.05,823452.0,0.0,0.0,Post Production,2023-12-25,0.0,0.0,False,0.0,en,4.707,"Drama, History","Smoke House Pictures, Metro-Goldwyn-Mayer, Spyglass Media Group","United Kingdom, United States of America",English,2023.0,both,both
,,,,,,,,,,,,,,,,,,,2019.0,37.0,thebravest,245179562.0,290217.0,0.001,244889345.0,1.0,605375.0,7.371,70.0,Released,2019-08-29,245179562.0,118.0,False,0.0,zh,9.531,"Drama, Action","Bona Film Group, Columbia Films, Alibaba Pictures Group",China,Mandarin,2019.0,both,right_only
,,,,,,,,,,,,,,,,,,,2020.0,196.0,thebrokenheartsgallery,4781389.0,4067442.0,0.851,713947.0,0.15,616251.0,7.224,288.0,Released,2020-09-11,0.0,109.0,False,0.0,en,13.215,"Comedy, Romance",No Trace Camping,United States of America,English,2020.0,both,right_only
82.0,"Dec 20, 2024","Feb 28, 2024",2024.0,thebrutalist,A24,Drama,Original Screenplay,Live Action,Historical Fiction,0.0,4.0,1612.0,6056.0,266791.0,16249415.0,16249415.0,34026312.0,50275727.0,2024.0,72.0,thebrutalist,50450120.0,16279129.0,0.3229999999999999,34170991.0,0.68,1390687.0,0.0,0.0,Released,2024-03-22,0.0,6.0,False,0.0,en,0.6,Drama,Dope Meat Films,United Kingdom,English,2024.0,both,both
,,,,,,,,,,,,,,,,,,,2017.0,167.0,thebyebyeman,29874280.0,22395806.0,0.75,7478474.0,0.25,292280.0,5.2,1149.0,Released,2017-01-12,26667197.0,96.0,False,7400000.0,en,14.708,"Horror, Thriller","Los Angeles Media Fund, Intrepid Pictures, STX Films",United States of America,English,2017.0,both,right_only
23.0,"Feb 21, 2020","Jan 3, 2020",2020.0,thecallofthewild,20th Century Studios,Adventure,Based on Fiction Book/Short Story,Live Action,Historical Fiction,125000000.0,3752.0,3914.0,14732.0,24791624.0,62342368.0,76807431.0,45008823.0,107351191.0,2020.0,19.0,thecallofthewild,111166669.0,62342368.0,0.561,48824301.0,0.44,481848.0,7.572,3406.0,Released,2020-02-19,111202881.0,100.0,False,109000000.0,en,36.824,"Adventure, Family, Drama","3 Arts Entertainment, 20th Century Studios, TSG Entertainment, Halon Entertainment","Canada, United States of America",English,2020.0,both,both
,,,,,,,,,,,,,,,,,,,2019.0,20.0,thecaptain,417863545.0,706572.0,0.002,417156973.0,1.0,475094.0,7.175,377.0,Released,2018-02-02,0.0,118.0,False,0.0,de,9.62,"War, Drama, History","Hands-on Producers, Filmgalerie 451, Alfama Films, Opus Film, Facing East, Eurimages, Worst Case Entertainment, Canal+, Ciné+","Germany, France, Poland",German,2018.0,both,right_only
,,,,,,,,,,,,,,,,,,,2023.0,129.0,thechallenge,26064906.0,,,26064906.0,1.0,44899.0,6.104,192.0,Released,2003-05-03,0.0,90.0,False,0.0,en,9.806,"Adventure, Comedy, Family, TV Movie","Dualstar Productions, Tapestry Films, American Broadcasting Company (ABC)",United States of America,"English, German",2003.0,both,right_only
,,,,,,,,,,,,,,,,,,,2016.0,199.0,thechoice,23064015.0,18730891.0,0.812,4333124.0,0.19,330483.0,7.172,1774.0,Released,2016-02-04,18730891.0,111.0,False,10000000.0,en,15.11,"Drama, Romance","Lionsgate, Nicholas Sparks Productions, The Safran Company, Good Universe",United States of America,English,2016.0,both,right_only
,,,,,,,,,,,,,,,,,,,2016.0,199.0,thechoice,23064015.0,18730891.0,0.812,4333124.0,0.19,949669.0,0.0,0.0,Released,2020-08-09,0.0,20.0,False,20.0,en,0.6,,,,Hebrew,2020.0,both,right_only
,,,,,,,,,,,,,,,,,,,2017.0,141.0,thecircle,40656399.0,20497844.0,0.504,20158555.0,0.5,339988.0,5.512,4192.0,Released,2017-04-27,40651864.0,110.0,False,18000000.0,en,17.063,"Drama, Thriller, Science Fiction","Playtone, Image Nation, Likely Story, STX Films, IM Global, EuropaCorp","France, United Arab Emirates, United States of America",English,2017.0,both,right_only
,,,,,,,,,,,,,,,,,,,2017.0,141.0,thecircle,40656399.0,20497844.0,0.504,20158555.0,0.5,1571005.0,0.0,0.0,Released,2024-07-21,0.0,4.0,False,0.0,ja,0.0071,,,Japan,Japanese,2024.0,both,right_only
,,,,,,,,,,,,,,,,,,,2017.0,141.0,thecircle,40656399.0,20497844.0,0.504,20158555.0,0.5,689890.0,0.0,0.0,Released,1999-01-01,0.0,12.0,False,0.0,fa,0.6,,,Iran,Persian,1999.0,both,right_only
,,,,,,,,,,,,,,,,,,,2019.0,54.0,theclimbers,156892866.0,487157.0,0.003,156405709.0,1.0,601493.0,6.5,39.0,Released,2019-09-30,0.0,125.0,False,0.0,zh,5.662,"Adventure, Action, Drama, History",上海电影（集团）有限公司,China,Mandarin,2019.0,both,right_only
,,,,,,,,,,,,,,,,,,,2020.0,119.0,thecloset,9189552.0,,,9189552.0,1.0,11444.0,6.401,440.0,Released,2001-01-17,0.0,84.0,False,0.0,fr,9.514,Comedy,"Gaumont, EFVE, Canal+, TF1 Films Production, Miramax",France,French,2001.0,both,right_only
90.0,"Dec 25, 2023","Dec 20, 2023",2023.0,thecolorpurple,Warner Bros.,Musical,Based on Musical or Opera,Live Action,Historical Fiction,0.0,3203.0,3218.0,9637.0,11737072.0,60619191.0,62108923.0,8300000.0,68919191.0,2023.0,79.0,thecolorpurple,68919191.0,60619191.0,0.88,8300000.0,0.12,873.0,7.747,1546.0,Released,1985-12-18,146292000.0,154.0,False,15000000.0,en,15.337,"Drama, History","Amblin Entertainment, The Guber-Peters Company, Warner Bros. Pictures",United States of America,English,1985.0,both,both
62.0,"Jan 12, 2018","Jan 11, 2018",2018.0,thecommuter,Lionsgate,Action,Original Screenplay,Live Action,Contemporary Fiction,40000000.0,2892.0,2892.0,10148.0,13701452.0,36343858.0,45120646.0,82165978.0,118509836.0,2017.0,70.0,thecommuter,119942387.0,36343858.0,0.303,83598529.0,0.7,399035.0,6.352,4119.0,Released,2018-01-11,119942387.0,104.0,False,30000000.0,en,19.526,"Action, Thriller, Mystery","StudioCanal, Ombra Films, TF1 Films Production, The Picture Company, Canal+, Ciné+, Lionsgate, TF1","Canada, France, United Kingdom, United States of America",English,2018.0,both,both
,,,,,,,,,,,,,,,,,,,2022.0,94.0,theconfidencemanjpepisodeofthehero,23214581.0,,,23214581.0,1.0,930432.0,6.909,10.0,Released,2022-01-14,0.0,127.0,False,0.0,ja,1.68,Comedy,"Fuji Television Network, TOHO",Japan,Japanese,2022.0,both,right_only
,,,,,,,,,,,,,,,,,,,2019.0,171.0,theconfidencemanjpthemovie,25958189.0,,,25958189.0,1.0,554801.0,7.318,22.0,Released,2019-05-17,0.0,116.0,False,0.0,ja,2.208,"Comedy, Mystery","Fuji Television Network, TOHO","Hong Kong, Japan","Japanese, Cantonese",2019.0,both,right_only
,,,,,,,,,,,,,,,,,,,2016.0,29.0,theconjuring2,321370008.0,102470008.0,0.319,218900000.0,0.68,259693.0,7.293,7769.0,Released,2016-06-08,321834351.0,134.0,False,40000000.0,en,80.98,"Horror, Thriller","New Line Cinema, Dune Entertainment, The Safran Company, Evergreen Media Group, Atomic Monster",United States of America,English,2016.0,both,right_only
14.0,"Sep 5, 2025","Aug 28, 2025",2025.0,theconjuringlastrites,Warner Bros.,Horror,Original Screenplay,Live Action,Contemporary Fiction,55000000.0,3802.0,3802.0,22966.0,84006121.0,177756445.0,177756445.0,321400000.0,499156445.0,2025.0,15.0,theconjuringlastrites,499156445.0,177756445.0,0.356,321400000.0,0.644,,,,,,,,,,,,,,,,,left_only,both
20.0,"Jun 4, 2021","Mar 7, 2021",2021.0,theconjuringthedevilmademedoit,Warner Bros.,Horror,Original Screenplay,Live Action,Historical Fiction,40000000.0,3102.0,3280.0,15559.0,24104332.0,65631050.0,72987920.0,140800000.0,206431050.0,2021.0,20.0,theconjuringthedevilmademedoit,206431050.0,65631050.0,0.318,140800000.0,0.68,423108.0,7.491,5407.0,Released,2021-05-25,206431050.0,111.0,False,39000000.0,en,152.616,"Horror, Mystery, Thriller","New Line Cinema, The Safran Company, Atomic Monster",United States of America,"English, Portuguese",2021.0,both,both
,,,,,,,,,,,,,,,,,,,2024.0,55.0,thecountofmontecristo,85753159.0,529830.0,0.006,85223329.0,0.99,11362.0,7.64,1605.0,Released,2002-01-23,75395048.0,131.0,False,35000000.0,en,26.928,"Adventure, Drama, History","Touchstone Pictures, Spyglass Entertainment, World 2000 Entertainment, Count of Monte Cristo Ltd.",United States of America,"English, Spanish, Italian",2002.0,both,right_only
,,,,,,,,,,,,,,,,,,,2021.0,102.0,thecourier,26001227.0,6613432.0,0.254,19387795.0,0.75,522241.0,7.043,964.0,Released,2020-01-24,26000000.0,112.0,False,0.0,en,14.393,"Thriller, History, Drama","SunnyMarch, 42, FilmNation Entertainment, Lionsgate, Roadside Attractions","United Kingdom, United States of America","English, Russian",2020.0,both,right_only
,,,,,,,,,,,,,,,,,,,2023.0,133.0,thecovenant,21948551.0,16938039.0,0.772,5010512.0,0.23,9954.0,5.525,916.0,Released,2006-09-08,37597471.0,97.0,False,20000000.0,en,15.578,"Fantasy, Horror, Adventure, Action","Screen Gems, Lakeshore Entertainment",United States of America,English,2006.0,both,right_only
74.0,"Sep 29, 2023","Sep 27, 2023",2023.0,thecreator,20th Century Studios,Thriller/Suspense,Original Screenplay,Animation/Live Action,Science Fiction,80000000.0,3680.0,3680.0,16050.0,14079512.0,40774679.0,42153716.0,63497457.0,104272136.0,2023.0,67.0,thecreator,104272136.0,40774679.0,0.391,63497457.0,0.61,670292.0,7.5,107.0,Released,2023-09-27,0.0,134.0,False,80000000.0,en,496.806,"Science Fiction, Action, Thriller","New Regency Pictures, Entertainment One, Regency Enterprises, Bad Dreams","Canada, United States of America","English, Japanese, Thai, Vietnamese",2023.0,both,both
74.0,"Sep 29, 2023","Sep 27, 2023",2023.0,thecreator,20th Century Studios,Thriller/Suspense,Original Screenplay,Animation/Live Action,Science Fiction,80000000.0,3680.0,3680.0,16050.0,14079512.0,40774679.0,42153716.0,63497457.0,104272136.0,2023.0,67.0,thecreator,104272136.0,40774679.0,0.391,63497457.0,0.61,1188168.0,0.0,0.0,Released,2022-08-24,0.0,12.0,False,3000.0,fr,0.6,"Drama, Comedy",,France,French,2022.0,both,both
,,,,,,,,,,,,,,,,,,,2016.0,169.0,thecrew,29171110.0,,,29171110.0,1.0,393717.0,6.189,309.0,Released,2016-05-04,0.0,78.0,False,0.0,fr,12.362,"Drama, Crime, Thriller","Labyrinthe Films, SND, Maje Productions, Emotions Films France, Cinéfrance Plus, Movie Pictures, uMedia, uFund, Canal+, Ciné+","Belgium, France","French, Arabic",2016.0,both,right_only
,,,,,,,,,,,,,,,,,,,2023.0,192.0,thecrimeismine,10474934.0,122083.0,0.012,10352851.0,0.99,977506.0,6.59,229.0,Released,2023-03-08,9693463.0,102.0,False,13700000.0,fr,28.686,"Comedy, Mystery","Mandarin Production, FOZ, Gaumont, France 2 Cinéma, Playtime, SCOPE Pictures",France,French,2023.0,both,right_only
,,,,,,,,,,,,,,,,,,,2018.0,194.0,thecrimesthatbind,23144130.0,,,23144130.0,1.0,632618.0,6.413,207.0,Released,2020-08-20,0.0,99.0,False,0.0,es,10.015,"Thriller, Crime, Drama","Buffalo Films, Magoya Films",Argentina,Spanish,2020.0,both,right_only
10.0,"Nov 25, 2020","Nov 25, 2020",2020.0,thecroodsanewage,Universal,Adventure,Original Screenplay,Digital Animation,Kids Fiction,65000000.0,2211.0,2211.0,45448.0,9724200.0,58568815.0,69011957.0,156197423.0,214766238.0,2020.0,10.0,thecroodsanewage,215905815.0,58568815.0,0.271,157337000.0,0.73,529203.0,7.521,3508.0,Released,2020-11-25,215905815.0,95.0,False,65000000.0,en,63.456,"Animation, Family, Adventure, Fantasy, Comedy","Universal Pictures, DreamWorks Animation",United States of America,English,2020.0,both,both
,,,,,,,,,,,,,,,,,,,2024.0,118.0,thecrow,24109036.0,9275659.0,0.385,14833377.0,0.62,9495.0,7.502,3553.0,Released,1994-05-11,50694672.0,102.0,False,23000000.0,en,31.374,"Fantasy, Action, Thriller","Dimension Films, Miramax, Crowvision Inc., Entertainment Media Investment Corporation, Jeff Most Productions, Pressman Film, Summit Entertainment",United States of America,English,1994.0,both,right_only
65.0,"Apr 19, 2019","Apr 17, 2019",2019.0,thecurseoflallorona,Warner Bros.,Horror,Original Screenplay,Live Action,Contemporary Fiction,9000000.0,3372.0,3372.0,11952.0,26347631.0,54733739.0,67580632.0,68500000.0,123233739.0,2019.0,63.0,thecurseoflallorona,123233739.0,54733739.0,0.444,68500000.0,0.56,480414.0,5.7,2226.0,Released,2019-04-17,122033739.0,93.0,False,9000000.0,en,43.044,"Horror, Mystery, Thriller","Atomic Monster, New Line Cinema",United States of America,"Spanish, English",2019.0,both,both
,,,,,,,,,,,,,,,,,,,2015.0,108.0,thedanishgirl,64191523.0,11114018.0,0.173,53077505.0,0.83,306819.0,7.605,5503.0,Released,2015-11-27,64191523.0,119.0,False,15000000.0,en,15.865,Drama,"Pretty Pictures, Working Title Films, Artémis Productions, Shelter Productions, Senator Global Productions, ReVision Pictures","Belgium, United Kingdom, United States of America","English, French, German",2015.0,both,right_only
,,,,,,,,,,,,,,,,,,,2018.0,140.0,thedarkestminds,41142379.0,12695691.0,0.309,28446688.0,0.69,445651.0,7.053,2617.0,Released,2018-07-25,41142379.0,105.0,False,34000000.0,en,105.269,"Action, Adventure, Drama","21 Laps Entertainment, 20th Century Fox",United States of America,English,2018.0,both,right_only
73.0,"Aug 4, 2017","Aug 2, 2017",2017.0,thedarktower,Sony Pictures,Western,Based on Fiction Book/Short Story,Live Action,Science Fiction,66000000.0,3451.0,3451.0,17150.0,19153698.0,50701325.0,63927762.0,62760202.0,113461527.0,2017.0,72.0,thedarktower,113231078.0,50701325.0,0.4479999999999999,62529753.0,0.55,353491.0,5.673,4658.0,Released,2017-08-03,113231078.0,95.0,False,60000000.0,en,22.183,"Fantasy, Action, Science Fiction","MRC, Imagine Entertainment, Weed Road Pictures, Columbia Pictures, Sony Pictures, The Department of Trade and Industry of South Africa","South Africa, United States of America",English,2017.0,both,both
,,,,,,,,,,,,,,,,,,,2021.0,108.0,thedaywelitupthesky,22500000.0,,,22500000.0,1.0,849900.0,4.0,1.0,Released,2021-07-17,0.0,107.0,False,0.0,zh,0.728,Comedy,,China,Mandarin,2021.0,both,right_only
,,,,,,,,,,,,,,,,,,,2015.0,138.0,thedeadend,47600000.0,,,47600000.0,1.0,344556.0,7.598,61.0,Released,2015-06-19,47600000.0,133.0,False,0.0,zh,4.391,"Crime, Drama, Mystery",,China,Mandarin,2015.0,both,right_only
,,,,,,,,,,,,,,,,,,,2017.0,190.0,thedeathofstalin,24646055.0,8047856.0,0.327,16598199.0,0.67,402897.0,7.011,1664.0,Released,2017-10-20,24640027.0,107.0,False,13000000.0,en,13.714,"Comedy, Drama, History","Title Media, Main Journey, Free Range Films, Quad Productions, Gaumont, France 3 Cinéma, La Compagnie Cinématographique, Panache Productions, Canal+, Ciné+, France Télévisions, AFPI","Belgium, France, United Kingdom",English,2017.0,both,right_only
,,,,,,,,,,,,,,,,,,,2017.0,105.0,thedevotionofsuspectx,59035664.0,686435.0,0.012,58349229.0,0.99,446076.0,6.0,13.0,Released,2017-03-31,0.0,112.0,False,0.0,zh,3.611,"Mystery, Thriller","Beijing Enlight Pictures, Kross Pictures","China, South Korea",Mandarin,2017.0,both,right_only
,,,,,,,,,,,,,,,,,,,2017.0,168.0,thedisasterartist,29820616.0,21120616.0,0.708,8700000.0,0.29,371638.0,7.113,3316.0,Released,2017-03-12,29820616.0,104.0,False,10000000.0,en,14.072,"Comedy, Drama","New Line Cinema, Rabbit Bandini Productions, Point Grey Pictures, Good Universe, RatPac Entertainment, Ramona Films",United States of America,English,2017.0,both,right_only
51.0,"Mar 18, 2016","Mar 9, 2016",2016.0,thedivergentseriesallegiant,Lionsgate,Action,Based on Fiction Book/Short Story,Live Action,Science Fiction,110000000.0,3740.0,3740.0,16464.0,29027348.0,66184051.0,86536599.0,105838466.0,172022517.0,2016.0,52.0,thedivergentseriesallegiant,179246868.0,66184051.0,0.369,113062817.0,0.63,,,,,,,,,,,,,,,,,left_only,both
25.0,"Mar 20, 2015","Mar 18, 2015",2015.0,thedivergentseriesinsurgent,Lionsgate,Action,Based on Fiction Book/Short Story,Live Action,Science Fiction,110000000.0,3875.0,3875.0,22954.0,52263680.0,130179072.0,174653058.0,164896810.0,295075882.0,2015.0,26.0,thedivergentseriesinsurgent,297002527.0,130179072.0,0.4379999999999999,166823455.0,0.56,,,,,,,,,,,,,,,,,left_only,both
86.0,"Dec 31, 2021","Nov 19, 2021",2021.0,thedoorlock,,Thriller/Suspense,Original Screenplay,Live Action,Contemporary Fiction,0.0,0.0,0.0,0.0,0.0,0.0,0.0,38000000.0,38000000.0,2021.0,84.0,thedoorlock,36100000.0,,,36100000.0,1.0,878706.0,4.4,7.0,Released,2021-11-19,0.0,105.0,False,0.0,zh,1.682,"Crime, Thriller",Hengye Pictures,China,Mandarin,2021.0,both,both
,,,,,,,,,,,,,,,,,,,2021.0,136.0,thedry,15576286.0,364237.0,0.023,15212049.0,0.98,567797.0,6.8,509.0,Released,2021-01-01,17424378.0,117.0,False,0.0,en,14.109,"Crime, Thriller, Mystery","Made Up Stories, Pacific Standard, Screen Australia, Film Victoria, Arenamedia, Pick Up Truck Pictures","Australia, United Kingdom, United States of America",English,2021.0,both,right_only
,,,,,,,,,,,,,,,,,,,2015.0,147.0,theduff,43709744.0,34030343.0,0.779,9679401.0,0.22,272693.0,6.8,4211.0,Released,2015-02-20,43528634.0,100.0,False,8500000.0,en,11.04,"Romance, Comedy","Wonderland Sound and Vision, CBS Films, Vast Entertainment",United States of America,English,2015.0,both,right_only
,,,,,,,,,,,,,,,,,,,2022.0,138.0,theduke,14233027.0,1526970.0,0.107,12700247.0,0.89,645689.0,7.105,248.0,Released,2021-07-23,0.0,96.0,False,11000000.0,en,9.856,"Comedy, Drama, History","Ingenious Media, Screen Yorkshire, Pathe",United Kingdom,English,2021.0,both,right_only
2.0,"Aug 28, 2020","Aug 21, 2020",2020.0,theeighthundred,CMC Pictures,Action,Based on Real Life Events,Live Action,Dramatization,0.0,0.0,0.0,0.0,0.0,0.0,0.0,436779294.0,436779294.0,2020.0,2.0,theeighthundred,461421559.0,372755.0,0.001,461048804.0,1.0,508935.0,7.005,216.0,Released,2020-08-14,461421559.0,147.0,False,80000000.0,zh,17.387,"War, History, Drama, Action","Beijing Diqi Yinxiang Entertainment, Huayi Brothers Pictures, Beijing Enlight Pictures, Tencent Pictures, South Australian Film Corporation, Huaxia Film Distribution","Australia, China","Mandarin, English, Japanese",2020.0,both,both
,,,,,,,,,,,,,,,,,,,2022.0,156.0,theeightmountains,11376563.0,302456.0,0.027,11074107.0,0.97,803700.0,7.703,502.0,Released,2022-12-21,9494985.0,147.0,False,0.0,it,18.634,Drama,"Pyramide Productions, Vision Distribution, Menuet, Wildside, Elastic Film, Rufus","Belgium, France, Italy, United Kingdom","Nepali, English, Italian",2022.0,both,right_only
,,,,,,,,,,,,,,,,,,,2021.0,177.0,theeleventhchapter,8844997.0,,,8844997.0,1.0,598389.0,6.8,17.0,Released,2021-04-02,0.0,115.0,False,200000.0,zh,2.251,Drama,,China,Mandarin,2021.0,both,right_only
47.0,"Jul 28, 2017","Jul 26, 2017",2017.0,theemojimovie,Sony Pictures,Adventure,Original Screenplay,Digital Animation,Kids Fiction,50000000.0,4075.0,4075.0,23453.0,24531923.0,86089513.0,108547646.0,130475326.0,216564839.0,2017.0,46.0,theemojimovie,217776646.0,86089513.0,0.395,131687133.0,0.61,378236.0,5.488,2832.0,Released,2017-07-23,216909830.0,86.0,False,50000000.0,en,26.716,"Animation, Family, Comedy","Columbia Pictures, Sony Pictures Animation, Beaver House Studios (KR)",United States of America,English,2017.0,both,both
,,,,,,,,,,,,,,,,,,,2020.0,194.0,theemptyman,4796993.0,2992948.0,0.624,1804045.0,0.38,516632.0,6.162,650.0,Released,2020-10-22,4796993.0,137.0,False,16000000.0,en,28.287,"Horror, Mystery, Thriller","BOOM! Studios, Out of Africa Entertainment, 20th Century Fox","South Africa, United States of America",English,2020.0,both,right_only
,,,,,,,,,,,,,,,,,,,2020.0,36.0,theendofendlesslove,43950000.0,,,43950000.0,1.0,757583.0,4.0,3.0,Released,2020-12-04,0.0,103.0,False,0.0,zh,1.826,"Romance, Fantasy",,China,Mandarin,2020.0,both,right_only
48.0,"Jul 20, 2018","Jul 18, 2018",2018.0,theequalizer2,Sony Pictures,Action,Based on TV,Live Action,Contemporary Fiction,77000000.0,3388.0,3388.0,18066.0,36011640.0,102084362.0,126737010.0,88291819.0,190376181.0,2018.0,46.0,theequalizer2,190400157.0,102084362.0,0.536,88315795.0,0.46,345887.0,6.705,4652.0,Released,2018-07-19,190400157.0,121.0,False,62000000.0,en,81.313,"Action, Thriller, Crime","Lonetree Entertainment, Fuqua Films, Escape Artists, Sony Pictures, ZHIV Productions, Mace Neufeld Productions, Columbia Pictures",United States of America,"Arabic, English, French, Hebrew, Spanish, Turkish",2018.0,both,both
43.0,"Sep 1, 2023","Aug 30, 2023",2023.0,theequalizer3,Sony Pictures,Action,Based on TV,Live Action,Contemporary Fiction,70000000.0,3965.0,3965.0,21721.0,34604229.0,92373751.0,95497908.0,98693809.0,191067560.0,2023.0,41.0,theequalizer3,191067560.0,92373751.0,0.483,98693809.0,0.52,926393.0,6.914,251.0,Released,2023-08-30,158300000.0,109.0,False,70000000.0,en,359.237,"Action, Thriller, Crime","Escape Artists, Columbia Pictures, Eagle Pictures, ZHIV Productions","Italy, United States of America","English, Italian",2023.0,both,both
,,,,,,,,,,,,,,,,,,,2023.0,50.0,theexfiles4marriageplan,141589956.0,,,141589956.0,1.0,1173883.0,0.0,0.0,Released,2023-09-28,0.0,129.0,False,0.0,zh,17.963,"Romance, Comedy",Huayi Brothers Pictures,China,Mandarin,2023.0,both,right_only
56.0,"Oct 6, 2023","Oct 4, 2023",2023.0,theexorcistbeliever,Universal,Horror,Original Screenplay,Live Action,Contemporary Fiction,30000000.0,3663.0,3684.0,17724.0,26497600.0,65537395.0,67753924.0,71460674.0,136998069.0,2023.0,52.0,theexorcistbeliever,136294607.0,65537395.0,0.481,70757212.0,0.52,807172.0,6.0,2.0,Released,2023-10-04,0.0,111.0,False,0.0,en,159.608,Horror,"Blumhouse Productions, Morgan Creek, Rough House Pictures",United States of America,"English, Portuguese",2023.0,both,both
79.0,"Nov 11, 2022","Nov 11, 2022",2022.0,thefabelmans,Universal,Drama,Based on Real Life Events,Live Action,Dramatization,40000000.0,4.0,1962.0,13773.0,161579.0,17348945.0,18410983.0,25922510.0,43271455.0,2022.0,67.0,thefabelmans,45614213.0,17348945.0,0.38,28265268.0,0.62,804095.0,7.723,1755.0,Released,2022-11-11,45598614.0,151.0,False,40000000.0,en,35.675,Drama,"Amblin Entertainment, Reliance Entertainment",United States of America,English,2022.0,both,both
,,,,,,,,,,,,,,,,,,,2021.0,159.0,thefablethekillerwhodoesntkill,11325545.0,,,11325545.0,1.0,734519.0,7.11,41.0,Released,2021-02-05,0.0,132.0,False,0.0,ja,7.277,"Action, Comedy, Crime",Shochiku,Japan,Japanese,2021.0,both,right_only
,,,,,,,,,,,,,,,,,,,2018.0,181.0,thefacesofmygene,26796279.0,,,26796279.0,1.0,514617.0,4.154,13.0,Released,2018-02-16,0.0,95.0,False,0.0,zh,2.168,"Drama, Comedy","北京一个文化传媒有限公司, 北京德云社文化传播有限公司, 华策影业（天津）有限公司",China,Mandarin,2018.0,both,right_only
31.0,"May 3, 2024","Mar 1, 2024",2024.0,thefallguy,Universal,Action,Based on TV,Live Action,Contemporary Fiction,125000000.0,4002.0,4008.0,23675.0,27747035.0,92900355.0,92900355.0,88373488.0,181273843.0,2024.0,32.0,thefallguy,181073291.0,92900355.0,0.513,88172936.0,0.49,,,,,,,,,,,,,,,,,left_only,both
13.0,"Jul 25, 2025","Jul 23, 2025",2025.0,thefantasticfourfirststeps,Walt Disney,Action,Based on Comic/Graphic Novel,Live Action,Super Hero,200000000.0,4125.0,4125.0,26415.0,117644828.0,274286610.0,274286610.0,246144989.0,520431599.0,2025.0,13.0,thefantasticfourfirststeps,521858728.0,274286610.0,0.526,247572118.0,0.474,,,,,,,,,,,,,,,,,left_only,both
,,,,,,,,,,,,,,,,,,,2019.0,185.0,thefarewell,23076657.0,17695781.0,0.767,5380876.0,0.23,565310.0,7.436,1275.0,Released,2019-07-12,23076657.0,100.0,False,250300.0,en,11.136,"Comedy, Drama","Big Beach, Depth of Field, Kindred Spirit, Seesaw Productions","China, United States of America","English, Japanese, Mandarin",2019.0,both,right_only
3.0,"Apr 14, 2017","Apr 7, 2017",2017.0,thefateofthefurious,Universal,Action,Original Screenplay,Live Action,Contemporary Fiction,250000000.0,4310.0,4329.0,24612.0,98786705.0,225764765.0,284659920.0,963244567.0,1189009332.0,2017.0,3.0,thefateofthefurious,1236005118.0,226008385.0,0.183,1009996733.0,0.82,337339.0,6.887,9719.0,Released,2017-04-12,1236005118.0,136.0,False,250000000.0,en,56.124,"Action, Crime, Thriller","Original Film, One Race, Universal Pictures",United States of America,"English, Spanish",2017.0,both,both
90.0,"Mar 12, 2021","Dec 25, 2020",2021.0,thefather,Sony Pictures Classics,Drama,Based on Play,Live Action,Contemporary Fiction,6000000.0,865.0,933.0,5124.0,433611.0,2120992.0,2358746.0,34306163.0,36427155.0,2020.0,58.0,thefather,24048935.0,2122771.0,0.088,21920547.0,0.91,600354.0,8.152,2781.0,Released,2020-12-23,21029340.0,96.0,False,6000000.0,en,51.482,Drama,"Trademark Films, F Comme Film, Ciné-@, Embankment Films, Film4 Productions, Canal+, Ciné+, Orange Studio, Les Films du Cru, AG Studios NYC, Simon Friend Entertainment, Viewfinder, CAA Media Finance, Sony Pictures Classics","France, United Kingdom, United States of America",English,2020.0,both,both
75.0,"Nov 23, 2018","Nov 23, 2018",2018.0,thefavourite,Fox Searchlight,Black Comedy,Based on Real Life Events,Live Action,Dramatization,15000000.0,4.0,1554.0,9593.0,422410.0,34366783.0,42540902.0,61462676.0,95829459.0,2018.0,72.0,thefavourite,95918706.0,34366783.0,0.358,61551923.0,0.64,375262.0,7.537,4855.0,Released,2018-11-23,95918706.0,119.0,False,15000000.0,en,18.954,"Drama, Comedy, Thriller","Waypoint Entertainment, Element Pictures, Scarlet Films, Film4 Productions","Ireland, United Kingdom, United States of America",English,2018.0,both,both
,,,,,,,,,,,,,,,,,,,2016.0,121.0,thefinesthours,52099090.0,27569558.0,0.529,24529532.0,0.47,300673.0,6.6,1500.0,Released,2016-01-27,52099090.0,117.0,False,80000000.0,en,16.102,"Action, Drama, History, Thriller","Red Hawk Entertainment, Walt Disney Pictures, Whitaker Entertainment, Bergsten Music",United States of America,English,2016.0,both,right_only
75.0,"Apr 5, 2024","Apr 3, 2024",2024.0,thefirstomen,20th Century Studios,Horror,Original Screenplay,Live Action,Contemporary Fiction,30000000.0,3375.0,3375.0,11025.0,8353710.0,20092802.0,20092802.0,33900000.0,53992802.0,2024.0,68.0,thefirstomen,53845880.0,20092802.0,0.373,33753078.0,0.63,,,,,,,,,,,,,,,,,left_only,both
57.0,"Jul 4, 2018","Jul 4, 2018",2018.0,thefirstpurge,Universal,Horror,Original Screenplay,Live Action,Contemporary Fiction,13000000.0,3031.0,3038.0,11221.0,17374280.0,69488745.0,86269785.0,67565852.0,137054597.0,2018.0,55.0,thefirstpurge,137056262.0,69488745.0,0.507,67567517.0,0.49,442249.0,5.988,3686.0,Released,2018-07-04,137056262.0,97.0,False,13000000.0,en,43.837,"Horror, Action, Thriller","Platinum Dunes, Blumhouse Productions, Universal Pictures",United States of America,English,2018.0,both,both
29.0,"Jul 28, 2023","Dec 3, 2022",2023.0,thefirstslamdunk,GKIDS,Comedy,Based on Comic/Graphic Novel,Digital Animation,Contemporary Fiction,0.0,581.0,581.0,713.0,662211.0,1291869.0,1335564.0,277965770.0,279257639.0,2022.0,18.0,thefirstslamdunk,246868956.0,1291869.0,0.005,245577087.0,1.0,783675.0,7.732,190.0,Released,2022-12-03,258000000.0,125.0,False,0.0,ja,68.184,"Animation, Comedy, Drama","Toei Animation, Toei Company, DandeLion Animation Studio",Japan,Japanese,2022.0,both,both
31.0,"Jun 16, 2023","Jun 13, 2023",2023.0,theflash,Warner Bros.,Action,Based on Comic/Graphic Novel,Live Action,Super Hero,200000000.0,4234.0,4256.0,13983.0,55043679.0,108167507.0,111825827.0,163300000.0,271467507.0,2023.0,28.0,theflash,271433313.0,108133313.0,0.3979999999999999,163300000.0,0.6,298618.0,6.898,2959.0,Released,2023-06-13,268375616.0,144.0,False,300000000.0,en,480.393,"Action, Adventure, Science Fiction","Warner Bros. Pictures, Double Dream, The Disco Factory, DC Films",United States of America,"English, Spanish, Russian",2023.0,both,both
63.0,"Oct 13, 2017","Sep 29, 2017",2017.0,theforeigner,STX Entertainment,Action,Based on Fiction Book/Short Story,Live Action,Contemporary Fiction,35000000.0,2515.0,2515.0,10435.0,13113024.0,34393507.0,43365729.0,110980592.0,145374099.0,2017.0,61.0,theforeigner,145374099.0,34393507.0,0.237,110980592.0,0.76,379149.0,6.965,2389.0,Released,2017-09-28,145374099.0,113.0,False,35000000.0,en,43.205,"Action, Thriller","Sparkle Roll Media, STX Films, Arthur Sarkissian Productions, The Entertainer Production Company, Orange Corp, Wanda Media Co., Huayi Brothers Pictures, Prosperity Pictures","China, India, United Kingdom, United States of America","Mandarin, English",2017.0,both,both
,,,,,,,,,,,,,,,,,,,2016.0,142.0,theforest,39712000.0,26594261.0,0.67,13117739.0,0.33,329440.0,5.223,1637.0,Released,2016-01-07,37608299.0,95.0,False,10000000.0,en,13.533,"Horror, Thriller, Mystery","Lava Bear Films, AI Film, Phantom Four",United States of America,English,2016.0,both,right_only
54.0,"Jul 2, 2021","Jul 1, 2021",2021.0,theforeverpurge,Universal,Horror,Original Screenplay,Live Action,Science Fiction,18000000.0,3051.0,3058.0,14852.0,12551220.0,44539245.0,49531840.0,32411280.0,76950525.0,2021.0,51.0,theforeverpurge,76994245.0,44539245.0,0.578,32455000.0,0.42,602223.0,7.029,2212.0,Released,2021-06-30,76994245.0,103.0,False,18000000.0,en,56.739,"Horror, Action, Thriller","Blumhouse Productions, Platinum Dunes, Universal Pictures, Perfect World Pictures, Man in A Tree",United States of America,English,2021.0,both,both
,,,,,,,,,,,,,,,,,,,2024.0,81.0,theforge,40395051.0,29123632.0,0.721,11271419.0,0.28,210083.0,0.0,0.0,Released,2013-05-08,0.0,6.0,False,0.0,en,0.6,Action,,,English,2013.0,both,right_only
,,,,,,,,,,,,,,,,,,,2017.0,174.0,thefortress,28645448.0,252895.0,0.009,28392553.0,0.99,437081.0,6.732,114.0,Released,2017-10-03,28645448.0,140.0,False,0.0,ko,13.926,"War, Drama, History, Action",Siren Pictures,South Korea,Korean,2017.0,both,right_only
,,,,,,,,,,,,,,,,,,,2016.0,190.0,thefounder,24121245.0,12786053.0,0.53,11335192.0,0.47,310307.0,7.112,4472.0,Released,2016-09-13,24121245.0,115.0,False,15000000.0,en,30.214,"Drama, History","Speedie Distribution, FilmNation Entertainment, Faliro House Productions, The Combine, The Weinstein Company",United States of America,English,2016.0,both,right_only
,,,,,,,,,,,,,,,,,,,2017.0,102.0,thefoundingofanarmy,60600361.0,,,60600361.0,1.0,468892.0,4.533,15.0,Released,2017-08-01,0.0,133.0,False,0.0,zh,6.044,"Drama, History, War","China Film Group Corporation, JCE Movies, Media Asia Film, Polybona Films, August 1st Film Studio",China,Mandarin,2017.0,both,right_only
72.0,"Oct 22, 2021","Oct 21, 2021",2021.0,thefrenchdispatch,Searchlight Pictures,Comedy,Original Screenplay,Live Action,Historical Fiction,0.0,52.0,1225.0,5680.0,1348804.0,16124375.0,17926226.0,31262788.0,47387163.0,2021.0,70.0,thefrenchdispatch,46333545.0,16124375.0,0.348,30209170.0,0.65,542178.0,7.094,2217.0,Released,2021-10-21,46333545.0,108.0,False,25000000.0,en,23.179,"Drama, Comedy","Searchlight Pictures, Indian Paintbrush, American Empirical Pictures",United States of America,"English, French",2021.0,both,both
,,,,,,,,,,,,,,,,,,,2015.0,149.0,thegallows,42964410.0,22764410.0,0.53,20200000.0,0.47,299245.0,4.955,881.0,Released,2015-07-09,42964410.0,81.0,False,100000.0,en,10.224,"Horror, Thriller","Tremendum Pictures, New Line Cinema, Blumhouse Productions, Management 360",United States of America,English,2015.0,both,right_only
,,,,,,,,,,,,,,,,,,,2019.0,172.0,thegangsterthecopthedevil,25775371.0,216494.0,0.008,25558877.0,0.99,581528.0,7.8,815.0,Released,2019-05-15,25775371.0,110.0,False,6500000.0,ko,43.203,"Crime, Action, Thriller","Acemaker Movieworks, BA Entertainment, Kiwi Media Group, B&C CONTENT",South Korea,Korean,2019.0,both,right_only
24.0,"May 24, 2024","May 1, 2024",2024.0,thegarfieldmovie,Sony Pictures,Adventure,Based on Comic/Graphic Novel,Digital Animation,Kids Fiction,60000000.0,4035.0,4108.0,21601.0,24006629.0,91956547.0,91956547.0,163451139.0,255407686.0,2024.0,26.0,thegarfieldmovie,234748692.0,91956547.0,0.392,142792145.0,0.61,,,,,,,,,,,,,,,,,left_only,both
21.0,"Jan 24, 2020","Dec 27, 2019",2020.0,thegentlemen,STX Entertainment,Action,Original Screenplay,Live Action,Contemporary Fiction,22000000.0,2165.0,2675.0,12801.0,10651884.0,36471796.0,44934212.0,76680426.0,113152222.0,2019.0,71.0,thegentlemen,115171795.0,36471795.0,0.317,78700000.0,0.68,522627.0,7.678,5079.0,Released,2020-01-01,115171795.0,113.0,False,22000000.0,en,31.06,"Comedy, Crime","Miramax, Toff Guy Films, STX Films","United States of America, United Kingdom",English,2020.0,both,both
28.0,"Dec 18, 2015","Dec 17, 2015",2015.0,theghouls,China Lion Film Distribution,Adventure,Based on Fiction Book/Short Story,Live Action,Fantasy,37000000.0,22.0,27.0,92.0,279974.0,1243810.0,1660308.0,258181439.0,259425249.0,,,theghouls,,,,,,29230.0,3.1,9.0,Released,2003-11-06,0.0,81.0,False,9000.0,en,2.177,Horror,,United States of America,English,2003.0,right_only,both
,,,,,,,,,,,,,,,,,,,2015.0,120.0,thegift,58978653.0,43787265.0,0.742,15191388.0,0.26,328425.0,6.697,2995.0,Released,2015-07-31,58978653.0,108.0,False,5000000.0,en,16.035,"Thriller, Mystery, Drama","Blumhouse Productions, Blue-Tongue Films, Ahimsa Films","Australia, United States of America",English,2015.0,both,right_only
,,,,,,,,,,,,,,,,,,,2015.0,120.0,thegift,58978653.0,43787265.0,0.742,15191388.0,0.26,1429448.0,0.0,0.0,Released,2024-11-12,0.0,3.0,False,0.0,en,0.882,Horror,,,English,2024.0,both,right_only
,,,,,,,,,,,,,,,,,,,2018.0,156.0,thegirlinthespidersweb,35164920.0,14841338.0,0.422,20323582.0,0.58,446807.0,6.1,1217.0,Released,2018-10-25,35164920.0,115.0,False,43000000.0,en,15.853,Thriller,"The Cantillon Company, Columbia Pictures, Scott Rudin Productions, Pascal Pictures, Metro-Goldwyn-Mayer, Yellow Bird, Regency Enterprises, New Regency Pictures, Sony Pictures, Studio Babelsberg, Film Service Babelsberg","Canada, Germany, Sweden, United Kingdom, United States of America",English,2018.0,both,right_only
50.0,"Oct 7, 2016","Oct 5, 2016",2016.0,thegirlonthetrain,Universal,Thriller/Suspense,Based on Fiction Book/Short Story,Live Action,Contemporary Fiction,45000000.0,3144.0,3241.0,15948.0,24536265.0,75395035.0,98580098.0,98883179.0,174278214.0,2016.0,54.0,thegirlonthetrain,173185859.0,75395035.0,0.435,97790824.0,0.57,346685.0,6.434,5427.0,Released,2016-10-05,173185859.0,112.0,False,45000000.0,en,15.235,"Thriller, Mystery, Drama, Crime","Reliance Entertainment, DreamWorks Pictures, Marc Platt Productions, Amblin Partners","India, United States of America","Spanish, English",2016.0,both,both
,,,,,,,,,,,,,,,,,,,2017.0,197.0,theglasscastle,22088533.0,17273059.0,0.782,4815474.0,0.22,336000.0,7.172,739.0,Released,2017-08-11,22088533.0,127.0,False,9000000.0,en,16.652,Drama,"Lionsgate, Netter Productions, TIK Films",United States of America,English,2017.0,both,right_only
85.0,"Dec 31, 2023","Dec 28, 2023",2023.0,thegoldfinger,,Drama,Original Screenplay,Live Action,Historical Fiction,0.0,0.0,0.0,0.0,0.0,0.0,0.0,80088072.0,80088072.0,,,thegoldfinger,,,,,,823598.0,0.0,0.0,Post Production,2023-12-30,0.0,0.0,False,45000000.0,cn,3.443,"Crime, Drama","Emperor Motion Pictures, Tianjin Maoyan Weying Media","China, Hong Kong",Cantonese,2023.0,right_only,both
21.0,"Nov 25, 2015","Nov 25, 2015",2015.0,thegooddinosaur,Walt Disney,Adventure,Original Screenplay,Digital Animation,Kids Fiction,187500000.0,3749.0,3749.0,22239.0,39155217.0,123087120.0,164716114.0,210683917.0,333771037.0,2015.0,22.0,thegooddinosaur,332207671.0,123087120.0,0.371,209120551.0,0.63,105864.0,6.745,5143.0,Released,2015-11-14,332207671.0,93.0,False,175000000.0,en,57.167,"Adventure, Animation, Family",Pixar,United States of America,English,2015.0,both,both
,,,,,,,,,,,,,,,,,,,2019.0,146.0,thegoodliar,33856058.0,17156058.0,0.507,16700000.0,0.49,511322.0,6.687,1018.0,Released,2019-11-08,33856058.0,109.0,False,10000000.0,en,12.392,Crime,1000 Eyes,United Kingdom,"German, English, Russian",2019.0,both,right_only
,,,,,,,,,,,,,,,,,,,2018.0,139.0,thegreatbattle,41509280.0,472166.0,0.011,41037114.0,0.99,535389.0,6.8,142.0,Released,2018-09-19,41509280.0,135.0,False,13305000.0,ko,14.975,"War, History, Action","Soojak Film, Next Entertainment World, Studio & New",South Korea,"Korean, Mandarin",2018.0,both,right_only
,,,,,,,,,,,,,,,,,,,2023.0,194.0,thegreatescaper,10425252.0,,,10425252.0,1.0,944194.0,0.0,0.0,Post Production,2023-10-06,0.0,96.0,False,0.0,en,9.213,"Comedy, Drama","Ecosse Films, BBC, Filmgate Films, Pathe, Ingenious Media, Film i Väst","Sweden, United Kingdom",English,2023.0,both,right_only
21.0,"Dec 20, 2017","Dec 11, 2017",2017.0,thegreatestshowman,20th Century Fox,Musical,Based on Real Life Events,Live Action,Dramatization,84000000.0,3006.0,3342.0,32236.0,8805843.0,174340174.0,217392259.0,254455826.0,428796000.0,2017.0,21.0,thegreatestshowman,434993183.0,174340174.0,0.401,260653009.0,0.6,316029.0,7.908,8844.0,Released,2017-12-20,432844677.0,105.0,False,84000000.0,en,33.346,Drama,"Chernin Entertainment, 20th Century Fox, TSG Entertainment",United States of America,English,2017.0,both,both
30.0,"Feb 17, 2017","Dec 15, 2016",2017.0,thegreatwall,Universal,Action,Original Screenplay,Live Action,Historical Fiction,150000000.0,3325.0,3328.0,11260.0,18469620.0,45157105.0,56937220.0,289329747.0,334486852.0,2016.0,27.0,thegreatwall,334933831.0,45540830.0,0.136,289393001.0,0.86,311324.0,6.005,4748.0,Released,2016-12-16,331957105.0,103.0,False,150000000.0,en,32.601,"Action, Adventure, Fantasy","Legendary East, Universal Pictures, Atlas Entertainment, Le Vision Pictures, Kava Productions, China Film Group Corporation, dentsu, Fuji Television Network, Legendary Pictures","China, Japan, United States of America","Italian, English, Mandarin, Spanish",2016.0,both,both
,,,,,,,,,,,,,,,,,,,2021.0,122.0,thegreenknight,18887953.0,17173321.0,0.909,1714632.0,0.09,559907.0,6.57,1605.0,Released,2021-07-29,18888418.0,130.0,False,15000000.0,en,19.04,"Adventure, Drama, Fantasy","A24, Bron Studios, Sailor Bear, Ley Line Entertainment, Wild Atlantic Pictures, Creative Wealth Media Finance","Canada, Ireland, United Kingdom, United States of America",English,2021.0,both,right_only
,,,,,,,,,,,,,,,,,,,2018.0,18.0,thegrinch,512715682.0,271740675.0,0.53,240975007.0,0.47,360920.0,6.828,3401.0,Released,2018-11-08,508575295.0,85.0,False,75000000.0,en,36.415,"Animation, Family, Comedy, Fantasy","Illumination, Dr. Seuss Enterprises, Universal Animation Studios",United States of America,English,2018.0,both,right_only
33.0,"Jan 3, 2020","Dec 31, 2019",2020.0,thegrudge,Sony Pictures,Horror,Original Screenplay,Live Action,Contemporary Fiction,10000000.0,2642.0,2642.0,7144.0,11404113.0,21216148.0,40219683.0,28286969.0,49503117.0,2019.0,120.0,thegrudge,49511319.0,21221803.0,0.429,28289516.0,0.57,1970.0,5.88,2705.0,Released,2004-10-22,183474602.0,92.0,False,10000000.0,en,19.414,"Horror, Mystery, Thriller","Vertigo Entertainment, Ghost House Pictures, Fellah Pictures, Senator International, Columbia Pictures",United States of America,"English, Japanese",2004.0,both,both
,,,,,,,,,,,,,,,,,,,2016.0,148.0,thehandmaiden,37787739.0,2006788.0,0.053,35780951.0,0.95,290098.0,8.246,3299.0,Released,2016-06-01,38600000.0,145.0,False,8575000.0,ko,55.173,"Thriller, Drama, Romance","Moho Film, Yong Film, CJ Entertainment",South Korea,"Japanese, Korean",2016.0,both,right_only
,,,,,,,,,,,,,,,,,,,2018.0,177.0,thehappytimemurders,27506452.0,20706452.0,0.753,6800000.0,0.25,412988.0,5.735,933.0,Released,2018-08-22,27506452.0,91.0,False,40000000.0,en,13.727,"Action, Comedy, Crime","STX Films, Black Bear Pictures, Henson Alternative, Huayi Brothers Pictures, On the Day","China, United States of America",English,2018.0,both,right_only
49.0,"Dec 25, 2015","Dec 25, 2015",2015.0,thehatefuleight,Weinstein Co.,Western,Original Screenplay,Live Action,Historical Fiction,62000000.0,100.0,2938.0,11086.0,4610676.0,54117416.0,71214467.0,97695942.0,151813358.0,2015.0,50.0,thehatefuleight,155760117.0,54117416.0,0.347,101642701.0,0.65,273248.0,7.746,13291.0,Released,2015-12-25,155760117.0,188.0,False,44000000.0,en,32.119,"Drama, Mystery, Western","The Weinstein Company, Double Feature Films, FilmColony",United States of America,"Spanish, English",2015.0,both,both
,,,,,,,,,,,,,,,,,,,2018.0,157.0,thehateugive,34934009.0,29719483.0,0.851,5214526.0,0.15,470044.0,8.162,1983.0,Released,2018-10-19,34934009.0,133.0,False,23000000.0,en,38.819,"Crime, Drama",Temple Hill Entertainment,United States of America,English,2018.0,both,right_only
,,,,,,,,,,,,,,,,,,,2020.0,135.0,theheistofthecentury,7627100.0,,,7627100.0,1.0,609242.0,7.799,706.0,Released,2020-01-16,7627100.0,114.0,False,0.0,es,16.894,"Comedy, Thriller, Crime","Viacom International Inc., Telefe, AZ Films, MarVista Entertainment, Film Tonic, INCAA, Cine Argentino","Argentina, United States of America",Spanish,2020.0,both,right_only
,,,,,,,,,,,,,,,,,,,2020.0,135.0,theheistofthecentury,7627100.0,,,7627100.0,1.0,1482367.0,0.0,0.0,Released,2024-12-31,0.0,9.0,False,15.0,en,0.0143,"Comedy, Adventure",,,,2024.0,both,right_only
,,,,,,,,,,,,,,,,,,,2015.0,131.0,thehimalayas,50544493.0,696717.0,0.0139999999999999,49847776.0,0.99,374111.0,6.87,23.0,Released,2015-12-16,500.0,125.0,False,500.0,ko,5.815,"Adventure, Drama","JK Film, CJ Entertainment",South Korea,"English, Mandarin, Korean",2015.0,both,right_only
53.0,"Aug 18, 2017","Aug 18, 2017",2017.0,thehitmansbodyguard,Lionsgate,Action,Original Screenplay,Live Action,Contemporary Fiction,30000000.0,3377.0,3377.0,20672.0,21384504.0,75468583.0,95156040.0,107946600.0,183415183.0,2017.0,51.0,thehitmansbodyguard,183415183.0,75468583.0,0.411,107946600.0,0.59,390043.0,6.891,5732.0,Released,2017-08-16,176586701.0,118.0,False,30000000.0,en,28.214,"Action, Comedy","Campbell Grobman Films, East Light Media, Nu Boyana Film Studios, Tom de Mol Productions, Summit Entertainment, Millennium Media, Davis Films, Cristal Pictures","Bulgaria, Canada, France, Hong Kong, Netherlands, United States of America","French, English, Russian",2017.0,both,both
,,,,,,,,,,,,,,,,,,,2023.0,97.0,theholdovers,45760067.0,20355375.0,0.445,25404692.0,0.56,840430.0,0.0,0.0,Released,2023-10-27,0.0,133.0,False,0.0,en,6.131,"Comedy, Drama","Miramax, Gran Via Productions",United States of America,English,2023.0,both,right_only
,,,,,,,,,,,,,,,,,,,2017.0,156.0,thehouse,34284504.0,25584504.0,0.746,8700000.0,0.25,926899.0,7.032,918.0,Released,2022-01-14,0.0,97.0,False,0.0,en,33.405,"Animation, Drama, Comedy, Horror, Fantasy",Nexus Studios,United Kingdom,English,2022.0,both,right_only
,,,,,,,,,,,,,,,,,,,2017.0,156.0,thehouse,34284504.0,25584504.0,0.746,8700000.0,0.25,1542030.0,0.0,0.0,Released,2025-04-27,0.0,0.0,False,10.0,fr,0.0929,Horror,,,French,2025.0,both,right_only
20.0,"Dec 19, 2025","Dec 19, 2025",2025.0,thehousemaid,Lionsgate,Thriller/Suspense,Based on Fiction Book/Short Story,Live Action,Contemporary Fiction,35000000.0,3015.0,3123.0,24131.0,19010430.0,125751841.0,125751841.0,235333397.0,361085238.0,2025.0,20.0,thehousemaid,359339962.0,125561651.0,0.349,233778311.0,0.6509999999999999,45202.0,6.427,287.0,Released,2010-05-13,0.0,107.0,False,4000000.0,ko,14.564,"Thriller, Drama","Sidus, Sidus FNH-Benex Cinema Fund 1, Michigan Venture Capital, Stareast Digital Laboratory, Hanwha Entertainment Fund No. 1, Mirovision, CJ Entertainment, Korean Film Council",South Korea,Korean,2010.0,both,both
,,,,,,,,,,,,,,,,,,,2023.0,143.0,thehouseofnoman,19490980.0,,,19490980.0,1.0,1056126.0,4.5,2.0,Released,2023-01-22,0.0,103.0,False,0.0,vi,2.621,"Drama, Comedy","Kim Entertainment, Trấn Thành Town, CJ HK Entertainment",,Vietnamese,2023.0,both,right_only
,,,,,,,,,,,,,,,,,,,2023.0,143.0,thehouseofnoman,19490980.0,,,19490980.0,1.0,602717.0,0.0,0.0,Released,1999-10-15,0.0,81.0,False,0.0,zh,0.732,,,Hong Kong,Cantonese,1999.0,both,right_only
,,,,,,,,,,,,,,,,,,,2017.0,162.0,thehousethatneverdiesii,32433588.0,,,32433588.0,1.0,474420.0,3.7,3.0,Released,2017-07-06,32402205.0,97.0,False,0.0,zh,2.451,"Thriller, Drama, Mystery, Horror",福建恒业影业有限公司,China,Mandarin,2017.0,both,right_only
60.0,"Sep 21, 2018","Sep 19, 2018",2018.0,thehousewithaclockinitswalls,Universal,Comedy,Based on Fiction Book/Short Story,Live Action,Historical Fiction,40000000.0,3592.0,3592.0,17634.0,26608020.0,68549695.0,85103860.0,62907452.0,131457147.0,2018.0,58.0,thehousewithaclockinitswalls,131457147.0,68549695.0,0.521,62907452.0,0.48,463821.0,6.2,2009.0,Released,2018-09-15,131523093.0,105.0,False,42000000.0,en,18.083,"Fantasy, Family, Comedy","Amblin Entertainment, Mythology Entertainment, Reliance Entertainment, Universal Pictures, DreamWorks Pictures","Canada, India, United States of America",English,2018.0,both,both
,,,,,,,,,,,,,,,,,,,2015.0,110.0,thehundredregimentsoffensive,63230000.0,,,63230000.0,1.0,360644.0,4.9,5.0,Released,2015-08-28,0.0,0.0,False,0.0,zh,1.113,"War, History",,China,Mandarin,2015.0,both,right_only
10.0,"Nov 20, 2015","Nov 18, 2015",2015.0,thehungergamesmockingjaypart2,Lionsgate,Action,Based on Fiction Book/Short Story,Live Action,Science Fiction,160000000.0,4175.0,4175.0,25500.0,102665981.0,281723902.0,377556460.0,364401385.0,646125287.0,2015.0,9.0,thehungergamesmockingjaypart2,653428261.0,281723902.0,0.431,371704359.0,0.57,131634.0,6.9,11557.0,Released,2015-11-18,653428261.0,137.0,False,160000000.0,en,43.902,"Action, Adventure, Science Fiction","Lionsgate, Color Force, Studio Babelsberg","Germany, United States of America",English,2015.0,both,both
,,,,,,,,,,,,,,,,,,,2023.0,22.0,thehungergamestheballadofsongbirdssnakes,347628052.0,166350594.0,0.479,181277458.0,0.52,695721.0,0.0,0.0,Post Production,2023-11-15,0.0,157.0,False,0.0,en,35.416,"Action, Adventure, Science Fiction","Lionsgate, Color Force, Good Universe",United States of America,English,2023.0,both,right_only
,,,,,,,,,,,,,,,,,,,2020.0,108.0,thehunt,10550350.0,5812500.0,0.551,4737850.0,0.45,103663.0,8.103,3741.0,Released,2012-10-25,18309793.0,116.0,False,3800000.0,da,19.256,Drama,"Zentropa Entertainments, Det Danske Filminstitut, DR, Eurimages, MEDIA Programme of the European Union, Svenska Filminstitutet, SVT, Film i Väst, Nordisk Film & TV Fond","Belgium, Denmark, France, Sweden","Danish, Polish, English",2012.0,both,right_only
,,,,,,,,,,,,,,,,,,,2020.0,108.0,thehunt,10550350.0,5812500.0,0.551,4737850.0,0.45,1571115.0,0.0,1.0,Released,2025-10-29,0.0,1.0,False,0.0,en,0.15,Horror,,,,2025.0,both,right_only
54.0,"Apr 22, 2016","Apr 6, 2016",2016.0,thehuntsmanwinterswar,Universal,Action,Based on Folk Tale/Legend/Fairytale,Live Action,Fantasy,115000000.0,3791.0,3802.0,14940.0,19445035.0,48003015.0,62764641.0,117146287.0,165149302.0,2016.0,55.0,thehuntsmanwinterswar,164989338.0,48390190.0,0.293,116599148.0,0.71,290595.0,6.288,4573.0,Released,2016-04-06,164989338.0,114.0,False,115000000.0,en,23.024,"Action, Adventure, Drama","Roth Films, Universal Pictures, Perfect World Pictures","China, United States of America",English,2016.0,both,both
,,,,,,,,,,,,,,,,,,,2018.0,160.0,thehurricaneheist,32517248.0,6115825.0,0.188,26401423.0,0.81,430040.0,5.671,933.0,Released,2018-02-28,32517248.0,103.0,False,35000000.0,en,13.737,"Action, Crime, Thriller","Metrol Technology, Lipsync Productions, Head Gear Films, Windfall Films, DNEG, Signature Pictures, RSVP Entertainment","United Kingdom, United States of America",English,2018.0,both,right_only
74.0,"May 10, 2019","May 8, 2019",2019.0,thehustle,United Artists,Comedy,Original Screenplay,Live Action,Contemporary Fiction,21000000.0,3007.0,3077.0,10841.0,13007709.0,35417038.0,43729991.0,61972530.0,97389568.0,2019.0,77.0,thehustle,97409779.0,35417038.0,0.364,61992741.0,0.64,449562.0,6.221,2326.0,Released,2019-05-09,97409779.0,94.0,False,21000000.0,en,19.232,"Comedy, Crime, Action","Pin High Productions, Metro-Goldwyn-Mayer",United States of America,"English, Danish, French, German, Dutch",2019.0,both,both
,,,,,,,,,,,,,,,,,,,2021.0,198.0,theiceroad,7502846.0,,,7502846.0,1.0,646207.0,6.912,1499.0,Released,2021-06-24,7502846.0,108.0,False,0.0,en,29.361,"Action, Thriller","ShivHans Pictures, Code Entertainment, Envision Media Arts, The Solution","Canada, United States of America",English,2021.0,both,right_only
,,,,,,,,,,,,,,,,,,,2020.0,166.0,theinnocent,5929392.0,22549.0,0.004,5906843.0,1.0,919573.0,6.895,256.0,Released,2022-10-12,5175806.0,95.0,False,4000000.0,fr,12.555,"Comedy, Crime, Romance","Les Films des Tournelles, ARTE, Auvergne-Rhône-Alpes Cinéma, CNC, Canal+, Ciné+",France,French,2022.0,both,right_only
41.0,"Sep 25, 2015","Sep 24, 2015",2015.0,theintern,Warner Bros.,Comedy,Original Screenplay,Live Action,Contemporary Fiction,40000000.0,3305.0,3320.0,19850.0,17728313.0,75764672.0,101642213.0,121351038.0,197115710.0,2015.0,40.0,theintern,194764672.0,75764672.0,0.389,119000000.0,0.61,257211.0,7.205,6199.0,Released,2015-09-23,194564672.0,121.0,False,35000000.0,en,27.542,Comedy,Waverly Films,United States of America,English,2015.0,both,both
,,,,,,,,,,,,,,,,,,,2019.0,141.0,theintruder,36599361.0,35419122.0,0.968,1180239.0,0.03,524247.0,6.0,531.0,Released,2019-05-03,40600000.0,102.0,False,8000000.0,en,14.762,Thriller,"Hidden Empire Film Group, Screen Gems",United States of America,English,2019.0,both,right_only
,,,,,,,,,,,,,,,,,,,2019.0,141.0,theintruder,36599361.0,35419122.0,0.968,1180239.0,0.03,1305428.0,0.0,0.0,Released,2019-11-15,0.0,0.0,False,0.0,pt,0.6,"Crime, Mystery, Thriller",,Brazil,Portuguese,2019.0,both,right_only
,,,,,,,,,,,,,,,,,,,2019.0,141.0,theintruder,36599361.0,35419122.0,0.968,1180239.0,0.03,1500930.0,0.0,0.0,Released,2011-12-01,0.0,18.0,False,0.0,en,0.0143,"Mystery, Science Fiction, Thriller",,,English,2011.0,both,right_only
,,,,,,,,,,,,,,,,,,,2019.0,141.0,theintruder,36599361.0,35419122.0,0.968,1180239.0,0.03,566022.0,0.0,0.0,Released,2017-07-14,0.0,14.0,False,300.0,es,0.6,"Horror, Mystery, Fantasy",Bascombe Films,Chile,Spanish,2017.0,both,right_only
,,,,,,,,,,,,,,,,,,,2019.0,141.0,theintruder,36599361.0,35419122.0,0.968,1180239.0,0.03,733192.0,0.0,0.0,Released,2020-07-19,0.0,3.0,False,0.0,en,0.6,Thriller,,,,2020.0,both,right_only
,,,,,,,,,,,,,,,,,,,2017.0,163.0,theinvisibleguest,31191910.0,,,31191910.0,1.0,411088.0,8.12,4212.0,Released,2017-01-06,30000000.0,107.0,False,4000000.0,es,26.356,"Drama, Mystery, Thriller","Think Studio, Nostromo Pictures, Colosé Producciones, ICEC, ICAA, Movistar+, TV3, Atresmedia, Orange, Cosmopolitan TV",Spain,Spanish,2017.0,both,right_only
17.0,"Feb 28, 2020","Feb 26, 2020",2020.0,theinvisibleman,Universal,Horror,Based on Fiction Book/Short Story,Live Action,Science Fiction,7000000.0,3610.0,3636.0,10856.0,28205665.0,64914050.0,79975804.0,74097915.0,139011965.0,2020.0,15.0,theinvisibleman,144492724.0,70410000.0,0.487,74082724.0,0.51,570670.0,7.129,5282.0,Released,2020-02-26,144492724.0,124.0,False,7000000.0,en,22.738,"Thriller, Science Fiction, Horror","Blumhouse Productions, Universal Pictures, Goalpost Pictures, Nervous Tick, Screen Australia","Australia, United States of America",English,2020.0,both,both
82.0,"Aug 26, 2022","Aug 16, 2022",2022.0,theinvitation,Sony Pictures,Horror,Original Screenplay,Live Action,Contemporary Fiction,10000000.0,3114.0,3117.0,16043.0,6805468.0,25100080.0,26959342.0,12935746.0,38035826.0,2022.0,71.0,theinvitation,38036130.0,25100080.0,0.66,12936050.0,0.34,306947.0,6.475,2375.0,Released,2015-07-03,354835.0,100.0,False,1000000.0,en,13.331,"Thriller, Horror","XYZ Films, Gamechanger Films, Lege Artis, The Invitation, Drafthouse Films",United States of America,English,2015.0,both,both
,,,,,,,,,,,,,,,,,,,2018.0,44.0,theisland,198326350.0,670883.0,0.003,197655467.0,1.0,1635.0,6.7,4981.0,Released,2005-07-21,162949164.0,136.0,False,126000000.0,en,33.414,"Action, Thriller, Science Fiction, Adventure","DreamWorks Pictures, Warner Bros. Pictures, Parkes-MacDonald Productions, K/O Paper Products",United States of America,English,2005.0,both,right_only
,,,,,,,,,,,,,,,,,,,2018.0,44.0,theisland,198326350.0,670883.0,0.003,197655467.0,1.0,1469270.0,0.0,0.0,Released,2025-04-24,0.0,0.0,False,0.0,ko,0.0286,Documentary,,Colombia,,2025.0,both,right_only
5.0,"Apr 15, 2016","Apr 7, 2016",2016.0,thejunglebook,Walt Disney,Adventure,Based on Fiction Book/Short Story,Animation/Live Action,Fantasy,175000000.0,4028.0,4144.0,33513.0,103261464.0,364001123.0,475936732.0,586696875.0,950697998.0,2016.0,5.0,thejunglebook,966550600.0,364001123.0,0.377,602549477.0,0.62,278927.0,6.86,7668.0,Released,2016-04-07,966550600.0,106.0,False,175000000.0,en,33.274,"Family, Adventure, Drama, Fantasy","Walt Disney Pictures, Fairview Entertainment, Moving Picture Company","United Kingdom, United States of America",English,2016.0,both,both
,,,,,,,,,,,,,,,,,,,2022.0,91.0,thekashmirfiles,24821898.0,1485000.0,0.06,23336898.0,0.94,900783.0,7.109,46.0,Released,2022-03-11,0.0,170.0,False,0.0,hi,5.805,"History, Drama","Abhishek Agarwal Arts, Zee Studios",India,Hindi,2022.0,both,right_only
,,,,,,,,,,,,,,,,,,,2022.0,198.0,thekidsarealright2,7187470.0,,,7187470.0,1.0,892068.0,6.313,40.0,Released,2022-12-02,0.0,84.0,False,0.0,es,8.12,"Comedy, Family",,Spain,Spanish,2022.0,both,right_only
,,,,,,,,,,,,,,,,,,,2019.0,155.0,thekidwhowouldbeking,32140970.0,16790790.0,0.522,15350180.0,0.48,454294.0,6.114,670.0,Released,2019-01-16,32140970.0,120.0,False,59000000.0,en,15.841,"Action, Adventure, Fantasy, Family","Working Title Films, Big Talk Productions, TSG Entertainment, 20th Century Fox",United Kingdom,English,2019.0,both,right_only
,,,,,,,,,,,,,,,,,,,2017.0,145.0,theking,37886707.0,,,37886707.0,1.0,504949.0,7.16,2922.0,Released,2019-10-11,0.0,140.0,False,0.0,en,15.088,"Drama, History, War","Plan B Entertainment, Porchlight Films, Blue-Tongue Films, Yoki","Australia, United States of America","English, French, Latin",2019.0,both,right_only
65.0,"Apr 11, 2025","Apr 10, 2025",2025.0,thekingofkings,Angel Studios,Drama,Based on Religious Text,Digital Animation,Historical Fiction,25000000.0,3200.0,3535.0,13976.0,19371296.0,60270106.0,60270106.0,22955603.0,83225709.0,2025.0,57.0,thekingofkings,83225709.0,60270106.0,0.7240000000000001,22955603.0,0.276,,,,,,,,,,,,,,,,,left_only,both
37.0,"Dec 22, 2021","Dec 22, 2021",2021.0,thekingsman,20th Century Studios,Action,Based on Comic/Graphic Novel,Live Action,Historical Fiction,100000000.0,3180.0,3180.0,19880.0,5915542.0,37176373.0,40548340.0,83948927.0,121125300.0,2021.0,39.0,thekingsman,125897478.0,37176373.0,0.295,88721105.0,0.71,476669.0,6.794,3932.0,Released,2021-12-22,125928656.0,131.0,False,100000000.0,en,52.773,"Action, Adventure, Thriller","Marv Films, Cloudy Productions, 20th Century Studios","United Kingdom, United States of America",English,2021.0,both,both
,,,,,,,,,,,,,,,,,,,2019.0,186.0,theknightofshadowsbetweenyinandyang,22936257.0,,,22936257.0,1.0,512901.0,5.644,111.0,Released,2019-02-05,0.0,108.0,False,0.0,zh,16.091,"Action, Fantasy","Golden Shore Films & Television, Sparkle Roll Media, iQiyi Motion Pictures",China,Mandarin,2019.0,both,right_only
,,,,,,,,,,,,,,,,,,,2015.0,152.0,theladyinthevan,41387687.0,10021175.0,0.242,31366512.0,0.76,328589.0,6.42,665.0,Released,2015-10-30,41387687.0,104.0,False,6000000.0,en,11.069,"Comedy, Drama","BBC Film, TriStar Pictures",United Kingdom,English,2015.0,both,right_only
,,,,,,,,,,,,,,,,,,,2022.0,87.0,thelast10years,26729106.0,,,26729106.0,1.0,876797.0,7.0,55.0,Released,2022-03-04,22456368.0,124.0,False,0.0,ja,27.253,"Drama, Romance",Warner Bros. Japan,Japan,Japanese,2022.0,both,right_only
,,,,,,,,,,,,,,,,,,,2024.0,128.0,thelastdance,20983374.0,,,20983374.0,1.0,83205.0,6.556,9.0,Released,1993-05-29,0.0,116.0,False,0.0,ja,3.849,"Drama, Comedy",Itami Productions,Japan,Japanese,1993.0,both,right_only
,,,,,,,,,,,,,,,,,,,2024.0,128.0,thelastdance,20983374.0,,,20983374.0,1.0,1144127.0,0.0,0.0,Released,2023-05-25,0.0,11.0,False,0.0,en,0.6,"Comedy, Drama",Amk productions,United Kingdom,,2023.0,both,right_only
,,,,,,,,,,,,,,,,,,,2021.0,95.0,thelastduel,30552111.0,10853945.0,0.355,19698166.0,0.65,617653.0,7.466,2953.0,Released,2021-10-13,30500000.0,153.0,False,100000000.0,en,30.646,"History, Drama, Action","20th Century Studios, Scott Free Productions, Pearl Street Films, TSG Entertainment","United Kingdom, United States of America","French, Romanian, English",2021.0,both,right_only
,,,,,,,,,,,,,,,,,,,2025.0,146.0,thelastrodeo,15202565.0,15201659.0,1.0,906.0,0.001,1030832.0,10.0,1.0,Released,2022-09-29,0.0,7.0,False,500.0,en,0.6,Mystery,Petrichor Motion Pictures,United States of America,,2022.0,both,right_only
,,,,,,,,,,,,,,,,,,,2023.0,136.0,thelastvoyageofthedemeter,21786275.0,13637180.0,0.626,8149095.0,0.37,635910.0,7.318,715.0,Released,2023-08-09,21576744.0,119.0,False,45000000.0,en,307.895,"Thriller, Horror","Phoenix Pictures, DreamWorks Pictures, Wise Owl Media, Reliance Entertainment, Studio Babelsberg, StoryWorks Productions","Germany, India, United Kingdom, United States of America","English, Russian",2023.0,both,right_only
,,,,,,,,,,,,,,,,,,,2017.0,165.0,thelastwarrior,30618274.0,,,30618274.0,1.0,471968.0,6.951,143.0,Released,2017-10-19,30060061.0,120.0,False,8250000.0,ru,10.805,"Fantasy, Family, Adventure, Action, Comedy","The Walt Disney Company CIS, Walt Disney Pictures",Russia,Russian,2017.0,both,right_only
,,,,,,,,,,,,,,,,,,,2021.0,99.0,thelastwarrioramessengerofdarkness,27052365.0,,,27052365.0,1.0,598014.0,6.81,42.0,Released,2021-12-23,29694624.0,108.0,False,7000000.0,ru,8.657,"Fantasy, Adventure, Comedy","Cinema Fund, Yellow, Black & White, The Walt Disney Company CIS",Russia,Russian,2021.0,both,right_only
,,,,,,,,,,,,,,,,,,,2021.0,98.0,thelastwarriorrootofevil,28357398.0,,,28357398.0,1.0,589754.0,6.918,140.0,Released,2021-01-01,27658331.0,120.0,False,8400000.0,ru,36.296,"Fantasy, Adventure, Comedy","Yellow, Black & White, The Walt Disney Company CIS, Cinema Fund, Russia-1",Russia,Russian,2021.0,both,right_only
,,,,,,,,,,,,,,,,,,,2019.0,136.0,thelastwish,39756292.0,,,39756292.0,1.0,597309.0,6.071,7.0,Released,2019-09-12,0.0,107.0,False,0.0,zh,2.445,"Drama, Comedy",Hengye Pictures,China,Mandarin,2019.0,both,right_only
56.0,"Oct 23, 2015","Oct 21, 2015",2015.0,thelastwitchhunter,Lionsgate,Action,Original Screenplay,Live Action,Fantasy,80000000.0,3082.0,3082.0,11140.0,10812861.0,27367660.0,36717463.0,103451252.0,130818912.0,2015.0,53.0,thelastwitchhunter,146936910.0,27367660.0,0.186,119569250.0,0.81,274854.0,5.948,3355.0,Released,2015-10-21,146936910.0,106.0,False,90000000.0,en,27.719,"Fantasy, Action, Adventure","NeoReel, Summit Entertainment, Atmosphere Entertainment MM, Goldmann Pictures, Aperture Entertainment, TIK Films, One Race, Lionsgate","Hong Kong, United States of America",English,2015.0,both,both
,,,,,,,,,,,,,,,,,,,2015.0,160.0,thelazaruseffect,38356892.0,25801570.0,0.6729999999999999,12555322.0,0.33,243940.0,5.252,1311.0,Released,2015-01-29,64110728.0,83.0,False,3300000.0,en,9.66,"Horror, Thriller, Mystery, Science Fiction","Lionsgate, Blumhouse Productions, Chapter One Films",United States of America,English,2015.0,both,right_only
,,,,,,,,,,,,,,,,,,,2015.0,96.0,theleftear,78015473.0,,,78015473.0,1.0,334973.0,6.433,29.0,Released,2015-04-24,0.0,120.0,False,0.0,zh,5.621,"Drama, Romance",Beijing Enlight Pictures,China,Mandarin,2015.0,both,right_only
,,,,,,,,,,,,,,,,,,,2020.0,162.0,thelegacyofdrdeathblackfile,6024046.0,,,6024046.0,1.0,731862.0,3.0,1.0,Released,2020-11-13,0.0,120.0,False,0.0,ja,1.273,Drama,Warner Bros. Japan,Japan,Japanese,2020.0,both,right_only
,,,,,,,,,,,,,,,,,,,2023.0,153.0,thelegendbutterfly,16087771.0,,,16087771.0,1.0,990365.0,6.7,12.0,Released,2023-01-27,0.0,168.0,False,0.0,ja,2.389,"History, Drama, Romance",Toei Company,Japan,Japanese,2023.0,both,right_only
,,,,,,,,,,,,,,,,,,,2019.0,123.0,thelegendofhei,48507082.0,,,48507082.0,1.0,620249.0,8.421,304.0,Released,2019-08-27,48045728.0,102.0,False,0.0,zh,22.866,"Animation, Fantasy, Action","MTJJ, Beijing Guangying Gongchang Wenhua Chuanbo, Dream Castle, Heyi Capital, Beijing Hanmu Chunhua Animation Technology Co., Ltd., Beijing Jiyin Yinghua",China,Mandarin,2019.0,both,right_only
,,,,,,,,,,,,,,,,,,,2022.0,141.0,thelegendofmaulajatt,13941539.0,5016493.0,0.36,8925046.0,0.64,464293.0,8.3,10.0,Released,2022-10-13,0.0,153.0,False,0.0,pa,10.53,"Drama, Fantasy, Action","Crew Motion Pictures, AAA Motion Pictures, Lashari Films, Encyclomedia",Pakistan,"Punjabi, Urdu, English",2022.0,both,right_only
22.0,"Jul 1, 2016","Jun 27, 2016",2016.0,thelegendoftarzan,Warner Bros.,Adventure,Based on Fiction Book/Short Story,Live Action,Historical Fiction,180000000.0,3561.0,3591.0,17135.0,38527856.0,126643061.0,165587629.0,230600000.0,357243061.0,2016.0,23.0,thelegendoftarzan,357243061.0,126643061.0,0.355,230600000.0,0.65,258489.0,5.9,5917.0,Released,2016-06-29,356743061.0,109.0,False,180000000.0,en,27.807,"Fantasy, Action, Adventure","Village Roadshow Pictures, Dark Horse Entertainment, Beagle Pug Films, Jerry Weintraub Productions, RatPac Entertainment, Riche Productions, Warner Bros. Pictures","Canada, United Kingdom, United States of America",English,2016.0,both,both
32.0,"Feb 10, 2017","Feb 2, 2017",2017.0,thelegobatmanmovie,Warner Bros.,Adventure,Spin-Off,Digital Animation,Kids Fiction,80000000.0,4088.0,4088.0,26629.0,53003468.0,175750384.0,221598312.0,136304710.0,312055094.0,2017.0,29.0,thelegobatmanmovie,312150384.0,175750384.0,0.563,136400000.0,0.44,324849.0,7.222,4593.0,Released,2017-02-08,311950384.0,104.0,False,80000000.0,en,29.4,"Animation, Action, Comedy, Family","Lin Pictures, Warner Bros. Animation, Animal Logic, DC Entertainment, Lord Miller, Warner Bros. Pictures, LEGO, Warner Bros. Pictures Animation","Denmark, United States of America",English,2017.0,both,both
46.0,"Feb 8, 2019","Feb 6, 2019",2019.0,thelegomovie2thesecondpart,Warner Bros.,Adventure,Based on Toy,Digital Animation,Kids Fiction,99000000.0,4303.0,4303.0,24210.0,34115335.0,105806508.0,130641007.0,86500000.0,192306508.0,2019.0,46.0,thelegomovie2thesecondpart,192306508.0,105806508.0,0.55,86500000.0,0.45,280217.0,6.682,1968.0,Released,2019-02-06,199603202.0,106.0,False,99000000.0,en,20.581,"Action, Adventure, Animation, Comedy, Family","Vertigo Entertainment, Animal Logic, Warner Bros. Pictures Animation, Lord Miller, Rideback, LEGO, Warner Bros. Pictures","Australia, Denmark, United States of America",English,2019.0,both,both
71.0,"Sep 22, 2017","Sep 15, 2017",2017.0,thelegoninjagomovie,Warner Bros.,Adventure,Spin-Off,Digital Animation,Kids Fiction,70000000.0,4047.0,4047.0,20687.0,20433071.0,59281555.0,74746308.0,64400000.0,123681555.0,2017.0,68.0,thelegoninjagomovie,123681555.0,59281555.0,0.479,64400000.0,0.52,274862.0,6.506,926.0,Released,2017-09-21,123081555.0,101.0,False,70000000.0,en,18.716,"Family, Animation, Action, Adventure, Comedy","Lin Pictures, Lord Miller, Vertigo Entertainment, Warner Bros. Pictures Animation, LEGO, Warner Bros. Pictures","Denmark, United States of America",English,2017.0,both,both
,,,,,,,,,,,,,,,,,,,2016.0,178.0,thelightbetweenoceans,25975621.0,12545979.0,0.483,13429642.0,0.52,283552.0,7.084,1279.0,Released,2016-09-02,25975621.0,133.0,False,20000000.0,en,10.956,"Drama, Romance","DreamWorks Pictures, Heyday Films, Participant, Amblin Entertainment, LBO Productions, Reliance Entertainment","India, United Kingdom, United States of America",English,2016.0,both,right_only
2.0,"Jul 19, 2019","Jul 11, 2019",2019.0,thelionking,Walt Disney,Adventure,Original Screenplay,Animation/Live Action,Kids Fiction,260000000.0,4725.0,4802.0,40962.0,191770759.0,543638043.0,671238672.0,1117816360.0,1661454403.0,2019.0,2.0,thelionking,1656943394.0,543638043.0,0.3279999999999999,1113305351.0,0.67,8587.0,8.256,16991.0,Released,1994-06-24,763455561.0,89.0,False,45000000.0,en,87.384,"Family, Animation, Drama","Walt Disney Pictures, Walt Disney Feature Animation",United States of America,English,1994.0,both,both
9.0,"May 26, 2023","May 24, 2023",2023.0,thelittlemermaid,Walt Disney,Musical,Based on Folk Tale/Legend/Fairytale,Animation/Live Action,Kids Fiction,250000000.0,4320.0,4320.0,28759.0,95578040.0,298172056.0,308256482.0,271454233.0,569626289.0,2023.0,11.0,thelittlemermaid,569626289.0,298172056.0,0.523,271454233.0,0.48,10144.0,7.355,7316.0,Released,1989-11-17,211343479.0,83.0,False,40000000.0,en,79.593,"Animation, Family, Fantasy","Walt Disney Pictures, Silver Screen Partners IV, Walt Disney Feature Animation",United States of America,"English, French",1989.0,both,both
84.0,"Feb 12, 2016","Jul 29, 2015",2016.0,thelittleprince,Entertainment One,Adventure,Based on Fiction Book/Short Story,Digital Animation,Kids Fiction,77500000.0,52.0,163.0,851.0,116927.0,1311213.0,1714426.0,99969998.0,101281211.0,2015.0,79.0,thelittleprince,97571250.0,1339152.0,0.0139999999999999,96232098.0,0.99,309809.0,7.605,2605.0,Released,2015-07-29,97571250.0,108.0,False,64000000.0,en,18.241,"Adventure, Animation, Fantasy, Family","Orange Studio, ON Animation Studios, Canal+, CNC, LPPTV, M6 Films, On Entertainment, Paramount, Lucky Red, Paramount Animation",France,English,2015.0,both,both
,,,,,,,,,,,,,,,,,,,2021.0,93.0,thelittlethings,30842746.0,15342746.0,0.497,15500000.0,0.5,602269.0,6.329,2158.0,Released,2021-01-28,29942746.0,128.0,False,30000000.0,en,37.106,"Crime, Drama, Thriller","Warner Bros. Pictures, Gran Via Productions",United States of America,English,2021.0,both,right_only
,,,,,,,,,,,,,,,,,,,2024.0,164.0,thelma,13072709.0,9002073.0,0.6890000000000001,4070636.0,0.31,401898.0,6.86,920.0,Released,2017-09-15,1471656.0,116.0,False,5741614.0,no,12.27,"Drama, Mystery, Thriller","Eurimages, Motlys, Le Pacte, Norsk Filminstitutt, Film i Väst, Snowglobe, Nordisk Film & TV Fond, Filmpool Nord, B-Reel Films, Don't Look Now, Copenhagen Film Fund","Denmark, France, Norway, Sweden","Norwegian, Swedish",2017.0,both,right_only
,,,,,,,,,,,,,,,,,,,2015.0,111.0,thelongestride,62944815.0,37446117.0,0.595,25498698.0,0.41,228205.0,7.584,2937.0,Released,2015-04-09,63013281.0,128.0,False,34000000.0,en,22.402,"Drama, Romance","Fox 2000 Pictures, Temple Hill Entertainment",United States of America,English,2015.0,both,right_only
74.0,"Sep 12, 2025","Sep 11, 2025",2025.0,thelongwalk,Lionsgate,Thriller/Suspense,Based on Fiction Book/Short Story,Live Action,Contemporary Fiction,20000000.0,2845.0,2845.0,11977.0,11703621.0,35163573.0,35163573.0,27708124.0,62871697.0,2025.0,64.0,thelongwalk,62871590.0,35163573.0,0.5589999999999999,27708017.0,0.441,575224.0,7.4,5.0,Released,2022-02-18,0.0,116.0,False,0.0,lo,1.523,"Drama, Science Fiction, Horror","Lao Art Media, Screen Division, Aurora Media, 108 Media",Lao People's Democratic Republic,Lao,2022.0,both,both
,,,,,,,,,,,,,,,,,,,2024.0,130.0,thelordoftheringsthewaroftherohirrim,20758572.0,9158572.0,0.441,11600000.0,0.56,839033.0,0.0,0.0,In Production,2024-12-12,0.0,130.0,False,0.0,en,8.277,"Animation, Fantasy, Action","New Line Cinema, Warner Bros. Animation, Sola Entertainment, Warner Bros. Pictures","Japan, United States of America",English,2024.0,both,right_only
27.0,"Mar 25, 2022","Mar 24, 2022",2022.0,thelostcity,Paramount Pictures,Adventure,Original Screenplay,Live Action,Contemporary Fiction,74000000.0,4253.0,4283.0,28480.0,30453269.0,105344029.0,113147287.0,86244160.0,191588189.0,2022.0,26.0,thelostcity,192907684.0,105344029.0,0.546,87563655.0,0.45,752623.0,6.6,2964.0,Released,2022-03-24,192907684.0,112.0,False,74000000.0,en,53.326,"Action, Adventure, Comedy","Paramount, Fortis Films, 3dot Productions, Exhibit A Film",United States of America,"English, French, Spanish, Latin",2022.0,both,both
,,,,,,,,,,,,,,,,,,,2020.0,130.0,thelostprince,7837980.0,,,7837980.0,1.0,520725.0,5.722,325.0,Released,2020-02-12,0.0,101.0,False,0.0,fr,11.068,"Fantasy, Adventure, Comedy","Pathé Distribution, Prélude",France,"French, Hungarian, Italian",2020.0,both,right_only
,,,,,,,,,,,,,,,,,,,2023.0,189.0,themachine,10664328.0,10458331.0,0.981,205997.0,0.02,174675.0,5.9,738.0,Released,2013-04-25,314131.0,92.0,False,1500000.0,en,15.701,"Science Fiction, Thriller",Red & Black Films,United Kingdom,English,2013.0,both,right_only
,,,,,,,,,,,,,,,,,,,2023.0,189.0,themachine,10664328.0,10458331.0,0.981,205997.0,0.02,1300047.0,0.0,0.0,Released,2024-06-02,20.0,0.0,False,20.0,he,1.4,"Documentary, Science Fiction, Music, War, Comedy, Action, Western, Family","Thelma Yellin High School of Arts, thelma yellin, meyuhas production",,Hebrew,2024.0,both,right_only
,,,,,,,,,,,,,,,,,,,2023.0,189.0,themachine,10664328.0,10458331.0,0.981,205997.0,0.02,885811.0,0.0,0.0,Released,2010-06-26,0.0,85.0,False,0.0,ar,0.6,,,,Arabic,2010.0,both,right_only
55.0,"Sep 23, 2016","Sep 12, 2016",2016.0,themagnificentseven,Sony Pictures,Western,Original Screenplay,Live Action,Historical Fiction,90000000.0,3674.0,3696.0,19075.0,34703397.0,93432655.0,122163970.0,68689987.0,162122642.0,2016.0,56.0,themagnificentseven,162360636.0,93432655.0,0.575,68927981.0,0.43,333484.0,6.418,5545.0,Released,2016-09-14,162360636.0,132.0,False,90000000.0,en,33.557,"Adventure, Action, Western","Escape Artists, Columbia Pictures, Village Roadshow Pictures, LStar Capital, Pin High Productions, Metro-Goldwyn-Mayer",United States of America,"English, Italian",2016.0,both,both
64.0,"Aug 14, 2015","Aug 12, 2015",2015.0,themanfromuncle,Warner Bros.,Action,Based on TV,Live Action,Historical Fiction,75000000.0,3638.0,3673.0,15553.0,13421036.0,45445109.0,60970841.0,64600000.0,110045109.0,2015.0,66.0,themanfromuncle,110045109.0,45445109.0,0.413,64600000.0,0.59,203801.0,7.087,5852.0,Released,2015-08-13,108145109.0,116.0,False,75000000.0,en,25.534,"Comedy, Action, Adventure","Wigram Productions, Davis Entertainment, RatPac Entertainment, Warner Bros. Pictures",United States of America,"Italian, English, Russian, German",2015.0,both,both
,,,,,,,,,,,,,,,,,,,2020.0,45.0,themanstandingnext,34664900.0,113527.0,0.003,34551373.0,1.0,566397.0,6.925,100.0,Released,2020-01-22,0.0,114.0,False,0.0,ko,10.434,"Drama, Thriller","Hive Media Corp, Gemstone Pictures, Showbox",South Korea,"Korean, English",2020.0,both,right_only
,,,,,,,,,,,,,,,,,,,2021.0,150.0,themanysaintsofnewark,13037403.0,8237403.0,0.632,4800000.0,0.37,524369.0,6.398,562.0,Released,2021-09-22,13037403.0,120.0,False,50000000.0,en,19.667,Crime,"Warner Bros. Pictures, HBO Films, New Line Cinema, Chase Films",United States of America,"English, Italian, Latin",2021.0,both,right_only
,,,,,,,,,,,,,,,,,,,2021.0,105.0,themarksman,23076711.0,15566093.0,0.675,7510618.0,0.33,634528.0,6.911,1420.0,Released,2021-01-15,23076711.0,108.0,False,23000000.0,en,32.218,Action,"Sculptor Media, Zero Gravity Management, Cutting Edge Group, Stonehouse Motion Pictures, Voltage Pictures",United States of America,"English, Spanish",2021.0,both,right_only
,,,,,,,,,,,,,,,,,,,2020.0,132.0,themarriageescape,7760946.0,,,7760946.0,1.0,591915.0,7.824,35.0,Released,2020-02-10,0.0,103.0,False,0.0,nl,2.694,"Comedy, Drama","Johan Nijenhuis & Co, Omroep MAX",Netherlands,Dutch,2020.0,both,right_only
9.0,"Oct 2, 2015","Sep 30, 2015",2015.0,themartian,20th Century Fox,Adventure,Based on Fiction Book/Short Story,Live Action,Science Fiction,108000000.0,3831.0,3854.0,31994.0,54308575.0,228433663.0,306369679.0,425175444.0,653609107.0,2015.0,10.0,themartian,630161890.0,228433663.0,0.362,401728227.0,0.64,286217.0,7.678,18525.0,Released,2015-09-30,630600000.0,141.0,False,108000000.0,en,76.0,"Drama, Adventure, Science Fiction","Scott Free Productions, Genre Films","United Kingdom, United States of America","English, Mandarin",2015.0,both,both
41.0,"Nov 10, 2023","Nov 8, 2023",2023.0,themarvels,Walt Disney,Adventure,Based on Comic/Graphic Novel,Live Action,Super Hero,270000000.0,4030.0,4030.0,16370.0,46110859.0,84500223.0,87357374.0,121636602.0,206136825.0,2023.0,38.0,themarvels,206136825.0,84500223.0,0.41,121636602.0,0.59,609681.0,0.0,0.0,Post Production,2023-11-08,0.0,105.0,False,274800000.0,en,60.454,"Action, Adventure, Science Fiction","Marvel Studios, Kevin Feige Productions",United States of America,English,2023.0,both,both
,,,,,,,,,,,,,,,,,,,2025.0,151.0,thematch,14563318.0,,,14563318.0,1.0,671812.0,5.7,83.0,Released,2020-02-27,0.0,96.0,False,0.0,it,4.499,Drama,"Freak Factory, Wrong Way Pictures, Duel Produzioni, Pyramid Factory",Italy,Italian,2020.0,both,right_only
27.0,"Dec 22, 2021","Dec 16, 2021",2021.0,thematrixresurrections,Warner Bros.,Action,Original Screenplay,Live Action,Science Fiction,190000000.0,3552.0,3552.0,14355.0,10749011.0,40463197.0,41548111.0,119700000.0,160163197.0,2021.0,28.0,thematrixresurrections,157386805.0,37686805.0,0.239,119700000.0,0.76,624860.0,6.479,5018.0,Released,2021-12-16,156497322.0,147.0,False,190000000.0,en,52.143,"Science Fiction, Action, Adventure","Warner Bros. Pictures, Village Roadshow Pictures, Venus Castina Productions","Canada, Germany, United States of America",English,2021.0,both,both
,,,,,,,,,,,,,,,,,,,2021.0,197.0,themauritanian,7527030.0,836536.0,0.111,6690494.0,0.89,644583.0,7.441,934.0,Released,2021-02-10,7527030.0,129.0,False,0.0,en,16.499,"Drama, Thriller","30WEST, Topic Studios, STX Films, SunnyMarch, BBC Film, Shadowplay Features","United Kingdom, United States of America","German, English, Arabic, French",2021.0,both,right_only
,,,,,,,,,,,,,,,,,,,2021.0,178.0,themedium,8826689.0,,,8826689.0,1.0,745881.0,7.062,542.0,Released,2021-07-14,7230000.0,131.0,False,0.0,th,30.869,"Horror, Thriller","Northern Cross, Jorkwang Films, Showbox, Finecut, GDH 559","South Korea, Thailand",Thai,2021.0,both,right_only
15.0,"Aug 10, 2018","Aug 9, 2018",2018.0,themeg,Warner Bros.,Action,Based on Fiction Book/Short Story,Live Action,Science Fiction,178000000.0,4118.0,4118.0,26742.0,45402195.0,145443742.0,180567373.0,383800000.0,529243742.0,2018.0,16.0,themeg,529243742.0,145443742.0,0.275,383800000.0,0.73,345940.0,6.256,7018.0,Released,2018-08-09,530517320.0,113.0,False,150000000.0,en,101.431,"Action, Science Fiction, Horror","Apelles Entertainment, Gravity Pictures, di Bonaventura Pictures, Flagship Entertainment Group, Maeday Productions, Warner Bros. Pictures","China, United States of America","Mandarin, English, Japanese, Thai",2018.0,both,both
54.0,"Nov 18, 2022","Nov 16, 2022",2022.0,themenu,Searchlight Pictures,Black Comedy,Original Screenplay,Live Action,Contemporary Fiction,30000000.0,3211.0,3228.0,16939.0,9004957.0,38501125.0,41241169.0,41127075.0,79628200.0,2022.0,49.0,themenu,79628200.0,38501125.0,0.484,41127075.0,0.52,593643.0,7.197,3692.0,Released,2022-11-17,79628200.0,107.0,False,35000000.0,en,42.724,"Comedy, Thriller, Horror","Hyperobject Industries, Searchlight Pictures, Gary Sanchez Productions, TSG Entertainment",United States of America,"English, Spanish",2022.0,both,both
15.0,"Feb 19, 2016","Feb 7, 2016",2016.0,themermaid,Sony Pictures,Romantic Comedy,Original Screenplay,Live Action,Science Fiction,60720000.0,35.0,106.0,355.0,985052.0,3229457.0,4222566.0,520528779.0,523758236.0,2016.0,14.0,themermaid,553810228.0,3232685.0,0.006,550577543.0,0.99,381890.0,6.497,355.0,Released,2016-02-08,553810228.0,93.0,False,60720000.0,zh,14.783,"Comedy, Fantasy, Romance","China Film Group Corporation, Alpha Pictures, Star Overseas, Shanghai New Culture Media Group Co Ltd, Beijing Enlight Pictures","China, Hong Kong",Mandarin,2016.0,both,both
72.0,"Feb 21, 2025","Feb 19, 2025",2025.0,themonkey,Neon,Black Comedy,Based on Fiction Book/Short Story,Live Action,Contemporary Fiction,11000000.0,3200.0,3227.0,14207.0,14014649.0,39724912.0,39724912.0,23958090.0,63683002.0,2025.0,62.0,themonkey,68871071.0,39724909.0,0.5770000000000001,29146162.0,0.423,838804.0,6.3,3.0,Released,2021-05-30,0.0,17.0,False,0.0,en,0.633,"Animation, Drama","Lightbox Animation Studios, Sardinha em Lata","Portugal, Spain",English,2021.0,both,both
45.0,"Feb 5, 2016","Feb 4, 2016",2016.0,themonkeyking2,China Lion Film Distribution,Action,Based on Fiction Book/Short Story,Live Action,Fantasy,60000000.0,38.0,38.0,73.0,166391.0,709982.0,928313.0,193348521.0,194058503.0,2016.0,47.0,themonkeyking2,193678298.0,709982.0,0.004,192968316.0,1.0,381902.0,5.9,85.0,Released,2016-01-22,193677158.0,120.0,False,68490000.0,zh,24.798,"Action, Adventure, Fantasy",Filmko Pictures,"Hong Kong, China",Mandarin,2016.0,both,both
,,,,,,,,,,,,,,,,,,,2018.0,63.0,themonkeyking3,115084576.0,187074.0,0.002,114897502.0,1.0,437543.0,5.5,40.0,Released,2018-02-16,0.0,114.0,False,73000000.0,zh,9.479,"Action, Adventure, Fantasy","Filmko Films Production Limited, Filmko Pictures",China,Mandarin,2018.0,both,right_only
,,,,,,,,,,,,,,,,,,,2021.0,151.0,themonkeykingreborn,13017088.0,,,13017088.0,1.0,811634.0,7.136,265.0,Released,2021-04-02,13000000.0,95.0,False,20000000.0,zh,13.473,"Animation, Action, Fantasy, Family",星皓影业有限公司,China,Mandarin,2021.0,both,right_only
,,,,,,,,,,,,,,,,,,,2017.0,95.0,themountainbetweenus,62832209.0,30348555.0,0.483,32483654.0,0.52,290512.0,6.616,2186.0,Released,2017-10-05,62832209.0,109.0,False,35000000.0,en,35.553,"Drama, Adventure, Romance","Chernin Entertainment, 20th Century Fox, Fox 2000 Pictures",United States of America,English,2017.0,both,right_only
51.0,"Dec 14, 2018","Dec 14, 2018",2018.0,themule,Warner Bros.,Drama,Based on Factual Book/Article,Live Action,Dramatization,50000000.0,2588.0,3329.0,21063.0,17509431.0,103804407.0,128607571.0,71000000.0,174804407.0,2018.0,48.0,themule,174804407.0,103804407.0,0.594,71000000.0,0.41,504172.0,6.829,4593.0,Released,2018-12-14,174804407.0,116.0,False,50000000.0,en,16.833,"Crime, Drama","Imperative Entertainment, Bron Studios, Malpaso Productions, Warner Bros. Pictures, Creative Wealth Media Finance","Canada, United States of America","English, Spanish",2018.0,both,both
22.0,"Jun 9, 2017","Jun 2, 2017",2017.0,themummy,Universal,Adventure,Based on Folk Tale/Legend/Fairytale,Live Action,Historical Fiction,195000000.0,4035.0,4035.0,14901.0,31668375.0,80101125.0,100997067.0,329852780.0,409953905.0,2017.0,23.0,themummy,409231607.0,80227895.0,0.196,329003712.0,0.8,564.0,6.906,8327.0,Released,1999-04-16,415885488.0,124.0,False,80000000.0,en,55.481,"Adventure, Action, Fantasy","Universal Pictures, Alphaville Films",United States of America,"English, Arabic",1999.0,both,both
56.0,"Aug 1, 2025","Jul 17, 2025",2025.0,thenakedgun,Paramount Pictures,Comedy,Based on TV,Live Action,Contemporary Fiction,42000000.0,3344.0,3363.0,15394.0,16805560.0,52647396.0,52647396.0,49339800.0,101987196.0,2025.0,51.0,thenakedgun,102147396.0,52647396.0,0.515,49500000.0,0.485,,,,,,,,,,,,,,,,,left_only,both
,,,,,,,,,,,,,,,,,,,2015.0,166.0,thenewadventuresofaladdin,35771820.0,,,35771820.0,1.0,344268.0,4.708,819.0,Released,2015-10-14,0.0,107.0,False,0.0,fr,8.116,"Comedy, Adventure","Artémis Productions, M6 Films, 74 Films, Pathé",France,"French, Italian",2015.0,both,right_only
,,,,,,,,,,,,,,,,,,,2019.0,78.0,thenewkingofcomedy,95618308.0,,,95618308.0,1.0,575138.0,5.66,25.0,Released,2019-02-05,0.0,91.0,False,0.0,zh,4.64,Comedy,Star Overseas,China,"Mandarin, English",2019.0,both,right_only
40.0,"Aug 28, 2020","Aug 26, 2020",2020.0,thenewmutants,20th Century Studios,Horror,Based on Comic/Graphic Novel,Live Action,Super Hero,67000000.0,2412.0,2754.0,20198.0,7037017.0,23855569.0,29390686.0,23679682.0,47535251.0,2020.0,31.0,thenewmutants,49169594.0,23852659.0,0.485,25316935.0,0.52,340102.0,6.1,3106.0,Released,2020-04-02,49169594.0,94.0,False,67000000.0,en,26.231,"Science Fiction, Horror, Action, Mystery, Adventure","20th Century Studios, Genre Films, Sunswept Entertainment",United States of America,"English, Latin, Portuguese",2020.0,both,both
,,,,,,,,,,,,,,,,,,,2022.0,196.0,thenewtoy,7295051.0,,,7295051.0,1.0,865498.0,5.935,107.0,Released,2022-10-19,7274076.0,111.0,False,0.0,fr,9.541,Comedy,"Eskwad, Wild Bunch, M6 Films, Sony Pictures Entertainment France, Sony Pictures International Productions, Canal+, Ciné+, M6",France,"Arabic, French",2022.0,both,right_only
,,,,,,,,,,,,,,,,,,,2016.0,103.0,theniceguys,71261763.0,36261763.0,0.509,35000000.0,0.49,290250.0,7.108,7230.0,Released,2016-05-15,62788218.0,116.0,False,50000000.0,en,19.553,"Comedy, Crime, Action","Silver Pictures, Waypoint Entertainment, Bloom, Warner Bros. Pictures",United States of America,English,2016.0,both,right_only
,,,,,,,,,,,,,,,,,,,2015.0,127.0,thenightbefore,52395996.0,43047372.0,0.8220000000000001,9348624.0,0.18,296100.0,6.089,1554.0,Released,2015-11-20,52395996.0,101.0,False,25000000.0,en,11.792,"Comedy, Adventure, Fantasy","Sony Pictures, Good Universe, Point Grey Pictures, Columbia Pictures",United States of America,English,2015.0,both,right_only
,,,,,,,,,,,,,,,,,,,2021.0,137.0,thenighthouse,15437703.0,7100581.0,0.46,8337122.0,0.54,547565.0,6.646,948.0,Released,2021-07-15,14590542.0,107.0,False,0.0,en,27.416,"Drama, Horror, Mystery, Thriller","Phantom Four, Anton, TSG Entertainment, Searchlight Pictures","United Kingdom, United States of America",English,2021.0,both,right_only
,,,,,,,,,,,,,,,,,,,2022.0,88.0,thenightowl,26719364.0,,,26719364.0,1.0,806128.0,6.981,27.0,Released,2022-11-23,0.0,118.0,False,0.0,ko,6.937,"Thriller, Mystery","CJeS Studios, Next Entertainment World",South Korea,Korean,2022.0,both,right_only
58.0,"Apr 22, 2022","Apr 13, 2022",2022.0,thenorthman,Focus Features,Action,Original Screenplay,Live Action,Historical Fiction,0.0,3234.0,3284.0,12847.0,12290800.0,34233110.0,36768900.0,35749186.0,69982296.0,2022.0,55.0,thenorthman,69633110.0,34233110.0,0.492,35400000.0,0.51,639933.0,7.1,3589.0,Released,2022-04-07,69633110.0,137.0,False,70000000.0,en,53.571,"Action, Adventure, Fantasy","New Regency Pictures, Focus Features, Perfect World Pictures, Square Peg","China, United States of America","English, Icelandic",2022.0,both,both
26.0,"Sep 7, 2018","Jul 27, 2018",2018.0,thenun,Warner Bros.,Horror,Spin-Off,Live Action,Contemporary Fiction,22000000.0,3876.0,3876.0,19699.0,53807379.0,117450119.0,145813485.0,248600000.0,366050119.0,2018.0,28.0,thenun,366050119.0,117450119.0,0.321,248600000.0,0.68,439079.0,5.9,6076.0,Released,2018-09-05,365582797.0,96.0,False,22000000.0,en,357.731,"Horror, Mystery, Thriller","New Line Cinema, Atomic Monster, The Safran Company",United States of America,"English, Romanian, French, Latin",2018.0,both,both
32.0,"Sep 8, 2023","Sep 6, 2023",2023.0,thenunii,Warner Bros.,Horror,Spin-Off,Live Action,Contemporary Fiction,38000000.0,3728.0,3743.0,20789.0,32603336.0,86270590.0,89188330.0,183400000.0,269670590.0,2023.0,29.0,thenunii,269667073.0,86267073.0,0.32,183400000.0,0.68,968051.0,6.545,365.0,Released,2023-09-06,231200000.0,110.0,False,38500000.0,en,1692.778,"Horror, Mystery, Thriller","New Line Cinema, Atomic Monster, The Safran Company",United States of America,"English, French",2023.0,both,both
53.0,"Nov 2, 2018","Oct 31, 2018",2018.0,thenutcrackerandthefourrealms,Walt Disney,Adventure,Based on Folk Tale/Legend/Fairytale,Live Action,Fantasy,132900000.0,3766.0,3766.0,15871.0,20352491.0,54858851.0,68104997.0,115165449.0,170024300.0,2018.0,49.0,thenutcrackerandthefourrealms,173961069.0,54858851.0,0.315,119102218.0,0.69,426543.0,6.079,1991.0,Released,2018-10-26,59522646.0,99.0,False,120000000.0,en,16.937,"Fantasy, Adventure, Family","Walt Disney Pictures, The Mark Gordon Company, Entertainment One",United States of America,English,2018.0,both,both
95.0,"Aug 11, 2017","Aug 11, 2017",2017.0,thenutjob2nuttybynature,Open Road,Adventure,Based on Fiction Book/Short Story,Digital Animation,Kids Fiction,40000000.0,4003.0,4003.0,16169.0,8342311.0,28370522.0,35771528.0,43659136.0,72029658.0,2017.0,90.0,thenutjob2nuttybynature,68743485.0,28370522.0,0.413,40372963.0,0.59,335777.0,5.973,373.0,Released,2017-08-11,65146020.0,91.0,False,40000000.0,en,17.367,"Animation, Family, Adventure, Comedy","GulfStream Pictures, Redrover, ToonBox Entertainment, Open Road Films","Canada, South Korea, United States of America",English,2017.0,both,both
,,,,,,,,,,,,,,,,,,,2017.0,115.0,theoutlaws,52946454.0,,,52946454.0,1.0,921636.0,6.162,497.0,Released,2023-07-07,0.0,95.0,False,0.0,en,98.545,"Romance, Action, Comedy",Happy Madison Productions,United States of America,English,2023.0,both,right_only
,,,,,,,,,,,,,,,,,,,2017.0,115.0,theoutlaws,52946454.0,,,52946454.0,1.0,479718.0,7.804,301.0,Released,2017-10-03,52946454.0,121.0,False,5883687.0,ko,23.857,"Action, Crime","Hong Film, Plus M Entertainment, BA Entertainment, Kiwi Media Group, Michigan Venture Capital, Union Investment Partners, Big Punch Pictures",South Korea,Korean,2017.0,both,right_only
,,,,,,,,,,,,,,,,,,,2019.0,180.0,thepeanutbutterfalcon,23712097.0,20457158.0,0.863,3254939.0,0.14,463257.0,7.404,1213.0,Released,2019-08-09,0.0,97.0,False,0.0,en,13.756,"Adventure, Comedy, Drama","Armory Films, Roadside Attractions, Endeavor Content, Bona Fide, Lucky Treehouse",United States of America,English,2019.0,both,right_only
30.0,"Nov 6, 2015","Nov 5, 2015",2015.0,thepeanutsmovie,20th Century Fox,Adventure,Based on Comic/Graphic Novel,Digital Animation,Kids Fiction,99000000.0,3897.0,3902.0,22946.0,44213073.0,130178411.0,174585876.0,119913199.0,250091610.0,2015.0,30.0,thepeanutsmovie,246233113.0,130178411.0,0.529,116054702.0,0.47,227973.0,6.866,1471.0,Released,2015-11-05,246233113.0,88.0,False,99000000.0,en,17.644,"Comedy, Animation, Family","Blue Sky Studios, 20th Century Fox Animation, 20th Century Fox",United States of America,English,2015.0,both,both
,,,,,,,,,,,,,,,,,,,2015.0,117.0,theperfectguy,60273173.0,57027435.0,0.946,3245738.0,0.05,304372.0,5.676,298.0,Released,2015-09-11,60273173.0,100.0,False,12000000.0,en,10.295,Thriller,Screen Gems,United States of America,English,2015.0,both,right_only
,,,,,,,,,,,,,,,,,,,2019.0,108.0,theperfectsecret,56573047.0,,,56573047.0,1.0,620881.0,6.651,225.0,Released,2019-10-31,0.0,111.0,False,0.0,de,9.005,"Comedy, Drama",Constantin Film,Germany,German,2019.0,both,right_only
,,,,,,,,,,,,,,,,,,,2020.0,84.0,thepersonalhistoryofdavidcopperfield,14399270.0,1876298.0,0.13,12522972.0,0.87,520900.0,6.487,416.0,Released,2019-11-07,11620337.0,119.0,False,15600000.0,en,8.994,Comedy,"FilmNation Entertainment, Film4 Productions, Wishmore","United Kingdom, United States of America",English,2019.0,both,right_only
94.0,"May 30, 2025","May 23, 2025",2025.0,thephoenicianscheme,Focus Features,Black Comedy,Original Screenplay,Live Action,Historical Fiction,0.0,6.0,1731.0,5741.0,560499.0,19555015.0,19555015.0,21011366.0,40566381.0,2025.0,82.0,thephoenicianscheme,40566381.0,19555015.0,0.482,21011366.0,0.518,,,,,,,,,,,,,,,,,left_only,both
84.0,"Feb 14, 2020","Feb 14, 2020",2020.0,thephotograph,Universal,Drama,Original Screenplay,Live Action,Contemporary Fiction,15000000.0,2516.0,2516.0,7061.0,12181865.0,20578185.0,25352858.0,126196.0,20704381.0,2020.0,63.0,thephotograph,20690779.0,20578185.0,0.995,112594.0,0.01,589049.0,6.479,190.0,Released,2020-02-14,20690779.0,106.0,False,16000000.0,en,9.85,"Drama, Romance","Will Packer Productions, Universal Pictures, Perfect World Pictures","Canada, United States of America",English,2020.0,both,both
56.0,"Mar 1, 2024","Mar 1, 2024",2024.0,thepigthesnakeandthepigeon,,Action,Original Screenplay,Live Action,Contemporary Fiction,0.0,0.0,0.0,0.0,0.0,0.0,0.0,91608950.0,91608950.0,,,thepigthesnakeandthepigeon,,,,,,1046090.0,0.0,0.0,In Production,2023-10-06,0.0,134.0,False,0.0,zh,7.641,"Action, Crime",An Attitude Production,Taiwan,Mandarin,2023.0,right_only,both
,,,,,,,,,,,,,,,,,,,2021.0,121.0,thepioneer,18900000.0,,,18900000.0,1.0,780316.0,6.5,4.0,Released,2021-07-01,18900000.0,121.0,False,0.0,zh,1.808,"Drama, History",,China,Mandarin,2021.0,both,right_only
,,,,,,,,,,,,,,,,,,,2022.0,162.0,thepiratesthelastroyaltreasure,10258331.0,,,10258331.0,1.0,591120.0,6.639,151.0,Released,2022-01-26,10247262.0,126.0,False,19597380.0,ko,19.811,"Action, Adventure, Comedy","Oscar 10 Studio, ANEW, Lotte Entertainment",South Korea,Korean,2022.0,both,right_only
,,,,,,,,,,,,,,,,,,,2025.0,117.0,thepoet,21743188.0,,,21743188.0,1.0,48017.0,5.444,27.0,Released,2007-08-07,0.0,96.0,False,11000000.0,en,3.038,"Drama, War","Noble House Film & Television, Alchemist Entertainment",Canada,English,2007.0,both,right_only
,,,,,,,,,,,,,,,,,,,2023.0,170.0,thepointmen,13433834.0,,,13433834.0,1.0,606400.0,6.4,23.0,Released,2023-01-18,13325763.0,108.0,False,0.0,ko,9.933,"Crime, Action","Plus M Entertainment, Watermelon Pictures, One Take Film",South Korea,Korean,2023.0,both,right_only
89.0,"Apr 14, 2023","Apr 5, 2023",2023.0,thepopesexorcist,Sony Pictures,Horror,Based on Real Life Events,Live Action,Dramatization,18000000.0,3178.0,3178.0,9715.0,9006368.0,20009380.0,20686114.0,52904087.0,72913467.0,2023.0,75.0,thepopesexorcist,76987621.0,20009380.0,0.26,56978241.0,0.74,758323.0,7.144,1971.0,Released,2023-04-05,70204828.0,103.0,False,18000000.0,en,196.08,"Horror, Thriller","Screen Gems, 2.0 Entertainment, Jesus & Mary, Worldwide Katz, Loyola Productions, FFILME.RO","Spain, United Kingdom, United States of America","English, Fulah, Spanish, Latin, German, Italian",2023.0,both,both
,,,,,,,,,,,,,,,,,,,2018.0,136.0,thepossessionofhannahgrace,43016528.0,14837422.0,0.345,28179106.0,0.66,434555.0,5.569,1211.0,Released,2018-11-29,43016528.0,86.0,False,9500000.0,en,19.326,"Horror, Drama","Screen Gems, Broken Road Productions",United States of America,English,2018.0,both,right_only
55.0,"Dec 22, 2017","Dec 22, 2017",2017.0,thepost,20th Century Fox,Drama,Based on Real Life Events,Live Action,Dramatization,50000000.0,9.0,2851.0,15989.0,526011.0,81903458.0,101716666.0,97865999.0,179769457.0,2017.0,53.0,thepost,179769457.0,81903458.0,0.456,97865999.0,0.54,446354.0,6.997,4271.0,Released,2017-12-22,179769467.0,116.0,False,50000000.0,en,13.243,"Drama, History","20th Century Fox, DreamWorks Pictures, Reliance Entertainment, TSG Entertainment, Participant, Amblin Entertainment, Pascal Pictures, Star Thrower Entertainment","India, United States of America",English,2017.0,both,both
54.0,"Sep 14, 2018","Sep 11, 2018",2018.0,thepredator,20th Century Fox,Action,Original Screenplay,Live Action,Science Fiction,88000000.0,4037.0,4070.0,13454.0,24632284.0,51024708.0,63346812.0,108462855.0,159487563.0,2018.0,51.0,thepredator,160542134.0,51024708.0,0.318,109517426.0,0.68,346910.0,5.627,4266.0,Released,2018-09-05,160542134.0,107.0,False,88000000.0,en,46.62,"Science Fiction, Action, Adventure","Davis Entertainment, TSG Entertainment, 20th Century Fox, Canada Film Capital","Canada, United States of America",English,2018.0,both,both
,,,,,,,,,,,,,,,,,,,2015.0,164.0,thepriests,36636541.0,185093.0,0.005,36451448.0,1.0,360551.0,6.61,82.0,Released,2015-11-05,36900000.0,103.0,False,0.0,ko,6.774,"Mystery, Horror, Thriller","Zip Cinema, CJ Entertainment, Opus Pictures",South Korea,"Korean, English, Italian, Latin",2015.0,both,right_only
,,,,,,,,,,,,,,,,,,,2017.0,199.0,theprison,21205329.0,207481.0,0.01,20997848.0,0.99,438798.0,7.214,84.0,Released,2017-03-23,0.0,125.0,False,0.0,ko,11.048,"Crime, Action",Curo Holdings,South Korea,Korean,2017.0,both,right_only
,,,,,,,,,,,,,,,,,,,2020.0,75.0,thepromisedneverland,17710977.0,,,17710977.0,1.0,634521.0,7.298,42.0,Released,2020-12-18,0.0,119.0,False,0.0,ja,7.362,"Action, Thriller, Fantasy, Mystery, Adventure, Drama","TOHO, Shueisha",Japan,Japanese,2020.0,both,right_only
73.0,"Jul 1, 2016","Jul 1, 2016",2016.0,thepurgeelectionyear,Universal,Horror,Original Screenplay,Live Action,Science Fiction,10000000.0,2796.0,2821.0,10822.0,31515110.0,79042440.0,103349129.0,39472287.0,118514727.0,2016.0,71.0,thepurgeelectionyear,118587880.0,79213375.0,0.6679999999999999,39374505.0,0.33,316727.0,6.394,4919.0,Released,2016-06-29,118587880.0,105.0,False,10000000.0,en,32.648,"Action, Horror, Thriller","Why Not Productions, Universal Pictures, Blumhouse Productions, Platinum Dunes, Dentsu Entertainment, Fuji Television Network","France, Japan, United States of America",English,2016.0,both,both
59.0,"May 12, 2020","Feb 14, 2019",2020.0,thequeenscorgi,,Adventure,Original Screenplay,Digital Animation,Contemporary Fiction,0.0,0.0,0.0,0.0,0.0,0.0,0.0,31550316.0,31550316.0,2019.0,142.0,thequeenscorgi,35515687.0,,,35515687.0,1.0,509730.0,6.009,386.0,Released,2019-02-13,35515687.0,85.0,False,0.0,en,15.783,"Family, Animation","nWave Pictures, Belga Productions, Charades","Belgium, France",English,2019.0,both,both
,,,,,,,,,,,,,,,,,,,2020.0,183.0,therealexorcist,5035830.0,,,5035830.0,1.0,708792.0,0.0,0.0,Released,2020-05-15,0.0,108.0,False,0.0,ja,1.545,Fantasy,Nikkatsu Corporation,Japan,Japanese,2020.0,both,right_only
,,,,,,,,,,,,,,,,,,,2020.0,24.0,therescue,64237554.0,18797.0,0.001,64218757.0,1.0,680058.0,7.9,177.0,Released,2021-10-08,946634.0,107.0,False,0.0,en,7.785,"Documentary, Drama","Cavalry Media, Little Monster Films, National Geographic, Ventureland, Storyteller Productions, Passion Pictures, Michael De Luca Productions, National Geographic Documentary Films","Thailand, United Kingdom, United States of America","German, English, Thai",2021.0,both,right_only
13.0,"Dec 25, 2015","Dec 25, 2015",2015.0,therevenant,20th Century Fox,Adventure,Based on Fiction Book/Short Story,Live Action,Dramatization,135000000.0,4.0,3711.0,28381.0,474560.0,183637894.0,240138976.0,349300408.0,532938302.0,2015.0,13.0,therevenant,532950503.0,183637894.0,0.345,349312609.0,0.66,281957.0,7.5,17114.0,Released,2015-12-25,532950503.0,157.0,False,135000000.0,en,36.747,"Western, Drama, Adventure","Monarchy Enterprises S.a.r.l., Regency Enterprises, Appian Way, CatchPlay, Anonymous Content, New Regency Pictures, Hong Kong Alpha Motion Pictures Co., M Productions, RatPac Entertainment","Canada, Hong Kong, Taiwan, United States of America","English, French",2015.0,both,both
,,,,,,,,,,,,,,,,,,,2020.0,164.0,therhythmsection,5989583.0,5437971.0,0.908,551612.0,0.09,466622.0,5.526,549.0,Released,2020-01-31,5989583.0,109.0,False,50000000.0,en,14.002,"Action, Thriller","Eon Productions, Global Road Entertainment, Babieka Films, Ingenious Media, Whitebeard Films, AGC Studios, Paramount","Spain, United Kingdom, United States of America","Arabic, English, French, Spanish",2020.0,both,right_only
,,,,,,,,,,,,,,,,,,,2024.0,124.0,theroomnextdoor,21519488.0,2519488.0,0.1169999999999999,19000000.0,0.88,160882.0,0.0,0.0,Released,1994-09-01,0.0,94.0,False,0.0,it,0.947,"Mystery, Thriller, Horror","Filmauro, Duea Film",Italy,Italian,1994.0,both,right_only
80.0,"Aug 29, 2025","Aug 27, 2025",2025.0,theroses,Searchlight Pictures,Black Comedy,Based on Fiction Book/Short Story,Live Action,Contemporary Fiction,0.0,2700.0,2700.0,7485.0,6265264.0,15298844.0,15298844.0,36617789.0,51916633.0,2025.0,71.0,theroses,52030842.0,15298844.0,0.294,36731998.0,0.706,,,,,,,,,,,,,,,,,left_only,both
,,,,,,,,,,,,,,,,,,,2022.0,42.0,theroundup,101166707.0,812859.0,0.008,100353848.0,0.99,41411.0,7.589,942.0,Released,2010-03-10,25346148.0,115.0,False,20000000.0,fr,12.719,"Drama, History, War","Gaumont, EOS Entertainment, Eurofilm Stúdió, Légende Films, Légende des Siècles, SMTS, KS2 Cinéma, Alva Films, CinéCinéma, La Région Île-de-France, CNC, Canal+, France 3 Cinéma, France Télévisions, TF1 Films Production, FFA","France, Germany, Hungary","French, German, Yiddish",2010.0,both,right_only
,,,,,,,,,,,,,,,,,,,2022.0,42.0,theroundup,101166707.0,812859.0,0.008,100353848.0,0.99,619803.0,7.2,185.0,Released,2022-05-18,100130688.0,106.0,False,0.0,ko,35.057,"Action, Crime, Thriller","BA Entertainment, ABO Entertainment, Hong Film, Plus M Entertainment, Big Punch Pictures",South Korea,"English, Korean",2022.0,both,right_only
,,,,,,,,,,,,,,,,,,,2023.0,74.0,theroundupnowayout,83410298.0,909411.0,0.011,82500887.0,0.99,955555.0,6.651,109.0,Released,2023-05-31,0.0,105.0,False,0.0,ko,26.717,"Crime, Action","Big Punch Pictures, ABO Entertainment, Hong Film, BA Entertainment, Plus M Entertainment",South Korea,"Mandarin, Korean, Japanese",2023.0,both,right_only
,,,,,,,,,,,,,,,,,,,2024.0,58.0,therounduppunishment,80426848.0,1154475.0,0.0139999999999999,79272373.0,0.99,1017163.0,0.0,0.0,In Production,2024-12-31,0.0,0.0,False,0.0,ko,3.265,"Crime, Action",BA Entertainment,South Korea,Korean,2024.0,both,right_only
69.0,"Nov 14, 2025","Nov 3, 2025",2025.0,therunningman,Paramount Pictures,Thriller/Suspense,Based on Fiction Book/Short Story,Live Action,Science Fiction,110000000.0,3534.0,3534.0,12259.0,16495564.0,37815641.0,37815641.0,30749137.0,68564778.0,2025.0,61.0,therunningman,69267119.0,37815641.0,0.546,31451478.0,0.4539999999999999,865.0,6.53,2086.0,Released,1987-11-13,38122105.0,101.0,False,27000000.0,en,22.21,"Action, Science Fiction, Thriller","Braveworld Productions, Keith Barish Productions, TAFT Entertainment Pictures, HBO",United States of America,English,1987.0,both,both
,,,,,,,,,,,,,,,,,,,2020.0,14.0,thesacrifice,161047608.0,,,161047608.0,1.0,24657.0,7.719,465.0,Released,1986-05-09,316043.0,149.0,False,0.0,sv,14.741,Drama,"Argos Films, Svenska Filminstitutet, Josephson & Nykvist HB, Sandrews, SVT, Film4 Productions","France, Soviet Union, Sweden, United Kingdom","English, French, Icelandic, Swedish",1986.0,both,right_only
,,,,,,,,,,,,,,,,,,,2020.0,14.0,thesacrifice,161047608.0,,,161047608.0,1.0,1123209.0,0.0,0.0,Released,2023-05-27,0.0,2.0,False,0.0,el,0.6,Drama,Film School of the Aristotle University of Thessaloniki,Greece,Greek,2023.0,both,right_only
81.0,"Mar 6, 2015","Feb 26, 2015",2015.0,thesecondbestexoticmarigoldhotel,Fox Searchlight,Comedy,Original Screenplay,Live Action,Contemporary Fiction,10000000.0,1573.0,2022.0,10142.0,8540370.0,33078266.0,44379026.0,56322596.0,89400862.0,2015.0,86.0,thesecondbestexoticmarigoldhotel,85978266.0,33078266.0,0.385,52900000.0,0.62,268238.0,6.395,661.0,Released,2015-02-26,85978266.0,122.0,False,10000000.0,en,10.218,"Drama, Comedy","Fox Searchlight Pictures, Participant, Blueprint Pictures","United Kingdom, United States of America",English,2015.0,both,both
,,,,,,,,,,,,,,,,,,,2025.0,145.0,thesecretagent,15239753.0,3797281.0,0.249,11442472.0,0.7509999999999999,47199.0,5.417,31.0,Released,1996-11-08,0.0,95.0,False,0.0,en,4.773,"Drama, Thriller","Capitol Films, World Film Music Limited, 20th Century Fox",United Kingdom,English,1996.0,both,right_only
,,,,,,,,,,,,,,,,,,,2020.0,125.0,thesecretgarden,8721243.0,,,8721243.0,1.0,11236.0,7.402,818.0,Released,1993-08-13,0.0,102.0,False,0.0,en,16.891,"Drama, Family, Fantasy","American Zoetrope, Warner Bros. Pictures, Warner Bros. Family Entertainment","United Kingdom, United States of America",English,1993.0,both,right_only
6.0,"Jul 8, 2016","May 8, 2016",2016.0,thesecretlifeofpets,Universal,Adventure,Original Screenplay,Digital Animation,Kids Fiction,75000000.0,4370.0,4381.0,35694.0,104352905.0,369094830.0,482283633.0,516918170.0,886013000.0,2016.0,6.0,thesecretlifeofpets,875697467.0,368623860.0,0.421,507073607.0,0.58,328111.0,6.266,7664.0,Released,2016-06-18,875457937.0,86.0,False,75000000.0,en,13.019,"Adventure, Comedy, Animation, Family","Illumination, Universal Pictures",United States of America,English,2016.0,both,both
19.0,"Jun 7, 2019","May 24, 2019",2019.0,thesecretlifeofpets2,Universal,Adventure,Original Screenplay,Digital Animation,Kids Fiction,80000000.0,4561.0,4564.0,25922.0,46652680.0,159214420.0,196274215.0,287235488.0,446449908.0,2019.0,19.0,thesecretlifeofpets2,431164459.0,158980250.0,0.369,272184209.0,0.63,412117.0,6.969,2790.0,Released,2019-05-24,155152550.0,86.0,False,80000000.0,en,36.117,"Adventure, Animation, Comedy, Family","Universal Pictures, Illumination",United States of America,English,2019.0,both,both
81.0,"Mar 3, 2017","Mar 3, 2017",2017.0,theshack,Lionsgate,Drama,Based on Fiction Book/Short Story,Live Action,Contemporary Fiction,20000000.0,2888.0,2888.0,15555.0,16172119.0,57386418.0,72356788.0,39474390.0,96860808.0,2017.0,80.0,theshack,96942115.0,57386418.0,0.5920000000000001,39555697.0,0.41,345938.0,7.495,1963.0,Released,2017-03-03,96942115.0,132.0,False,20000000.0,en,45.301,"Drama, Fantasy","Summit Entertainment, Netter Productions",United States of America,English,2017.0,both,both
72.0,"Jun 24, 2016","Jun 23, 2016",2016.0,theshallows,Sony Pictures,Thriller/Suspense,Original Screenplay,Live Action,Contemporary Fiction,13000000.0,2962.0,2962.0,11298.0,16800868.0,55121623.0,72072319.0,63641819.0,118763442.0,2016.0,70.0,theshallows,119100758.0,55124043.0,0.4629999999999999,63976715.0,0.54,332567.0,6.35,4789.0,Released,2016-06-24,119100758.0,86.0,False,17000000.0,en,19.501,"Horror, Drama, Thriller","Columbia Pictures, Ombra Films, Weimaraner Republic Pictures","Australia, Spain, United States of America","English, Spanish",2016.0,both,both
51.0,"Dec 1, 2017","Dec 1, 2017",2017.0,theshapeofwater,Fox Searchlight,Drama,Original Screenplay,Live Action,Historical Fiction,19500000.0,2.0,2341.0,15406.0,166564.0,63859435.0,79584670.0,131931359.0,195790794.0,2017.0,49.0,theshapeofwater,195243464.0,63859435.0,0.327,131384029.0,0.67,399055.0,7.247,11490.0,Released,2017-12-01,195333312.0,123.0,False,19500000.0,en,29.339,"Drama, Fantasy, Romance","Double Dare You Productions, Fox Searchlight Pictures, Bull Productions, TSG Entertainment",United States of America,"English, Russian",2017.0,both,both
,,,,,,,,,,,,,,,,,,,2023.0,178.0,theshift,12238643.0,12118219.0,0.99,120424.0,0.01,733989.0,6.2,37.0,Released,2021-06-03,0.0,0.0,False,0.0,it,3.806,Thriller,"Notorious Pictures, Tarantula","Belgium, Italy","Arabic, Italian",2021.0,both,right_only
,,,,,,,,,,,,,,,,,,,2025.0,119.0,thesmashingmachine,21131147.0,11411388.0,0.54,9719759.0,0.46,35997.0,6.6,7.0,Released,2002-05-01,0.0,93.0,False,0.0,en,1.566,Documentary,Solaris Film,United States of America,English,2002.0,both,right_only
,,,,,,,,,,,,,,,,,,,2017.0,134.0,thesnowman,43084060.0,6700035.0,0.156,36384025.0,0.84,372343.0,5.196,2089.0,Released,2017-10-12,43203413.0,119.0,False,35000000.0,en,15.842,"Crime, Thriller","Universal Pictures, Working Title Films, Another Park Film, Perfect World Pictures, dentsu","Sweden, United Kingdom, United States of America",English,2017.0,both,right_only
,,,,,,,,,,,,,,,,,,,2016.0,187.0,thesnowqueen3fireandice,24644317.0,,,24644317.0,1.0,362058.0,7.3,63.0,Released,2016-12-29,0.0,80.0,False,0.0,ru,12.908,"Family, Animation, Fantasy, Comedy",Wizart Animation,Russia,Russian,2016.0,both,right_only
,,,,,,,,,,,,,,,,,,,2021.0,171.0,thesoul,9600000.0,,,9600000.0,1.0,773569.0,7.312,69.0,Released,2021-01-08,0.0,130.0,False,0.0,zh,11.502,"Mystery, Science Fiction, Thriller","Rise Pictures, China Film Group Corporation","China, Taiwan",Mandarin,2021.0,both,right_only
,,,,,,,,,,,,,,,,,,,2019.0,196.0,thespecials,19363826.0,,,19363826.0,1.0,579245.0,7.85,809.0,Released,2019-10-23,0.0,114.0,False,0.0,fr,13.505,"Comedy, Drama","Quad & Ten Cinema, Gaumont, TF1 Films Production, Canal+, OCS, Ciné+, TF1",France,French,2019.0,both,right_only
,,,,,,,,,,,,,,,,,,,2025.0,31.0,thespongebobmoviesearchforsquarepants,165451593.0,71051593.0,0.429,94400000.0,0.5710000000000001,991494.0,0.0,0.0,In Production,2025-05-23,0.0,0.0,False,0.0,en,2.634,"Comedy, Animation","Paramount, Nickelodeon Movies",United States of America,English,2025.0,both,right_only
,,,,,,,,,,,,,,,,,,,2020.0,193.0,thespongebobmoviespongeontherun,4810790.0,4810790.0,1.0,,,400160.0,7.509,2712.0,Released,2020-08-14,4700000.0,95.0,False,60000000.0,en,50.823,"Family, Animation, Fantasy, Adventure, Comedy","United Plankton Pictures, Nickelodeon Movies, Paramount Animation, Paramount, MRC, Mikros Image","France, United States of America",English,2020.0,both,right_only
23.0,"Feb 6, 2015","Jan 28, 2015",2015.0,thespongebobmoviespongeoutofwater,Paramount Pictures,Adventure,Based on TV,Animation/Live Action,Kids Fiction,74000000.0,3641.0,3680.0,25768.0,55365012.0,162994032.0,218678827.0,148019149.0,311013181.0,2015.0,24.0,thespongebobmoviespongeoutofwater,325186032.0,162994032.0,0.501,162192000.0,0.5,228165.0,6.064,2172.0,Released,2015-01-28,311594032.0,93.0,False,74000000.0,en,30.234,"Family, Adventure, Comedy, Fantasy, Animation","Paramount Animation, Paramount, Nickelodeon Movies, Nickelodeon Animation Studio, United Plankton Pictures, Disruption Entertainment, Film Victoria, Rough Draft Studios","Australia, United States of America",English,2015.0,both,both
,,,,,,,,,,,,,,,,,,,2018.0,148.0,thespygonenorth,38844509.0,500803.0,0.013,38343706.0,0.99,517991.0,7.356,160.0,Released,2018-08-08,0.0,138.0,False,17000000.0,ko,9.069,"Drama, History, Thriller","Sanai Pictures, Moonlight Film, CJ Entertainment",South Korea,"Mandarin, Korean, English, Japanese",2018.0,both,right_only
98.0,"Aug 3, 2018","Aug 1, 2018",2018.0,thespywhodumpedme,Lionsgate,Comedy,Original Screenplay,Live Action,Contemporary Fiction,40000000.0,3111.0,3111.0,10857.0,12103043.0,33562069.0,41667069.0,45436176.0,78998245.0,2018.0,99.0,thespywhodumpedme,75320680.0,33562069.0,0.446,41758611.0,0.55,454992.0,6.399,2083.0,Released,2018-08-02,33562069.0,117.0,False,40000000.0,en,19.838,"Action, Comedy","Imagine Entertainment, Lionsgate, Bron Studios","Canada, United States of America","English, French, German, Lithuanian, Russian",2018.0,both,both
81.0,"Dec 31, 2025","Jul 25, 2025",2025.0,thestage,,Drama,Original Screenplay,Live Action,Contemporary Fiction,0.0,0.0,0.0,0.0,0.0,0.0,0.0,51528010.0,51528010.0,,,thestage,,,,,,1188533.0,0.0,0.0,Released,2023-10-05,0.0,0.0,False,0.0,pt,4.111,Drama,FAAP,Brazil,Portuguese,2023.0,right_only,both
,,,,,,,,,,,,,,,,,,,2017.0,96.0,thestar,62812974.0,40852824.0,0.65,21960150.0,0.35,355547.0,6.287,495.0,Released,2017-11-15,0.0,86.0,False,10000000.0,en,16.683,"Comedy, Adventure, Family, Fantasy, Animation","Franklin Entertainment, Sony Pictures Animation, Columbia Pictures, The Jim Henson Company, Walden Media, Affirm Films",United States of America,English,2017.0,both,right_only
95.0,"Dec 31, 2020","Oct 16, 2020",2020.0,thestoryofxibao,,Drama,Based on Fiction Book/Short Story,Live Action,Contemporary Fiction,0.0,0.0,0.0,0.0,0.0,0.0,0.0,17060000.0,17060000.0,,,thestoryofxibao,,,,,,748680.0,2.5,2.0,Released,2020-10-16,0.0,0.0,False,0.0,zh,1.167,"Romance, Drama",,China,Mandarin,2020.0,right_only,both
86.0,"May 17, 2024","May 15, 2024",2024.0,thestrangerschapter1,Lionsgate,Horror,Original Screenplay,Live Action,Contemporary Fiction,8500000.0,2856.0,2856.0,12010.0,11825058.0,35202562.0,35202562.0,12243343.0,47445905.0,2024.0,74.0,thestrangerschapter1,48166448.0,35202562.0,0.731,12963886.0,0.27,,,,,,,,,,,,,,,,,left_only,both
,,,,,,,,,,,,,,,,,,,2018.0,166.0,thestrangerspreyatnight,31039126.0,24586708.0,0.792,6452418.0,0.21,371608.0,5.623,1217.0,Released,2018-03-07,31039126.0,85.0,False,12500000.0,en,15.553,"Horror, Thriller","Aviron Pictures, White Comet Films, Bloom, Rogue Pictures, The Fyzz, SoundNode","United States of America, United Kingdom",English,2018.0,both,right_only
,,,,,,,,,,,,,,,,,,,2021.0,126.0,thestronghold,18066143.0,,,18066143.0,1.0,637534.0,7.444,1099.0,Released,2021-08-18,0.0,105.0,False,14479740.0,fr,23.233,"Thriller, Action, Crime","StudioCanal, France 2 Cinéma, Chi-Fou-Mi Productions",France,French,2021.0,both,right_only
61.0,"Sep 20, 2024","Sep 18, 2024",2024.0,thesubstance,MUBI,Horror,Original Screenplay,Live Action,Science Fiction,17500000.0,1949.0,1949.0,8928.0,3205212.0,17584795.0,17584795.0,59720652.0,77305447.0,2024.0,59.0,thesubstance,77316812.0,17584795.0,0.2269999999999999,59732017.0,0.77,,,,,,,,,,,,,,,,,left_only,both
25.0,"Aug 5, 2021","Jul 28, 2021",2021.0,thesuicidesquad,Warner Bros.,Action,Based on Comic/Graphic Novel,Live Action,Super Hero,185000000.0,4002.0,4019.0,16971.0,26205415.0,55817425.0,62074245.0,112900000.0,168717425.0,2021.0,25.0,thesuicidesquad,168717425.0,55817425.0,0.331,112900000.0,0.67,436969.0,7.557,7692.0,Released,2021-07-28,168717425.0,132.0,False,185000000.0,en,63.194,"Action, Comedy, Adventure","DC Films, Atlas Entertainment, The Safran Company, Warner Bros. Pictures",United States of America,"English, French, Spanish",2021.0,both,both
2.0,"Apr 5, 2023","Apr 4, 2023",2023.0,thesupermariobrosmovie,Universal,Adventure,Based on Game,Digital Animation,Kids Fiction,100000000.0,4343.0,4371.0,40227.0,146361865.0,574934330.0,594379090.0,784291945.0,1359226275.0,2023.0,2.0,thesupermariobrosmovie,1360879735.0,574934330.0,0.422,785945405.0,0.58,502356.0,7.775,6743.0,Released,2023-04-05,1355725263.0,93.0,False,100000000.0,en,410.411,"Animation, Family, Adventure, Fantasy, Comedy","Universal Pictures, Illumination, Nintendo","Japan, United States of America",English,2023.0,both,both
,,,,,,,,,,,,,,,,,,,2017.0,169.0,theswindlers,29721916.0,241916.0,0.008,29480000.0,0.99,478187.0,6.8,77.0,Released,2017-11-22,0.0,117.0,False,0.0,ko,7.23,"Crime, Action, Adventure, Thriller","Doodoong Pictures, Showbox",South Korea,Korean,2017.0,both,right_only
29.0,"Jan 2, 2015","Dec 23, 2014",2015.0,thetakingoftigermountain,Well Go USA,Adventure,Based on Fiction Book/Short Story,Live Action,Contemporary Fiction,0.0,7.0,13.0,29.0,50621.0,222964.0,369203.0,255519969.0,255742933.0,,,thetakingoftigermountain,,,,,,294992.0,6.533,165.0,Released,2014-12-24,141654055.0,141.0,False,0.0,zh,10.908,"Thriller, War, Adventure","Bona Film Group, August 1st Film Studio, Huaxia Film Distribution","China, Hong Kong",Mandarin,2014.0,right_only,both
,,,,,,,,,,,,,,,,,,,2023.0,191.0,thetasteofthings,10475037.0,2654510.0,0.253,7820527.0,0.75,964960.0,0.0,0.0,Released,2023-11-08,0.0,145.0,False,6473357.0,fr,6.132,"Romance, Drama","Curiosa Films, France 2 Cinéma, uMedia, Gaumont","Belgium, France",French,2023.0,both,right_only
,,,,,,,,,,,,,,,,,,,2017.0,124.0,thethousandfacesofdunjia,46263237.0,124187.0,0.003,46139050.0,1.0,460557.0,6.127,51.0,Released,2017-12-15,0.0,113.0,False,0.0,zh,9.105,"Adventure, Action, Fantasy",乐视影业、集智影像、金辉映画,"China, Hong Kong",Mandarin,2017.0,both,right_only
,,,,,,,,,,,,,,,,,,,2015.0,151.0,thethrone,42165755.0,,,42165755.0,1.0,315439.0,7.142,81.0,Released,2015-09-16,42165755.0,126.0,False,0.0,ko,7.088,"Drama, History",Tiger Pictures,South Korea,Korean,2015.0,both,right_only
,,,,,,,,,,,,,,,,,,,2021.0,143.0,thetomorrowwar,14400000.0,,,14400000.0,1.0,588228.0,7.572,2806.0,Released,2021-09-03,14400000.0,138.0,False,200000000.0,en,103.895,"Action, Science Fiction, Adventure","Skydance, Phantom Four, Lit Entertainment Group",United States of America,English,2021.0,both,right_only
98.0,"Sep 4, 2015","Sep 2, 2015",2015.0,thetransporterrefueled,EuropaCorp,Action,Original Screenplay,Live Action,Contemporary Fiction,22000000.0,3434.0,3434.0,9222.0,7355622.0,16029670.0,21505999.0,53668825.0,69698495.0,2015.0,100.0,thetransporterrefueled,72629670.0,16029670.0,0.221,56600000.0,0.78,287948.0,5.507,1377.0,Released,2015-09-02,72629670.0,95.0,False,25000000.0,en,29.475,"Action, Thriller, Crime","EuropaCorp, TF1 Films Production, Fundamental Films, Canal+, OCS, TF1, TMC, Belga Films","Belgium, China, France",English,2015.0,both,both
,,,,,,,,,,,,,,,,,,,2016.0,153.0,thetuchefamilytheamericandream,35210425.0,,,35210425.0,1.0,369776.0,5.598,909.0,Released,2016-02-03,0.0,94.0,False,0.0,fr,8.542,Comedy,"Pathé Distribution, Pathé Productions, TF1 Films Production",France,French,2016.0,both,right_only
91.0,"Jan 24, 2020","Jan 23, 2020",2020.0,theturning,Universal,Horror,Based on Fiction Book/Short Story,Live Action,Contemporary Fiction,12000000.0,2571.0,2571.0,8051.0,6950045.0,15472775.0,19062858.0,2987964.0,18460739.0,2020.0,70.0,theturning,19428166.0,15472775.0,0.7959999999999999,3955391.0,0.2,492611.0,5.813,904.0,Released,2020-01-23,19428166.0,94.0,False,14000000.0,en,11.319,"Horror, Thriller","Amblin Entertainment, DreamWorks Pictures, Universal Pictures, Vertigo Entertainment",United States of America,English,2020.0,both,both
95.0,"Apr 22, 2022","Apr 1, 2022",2022.0,theunbearableweightofmassivetalent,Lionsgate,Action,Original Screenplay,Live Action,Contemporary Fiction,30000000.0,3036.0,3036.0,9824.0,7131703.0,20300157.0,21803870.0,8816163.0,29116320.0,2022.0,84.0,theunbearableweightofmassivetalent,29116320.0,20300157.0,0.6970000000000001,8816163.0,0.3,648579.0,6.801,1499.0,Released,2022-04-20,29116320.0,107.0,False,30000000.0,en,34.057,"Action, Comedy, Crime","Saturn Films, Burr! Productions",United States of America,"English, Spanish",2022.0,both,both
,,,,,,,,,,,,,,,,,,,2021.0,94.0,theunholy,30832137.0,15532137.0,0.504,15300000.0,0.5,632357.0,6.667,1984.0,Released,2021-03-31,30833138.0,99.0,False,10000000.0,en,44.907,"Horror, Mystery","Ghost House Pictures, Screen Gems",United States of America,"English, Latin",2021.0,both,right_only
,,,,,,,,,,,,,,,,,,,2020.0,43.0,theuntoldtaleofthethreekingdoms,36747486.0,,,36747486.0,1.0,726654.0,6.3,11.0,Released,2020-12-11,0.0,113.0,False,0.0,ja,4.858,"Comedy, History","TOHO, Nippon Television Network Corporation, AMUSE, Yomiuri Telecasting Corporation, VAP, KDDI, East Japan Marketing & Communications, CREATIVE OFFICE CUE, GYAO, Sapporo Television Broadcasting Company, Miyagi Television Broadcasting, Shizuoka Daiichi Television, Hiroshima Telecasting, Fukuoka Broadcasting System, Chukyo TV Broadcasting Company",Japan,Japanese,2020.0,both,right_only
61.0,"Jan 11, 2019","Jan 10, 2019",2019.0,theupside,STX Entertainment,Comedy,Based on Real Life Events,Live Action,Dramatization,37500000.0,3080.0,3568.0,26922.0,20355000.0,108235497.0,133640114.0,17582943.0,125818440.0,2019.0,61.0,theupside,125852517.0,108252517.0,0.86,17600000.0,0.14,440472.0,7.145,1126.0,Released,2019-01-10,125000000.0,126.0,False,37500000.0,en,26.948,"Comedy, Drama","Escape Artists, Lantern Entertainment, The Weinstein Company",United States of America,English,2019.0,both,both
,,,,,,,,,,,,,,,,,,,2021.0,179.0,thevault,8803864.0,,,8803864.0,1.0,630004.0,6.843,806.0,Released,2021-03-04,8804000.0,118.0,False,15000000.0,en,24.754,Action,"Ciudadano Ciskul, El Tesoro de Drake AIE, Telecinco Cinema, Think Studio, Saban Films",Spain,"English, Spanish",2021.0,both,right_only
,,,,,,,,,,,,,,,,,,,2020.0,195.0,thevets,4788826.0,,,4788826.0,1.0,613348.0,6.528,89.0,Released,2020-01-01,0.0,92.0,False,0.0,fr,6.3,"Comedy, Drama","Les Films du 24, UGC Distribution",France,French,2020.0,both,right_only
73.0,"Sep 11, 2015","Sep 10, 2015",2015.0,thevisit,Universal,Horror,Original Screenplay,Live Action,Contemporary Fiction,5000000.0,3069.0,3148.0,15855.0,25427560.0,65206105.0,87482929.0,33471711.0,98677816.0,2015.0,78.0,thevisit,98450062.0,65206105.0,0.662,33243957.0,0.34,298312.0,6.317,4370.0,Released,2015-09-10,98450062.0,94.0,False,5000000.0,en,19.603,"Horror, Mystery","Blumhouse Productions, Blinding Edge Pictures",United States of America,English,2015.0,both,both
,,,,,,,,,,,,,,,,,,,2020.0,101.0,thevoiceofsin,10991105.0,,,10991105.0,1.0,718497.0,7.143,7.0,Released,2020-10-30,0.0,142.0,False,0.0,ja,3.349,"Crime, Mystery","TOHO, TBS Sparkle, FILM FACE",Japan,Japanese,2020.0,both,right_only
,,,,,,,,,,,,,,,,,,,2023.0,59.0,thevolunteerstothewar,118779552.0,,,118779552.0,1.0,1076500.0,0.0,0.0,Released,2023-09-28,0.0,140.0,False,0.0,zh,25.498,"Drama, War, History",,China,"Mandarin, English",2023.0,both,right_only
,,,,,,,,,,,,,,,,,,,2016.0,124.0,thewailing,49851770.0,786633.0,0.016,49065137.0,0.98,293670.0,7.331,1504.0,Released,2016-05-12,49851770.0,156.0,False,10951000.0,ko,15.353,"Horror, Mystery","Fox International Productions, Ivanhoe Pictures, 20th Century Fox Korea, Side Mirror, Korean Film Council, Finecut, 20th Century Fox, Well Go USA Entertainment","South Korea, United States of America","Japanese, Korean",2016.0,both,right_only
13.0,"Feb 5, 2019","Feb 1, 2019",2019.0,thewanderingearth,CMC Pictures,Action,Original Screenplay,Live Action,Science Fiction,50000000.0,64.0,129.0,425.0,1685287.0,5875487.0,7254562.0,604883925.0,610759412.0,2019.0,13.0,thewanderingearth,699856699.0,5971413.0,0.009,693885286.0,0.99,535167.0,6.569,797.0,Released,2019-02-05,0.0,126.0,False,48000000.0,zh,28.833,"Science Fiction, Action, Drama","China Film Group Corporation, Beijing Jingxi Culture, Beijing Dengfeng International Culture, G!Film Studio, Free Whale Pictures",China,"Mandarin, English, French, Hindi, Indonesian, Japanese, Korean, Russian",2019.0,both,both
,,,,,,,,,,,,,,,,,,,2023.0,9.0,thewanderingearthii,615023132.0,5023132.0,0.008,610000000.0,0.99,842675.0,7.238,357.0,Released,2023-01-22,604380922.0,173.0,False,73801827.0,zh,80.892,"Science Fiction, Action, Drama","China Film Group Corporation, Guo Fan Culture and Media",China,"Russian, French, Mandarin, Japanese, English",2023.0,both,right_only
41.0,"Oct 9, 2020","Aug 28, 2020",2020.0,thewarwithgrandpa,101 Studios,Comedy,Based on Fiction Book/Short Story,Live Action,Kids Fiction,38000000.0,2250.0,2365.0,28177.0,3623880.0,21277892.0,25906008.0,25541177.0,46819069.0,2020.0,37.0,thewarwithgrandpa,43387638.0,21277892.0,0.49,22109746.0,0.51,425001.0,6.417,845.0,Released,2020-08-27,43387445.0,98.0,False,18000000.0,en,30.701,"Comedy, Family","Marro Films, EFO Films, Tri G, West Madison Entertainment",United States of America,"English, Italian",2020.0,both,both
,,,,,,,,,,,,,,,,,,,2024.0,94.0,thewatchers,33371404.0,19071404.0,0.5710000000000001,14300000.0,0.43,518253.0,2.0,1.0,Released,2010-09-15,0.0,28.0,False,0.0,en,0.6,"Action, Crime, Drama",,,,2010.0,both,right_only
100.0,"Mar 6, 2020","Mar 5, 2020",2020.0,thewayback,Warner Bros.,Drama,Original Screenplay,Live Action,Contemporary Fiction,23000000.0,2718.0,2718.0,5436.0,8170315.0,13590514.0,16743867.0,1900000.0,15490514.0,2020.0,82.0,thewayback,15490514.0,13590514.0,0.877,1900000.0,0.12,49009.0,6.969,1402.0,Released,2010-11-22,24172201.0,133.0,False,30000000.0,en,14.803,"Drama, Adventure, History","Kontsept Film Company, Imagenation Abu Dhabi FZ, Exclusive Films, Monolith Films, On the Road, Point Blank Productions, National Geographic","United Arab Emirates, United States of America","English, Polish, Russian",2010.0,both,both
100.0,"Mar 6, 2020","Mar 5, 2020",2020.0,thewayback,Warner Bros.,Drama,Original Screenplay,Live Action,Contemporary Fiction,23000000.0,2718.0,2718.0,5436.0,8170315.0,13590514.0,16743867.0,1900000.0,15490514.0,2020.0,82.0,thewayback,15490514.0,13590514.0,0.877,1900000.0,0.12,308429.0,6.625,4.0,Released,2014-09-20,0.0,11.0,False,0.0,ko,0.6,Animation,,South Korea,Korean,2014.0,both,both
,,,,,,,,,,,,,,,,,,,2022.0,184.0,theweddingdays,8021940.0,,,8021940.0,1.0,278074.0,7.5,2.0,Released,1997-06-26,0.0,109.0,False,0.0,cn,0.838,,United Filmmakers Organisation (UFO),Hong Kong,Cantonese,1997.0,both,right_only
90.0,"Jan 16, 2015","Jan 16, 2015",2015.0,theweddingringer,Sony Pictures,Comedy,Original Screenplay,Live Action,Contemporary Fiction,23000000.0,3003.0,3003.0,14973.0,20649306.0,64460211.0,86482209.0,15711385.0,80171596.0,2015.0,94.0,theweddingringer,79799880.0,64460211.0,0.8079999999999999,15339669.0,0.19,252838.0,6.488,1490.0,Released,2015-01-16,79799880.0,101.0,False,23000000.0,en,25.863,Comedy,"Screen Gems, LStar Capital, Miramax, Will Packer Productions",United States of America,English,2015.0,both,both
67.0,"Dec 21, 2022","Dec 21, 2022",2022.0,thewhale,A24,Drama,Based on Play,Live Action,Contemporary Fiction,3000000.0,603.0,1721.0,10076.0,1038394.0,17453440.0,18258446.0,36591041.0,54044481.0,2022.0,60.0,thewhale,57615635.0,17463630.0,0.303,39563064.0,0.69,785084.0,7.949,2917.0,Released,2022-12-09,55101305.0,116.0,False,3000000.0,en,54.977,Drama,"A24, Protozoa Pictures",United States of America,English,2022.0,both,both
50.0,"Dec 31, 2018","Jul 4, 2019",2018.0,thewhitestorm2druglords,,Action,Original Screenplay,Live Action,Contemporary Fiction,0.0,0.0,0.0,0.0,0.0,0.0,0.0,185427900.0,185427900.0,2019.0,48.0,thewhitestorm2druglords,189396380.0,609461.0,0.003,188786919.0,1.0,512731.0,6.6,34.0,Released,2019-07-04,0.0,100.0,False,25000000.0,cn,10.004,"Drama, Action, Thriller",Universe Films Distribution,"China, Hong Kong",Cantonese,2019.0,both,both
,,,,,,,,,,,,,,,,,,,2019.0,159.0,thewildgooselake,31064835.0,12573.0,0.001,31052262.0,1.0,575428.0,6.627,306.0,Released,2019-12-06,0.0,113.0,False,0.0,zh,10.313,"Crime, Drama, Thriller","Memento Films International, Green Ray Films, ARTE France Cinéma, He Li Chen Guang International Culture Media Co, Maisong Entertainment Investment, Omnijoi Media, Tencent Pictures","China, France",Mandarin,2019.0,both,right_only
,,,,,,,,,,,,,,,,,,,2016.0,140.0,thewildlife,40075446.0,8005586.0,0.2,32069860.0,0.8,38980.0,6.2,46.0,Released,1984-09-28,9500000.0,96.0,False,0.0,en,7.318,"Comedy, Drama",Universal Pictures,United States of America,English,1984.0,both,right_only
22.0,"Sep 27, 2024","Sep 13, 2024",2024.0,thewildrobot,Universal,Adventure,Based on Fiction Book/Short Story,Digital Animation,Science Fiction,78000000.0,3962.0,3997.0,33459.0,35790150.0,144564905.0,144564905.0,190658268.0,335223173.0,2024.0,22.0,thewildrobot,334537187.0,143901945.0,0.43,190635242.0,0.57,,,,,,,,,,,,,,,,,left_only,both
,,,,,,,,,,,,,,,,,,,2016.0,139.0,thewitch,40423945.0,25138705.0,0.622,15285240.0,0.38,310131.0,6.927,6398.0,Released,2015-01-27,40423945.0,92.0,False,3500000.0,en,33.875,"Drama, Fantasy, Horror, Mystery","Very Special Projects, Parts and Labor, RT Features, Rooks Nest Entertainment, Maiden Voyage Pictures, Pulse Films, Scythia Films, Code Red Productions, Mott Street Pictures","Brazil, Canada, United Kingdom, United States of America",English,2015.0,both,right_only
64.0,"Oct 22, 2020","Oct 22, 2020",2020.0,thewitches,,Adventure,Based on Fiction Book/Short Story,Live Action,Fantasy,100000000.0,0.0,0.0,0.0,0.0,0.0,0.0,29100000.0,29100000.0,2020.0,52.0,thewitches,29303571.0,203571.0,0.0069999999999999,29100000.0,0.99,10166.0,6.916,1137.0,Released,1990-05-25,15360553.0,91.0,False,0.0,en,20.557,"Fantasy, Horror, Comedy, Family","Lorimar Film Entertainment, The Jim Henson Company, Warner Bros. Pictures","United Kingdom, United States of America",English,1990.0,both,both
,,,,,,,,,,,,,,,,,,,2018.0,189.0,thewitchpart1thesubversion,24340302.0,,,24340302.0,1.0,530254.0,7.849,440.0,Released,2018-06-27,24340302.0,125.0,False,5500000.0,ko,27.478,"Mystery, Science Fiction, Action, Adventure","Peppermint&company, Warner Bros. Korea, Goldmoon Film, Finecut",South Korea,"English, Korean",2018.0,both,right_only
,,,,,,,,,,,,,,,,,,,2022.0,95.0,thewitchpart2theotherone,23068596.0,143723.0,0.006,22924873.0,0.99,615173.0,7.255,188.0,Released,2022-06-15,23068596.0,137.0,False,0.0,ko,53.594,"Action, Mystery, Thriller, Science Fiction, Adventure","Peppermint&company, Next Entertainment World, Studio & New, Goldmoon Film, Contents Panda, Warner Bros. Korea",South Korea,"Mandarin, English, Hindi, Korean",2022.0,both,right_only
,,,,,,,,,,,,,,,,,,,2015.0,175.0,thewitness,33963557.0,418063.0,0.012,33545494.0,0.99,356332.0,6.736,89.0,Released,2015-10-06,0.0,86.0,False,0.0,en,3.778,Documentary,Five More Minutes Productions,United States of America,English,2015.0,both,right_only
,,,,,,,,,,,,,,,,,,,2015.0,175.0,thewitness,33963557.0,418063.0,0.012,33545494.0,0.99,699302.0,0.0,0.0,Released,2003-01-01,0.0,80.0,False,0.0,ar,0.6,Crime,,,Arabic,2003.0,both,right_only
,,,,,,,,,,,,,,,,,,,2021.0,117.0,thewolfandthelion,19510578.0,2072173.0,0.106,17438405.0,0.89,780382.0,7.499,367.0,Released,2021-10-13,15300000.0,99.0,False,11900000.0,en,18.812,"Family, Adventure","Galatée Films, Mai Juin Productions, StudioCanal, Super Écran, SODEC, Canal+, Ciné+, Transfilm International, M6 Films, Sphere Films","Canada, France",English,2021.0,both,right_only
,,,,,,,,,,,,,,,,,,,2015.0,135.0,thewomaninblack2angelofdeath,48854305.0,26501323.0,0.542,22352982.0,0.46,288158.0,5.251,961.0,Released,2014-12-30,48854305.0,98.0,False,15000000.0,en,11.918,"Thriller, Horror, Drama","Vertigo Entertainment, Hammer Film Productions, Alliance Films, Talisman Productions, Exclusive Media, Da Vinci Media Ventures","United Kingdom, United States of America, Canada",English,2014.0,both,right_only
46.0,"Sep 16, 2022","Sep 15, 2022",2022.0,thewomanking,Sony Pictures,Action,Based on Real Life Events,Live Action,Dramatization,50000000.0,3765.0,3765.0,23843.0,19051442.0,67328130.0,72309377.0,26944504.0,94272634.0,2022.0,43.0,thewomanking,97562514.0,67328130.0,0.69,30234384.0,0.31,724495.0,7.749,1723.0,Released,2022-09-16,97250903.0,135.0,False,50000000.0,en,67.582,"Action, Drama, History","TriStar Pictures, JuVee Productions, Entertainment One, Welle Entertainment, TSG Entertainment II","Canada, United States of America","English, Portuguese",2022.0,both,both
,,,,,,,,,,,,,,,,,,,2021.0,154.0,theworstpersonintheworld,12744408.0,3034775.0,0.238,9709633.0,0.76,660120.0,7.537,1022.0,Released,2021-10-13,11800000.0,128.0,False,5000000.0,no,23.063,"Drama, Comedy, Romance","Oslo Pictures, Snowglobe, MK2 Films, Film i Väst, B-Reel Films, ARTE France Cinéma, Memento Distribution, ARTE, Norsk Filminstitutt, Det Danske Filminstitut, Nordic Film and Television Fund, Svenska Filminstitutet","Denmark, France, Norway, Sweden",Norwegian,2021.0,both,right_only
,,,,,,,,,,,,,,,,,,,2021.0,82.0,theyinyangmaster,37690000.0,,,37690000.0,1.0,758902.0,6.7,67.0,Released,2021-02-12,0.0,113.0,False,0.0,zh,10.777,"Action, Adventure, Drama, Fantasy, Romance",CKF Productions,China,Mandarin,2021.0,both,right_only
,,,,,,,,,,,,,,,,,,,2020.0,22.0,theyinyangmasterdreamofeternity,68000000.0,,,68000000.0,1.0,757860.0,7.391,170.0,Released,2020-12-24,69000000.0,132.0,False,0.0,zh,13.62,"Action, Drama, Fantasy, Mystery, Science Fiction",Hehe Pictures,China,Mandarin,2020.0,both,right_only
,,,,,,,,,,,,,,,,,,,2023.0,91.0,thezoneofinterest,52693249.0,8659464.0,0.1639999999999999,44033785.0,0.84,467244.0,0.0,0.0,Released,2023-12-08,0.0,106.0,False,0.0,en,8.032,"Drama, War","A24, Extreme Emotions, Film4 Productions, House Productions, JW Films, Access Entertainment, PISF","Poland, United Kingdom, United States of America","English, German, Polish",2023.0,both,right_only
,,,,,,,,,,,,,,,,,,,2017.0,182.0,thezookeeperswife,26152835.0,17571660.0,0.672,8581175.0,0.33,289222.0,7.363,1414.0,Released,2017-03-24,26152835.0,126.0,False,20000000.0,en,14.515,"Drama, History, War","Scion Films, Czech Anglo Productions, LD Entertainment, Focus Features","Czech Republic, United Kingdom, United States of America",English,2017.0,both,right_only
,,,,,,,,,,,,,,,,,,,2017.0,164.0,thisisnotwhatiexpected,30996615.0,337670.0,0.011,30658945.0,0.99,452413.0,6.9,44.0,Released,2017-04-28,0.0,106.0,False,0.0,zh,5.24,"Comedy, Romance",Alibaba Pictures Group,China,Mandarin,2017.0,both,right_only
8.0,"Jul 8, 2022","Jul 1, 2022",2022.0,thorloveandthunder,Walt Disney,Action,Based on Comic/Graphic Novel,Animation/Live Action,Super Hero,250000000.0,4375.0,4375.0,33705.0,144165107.0,343256830.0,368683267.0,417671251.0,760928081.0,2022.0,8.0,thorloveandthunder,760928081.0,343256830.0,0.451,417671251.0,0.55,616037.0,6.517,6510.0,Released,2022-07-06,760928081.0,119.0,False,250000000.0,en,117.087,"Fantasy, Action, Comedy","Marvel Studios, Kevin Feige Productions",United States of America,English,2022.0,both,both
8.0,"Nov 3, 2017","Oct 25, 2017",2017.0,thorragnarok,Walt Disney,Action,Based on Comic/Graphic Novel,Live Action,Super Hero,180000000.0,4080.0,4080.0,26570.0,122744989.0,315058289.0,397173134.0,535424489.0,850482778.0,2017.0,9.0,thorragnarok,853977126.0,315058289.0,0.369,538918837.0,0.63,284053.0,7.595,19539.0,Released,2017-10-02,855301806.0,131.0,False,180000000.0,en,45.2,"Action, Adventure, Science Fiction",Marvel Studios,United States of America,English,2017.0,both,both
,,,,,,,,,,,,,,,,,,,2021.0,120.0,thosewhowishmedead,19107200.0,7407200.0,0.3879999999999999,11700000.0,0.61,578701.0,6.704,1385.0,Released,2021-05-05,23384502.0,100.0,False,20000000.0,en,29.947,"Thriller, Action","Bron Studios, Film Rites, New Line Cinema, Bosque Ranch Productions","Canada, United States of America",English,2021.0,both,right_only
,,,,,,,,,,,,,,,,,,,2020.0,64.0,threadsourtapestryoflove,20474270.0,,,20474270.0,1.0,612511.0,7.2,20.0,Released,2020-08-21,0.0,130.0,False,0.0,ja,6.467,Romance,"FINE Entertainment, Twins Japan",Japan,Japanese,2020.0,both,right_only
,,,,,,,,,,,,,,,,,,,2017.0,57.0,threebillboardsoutsideebbingmissouri,160060063.0,54513740.0,0.341,105546323.0,0.66,359940.0,8.081,9418.0,Released,2017-12-01,160192031.0,115.0,False,15000000.0,en,23.357,"Crime, Drama","Blueprint Pictures, Cutting Edge Group, Fox Searchlight Pictures, Film4 Productions","United Kingdom, United States of America",English,2017.0,both,right_only
,,,,,,,,,,,,,,,,,,,2017.0,123.0,threeseconds,46596415.0,,,46596415.0,1.0,444218.0,7.315,138.0,Released,2017-12-28,51169464.0,133.0,False,0.0,ru,7.347,Drama,"Cinema Fund, Russia-1, Studio Trite",Russia,"English, Russian",2017.0,both,right_only
,,,,,,,,,,,,,,,,,,,2022.0,109.0,threethousandyearsoflonging,20282422.0,8286741.0,0.409,11995681.0,0.59,556694.0,6.944,960.0,Released,2022-08-24,20282422.0,108.0,False,60000000.0,en,60.041,"Drama, Adventure, Fantasy, Romance","FilmNation Entertainment, Elevate Production Finance, Sunac Pictures, Kennedy Miller Mitchell","Australia, China, United Kingdom","German, English, French, Greek, Turkish",2022.0,both,right_only
,,,,,,,,,,,,,,,,,,,2018.0,144.0,thugsofhindostan,39570044.0,1449848.0,0.037,38120196.0,0.96,472138.0,5.8,90.0,Released,2018-11-07,3136000.0,164.0,False,31000000.0,hi,6.59,"Adventure, Action","Yash Raj Films, Latina Pictures","India, Malta",Hindi,2018.0,both,right_only
18.0,"May 2, 2025","Apr 30, 2025",2025.0,thunderbolts,Walt Disney,Action,Based on Comic/Graphic Novel,Live Action,Super Hero,180000000.0,4330.0,4330.0,21930.0,74300608.0,190274328.0,190274328.0,192162037.0,382436365.0,2025.0,18.0,thunderbolts,382436917.0,190274328.0,0.498,192162589.0,0.502,,,,,,,,,,,,,,,,,left_only,both
30.0,"Oct 21, 2022","Sep 8, 2022",2022.0,tickettoparadise,Universal,Romantic Comedy,Original Screenplay,Live Action,Contemporary Fiction,60000000.0,3543.0,4066.0,24287.0,16509095.0,68275985.0,73330636.0,100300996.0,168576981.0,2022.0,30.0,tickettoparadise,168770985.0,68275985.0,0.405,100495000.0,0.6,800939.0,6.6,840.0,Released,2022-09-08,168763270.0,104.0,False,20000000.0,en,20.569,"Comedy, Romance","Working Title Films, Smoke House Pictures, Red Om Films, Fin Design & Effects","Australia, United States of America, United Kingdom","English, French, Indonesian, Italian",2022.0,both,both
,,,,,,,,,,,,,,,,,,,2023.0,181.0,tiger3,11713932.0,5365263.0,0.4579999999999999,6348669.0,0.54,720557.0,0.0,0.0,Post Production,2023-11-10,0.0,0.0,False,0.0,hi,4.015,"Action, Drama",Yash Raj Films,India,Hindi,2023.0,both,right_only
93.0,"Dec 22, 2017","Dec 22, 2017",2017.0,tigerzindahai,Yash Raj Films,Action,Original Screenplay,Live Action,Contemporary Fiction,0.0,299.0,299.0,749.0,1787108.0,5560921.0,6992442.0,70959455.0,76520376.0,2017.0,82.0,tigerzindahai,87320000.0,5560921.0,0.064,81759079.0,0.94,441909.0,6.127,109.0,Released,2017-12-18,87320000.0,165.0,False,15000000.0,hi,10.382,"Action, Thriller","Kabir Khan Films, Yash Raj Films",India,Hindi,2017.0,both,both
,,,,,,,,,,,,,,,,,,,2022.0,153.0,till,11498884.0,9000202.0,0.7829999999999999,2498682.0,0.22,854239.0,7.5,202.0,Released,2022-10-14,8900000.0,131.0,False,20000000.0,en,18.844,"Drama, History","Frederick Zollo Productions, Whoop/One Ho Productions/Lil' Whoop Productions, Eon Productions, Orion Pictures","United Kingdom, United States of America",English,2022.0,both,right_only
,,,,,,,,,,,,,,,,,,,2018.0,152.0,tilltheendoftheworld,37013733.0,118660.0,0.003,36895073.0,1.0,502086.0,6.4,9.0,Released,2018-02-01,0.0,117.0,False,0.0,zh,1.432,"Romance, Drama, Adventure",,China,Mandarin,2018.0,both,right_only
62.0,"Aug 26, 2016","Aug 4, 2016",2016.0,timeraiders,Asia Releasing,Adventure,Original Screenplay,Live Action,Contemporary Fiction,0.0,0.0,0.0,0.0,0.0,0.0,0.0,145974597.0,145974597.0,2016.0,61.0,timeraiders,145819137.0,,,145819137.0,1.0,411442.0,6.125,16.0,Released,2016-08-18,0.0,123.0,False,0.0,zh,11.466,"Action, Adventure, Fantasy","Magnum Films, Chop Flix","China, Hong Kong",Mandarin,2016.0,both,both
91.0,"Dec 31, 2015","Jul 8, 2015",2015.0,tinytimes40,,Drama,Original Screenplay,Live Action,Contemporary Fiction,0.0,0.0,0.0,0.0,0.0,0.0,0.0,79230000.0,79230000.0,2015.0,97.0,tinytimes40,77750000.0,,,77750000.0,1.0,,,,,,,,,,,,,,,,,left_only,both
,,,,,,,,,,,,,,,,,,,2025.0,99.0,together,32273159.0,21273159.0,0.659,11000000.0,0.341,742.0,6.955,211.0,Released,2000-08-25,0.0,106.0,False,0.0,sv,7.665,"Drama, Comedy, Romance","Memfis Film, Zentropa Entertainments, Film i Väst, SVT, Keyfilms Roma, Nordisk Film & TV Fond","Denmark, Italy, Norway, Sweden",Swedish,2000.0,both,right_only
,,,,,,,,,,,,,,,,,,,2025.0,99.0,together,32273159.0,21273159.0,0.659,11000000.0,0.341,163845.0,4.0,1.0,Released,2011-11-13,0.0,86.0,False,0.0,en,1.408,"Mystery, Drama",Puella Films,United States of America,English,2011.0,both,right_only
,,,,,,,,,,,,,,,,,,,2025.0,99.0,together,32273159.0,21273159.0,0.659,11000000.0,0.341,1185238.0,0.0,0.0,Released,2009-01-01,0.0,4.0,False,0.0,en,0.6,Animation,,,,2009.0,both,right_only
,,,,,,,,,,,,,,,,,,,2025.0,99.0,together,32273159.0,21273159.0,0.659,11000000.0,0.341,1009277.0,0.0,0.0,Released,2020-05-02,0.0,5.0,False,0.0,el,0.6,Romance,Film School of the Aristotle University of Thessaloniki,Greece,Greek,2020.0,both,right_only
84.0,"Dec 31, 2021","Jul 9, 2021",2021.0,tokyorevengers,,Drama,Based on Comic/Graphic Novel,Live Action,Science Fiction,0.0,0.0,0.0,0.0,0.0,0.0,0.0,39236514.0,39236514.0,2021.0,77.0,tokyorevengers,39714624.0,,,39714624.0,1.0,698201.0,7.926,217.0,Released,2021-07-09,0.0,120.0,False,0.0,ja,17.479,"Action, Drama, Crime","Kadokawa Daiei Studio, Fuji Television Network, Warner Bros. Japan, Kodansha",Japan,Japanese,2021.0,both,both
,,,,,,,,,,,,,,,,,,,2020.0,27.0,tolotolo,52186426.0,,,52186426.0,1.0,593402.0,6.118,1168.0,Released,2020-01-01,52186426.0,94.0,False,20000000.0,it,7.049,"Comedy, Drama, Family","Taodue Film, Medusa Film, Sky Cinema",Italy,Italian,2020.0,both,right_only
37.0,"Mar 16, 2018","Mar 6, 2018",2018.0,tombraider,Warner Bros.,Action,Based on Game,Live Action,Contemporary Fiction,90000000.0,3854.0,3854.0,13692.0,23633317.0,58250803.0,72317961.0,216700000.0,274950803.0,2018.0,38.0,tombraider,274950803.0,58250803.0,0.212,216700000.0,0.79,338970.0,6.353,7316.0,Released,2018-03-05,274650803.0,118.0,False,94000000.0,en,27.983,"Action, Adventure, Fantasy","SQUARE ENIX, GK Films, Metro-Goldwyn-Mayer, Warner Bros. Pictures","Japan, United Kingdom, United States of America",English,2018.0,both,both
,,,,,,,,,,,,,,,,,,,2021.0,34.0,tomjerry,136536687.0,46536687.0,0.341,90000000.0,0.66,587807.0,6.861,2289.0,Released,2021-02-10,136536687.0,101.0,False,50000000.0,en,43.029,"Comedy, Family, Animation","Warner Bros. Pictures Animation, Turner Entertainment, The Story Company, Warner Bros. Pictures",United States of America,English,2021.0,both,right_only
39.0,"May 22, 2015","May 20, 2015",2015.0,tomorrowland,Walt Disney,Adventure,Original Screenplay,Live Action,Science Fiction,170000000.0,3972.0,3972.0,17822.0,33028165.0,93436322.0,125357631.0,113191196.0,206627518.0,2015.0,37.0,tomorrowland,209035668.0,93436322.0,0.447,115599346.0,0.55,158852.0,6.257,6591.0,Released,2015-05-19,209154322.0,130.0,False,190000000.0,en,45.045,"Adventure, Family, Mystery, Science Fiction","Babieka Films, Walt Disney Pictures, A113",United States of America,English,2015.0,both,both
,,,,,,,,,,,,,,,,,,,2022.0,23.0,toocooltokill,217254604.0,185882.0,0.001,217068722.0,1.0,923192.0,6.207,29.0,Released,2022-02-01,393014816.0,109.0,False,0.0,zh,3.942,"Action, Comedy","New Classics Media, Slinky Town Pictures",China,Mandarin,2022.0,both,right_only
2.0,"May 27, 2022","May 20, 2022",2022.0,topgunmaverick,Paramount Pictures,Action,Original Screenplay,Live Action,Contemporary Fiction,177000000.0,4735.0,4751.0,69377.0,126707459.0,718732821.0,771972284.0,733430541.0,1452163362.0,2022.0,2.0,topgunmaverick,1495696292.0,718732821.0,0.481,776963471.0,0.52,361743.0,8.26,7546.0,Released,2022-05-24,1488732821.0,131.0,False,170000000.0,en,126.291,"Action, Drama","Skydance, Don Simpson/Jerry Bruckheimer Films, Paramount",United States of America,English,2022.0,both,both
,,,,,,,,,,,,,,,,,,,2019.0,167.0,totaldhamaal,26911995.0,2167632.0,0.081,24744363.0,0.92,576121.0,5.721,34.0,Released,2019-02-22,0.0,127.0,False,0.0,hi,4.086,"Comedy, Adventure, Action","Anand Pandit Motion Pictures, Star Studios, Maruti International, Shri Adhikari Brothers, Reliance Entertainment, Ajay Devgn FFilms",India,Hindi,2019.0,both,right_only
,,,,,,,,,,,,,,,,,,,2015.0,192.0,tothefore,27267799.0,,,27267799.0,1.0,339562.0,6.286,28.0,Released,2015-08-06,0.0,125.0,False,0.0,zh,3.981,"Romance, Action, Drama",JCE Movies,"Taiwan, Hong Kong","Cantonese, Mandarin, English, Italian, Korean",2015.0,both,right_only
7.0,"Jun 21, 2019","Jun 20, 2019",2019.0,toystory4,Walt Disney,Adventure,Original Screenplay,Digital Animation,Kids Fiction,200000000.0,4575.0,4575.0,38194.0,120908065.0,434038008.0,535913741.0,637139207.0,1071177215.0,2019.0,8.0,toystory4,1073394593.0,434038008.0,0.4039999999999999,639356585.0,0.6,301528.0,7.5,9093.0,Released,2019-06-19,1073394593.0,100.0,False,175000000.0,en,61.083,"Family, Adventure, Animation, Comedy, Fantasy","Walt Disney Pictures, Pixar",United States of America,English,2019.0,both,both
86.0,"Jul 22, 2016","Jun 30, 2016",2016.0,traintobusan,Well Go USA,Horror,Original Screenplay,Live Action,Science Fiction,8500000.0,27.0,36.0,286.0,284776.0,2129768.0,2784522.0,93486497.0,95616265.0,2016.0,84.0,traintobusan,92742323.0,2129768.0,0.023,90612555.0,0.98,396535.0,7.8,6694.0,Released,2016-07-20,87547518.0,118.0,False,8500000.0,ko,49.553,"Horror, Thriller, Action, Adventure","Next Entertainment World, RedPeter Film, Contents Panda, Union Investment Partners, KTB Network, Korean Film Council",South Korea,Korean,2016.0,both,both
52.0,"Jul 17, 2015","Jul 17, 2015",2015.0,trainwreck,Universal,Romantic Comedy,Original Screenplay,Live Action,Contemporary Fiction,35000000.0,3158.0,3171.0,18674.0,30097040.0,110225700.0,147878436.0,30911197.0,141136897.0,2015.0,54.0,trainwreck,140795793.0,110212700.0,0.7829999999999999,30583093.0,0.22,271718.0,5.79,2446.0,Released,2015-07-17,140795793.0,125.0,False,35000000.0,en,23.82,"Comedy, Romance","Universal Pictures, Apatow Productions, Fuji Television Network, dentsu","Japan, United States of America",English,2015.0,both,both
40.0,"Sep 20, 2024","Sep 11, 2024",2024.0,transformersone,Paramount Pictures,Adventure,Based on TV,Digital Animation,Science Fiction,75000000.0,3978.0,3978.0,18458.0,24613970.0,59098421.0,59098421.0,69219245.0,128317666.0,2024.0,42.0,transformersone,129408392.0,59098421.0,0.457,70309971.0,0.54,698687.0,0.0,0.0,In Production,2024-09-12,0.0,0.0,False,0.0,en,11.947,"Animation, Science Fiction, Adventure, Action, Family","Paramount Animation, di Bonaventura Pictures, Hasbro, Paramount, Tom DeSanto/Don Murphy Production","Canada, United States of America",English,2024.0,both,both
18.0,"Jun 9, 2023","Jun 6, 2023",2023.0,transformersriseofthebeasts,Paramount Pictures,Action,Based on TV,Animation/Live Action,Science Fiction,195000000.0,3678.0,3680.0,19569.0,61045464.0,157341749.0,162663180.0,281900000.0,439241749.0,2023.0,17.0,transformersriseofthebeasts,441656550.0,157341749.0,0.356,284314801.0,0.64,667538.0,7.492,3270.0,Released,2023-06-06,429800000.0,127.0,False,195000000.0,en,616.74,"Action, Adventure, Science Fiction","Skydance, Paramount, di Bonaventura Pictures, Bay Films, New Republic Pictures, Tom DeSanto/Don Murphy Production, Hasbro",United States of America,"Quechua, Spanish, English",2023.0,both,both
16.0,"Jun 21, 2017","Jun 20, 2017",2017.0,transformersthelastknight,Paramount Pictures,Action,Based on TV,Animation/Live Action,Science Fiction,217000000.0,4069.0,4132.0,16129.0,44680073.0,130168683.0,164125732.0,472724657.0,602893340.0,2017.0,16.0,transformersthelastknight,605425157.0,130168683.0,0.215,475256474.0,0.79,335988.0,6.059,5727.0,Released,2017-06-16,605425157.0,154.0,False,217000000.0,en,44.968,"Action, Adventure, Science Fiction","Paramount, di Bonaventura Pictures, Ian Bryce Productions, Tom DeSanto/Don Murphy Production",United States of America,English,2017.0,both,both
59.0,"Aug 2, 2024","Jul 31, 2024",2024.0,trap,Warner Bros.,Thriller/Suspense,Original Screenplay,Live Action,Contemporary Fiction,30000000.0,3181.0,3181.0,11824.0,15454146.0,42777281.0,42777281.0,40900000.0,83677281.0,2024.0,57.0,trap,83677281.0,42777281.0,0.511,40900000.0,0.49,334876.0,5.6,10.0,Released,2015-03-28,0.0,97.0,False,0.0,tl,1.474,Drama,Centerstage Productions,Philippines,Tagalog,2015.0,both,both
59.0,"Aug 2, 2024","Jul 31, 2024",2024.0,trap,Warner Bros.,Thriller/Suspense,Original Screenplay,Live Action,Contemporary Fiction,30000000.0,3181.0,3181.0,11824.0,15454146.0,42777281.0,42777281.0,40900000.0,83677281.0,2024.0,57.0,trap,83677281.0,42777281.0,0.511,40900000.0,0.49,505002.0,0.0,0.0,Released,2018-02-19,0.0,16.0,False,0.0,es,0.6,Fantasy,,Argentina,Spanish,2018.0,both,both
59.0,"Aug 2, 2024","Jul 31, 2024",2024.0,trap,Warner Bros.,Thriller/Suspense,Original Screenplay,Live Action,Contemporary Fiction,30000000.0,3181.0,3181.0,11824.0,15454146.0,42777281.0,42777281.0,40900000.0,83677281.0,2024.0,57.0,trap,83677281.0,42777281.0,0.511,40900000.0,0.49,699055.0,0.0,0.0,Released,2019-05-20,0.0,1.0,False,0.0,en,0.851,Drama,Office Dog Productions,,,2019.0,both,both
59.0,"Aug 2, 2024","Jul 31, 2024",2024.0,trap,Warner Bros.,Thriller/Suspense,Original Screenplay,Live Action,Contemporary Fiction,30000000.0,3181.0,3181.0,11824.0,15454146.0,42777281.0,42777281.0,40900000.0,83677281.0,2024.0,57.0,trap,83677281.0,42777281.0,0.511,40900000.0,0.49,1028078.0,0.0,0.0,Released,2023-06-23,0.0,96.0,False,0.0,en,0.811,Crime,"Pure Imagination Pictures, Mayhem Films",United States of America,English,2023.0,both,both
87.0,"Oct 7, 2022","Jul 28, 2022",2022.0,triangleofsadness,Neon,Black Comedy,Original Screenplay,Live Action,Contemporary Fiction,15600000.0,10.0,610.0,3722.0,214602.0,4608096.0,4929690.0,28282887.0,32890983.0,2022.0,89.0,triangleofsadness,26195743.0,4608096.0,0.176,21587647.0,0.82,497828.0,7.125,1631.0,Released,2022-09-18,24733572.0,147.0,False,15600000.0,en,30.999,"Comedy, Drama","30WEST, ARTE, BBC Film, TRT, Turkish Radio & Television, Bord Cadre Films, Coproduction Office, Film i Väst, Heretic, Imperative Entertainment, Piano, Sovereign Films, Plattform Produktion, SVT, Svensk Filminspelning, Essential Films, ZDF, Svenska Filminstitutet, Eurimages, Medienboard Berlin-Brandenburg, The Danish Film Institute, Canal+, Ciné+, DR, Nordisk Film & TV Fond, BFI, MOIN Filmförderung Hamburg Schleswig-Holstein, SF Studios, Bac Films, Curzon Film World","Denmark, France, Germany, Greece, Mexico, Sweden, Turkey, United Kingdom, United States of America","Akan, German, English, French, Greek, Swedish, Tagalog",2022.0,both,both
,,,,,,,,,,,,,,,,,,,2016.0,197.0,triple9,23177948.0,12639297.0,0.545,10538651.0,0.46,146198.0,5.963,1969.0,Released,2016-02-19,12639297.0,115.0,False,20000000.0,en,18.853,"Action, Crime, Adventure, Thriller","Surefire Capital, Worldview Entertainment, Sierra Pictures, Anonymous Content, MadRiver Pictures",United States of America,English,2016.0,both,right_only
,,,,,,,,,,,,,,,,,,,2015.0,187.0,triumphintheskies,28085162.0,,,28085162.0,1.0,320132.0,4.273,11.0,Released,2015-02-19,0.0,100.0,False,0.0,cn,2.599,"Comedy, Drama, Romance","Shaw Brothers, One Cool Film Production, China Film Media Asia Audio Video Distribution Co., Media Asia Film Production Limited, Enlight Pictures",Hong Kong,"Cantonese, Mandarin",2015.0,both,right_only
24.0,"Nov 4, 2016","Oct 12, 2016",2016.0,trolls,20th Century Fox,Adventure,Based on Toy,Digital Animation,Kids Fiction,125000000.0,4060.0,4066.0,25885.0,46581142.0,153856089.0,200961430.0,188975620.0,342831709.0,2016.0,25.0,trolls,347013487.0,153856089.0,0.4429999999999999,193157398.0,0.56,136799.0,6.671,3304.0,Released,2016-10-13,346864462.0,92.0,False,125000000.0,en,37.18,"Family, Animation, Fantasy, Adventure, Comedy, Music","DreamWorks Animation, 20th Century Fox",United States of America,English,2016.0,both,both
39.0,"Nov 17, 2023","Oct 12, 2023",2023.0,trollsbandtogether,Universal,Adventure,Based on Toy,Digital Animation,Kids Fiction,95000000.0,3870.0,3893.0,24546.0,30002525.0,103974820.0,101817005.0,106694583.0,210669403.0,2023.0,37.0,trollsbandtogether,209646030.0,103270155.0,0.493,106375875.0,0.51,901362.0,0.0,0.0,Post Production,2023-10-12,0.0,92.0,False,0.0,en,50.883,"Animation, Family, Music, Fantasy, Comedy","DreamWorks Animation, Universal Pictures",United States of America,English,2023.0,both,both
36.0,"Apr 10, 2020","Mar 12, 2020",2020.0,trollsworldtour,,Musical,Based on Toy,Digital Animation,Kids Fiction,90000000.0,0.0,0.0,0.0,0.0,0.0,0.0,48866407.0,48866407.0,2020.0,30.0,trollsworldtour,49276818.0,450000.0,0.009,48826818.0,0.99,446893.0,7.349,1921.0,Released,2020-03-11,49276818.0,90.0,False,90000000.0,en,33.796,"Family, Animation, Comedy, Fantasy, Adventure, Music","DreamWorks Animation, Universal Pictures, dentsu",United States of America,English,2020.0,both,both
42.0,"Oct 10, 2025","Oct 8, 2025",2025.0,tronares,Walt Disney,Action,Original Screenplay,Live Action,Science Fiction,180000000.0,4000.0,4000.0,16780.0,33241433.0,73161014.0,73161014.0,68724288.0,141885302.0,2025.0,38.0,tronares,142249983.0,73161014.0,0.514,69088969.0,0.486,,,,,,,,,,,,,,,,,left_only,both
76.0,"Apr 13, 2018","Apr 12, 2018",2018.0,truthordare,Universal,Thriller/Suspense,Original Screenplay,Live Action,Contemporary Fiction,3500000.0,3029.0,3068.0,12336.0,18667855.0,41411015.0,51411482.0,53881729.0,95292744.0,2018.0,73.0,truthordare,95330493.0,41411015.0,0.434,53919478.0,0.57,460019.0,5.963,3763.0,Released,2018-04-12,95330493.0,101.0,False,3500000.0,en,27.576,"Thriller, Horror",Blumhouse Productions,United States of America,English,2018.0,both,both
76.0,"Apr 13, 2018","Apr 12, 2018",2018.0,truthordare,Universal,Thriller/Suspense,Original Screenplay,Live Action,Contemporary Fiction,3500000.0,3029.0,3068.0,12336.0,18667855.0,41411015.0,51411482.0,53881729.0,95292744.0,2018.0,73.0,truthordare,95330493.0,41411015.0,0.434,53919478.0,0.57,1176992.0,0.0,0.0,Released,2023-09-12,0.0,106.0,False,0.0,pt,1.956,Documentary,C.R.I.M. Produções,Portugal,Portuguese,2023.0,both,both
,,,,,,,,,,,,,,,,,,,2016.0,118.0,tunnel,52444295.0,568876.0,0.011,51875419.0,0.99,390497.0,7.305,526.0,Released,2016-08-10,52444295.0,126.0,False,1000000.0,ko,11.412,"Thriller, Adventure","BA Entertainment, Showbox",South Korea,Korean,2016.0,both,right_only
,,,,,,,,,,,,,,,,,,,2016.0,118.0,tunnel,52444295.0,568876.0,0.011,51875419.0,0.99,1458297.0,0.0,0.0,Released,2025-04-02,0.0,32.0,False,0.0,en,0.1,"Action, Adventure, Comedy, Crime, Drama, Horror, Thriller, Western",,,,2025.0,both,right_only
,,,,,,,,,,,,,,,,,,,2022.0,104.0,turningred,21521622.0,1399001.0,0.065,20122621.0,0.94,508947.0,7.442,4484.0,Released,2022-03-10,18879922.0,100.0,False,190000000.0,en,93.162,"Animation, Family, Comedy, Fantasy","Walt Disney Pictures, Pixar",United States of America,"Cantonese, Mandarin, Korean, French, English",2022.0,both,right_only
,,,,,,,,,,,,,,,,,,,2017.0,181.0,twentytwo,26289378.0,46796.0,0.002,26242582.0,1.0,473267.0,7.6,17.0,Released,2017-08-14,0.0,100.0,False,1111100.0,zh,1.211,"History, Documentary",,China,"Korean, Mandarin, Japanese",2017.0,both,right_only
,,,,,,,,,,,,,,,,,,,2017.0,181.0,twentytwo,26289378.0,46796.0,0.002,26242582.0,1.0,1592979.0,0.0,0.0,Released,2023-07-23,0.0,16.0,False,0.0,en,0.0143,Drama,,,English,2023.0,both,right_only
,,,,,,,,,,,,,,,,,,,2020.0,167.0,twiceborn,5880157.0,11527.0,0.002,5868630.0,1.0,121642.0,7.312,422.0,Released,2012-09-13,18295.0,127.0,False,13000000.0,it,9.54,"Drama, Romance, War",Medusa Film,"Italy, Spain, Croatia","Italian, English, Bosnian",2012.0,both,right_only
,,,,,,,,,,,,,,,,,,,2020.0,167.0,twiceborn,5880157.0,11527.0,0.002,5868630.0,1.0,757858.0,4.5,2.0,Released,2020-10-16,0.0,135.0,False,0.0,ja,1.015,Drama,IRH Press Co.,Japan,Japanese,2020.0,both,right_only
,,,,,,,,,,,,,,,,,,,2020.0,167.0,twiceborn,5880157.0,11527.0,0.002,5868630.0,1.0,638447.0,9.0,1.0,Released,1984-05-21,0.0,0.0,False,0.0,ru,1.49,"War, Drama",Mosfilm,Soviet Union,Russian,1984.0,both,right_only
57.0,"Aug 9, 2024","May 1, 2024",2024.0,twilightofthewarriorswalledin,Well Go USA,Action,Based on Comic/Graphic Novel,Live Action,Historical Fiction,0.0,130.0,139.0,152.0,144871.0,336003.0,336003.0,86833197.0,87169200.0,2024.0,145.0,twilightofthewarriorswalledin,17095773.0,336023.0,0.02,16759750.0,0.98,,,,,,,,,,,,,,,,,left_only,both
19.0,"Jul 19, 2024","Jul 11, 2024",2024.0,twisters,Universal,Thriller/Suspense,Original Screenplay,Live Action,Contemporary Fiction,155000000.0,4151.0,4170.0,30442.0,81251415.0,267762265.0,267762265.0,104500000.0,372262265.0,2024.0,19.0,twisters,372262265.0,267762265.0,0.7190000000000001,104500000.0,0.28,,,,,,,,,,,,,,,,,left_only,both
,,,,,,,,,,,,,,,,,,,2020.0,102.0,twobytwooverboard,10885076.0,,,10885076.0,1.0,587562.0,7.6,148.0,Released,2020-09-24,0.0,85.0,False,0.0,en,9.305,"Animation, Adventure, Comedy, Family","Moetion Films, Ulysses Filmproduktion, Fabrique d'images","Germany, Ireland, Luxembourg","Danish, English, Hungarian",2020.0,both,right_only
,,,,,,,,,,,,,,,,,,,2016.0,125.0,twoisafamily,49619118.0,,,49619118.0,1.0,382591.0,7.749,2841.0,Released,2016-12-07,1447740.0,118.0,False,0.0,fr,15.172,"Drama, Comedy","Mars Films, Poisson Rouge Pictures, TF1 Films Production, Korokoro, Vendôme Production","France, United Kingdom","English, French",2016.0,both,right_only
,,,,,,,,,,,,,,,,,,,2019.0,156.0,twotigers,32001580.0,,,32001580.0,1.0,17223.0,3.375,8.0,Released,2007-02-14,0.0,89.0,False,0.0,en,1.4,"Action, Adventure, Thriller",,,"English, Italian",2007.0,both,right_only
94.0,"Oct 7, 2022","Oct 7, 2022",2022.0,tãr,Focus Features,Drama,Original Screenplay,Live Action,Contemporary Fiction,0.0,4.0,1090.0,5949.0,158620.0,6773650.0,7227339.0,22492802.0,29266452.0,2022.0,83.0,tãr,29177163.0,6773650.0,0.2319999999999999,22403513.0,0.77,,,,,,,,,,,,,,,,,left_only,both
,,,,,,,,,,,,,,,,,,,2019.0,151.0,uglydolls,32450241.0,20150241.0,0.621,12300000.0,0.38,454458.0,6.659,406.0,Released,2019-05-01,32450241.0,87.0,False,45000000.0,en,13.811,"Family, Animation, Music","STX Films, Original Force Animation, Reel FX Creative Studios, Alibaba Pictures Group, Huaxia Film Distribution","Canada, China, United States of America",English,2019.0,both,right_only
13.0,"Feb 18, 2022","Feb 10, 2022",2022.0,uncharted,Sony Pictures,Adventure,Based on Game,Live Action,Contemporary Fiction,120000000.0,4275.0,4275.0,33269.0,44010155.0,148648820.0,159659843.0,258492438.0,407141258.0,2022.0,13.0,uncharted,407141258.0,148648820.0,0.365,258492438.0,0.64,335787.0,7.002,5066.0,Released,2022-02-10,407141258.0,116.0,False,120000000.0,en,79.542,"Action, Adventure","Columbia Pictures, Atlas Entertainment, PlayStation Productions, Arad Productions",United States of America,"English, Spanish",2022.0,both,both
,,,,,,,,,,,,,,,,,,,2018.0,130.0,uncledrew,46664414.0,42469946.0,0.91,4194468.0,0.09,474335.0,6.73,510.0,Released,2018-06-27,17665000.0,103.0,False,19000000.0,en,15.392,Comedy,"Lionsgate, Summit Entertainment",United States of America,English,2018.0,both,right_only
,,,,,,,,,,,,,,,,,,,2019.0,117.0,uncutgems,50023780.0,50023780.0,1.0,,,473033.0,7.1,4261.0,Released,2019-08-30,50020902.0,136.0,False,19000000.0,en,22.206,"Drama, Thriller, Crime","A24, Sikelia Productions, Scott Rudin Productions, IAC Films, Elara Pictures",United States of America,English,2019.0,both,right_only
,,,,,,,,,,,,,,,,,,,2024.0,179.0,undercover,11306097.0,,,11306097.0,1.0,661605.0,4.766,77.0,Released,2022-02-09,1610009.0,123.0,False,0.0,fr,6.503,"Crime, Drama","ARTE France Cinéma, Les Films Velvet",France,"French, Spanish",2022.0,both,right_only
,,,,,,,,,,,,,,,,,,,2024.0,179.0,undercover,11306097.0,,,11306097.0,1.0,101718.0,5.3,3.0,Released,1987-12-04,0.0,94.0,False,0.0,en,1.634,"Action, Crime, Drama","Cannon Group, Golan-Globus Productions",United States of America,English,1987.0,both,right_only
44.0,"Dec 31, 2023","Sep 28, 2023",2023.0,underthelight,,Action,Original Screenplay,Live Action,Contemporary Fiction,0.0,0.0,0.0,0.0,0.0,0.0,0.0,190036119.0,190036119.0,2023.0,42.0,underthelight,189404720.0,,,189404720.0,1.0,661579.0,7.0,1.0,Released,2023-09-28,0.0,120.0,False,0.0,zh,71.256,"Drama, Action, Crime",,China,Mandarin,2023.0,both,both
47.0,"Jan 10, 2020","Nov 29, 2019",2020.0,underwater,20th Century Fox,Thriller/Suspense,Original Screenplay,Live Action,Science Fiction,65000000.0,2791.0,2791.0,8376.0,7008297.0,17291078.0,21303064.0,21886417.0,39177495.0,2020.0,40.0,underwater,40882928.0,17291078.0,0.423,23591850.0,0.58,443791.0,6.298,2813.0,Released,2020-01-08,40882928.0,95.0,False,50000000.0,en,20.152,"Horror, Science Fiction, Action, Adventure","Chernin Entertainment, 20th Century Fox, TSG Entertainment",United States of America,English,2020.0,both,both
47.0,"Jan 10, 2020","Nov 29, 2019",2020.0,underwater,20th Century Fox,Thriller/Suspense,Original Screenplay,Live Action,Science Fiction,65000000.0,2791.0,2791.0,8376.0,7008297.0,17291078.0,21303064.0,21886417.0,39177495.0,2020.0,40.0,underwater,40882928.0,17291078.0,0.423,23591850.0,0.58,1570761.0,0.0,0.0,Released,2024-11-20,0.0,0.0,False,0.0,zh,0.0,Animation,,Taiwan,,2024.0,both,both
90.0,"Jan 6, 2017","Nov 25, 2016",2017.0,underworldbloodwars,Sony Pictures,Action,Original Screenplay,Live Action,Fantasy,35000000.0,3070.0,3070.0,8510.0,13688751.0,30353973.0,38272395.0,50855249.0,81209222.0,2016.0,94.0,underworldbloodwars,81093313.0,30353973.0,0.374,50739340.0,0.63,346672.0,5.837,3413.0,Released,2016-11-24,81093313.0,91.0,False,35000000.0,en,37.242,"Fantasy, Action, Thriller, Horror","Lakeshore Entertainment, Screen Gems, Sketch Films",United States of America,English,2016.0,both,both
,,,,,,,,,,,,,,,,,,,2015.0,112.0,unfriended,62882090.0,32482090.0,0.517,30400000.0,0.48,277685.0,5.53,3169.0,Released,2014-10-22,62882090.0,82.0,False,1000000.0,en,13.556,"Horror, Mystery, Thriller","Blumhouse Productions, Bazelevs Entertainment",United States of America,English,2014.0,both,right_only
49.0,"Aug 14, 2020","Jul 16, 2020",2020.0,unhinged,,Thriller/Suspense,Original Screenplay,Live Action,Contemporary Fiction,33000000.0,299.0,2402.0,20690.0,601032.0,20831465.0,25664912.0,16507639.0,37339104.0,2020.0,35.0,unhinged,44331465.0,20831465.0,0.47,23500000.0,0.53,625568.0,6.467,2015.0,Released,2020-07-16,39238300.0,90.0,False,33000000.0,en,48.514,"Action, Thriller","Solstice Productions, Burek Films, Ingenious Media, Altitude Film Entertainment","United States of America, United Kingdom",English,2020.0,both,both
49.0,"Aug 14, 2020","Jul 16, 2020",2020.0,unhinged,,Thriller/Suspense,Original Screenplay,Live Action,Contemporary Fiction,33000000.0,299.0,2402.0,20690.0,601032.0,20831465.0,25664912.0,16507639.0,37339104.0,2020.0,35.0,unhinged,44331465.0,20831465.0,0.47,23500000.0,0.53,1296596.0,0.0,0.0,Released,2023-08-25,0.0,18.0,False,200.0,en,0.72,"Romance, Comedy",Northern Mayo,,,2023.0,both,both
,,,,,,,,,,,,,,,,,,,2019.0,189.0,unplanned,21585326.0,19005109.0,0.88,2580217.0,0.12,576071.0,7.14,193.0,Released,2019-03-21,0.0,109.0,False,6000000.0,en,10.415,Drama,,United States of America,English,2019.0,both,right_only
,,,,,,,,,,,,,,,,,,,2024.0,126.0,unsunghero,21198544.0,20335239.0,0.959,863305.0,0.04,1115009.0,0.0,0.0,Post Production,2024-04-26,0.0,0.0,False,0.0,en,2.962,Drama,"for KING & COUNTRY, WTA Media, Curb Records, Radiate Films, Kingdom Story Company","Australia, United States of America",English,2024.0,both,right_only
84.0,"Apr 25, 2025","Apr 23, 2025",2025.0,untildawn,Sony Pictures,Horror,Based on Game,Live Action,Contemporary Fiction,15000000.0,3055.0,3055.0,10518.0,8003402.0,20174192.0,20172192.0,30000000.0,50174192.0,2025.0,70.0,untildawn,54105064.0,20172192.0,0.373,33932872.0,0.627,,,,,,,,,,,,,,,,,left_only,both
,,,,,,,,,,,,,,,,,,,2021.0,134.0,uponthemagicroads,15990882.0,,,15990882.0,1.0,576784.0,6.703,170.0,Released,2021-02-18,0.0,100.0,False,8020000.0,ru,20.425,"Adventure, Fantasy","CTB Film Company, CGF Company, Russia-1, Cinema Fund",Russia,Italian,2021.0,both,right_only
83.0,"Dec 31, 2024","Aug 9, 2024",2024.0,upstream,,Drama,Original Screenplay,Live Action,Contemporary Fiction,0.0,0.0,0.0,0.0,0.0,0.0,0.0,49528223.0,49528223.0,,,upstream,,,,,,1313628.0,0.0,0.0,Released,2023-11-09,0.0,8.0,False,0.0,en,0.6,,,,,2023.0,right_only,both
,,,,,,,,,,,,,,,,,,,2019.0,137.0,urithesurgicalstrike,39346577.0,4186168.0,0.106,35160409.0,0.89,554600.0,7.121,177.0,Released,2019-01-11,0.0,138.0,False,0.0,hi,8.682,"Action, Drama, War",RSVP Movies,India,Hindi,2019.0,both,right_only
31.0,"Mar 22, 2019","Mar 20, 2019",2019.0,us,Universal,Horror,Original Screenplay,Live Action,Contemporary Fiction,4500000.0,3741.0,3743.0,18595.0,71117625.0,175084580.0,216179758.0,80536419.0,255620999.0,2019.0,32.0,us,256022707.0,175084580.0,0.684,80938127.0,0.32,458723.0,6.97,6776.0,Released,2019-03-14,256067149.0,116.0,False,20000000.0,en,25.853,"Horror, Thriller, Mystery","Monkeypaw Productions, Universal Pictures, QC Entertainment, Blumhouse Productions",United States of America,English,2019.0,both,both
31.0,"Mar 22, 2019","Mar 20, 2019",2019.0,us,Universal,Horror,Original Screenplay,Live Action,Contemporary Fiction,4500000.0,3741.0,3743.0,18595.0,71117625.0,175084580.0,216179758.0,80536419.0,255620999.0,2019.0,32.0,us,256022707.0,175084580.0,0.684,80938127.0,0.32,1633212.0,8.0,1.0,Released,2025-08-31,0.0,9.0,False,0.0,mn,0.2071,Drama,,,Mongolian,2025.0,both,both
,,,,,,,,,,,,,,,,,,,2018.0,43.0,usandthem,209221380.0,,,209221380.0,1.0,508747.0,7.6,120.0,Released,2018-04-28,209221331.0,120.0,False,0.0,zh,11.772,"Drama, Romance",Tianjin Maoyan Weying Media,China,Mandarin,2018.0,both,right_only
69.0,"Jul 29, 2015","Jul 29, 2015",2015.0,vacation,Warner Bros.,Comedy,Original Screenplay,Live Action,Contemporary Fiction,31000000.0,3411.0,3430.0,16851.0,14681108.0,58884188.0,79001210.0,46000000.0,104884188.0,2015.0,69.0,vacation,107228221.0,58884188.0,0.5489999999999999,48344033.0,0.45,296099.0,6.298,3472.0,Released,2015-07-28,104384188.0,99.0,False,31000000.0,en,27.505,Comedy,"New Line Cinema, BenderSpink, David Dobkin Productions",United States of America,English,2015.0,both,both
69.0,"Jul 29, 2015","Jul 29, 2015",2015.0,vacation,Warner Bros.,Comedy,Original Screenplay,Live Action,Contemporary Fiction,31000000.0,3411.0,3430.0,16851.0,14681108.0,58884188.0,79001210.0,46000000.0,104884188.0,2015.0,69.0,vacation,107228221.0,58884188.0,0.5489999999999999,48344033.0,0.45,112963.0,4.1,4.0,Released,2010-06-20,0.0,91.0,False,0.0,en,1.383,"Comedy, Crime",,United States of America,English,2010.0,both,both
,,,,,,,,,,,,,,,,,,,2022.0,163.0,vaillante,10143170.0,,,10143170.0,1.0,926007.0,0.0,0.0,Released,2021-01-01,0.0,127.0,False,0.0,fr,0.647,Drama,Rooftop Films,South Africa,French,2021.0,both,right_only
,,,,,,,,,,,,,,,,,,,2021.0,149.0,vakeelsaab,13056490.0,,,13056490.0,1.0,673732.0,5.958,12.0,Released,2021-04-09,0.0,155.0,False,2000000.0,te,4.064,"Action, Drama, Thriller, Crime","Sri Venkateswara Creations, Bayview Projects",India,Telugu,2021.0,both,right_only
,,,,,,,,,,,,,,,,,,,2017.0,44.0,valerianandthecityofathousandplanets,225874228.0,41189488.0,0.182,184684740.0,0.82,339964.0,6.625,6987.0,Released,2017-07-20,225973340.0,136.0,False,177200000.0,en,36.195,"Adventure, Science Fiction, Action","Belga Films, River Road Entertainment, Grive Productions, EuropaCorp, UFA, Fundamental Films, Gulf Film, Novo Pictures, TF1 Films Production, Orange Studio, BNP Paribas Fortis","Belgium, Canada, China, France, Germany, United Arab Emirates, United States of America","French, English",2017.0,both,right_only
,,,,,,,,,,,,,,,,,,,2022.0,144.0,valimai,13276393.0,,,13276393.0,1.0,640484.0,5.643,21.0,Released,2022-02-24,0.0,179.0,False,0.0,ta,3.441,"Action, Crime, Thriller","Bayview Projects, Zee Studios",India,Tamil,2022.0,both,right_only
,,,,,,,,,,,,,,,,,,,2020.0,28.0,vanguard,50866901.0,793525.0,0.016,50073376.0,0.98,604822.0,6.31,458.0,Released,2020-09-30,50866901.0,107.0,False,0.0,zh,25.56,"Action, Adventure, Crime","China Film (Shanghai) International Media Co., China Film Group Corporation, Epitome Capital, Shanghai Lix Entertainment, Shanghai Tencent Pictures Culture Media, Shenzhen Media Film & Television, Tencent Pictures, One Cool Film Production, India Film Services, Huayu International Entertainment, Alkatraz Productions, JP Media Limited, Dexter Studios",China,"Mandarin, Hindi, English",2020.0,both,right_only
7.0,"Oct 5, 2018","Oct 2, 2018",2018.0,venom,Sony Pictures,Action,Spin-Off,Animation/Live Action,Super Hero,116000000.0,4250.0,4250.0,24722.0,80255756.0,213511408.0,265071543.0,642569645.0,856081053.0,2018.0,7.0,venom,856085151.0,213515506.0,0.249,642569645.0,0.75,335983.0,6.826,14724.0,Released,2018-09-28,856085151.0,112.0,False,116000000.0,en,48.649,"Science Fiction, Action","Matt Tolmach Productions, Pascal Pictures, Marvel Entertainment, Tencent Pictures, Arad Productions","China, United States of America","Mandarin, English, Malay",2018.0,both,both
6.0,"Oct 1, 2021","Sep 30, 2021",2021.0,venomlettherebecarnage,Sony Pictures,Action,Spin-Off,Animation/Live Action,Super Hero,110000000.0,4225.0,4225.0,33227.0,90033210.0,213550366.0,237452375.0,287996556.0,501546922.0,2021.0,7.0,venomlettherebecarnage,506813864.0,213550366.0,0.421,293263498.0,0.58,580489.0,6.833,9182.0,Released,2021-09-30,506863592.0,97.0,False,110000000.0,en,89.985,"Science Fiction, Action, Adventure","Marvel Entertainment, Columbia Pictures, Pascal Pictures, Matt Tolmach Productions, Arad Productions",United States of America,"Spanish, English",2021.0,both,both
11.0,"Oct 25, 2024","Oct 23, 2024",2024.0,venomthelastdance,Sony Pictures,Action,Spin-Off,Animation/Live Action,Super Hero,110000000.0,4131.0,4131.0,21228.0,51012404.0,139755882.0,139755882.0,334737054.0,474492936.0,2024.0,11.0,venomthelastdance,478937618.0,139755882.0,0.292,339181736.0,0.71,,,,,,,,,,,,,,,,,left_only,both
80.0,"Aug 14, 2015","Aug 5, 2015",2015.0,veteran,CJ Entertainment,Action,Original Screenplay,Live Action,Contemporary Fiction,0.0,0.0,46.0,134.0,0.0,1155652.0,1550465.0,89342778.0,90498430.0,2015.0,82.0,veteran,94393020.0,1200627.0,0.013,93192393.0,0.99,346646.0,6.935,170.0,Released,2015-08-05,87970000.0,119.0,False,7528230.0,ko,11.145,"Action, Comedy, Crime","Filmmaker R&K, Froniter Works Comic, Stone Comics Entertainment, CJ Entertainment, filmK",South Korea,"Russian, English, Korean",2015.0,both,both
,,,,,,,,,,,,,,,,,,,2018.0,95.0,vice,76073488.0,47836282.0,0.629,28237206.0,0.37,429197.0,7.051,3086.0,Released,2018-12-25,76073488.0,132.0,False,60000000.0,en,10.687,"Comedy, Drama","Plan B Entertainment, Gary Sanchez Productions, Annapurna Pictures",United States of America,English,2018.0,both,right_only
,,,,,,,,,,,,,,,,,,,2018.0,95.0,vice,76073488.0,47836282.0,0.629,28237206.0,0.37,1250973.0,0.0,0.0,Released,1991-02-27,0.0,81.0,True,0.0,en,0.0,,Arrow Productions,,,1991.0,both,right_only
,,,,,,,,,,,,,,,,,,,2015.0,174.0,victorfrankenstein,34227298.0,5775076.0,0.1689999999999999,28452222.0,0.83,228066.0,5.9,1986.0,Released,2015-11-10,34227298.0,109.0,False,40000000.0,en,22.394,"Drama, Science Fiction, Thriller","Davis Entertainment, Moving Picture Company, TSG Entertainment, 20th Century Fox","United Kingdom, United States of America",English,2015.0,both,right_only
,,,,,,,,,,,,,,,,,,,2017.0,92.0,victoriaabdul,66558465.0,22245070.0,0.3339999999999999,44313395.0,0.67,423899.0,6.929,1093.0,Released,2017-09-13,65421267.0,112.0,False,0.0,en,19.175,"Drama, History","Working Title Films, BBC Film, Perfect World Pictures, Cross Street Films","China, United Kingdom","English, Urdu, Hindi",2017.0,both,right_only
,,,,,,,,,,,,,,,,,,,2016.0,170.0,viking,29161298.0,,,29161298.0,1.0,369698.0,4.9,144.0,Released,2016-12-29,29161298.0,133.0,False,0.0,ru,11.857,"History, Action, Drama","Direktsiya Kino, Studio Trite",Russia,Russian,2016.0,both,right_only
,,,,,,,,,,,,,,,,,,,2022.0,82.0,vikram,29837637.0,1770000.0,0.059,28067637.0,0.94,743563.0,7.625,80.0,Released,2022-06-02,54172014.0,174.0,False,15354648.0,ta,8.379,"Action, Adventure, Crime, Thriller",Raajkamal Films International,India,"Malayalam, Tamil",2022.0,both,right_only
,,,,,,,,,,,,,,,,,,,2022.0,180.0,vikramvedha,8234166.0,1589362.0,0.193,6644804.0,0.81,432139.0,7.391,156.0,Released,2017-07-21,0.0,147.0,False,0.0,ta,11.403,"Action, Thriller, Crime",Y NOT Studios,India,Tamil,2017.0,both,right_only
55.0,"Dec 2, 2022","Nov 30, 2022",2022.0,violentnight,Universal,Comedy,Original Screenplay,Live Action,Contemporary Fiction,20000000.0,3682.0,3723.0,19007.0,13450240.0,50057405.0,53633377.0,26542572.0,76599977.0,2022.0,52.0,violentnight,76004405.0,50057405.0,0.659,25947000.0,0.34,899112.0,7.479,1595.0,Released,2022-11-30,75734910.0,112.0,False,20000000.0,en,60.01,"Action, Comedy, Crime, Thriller","87North Productions, Universal Pictures",United States of America,English,2022.0,both,both
,,,,,,,,,,,,,,,,,,,2020.0,66.0,violetevergardenthemovie,20302668.0,,,20302668.0,1.0,533514.0,8.343,345.0,Released,2020-09-18,20339624.0,140.0,False,0.0,ja,23.115,"Animation, Fantasy, Romance, Drama","Kyoto Animation, ABC Animation, Pony Canyon, Rakuonsha, Bandai Namco Arts, Lantis, Heart Company, Miracle Bus",Japan,Japanese,2020.0,both,right_only
,,,,,,,,,,,,,,,,,,,2019.0,98.0,war,67179155.0,4654000.0,0.069,62525155.0,0.93,10431.0,6.286,1573.0,Released,2007-08-24,40452643.0,103.0,False,25000000.0,en,27.056,"Action, Thriller","Lionsgate, Mosaic Media Group, Fierce Entertainment, Current Entertainment, Rogue Films","United States of America, Canada","Cantonese, Mandarin, Japanese, English",2007.0,both,right_only
,,,,,,,,,,,,,,,,,,,2019.0,98.0,war,67179155.0,4654000.0,0.069,62525155.0,0.93,102221.0,1.0,1.0,Released,2005-11-01,0.0,0.0,False,0.0,en,0.6,Documentary,Poor Boyz Productions,,,2005.0,both,right_only
,,,,,,,,,,,,,,,,,,,2019.0,98.0,war,67179155.0,4654000.0,0.069,62525155.0,0.93,1377716.0,10.0,1.0,Released,2023-11-03,0.0,0.0,False,0.0,hu,0.734,"Thriller, War, Drama, Animation, Mystery",,Hungary,English,2023.0,both,right_only
,,,,,,,,,,,,,,,,,,,2019.0,98.0,war,67179155.0,4654000.0,0.069,62525155.0,0.93,1444152.0,0.0,0.0,In Production,2029-01-11,0.0,0.0,False,0.0,fr,0.6,Horror,,,,2029.0,both,right_only
18.0,"Jun 10, 2016","May 25, 2016",2016.0,warcraft,Universal,Action,Based on Game,Live Action,Fantasy,160000000.0,3400.0,3406.0,9650.0,24166110.0,47365290.0,61930800.0,391534534.0,438899824.0,2016.0,18.0,warcraft,439048914.0,47365290.0,0.108,391683624.0,0.89,68735.0,6.364,6340.0,Released,2016-05-25,433677183.0,123.0,False,160000000.0,en,37.312,"Action, Adventure, Fantasy","Legendary Pictures, Universal Pictures, Atlas Entertainment, Blizzard Entertainment, Tencent Pictures, Fuji Television Network, dentsu, Huayi Brothers Pictures, Taihe Entertainment","China, Japan, Canada, United States of America",English,2016.0,both,both
93.0,"Aug 19, 2016","Aug 19, 2016",2016.0,wardogs,Warner Bros.,Black Comedy,Based on Factual Book/Article,Live Action,Dramatization,50000000.0,3258.0,3258.0,12928.0,14685305.0,43034523.0,56268257.0,43400000.0,86434523.0,2016.0,89.0,wardogs,86434523.0,43034523.0,0.498,43400000.0,0.5,308266.0,6.901,4498.0,Released,2016-08-18,86234523.0,114.0,False,40000000.0,en,35.508,"Comedy, Crime, Drama","The Mark Gordon Company, Green Hat Films, Joint Effort, Warner Bros. Pictures",United States of America,"Albanian, English, Arabic, Romanian",2016.0,both,both
20.0,"Jul 14, 2017","Jul 14, 2017",2017.0,warfortheplanetoftheapes,20th Century Fox,Action,Original Screenplay,Animation/Live Action,Science Fiction,152000000.0,4022.0,4100.0,22157.0,56262929.0,146880162.0,185196726.0,342712105.0,489592267.0,2017.0,20.0,warfortheplanetoftheapes,490719763.0,146880162.0,0.299,343839601.0,0.7,281338.0,7.16,8030.0,Released,2017-07-11,490719763.0,140.0,False,150000000.0,en,41.094,"Drama, Science Fiction, War","20th Century Fox, TSG Entertainment, Chernin Entertainment","Canada, United States of America, New Zealand",English,2017.0,both,both
19.0,"Dec 31, 2020","Dec 27, 2020",2020.0,warmhug,,Romantic Comedy,Original Screenplay,Live Action,Contemporary Fiction,0.0,0.0,0.0,0.0,0.0,0.0,0.0,132213520.0,132213520.0,2020.0,17.0,warmhug,129240236.0,,,129240236.0,1.0,743413.0,4.5,8.0,Released,2020-12-31,0.0,112.0,False,0.0,zh,2.695,Comedy,,China,Mandarin,2020.0,both,both
,,,,,,,,,,,,,,,,,,,2022.0,160.0,warriorsoffuture,10490328.0,,,10490328.0,1.0,518896.0,7.209,335.0,Released,2022-08-05,100730000.0,101.0,False,0.0,zh,34.245,"Drama, Action, Science Fiction","One Cool Film Production, Media Asia Films, World Universal Culture Limited, iQIYI Pictures, Tianjin Maoyan Media, CMC Pictures, Shenzhen Film Studio","China, Hong Kong",Cantonese,2022.0,both,right_only
95.0,"Aug 28, 2015","Aug 27, 2015",2015.0,warroom,Sony Pictures,Drama,Original Screenplay,Live Action,Contemporary Fiction,3000000.0,1135.0,1945.0,13751.0,11351389.0,67790117.0,89390621.0,6199617.0,73989734.0,2015.0,99.0,warroom,73267874.0,67790117.0,0.925,5477757.0,0.08,323272.0,7.782,424.0,Released,2015-08-28,67790117.0,120.0,False,3000000.0,en,23.185,"Drama, Romance","FaithStep Films, Affirm Films, Provident Films, Red Sky Studios, TriStar Pictures",United States of America,"English, Italian",2015.0,both,both
95.0,"Aug 28, 2015","Aug 27, 2015",2015.0,warroom,Sony Pictures,Drama,Original Screenplay,Live Action,Contemporary Fiction,3000000.0,1135.0,1945.0,13751.0,11351389.0,67790117.0,89390621.0,6199617.0,73989734.0,2015.0,99.0,warroom,73267874.0,67790117.0,0.925,5477757.0,0.08,802676.0,0.0,0.0,Released,2018-10-19,0.0,15.0,False,0.0,he,0.6,,,,,2018.0,both,both
23.0,"Aug 8, 2025","Aug 6, 2025",2025.0,weapons,Warner Bros.,Horror,Original Screenplay,Live Action,Contemporary Fiction,38000000.0,3202.0,3631.0,21564.0,43501217.0,151572492.0,151572492.0,118400000.0,269972492.0,2025.0,23.0,weapons,269972492.0,151572492.0,0.561,118400000.0,0.439,15380.0,5.357,14.0,Released,2007-01-19,0.0,82.0,False,0.0,en,2.872,"Crime, Drama","Pantry Films, After Dark Films",United States of America,English,2007.0,both,both
14.0,"Jan 15, 2020","Jul 19, 2019",2020.0,weatheringwithyou,GKIDS,Drama,Original Screenplay,Digital Animation,Science Fiction,0.0,486.0,1020.0,1994.0,1808533.0,8056636.0,9895051.0,188563956.0,196620592.0,2019.0,45.0,weatheringwithyou,192729404.0,8056636.0,0.042,184672768.0,0.96,568160.0,8.0,1964.0,Released,2019-06-19,186965409.0,112.0,False,0.0,ja,26.82,"Animation, Drama, Fantasy, Romance","CoMix Wave Films, Story, TOHO, KADOKAWA, voque ting, East Japan Marketing & Communications, Lawson Entertainment, Sound Team・Don Juan, ""Weathering With You"" Film Partners",Japan,Japanese,2019.0,both,both
72.0,"Oct 11, 2024","Oct 10, 2024",2024.0,weliveintime,A24,Drama,Original Screenplay,Live Action,Contemporary Fiction,0.0,5.0,2964.0,10288.0,232615.0,24690031.0,24690031.0,32425170.0,57115201.0,2024.0,64.0,weliveintime,58486338.0,24692924.0,0.422,33793414.0,0.58,,,,,,,,,,,,,,,,,left_only,both
,,,,,,,,,,,,,,,,,,,2021.0,85.0,wemadeabeautifulbouquet,35048735.0,,,35048735.0,1.0,695932.0,7.678,59.0,Released,2021-01-29,0.0,124.0,False,0.0,ja,6.229,"Romance, Drama","Little More, TBS, Tokyo Theatres Company",Japan,Japanese,2021.0,both,right_only
56.0,"Dec 10, 2021","Dec 8, 2021",2021.0,westsidestory,20th Century Studios,Musical,Based on Musical or Opera,Live Action,Contemporary Fiction,100000000.0,2820.0,2820.0,21620.0,10574618.0,38530322.0,42455433.0,36299047.0,74829369.0,2021.0,52.0,westsidestory,76016171.0,38530322.0,0.507,37485849.0,0.49,,,,,,,,,,,,,,,,,left_only,both
,,,,,,,,,,,,,,,,,,,2021.0,160.0,whatdidyoueatyesterday,11320893.0,,,11320893.0,1.0,824362.0,6.444,9.0,Released,2021-11-03,0.0,120.0,False,0.0,ja,2.411,Drama,"avex pictures, Kodansha, TV Tokyo, TOHO",Japan,Japanese,2021.0,both,right_only
,,,,,,,,,,,,,,,,,,,2017.0,175.0,whathappenedtomonday,27975429.0,,,27975429.0,1.0,406990.0,7.17,5687.0,Released,2017-08-18,27975429.0,123.0,False,20000000.0,en,39.927,"Science Fiction, Thriller, Drama, Mystery, Action","Nexus Factory, Vendôme Pictures, Raffaella Productions, SND, Title Media, uMedia, uFund","Belgium, Germany, France, Romania, United Kingdom",English,2017.0,both,right_only
91.0,"Feb 8, 2019","Feb 8, 2019",2019.0,whatmenwant,Paramount Pictures,Romantic Comedy,Original Screenplay,Live Action,Contemporary Fiction,20000000.0,2912.0,2912.0,12716.0,18232087.0,54611903.0,67430197.0,15300000.0,69911903.0,2019.0,93.0,whatmenwant,72216294.0,54611903.0,0.7559999999999999,17604391.0,0.24,487297.0,6.196,1312.0,Released,2019-02-08,69766483.0,117.0,False,20000000.0,en,20.88,"Comedy, Romance","Will Packer Productions, BET Films, Paramount Players",United States of America,English,2019.0,both,both
,,,,,,,,,,,,,,,,,,,2023.0,185.0,whatslovegottodowithit,11065050.0,,,11065050.0,1.0,15765.0,7.064,282.0,Released,1993-06-09,39100000.0,118.0,False,15000000.0,en,12.878,"Drama, Music, History",Touchstone Pictures,United States of America,English,1993.0,both,right_only
,,,,,,,,,,,,,,,,,,,2023.0,185.0,whatslovegottodowithit,11065050.0,,,11065050.0,1.0,800301.0,6.068,117.0,Released,2023-01-26,10898395.0,109.0,False,0.0,en,15.87,"Romance, Comedy","Working Title Films, Instinct Productions, StudioCanal",United Kingdom,"English, Urdu",2023.0,both,right_only
,,,,,,,,,,,,,,,,,,,2023.0,185.0,whatslovegottodowithit,11065050.0,,,11065050.0,1.0,375347.0,6.0,2.0,Released,2013-10-22,0.0,84.0,False,0.0,en,0.918,,,India,,2013.0,both,right_only
,,,,,,,,,,,,,,,,,,,2016.0,162.0,whentheboughbreaks,30658387.0,29747603.0,0.97,910784.0,0.03,335791.0,5.856,365.0,Released,2016-09-09,30658387.0,97.0,False,10000000.0,en,13.546,"Mystery, Thriller, Drama, Horror","Unique Features, Screen Gems",United States of America,English,2016.0,both,right_only
,,,,,,,,,,,,,,,,,,,2016.0,162.0,whentheboughbreaks,30658387.0,29747603.0,0.97,910784.0,0.03,218610.0,6.3,3.0,Released,1986-10-12,0.0,100.0,False,0.0,en,1.378,"Crime, Thriller",,,,1986.0,both,right_only
37.0,"Jul 15, 2022","Jul 15, 2022",2022.0,wherethecrawdadssing,Sony Pictures,Drama,Based on Fiction Book/Short Story,Live Action,Contemporary Fiction,24000000.0,3650.0,3650.0,28742.0,17253227.0,90230760.0,96914519.0,54123205.0,144353965.0,2022.0,34.0,wherethecrawdadssing,144353965.0,90230760.0,0.625,54123205.0,0.38,682507.0,7.552,1322.0,Released,2022-07-14,144353965.0,126.0,False,24000000.0,en,19.642,"Drama, Mystery, Romance","3000 Pictures, Hello Sunshine, HarperCollins Publishers",United States of America,English,2022.0,both,both
,,,,,,,,,,,,,,,,,,,2016.0,185.0,whiskeytangofoxtrot,24972139.0,23083334.0,0.924,1888805.0,0.08,279641.0,6.275,872.0,Released,2016-03-04,23083334.0,112.0,False,35000000.0,en,7.653,"Comedy, Drama, War","Paramount, Broadway Video, Little Stranger",United States of America,English,2016.0,both,right_only
,,,,,,,,,,,,,,,,,,,2018.0,185.0,whiteboyrick,25957482.0,24011188.0,0.925,1946294.0,0.08,438808.0,6.3,963.0,Released,2018-09-14,26000000.0,111.0,False,29000000.0,en,14.136,"Crime, Drama","Studio 8, Protozoa Pictures, LBI Productions, Columbia Pictures",United States of America,English,2018.0,both,right_only
95.0,"Nov 15, 2019","Jan 8, 2019",2019.0,whitesnake,GKIDS,Adventure,Original Screenplay,Digital Animation,Fantasy,0.0,1.0,21.0,36.0,2791.0,34730.0,42876.0,64523878.0,64558608.0,2019.0,101.0,whitesnake,62098770.0,34730.0,0.001,62064040.0,1.0,573699.0,7.7,411.0,Released,2019-01-11,61631776.0,99.0,False,11936735.0,zh,22.89,"Romance, Animation, Fantasy","Light Chaser Animation Studios, Beijing Joy Pictures, Tianjin Maoyan Weying Media, Zhejiang Hengdian Film Production, Beijing Jinyi Jiayi Film Distribution, Beijing Dadi Century, Warner Bros. Pictures",China,Mandarin,2019.0,both,both
,,,,,,,,,,,,,,,,,,,2022.0,58.0,whitneyhoustoniwannadancewithsomebody,59806881.0,23708080.0,0.396,36098801.0,0.6,696157.0,7.04,323.0,Released,2022-12-20,41000000.0,144.0,False,50000000.0,en,15.865,"Music, History, Drama","Compelling Pictures, Black Label Media, TriStar Pictures, West Madison Entertainment, Primary Wave Entertainment, Muse of Fire",United States of America,English,2022.0,both,right_only
,,,,,,,,,,,,,,,,,,,2022.0,58.0,whitneyhoustoniwannadancewithsomebody,59806881.0,23708080.0,0.396,36098801.0,0.6,1040037.0,4.0,1.0,Released,2012-09-28,0.0,63.0,False,0.0,en,1.169,,,United States of America,,2012.0,both,right_only
74.0,"Dec 23, 2016","Dec 21, 2016",2016.0,whyhim,20th Century Fox,Comedy,Original Screenplay,Live Action,Contemporary Fiction,38000000.0,2970.0,3008.0,13323.0,11002986.0,60323786.0,77489334.0,57101370.0,117425156.0,2016.0,72.0,whyhim,118102725.0,60323786.0,0.511,57778939.0,0.49,356305.0,6.376,3874.0,Released,2016-12-22,118102725.0,111.0,False,38000000.0,en,16.914,Comedy,"21 Laps Entertainment, TSG Entertainment, 20th Century Fox, Red Hour",United States of America,English,2016.0,both,both
5.0,"Nov 22, 2024","Nov 20, 2024",2024.0,wicked,Universal,Musical,Based on Musical or Opera,Live Action,Fantasy,145000000.0,3888.0,3888.0,38478.0,112508890.0,474983975.0,474983975.0,282929370.0,757913345.0,2024.0,5.0,wicked,758790057.0,474983975.0,0.626,283806082.0,0.37,834143.0,8.012,85.0,Released,2021-05-27,0.0,114.0,False,0.0,en,6.583,"Fantasy, Romance, Drama","Tycor International Film Company, PassionFlix",United States of America,English,2021.0,both,both
5.0,"Nov 22, 2024","Nov 20, 2024",2024.0,wicked,Universal,Musical,Based on Musical or Opera,Live Action,Fantasy,145000000.0,3888.0,3888.0,38478.0,112508890.0,474983975.0,474983975.0,282929370.0,757913345.0,2024.0,5.0,wicked,758790057.0,474983975.0,0.626,283806082.0,0.37,688532.0,0.0,0.0,Released,2001-04-01,0.0,90.0,False,0.0,en,0.6,"Animation, Horror",,,,2001.0,both,both
12.0,"Nov 21, 2025","Nov 19, 2025",2025.0,wickedforgood,Universal,Musical,Based on Musical or Opera,Live Action,Fantasy,150000000.0,4115.0,4115.0,24910.0,147004640.0,342915090.0,342915090.0,184920288.0,527835378.0,2025.0,12.0,wickedforgood,525801289.0,342915090.0,0.652,182886199.0,0.348,,,,,,,,,,,,,,,,,left_only,both
,,,,,,,,,,,,,,,,,,,2024.0,109.0,wickedlittleletters,27179700.0,5008179.0,0.184,22171521.0,0.82,975773.0,0.0,0.0,Released,2023-09-09,0.0,102.0,False,0.0,en,2.234,Comedy,"StudioCanal, Blueprint Pictures, South of the River Pictures",United Kingdom,English,2023.0,both,right_only
,,,,,,,,,,,,,,,,,,,2018.0,96.0,widows,75984700.0,42402632.0,0.5579999999999999,33582068.0,0.44,401469.0,6.5,2143.0,Released,2018-11-06,73866088.0,129.0,False,42000000.0,en,19.439,"Crime, Thriller","New Regency Pictures, See-Saw Films, Film4 Productions, Lammas Park, Regency Enterprises","United States of America, United Kingdom","English, Polish, Spanish",2018.0,both,right_only
,,,,,,,,,,,,,,,,,,,2015.0,200.0,wildcity,24817852.0,34866.0,0.001,24782986.0,1.0,338421.0,5.7,28.0,Released,2015-07-25,0.0,102.0,False,0.0,cn,3.664,"Thriller, Action, Crime","Mei Ah Films Production Co. Ltd., One Cool Film Production",Hong Kong,Cantonese,2015.0,both,right_only
,,,,,,,,,,,,,,,,,,,2018.0,134.0,winchester,44019588.0,25091816.0,0.57,18927772.0,0.43,416234.0,5.901,1638.0,Released,2018-02-02,44019588.0,100.0,False,3500000.0,en,15.713,"Horror, Thriller","Imagination Design Works, Blacklab Entertainment, Lionsgate, CBS Films, Screen Australia, Screen Queensland, Film Victoria, Eclipse Pictures","Australia, United States of America",English,2018.0,both,right_only
,,,,,,,,,,,,,,,,,,,2017.0,132.0,windriver,43980821.0,33800859.0,0.769,10179962.0,0.23,395834.0,7.428,4747.0,Released,2017-08-03,44998252.0,107.0,False,11000000.0,en,22.336,"Crime, Drama, Mystery, Thriller","Savvy Media Holdings, Thunder Road, Film 44, Acacia Filmed Entertainment, Riverstone Pictures, Voltage Pictures, Synergics Films, Star Thrower Entertainment, Tunica-Biloxi Tribe of Louisiana, The Fyzz, Wild Bunch","France, United Kingdom, United States of America",English,2017.0,both,right_only
36.0,"Nov 22, 2023","Nov 22, 2023",2023.0,wish,Walt Disney,Adventure,Original Screenplay,Digital Animation,Kids Fiction,200000000.0,3900.0,3900.0,19450.0,19698228.0,63973821.0,66023669.0,173981076.0,237954897.0,2023.0,31.0,wish,254997360.0,63973821.0,0.251,191023539.0,0.75,249277.0,6.6,7.0,Released,2009-11-26,0.0,108.0,False,0.0,ko,1.275,Drama,Sidus,South Korea,Korean,2009.0,both,both
36.0,"Nov 22, 2023","Nov 22, 2023",2023.0,wish,Walt Disney,Adventure,Original Screenplay,Digital Animation,Kids Fiction,200000000.0,3900.0,3900.0,19450.0,19698228.0,63973821.0,66023669.0,173981076.0,237954897.0,2023.0,31.0,wish,254997360.0,63973821.0,0.251,191023539.0,0.75,1257708.0,0.0,0.0,Released,2023-11-26,0.0,3.0,False,0.0,ko,1.183,Animation,,South Korea,,2023.0,both,both
36.0,"Nov 22, 2023","Nov 22, 2023",2023.0,wish,Walt Disney,Adventure,Original Screenplay,Digital Animation,Kids Fiction,200000000.0,3900.0,3900.0,19450.0,19698228.0,63973821.0,66023669.0,173981076.0,237954897.0,2023.0,31.0,wish,254997360.0,63973821.0,0.251,191023539.0,0.75,735784.0,0.0,0.0,Released,2016-12-06,0.0,0.0,False,0.0,en,0.658,,,,,2016.0,both,both
,,,,,,,,,,,,,,,,,,,2021.0,115.0,wishdragon,21120000.0,,,21120000.0,1.0,550205.0,7.957,1160.0,Released,2021-01-15,25860000.0,99.0,False,0.0,en,36.98,"Animation, Family, Comedy, Fantasy","Sony Pictures Animation, Tencent Pictures, Base FX, Beijing Sparkle Roll Media Corporation, Flagship Entertainment Group, Columbia Pictures","China, United States of America","Mandarin, English",2021.0,both,right_only
,,,,,,,,,,,,,,,,,,,2017.0,194.0,wishupon,23468586.0,14301505.0,0.609,9167081.0,0.39,440597.0,5.595,1215.0,Released,2017-07-07,14301505.0,90.0,False,12000000.0,en,14.034,"Horror, Thriller, Fantasy","Orion Pictures, Broad Green Pictures, Busted Shark Productions","Canada, United States of America",English,2017.0,both,right_only
,,,,,,,,,,,,,,,,,,,2025.0,95.0,wolfman,34151974.0,20707280.0,0.606,13444694.0,0.3939999999999999,982755.0,0.0,0.0,Released,2002-01-01,0.0,128.0,False,0.0,ar,0.6,,,,Arabic,2002.0,both,right_only
,,,,,,,,,,,,,,,,,,,2015.0,60.0,wolftotem,125837070.0,210591.0,0.002,125626479.0,1.0,309302.0,6.511,356.0,Released,2015-02-19,123205624.0,116.0,False,38000000.0,zh,7.124,"Adventure, Drama","Edko Films, Loull Productions",China,"Mandarin, Mongolian",2015.0,both,right_only
88.0,"Sep 1, 2015","Feb 18, 2015",2015.0,wolfwarrior,,Action,Original Screenplay,Live Action,Contemporary Fiction,0.0,0.0,0.0,0.0,0.0,0.0,0.0,81461069.0,81461069.0,2015.0,92.0,wolfwarrior,81411331.0,,,81411331.0,1.0,335462.0,6.2,194.0,Released,2015-04-02,80000000.0,90.0,False,12000000.0,zh,13.063,"Action, War","Nanking Military Area Command Of The TV Art Centre, Beijing Dengfeng International Culture, Chunqiu Time Co.",China,Mandarin,2015.0,both,both
,,,,,,,,,,,,,,,,,,,2017.0,7.0,wolfwarrior2,870325439.0,2721100.0,0.003,867604339.0,1.0,452557.0,6.574,236.0,Released,2017-07-27,870322670.0,124.0,False,29700000.0,zh,11.611,"War, Action, Drama","Spring Era Film Company, Beijing Dongfang International Cultural Communications Company, Beijing Century Media Culture, Chao Feng Pictures, Orange Image",China,Mandarin,2017.0,both,right_only
,,,,,,,,,,,,,,,,,,,2015.0,115.0,womaningold,61619773.0,33307793.0,0.541,28311980.0,0.46,304357.0,7.318,1294.0,Released,2015-03-20,61619773.0,109.0,False,11000000.0,en,13.66,Drama,"Origin Pictures, BBC Film",United Kingdom,"English, German",2015.0,both,right_only
,,,,,,,,,,,,,,,,,,,2022.0,173.0,womentalking,9276103.0,5456531.0,0.588,3819572.0,0.41,777245.0,6.9,401.0,Released,2022-12-23,7589419.0,104.0,False,0.0,en,21.138,Drama,"Plan B Entertainment, Hear/Say Productions, Orion Pictures",United States of America,English,2022.0,both,right_only
33.0,"Nov 17, 2017","Oct 17, 2017",2017.0,wonder,Lionsgate,Drama,Based on Factual Book/Article,Live Action,Dramatization,20000000.0,3096.0,3519.0,22931.0,27547866.0,132422809.0,166757388.0,177756811.0,310179620.0,2017.0,32.0,wonder,305937718.0,132422809.0,0.433,173514909.0,0.57,406997.0,8.155,7421.0,Released,2017-11-13,305937718.0,113.0,False,20000000.0,en,40.233,"Drama, Family","Lionsgate, Participant, Walden Media, Mandeville Films",United States of America,English,2017.0,both,both
33.0,"Nov 17, 2017","Oct 17, 2017",2017.0,wonder,Lionsgate,Drama,Based on Factual Book/Article,Live Action,Dramatization,20000000.0,3096.0,3519.0,22931.0,27547866.0,132422809.0,166757388.0,177756811.0,310179620.0,2017.0,32.0,wonder,305937718.0,132422809.0,0.433,173514909.0,0.57,1569370.0,0.0,0.0,Released,2016-01-01,0.0,0.0,False,0.0,nl,0.0071,Documentary,,,,2016.0,both,both
69.0,"Mar 15, 2019","Mar 15, 2019",2019.0,wonderpark,Paramount Pictures,Adventure,Original Screenplay,Digital Animation,Kids Fiction,100000000.0,3838.0,3838.0,15582.0,15853646.0,45216793.0,55829904.0,69886532.0,115103325.0,2019.0,68.0,wonderpark,119559110.0,45216793.0,0.3779999999999999,74342317.0,0.62,400157.0,6.48,643.0,Released,2019-03-13,119559110.0,86.0,False,100000000.0,en,18.736,"Comedy, Animation, Adventure, Family, Fantasy","Nickelodeon Movies, Paramount Animation, Ilion Animation Studios, Paramount","Spain, United States of America",English,2019.0,both,both
9.0,"Jun 2, 2017","May 29, 2017",2017.0,wonderwoman,Warner Bros.,Action,Based on Comic/Graphic Novel,Live Action,Super Hero,150000000.0,4165.0,4165.0,38939.0,103251471.0,412563408.0,520188645.0,410400000.0,822963408.0,2017.0,10.0,wonderwoman,822963408.0,412563408.0,0.501,410400000.0,0.5,297762.0,7.236,18954.0,Released,2017-05-30,822854286.0,141.0,False,149000000.0,en,54.628,"Action, Adventure, Fantasy","Atlas Entertainment, Cruel & Unusual Films, DC Films",United States of America,"German, English",2017.0,both,both
15.0,"Dec 25, 2020","Dec 16, 2020",2020.0,wonderwoman1984,Warner Bros.,Action,Based on Comic/Graphic Novel,Live Action,Super Hero,200000000.0,2151.0,2218.0,29470.0,16701957.0,46801036.0,54806722.0,122800000.0,169601036.0,2020.0,13.0,wonderwoman1984,169601036.0,46801036.0,0.276,122800000.0,0.72,464052.0,6.478,7835.0,Released,2020-12-16,169601036.0,151.0,False,200000000.0,en,48.128,"Action, Adventure, Fantasy","Warner Bros. Pictures, The Stone Quarry, DC Films, Atlas Entertainment",United States of America,English,2020.0,both,both
7.0,"Dec 15, 2023","Dec 6, 2023",2023.0,wonka,Warner Bros.,Musical,Based on Fiction Book/Short Story,Live Action,Kids Fiction,125000000.0,4203.0,4213.0,39360.0,39005800.0,218581815.0,223084377.0,416100000.0,634681815.0,2023.0,8.0,wonka,634502312.0,218402312.0,0.344,416100000.0,0.66,787699.0,0.0,0.0,Post Production,2023-12-13,0.0,0.0,False,125000000.0,en,28.66,"Adventure, Comedy, Family, Fantasy","Warner Bros. Pictures, Heyday Films, Village Roadshow Pictures, The Roald Dahl Story Company","Australia, United Kingdom, United States of America",English,2023.0,both,both
,,,,,,,,,,,,,,,,,,,2018.0,197.0,wontyoubemyneighbor,22844741.0,22835787.0,1.0,8954.0,0.001,490003.0,8.031,497.0,Released,2018-06-29,22835787.0,95.0,False,0.0,en,22.417,Documentary,"Tremolo Productions, Impact Partners, Independent Lens, PBS",United States of America,English,2018.0,both,right_only
,,,,,,,,,,,,,,,,,,,2020.0,98.0,wotakoiloveishardforotaku,11702371.0,,,11702371.0,1.0,552687.0,6.8,48.0,Released,2020-02-07,0.0,114.0,False,0.0,ja,8.029,"Comedy, Romance","CREDEUS, Fuji Television Network, Horipro, Ichijinsha, TOHO",Japan,Japanese,2020.0,both,right_only
43.0,"May 7, 2021","Apr 22, 2021",2021.0,wrathofman,United Artists,Action,Original Screenplay,Live Action,Contemporary Fiction,40000000.0,2875.0,3007.0,15938.0,8309007.0,27466489.0,30545324.0,76446916.0,103913405.0,2021.0,43.0,wrathofman,103966489.0,27466489.0,0.264,76500000.0,0.74,637649.0,7.669,4632.0,Released,2021-04-22,103966489.0,119.0,False,40000000.0,en,56.933,"Crime, Thriller, Action","Miramax, Metro-Goldwyn-Mayer, Toff Guy Films, Flic Films UK","United Kingdom, United States of America",English,2021.0,both,both
71.0,"Mar 6, 2018","Jul 14, 2017",2018.0,wukong,,Action,Based on Folk Tale/Legend/Fairytale,Multiple Production Methods,Fantasy,0.0,0.0,0.0,0.0,0.0,0.0,0.0,103651195.0,103651195.0,,,wukong,,,,,,452910.0,7.631,141.0,Released,2017-07-13,0.0,130.0,False,0.0,zh,12.628,"Fantasy, Action, Adventure",,China,Mandarin,2017.0,right_only,both
,,,,,,,,,,,,,,,,,,,2022.0,136.0,x,14745049.0,11769469.0,0.7979999999999999,2975580.0,0.2,760104.0,6.8,2235.0,Released,2022-03-17,14779858.0,106.0,False,10000000.0,en,101.313,Horror,"A24, Little Lamb Productions",United States of America,English,2022.0,both,right_only
,,,,,,,,,,,,,,,,,,,2022.0,136.0,x,14745049.0,11769469.0,0.7979999999999999,2975580.0,0.2,373820.0,10.0,1.0,Released,2010-01-02,0.0,68.0,False,0.0,fr,0.6,,,France,,2010.0,both,right_only
,,,,,,,,,,,,,,,,,,,2022.0,136.0,x,14745049.0,11769469.0,0.7979999999999999,2975580.0,0.2,1444808.0,0.0,0.0,Released,2012-01-01,0.0,0.0,False,0.0,pt,0.6,Drama,,,,2012.0,both,right_only
,,,,,,,,,,,,,,,,,,,2022.0,136.0,x,14745049.0,11769469.0,0.7979999999999999,2975580.0,0.2,908235.0,0.0,0.0,Released,2021-04-28,0.0,7.0,False,0.0,en,0.6,Documentary,,,,2021.0,both,right_only
14.0,"May 27, 2016","May 18, 2016",2016.0,xmenapocalypse,20th Century Fox,Action,Based on Comic/Graphic Novel,Live Action,Super Hero,178000000.0,4150.0,4153.0,17561.0,65769562.0,155442489.0,203243301.0,387095057.0,542537546.0,2016.0,15.0,xmenapocalypse,543934105.0,155442489.0,0.286,388491616.0,0.71,246655.0,6.513,12215.0,Released,2016-05-18,543934787.0,144.0,False,178000000.0,en,45.544,"Action, Adventure, Science Fiction, Fantasy","The Donners' Company, Bad Hat Harry Productions, Genre Films, Hutch Parker Entertainment, 20th Century Fox",United States of America,"Arabic, English, German, Polish, Russian, Swahili",2016.0,both,both
28.0,"Jan 20, 2017","Jan 19, 2017",2017.0,xxxreturnofxandercage,Paramount Pictures,Action,Original Screenplay,Live Action,Contemporary Fiction,85000000.0,3600.0,3651.0,11733.0,20130142.0,44898413.0,56611040.0,300134946.0,345033359.0,2017.0,27.0,xxxreturnofxandercage,346118277.0,44898413.0,0.13,301219864.0,0.87,47971.0,6.138,8541.0,Released,2017-01-13,346147658.0,107.0,False,85000000.0,en,60.062,"Action, Adventure, Crime","Rox Productions, Revolution Studios, Maple Cage Productions, Huahua Media, Roth-Kirschenbaum Films, Shanghai Film Group, One Race, Paramount","Canada, China, United States of America",English,2017.0,both,both
53.0,"Jun 28, 2019","Jun 21, 2019",2019.0,yesterday,Universal,Romantic Comedy,Original Screenplay,Live Action,Contemporary Fiction,0.0,2603.0,2755.0,17224.0,17010050.0,73286650.0,90488211.0,81496674.0,154783324.0,2019.0,56.0,yesterday,154608856.0,73286650.0,0.474,81322206.0,0.53,515195.0,6.706,3623.0,Released,2019-06-26,88092097.0,116.0,False,26000000.0,en,12.82,"Comedy, Fantasy, Music, Romance",Working Title Films,United Kingdom,English,2019.0,both,both
53.0,"Jun 28, 2019","Jun 21, 2019",2019.0,yesterday,Universal,Romantic Comedy,Original Screenplay,Live Action,Contemporary Fiction,0.0,2603.0,2755.0,17224.0,17010050.0,73286650.0,90488211.0,81496674.0,154783324.0,2019.0,56.0,yesterday,154608856.0,73286650.0,0.474,81322206.0,0.53,974897.0,0.0,0.0,Released,2022-05-09,0.0,42.0,False,0.0,es,0.6,,,Colombia,,2022.0,both,both
,,,,,,,,,,,,,,,,,,,2016.0,177.0,yesterdayoncemore,27413790.0,,,27413790.0,1.0,33840.0,6.5,32.0,Released,2004-10-14,0.0,98.0,False,0.0,cn,5.614,"Comedy, Romance, Crime",Milkyway Image,Hong Kong,Cantonese,2004.0,both,right_only
14.0,"Mar 8, 2024","Feb 10, 2024",2024.0,yolo,Sony Pictures,Comedy,Original Screenplay,Live Action,Contemporary Fiction,0.0,200.0,200.0,705.0,827632.0,2001584.0,2001584.0,427863725.0,429865309.0,2024.0,14.0,yolo,433606094.0,2001584.0,0.005,431604510.0,1.0,409063.0,3.8,4.0,Released,2013-04-23,0.0,22.0,False,0.0,da,1.4,"Drama, Music",,,Danish,2013.0,both,both
,,,,,,,,,,,,,,,,,,,2015.0,121.0,youaremysunshine,56640000.0,,,56640000.0,1.0,112283.0,6.717,23.0,Released,2005-09-23,0.0,123.0,False,0.0,ko,3.425,"Romance, Drama",Bom Film Productions,South Korea,Korean,2005.0,both,right_only
,,,,,,,,,,,,,,,,,,,2020.0,127.0,youreyestell,8020474.0,,,8020474.0,1.0,730154.0,8.501,384.0,Released,2020-10-23,0.0,123.0,False,0.0,ja,13.342,"Romance, Drama","Dragonfly Entertainment, AMUSE, Lawson Entertainment, GAGA Corporation",Japan,Japanese,2020.0,both,right_only
26.0,"Apr 7, 2017","Aug 26, 2016",2017.0,yourname,FUNimation,Drama,Original Screenplay,Digital Animation,Fantasy,0.0,292.0,292.0,978.0,1637510.0,5000181.0,6304579.0,349753002.0,354753183.0,2016.0,22.0,yourname,357986087.0,5017246.0,0.0139999999999999,352968841.0,0.99,372058.0,8.514,10303.0,Released,2016-08-26,357986087.0,106.0,False,0.0,ja,68.999,"Romance, Animation, Drama","CoMix Wave Films, TOHO, KADOKAWA, East Japan Marketing & Communications, AMUSE, voque ting, Lawson Entertainment, 4Kids Entertainment",Japan,Japanese,2016.0,both,both
44.0,"Dec 15, 2017","Dec 8, 2017",2017.0,youth,China Lion Film Distribution,Drama,Original Screenplay,Live Action,Historical Fiction,0.0,30.0,35.0,140.0,338604.0,1891956.0,2379465.0,225197313.0,227089269.0,2017.0,42.0,youth,227091290.0,1891956.0,0.008,225199334.0,0.99,310593.0,6.901,1911.0,Released,2015-05-20,2000000.0,125.0,False,13360000.0,it,19.005,"Comedy, Drama","Indigo Film, Pathé, France 2 Cinéma, Number 9 Films, Medusa Film, C-Films, Barbary Films, Eurimages, Fox Searchlight Pictures, Film4 Productions","France, Italy, Switzerland, United Kingdom","German, Spanish, English",2015.0,both,both
,,,,,,,,,,,,,,,,,,,2015.0,107.0,zhongkuisnowgirlandthedarkcrystal,64325947.0,165428.0,0.003,64160519.0,1.0,299822.0,5.194,36.0,Released,2015-02-19,0.0,118.0,False,32000000.0,zh,6.386,"Action, Fantasy, Romance","Enlight Pictures, Village Roadshow Pictures Asia, Tencent Video, Wu's Entertainment Co., Desen International Media, K Pictures Co., Tianhua Xiuxing Media Co., Wanda Media Co., Warner Bros. Pictures","United States of America, China, Hong Kong",Mandarin,2015.0,both,right_only
62.0,"Oct 18, 2019","Oct 9, 2019",2019.0,zombielanddoubletap,Sony Pictures,Comedy,Original Screenplay,Live Action,Contemporary Fiction,48000000.0,3468.0,3468.0,12445.0,26803104.0,73118130.0,90279621.0,52094888.0,125213018.0,2019.0,65.0,zombielanddoubletap,122810399.0,73123082.0,0.595,49687317.0,0.41,338967.0,6.955,5187.0,Released,2019-10-09,122801777.0,99.0,False,42000000.0,en,33.951,"Comedy, Horror","Pariah, Columbia Pictures, 2.0 Entertainment",United States of America,English,2019.0,both,both
,,,,,,,,,,,,,,,,,,,2016.0,114.0,zoolander2,56722693.0,28848693.0,0.509,27874000.0,0.49,329833.0,4.888,2084.0,Released,2016-02-06,56722693.0,100.0,False,50000000.0,en,22.338,"Comedy, Adventure, Action","Scott Rudin Productions, Red Hour",United States of America,English,2016.0,both,right_only
4.0,"Mar 4, 2016","Feb 10, 2016",2016.0,zootopia,Walt Disney,Adventure,Original Screenplay,Digital Animation,Kids Fiction,150000000.0,3827.0,3959.0,38728.0,75063401.0,341268248.0,446213159.0,677206627.0,1018474875.0,2016.0,4.0,zootopia,1023784195.0,341268248.0,0.3329999999999999,682515947.0,0.67,269149.0,7.748,15230.0,Released,2016-02-11,1023784195.0,109.0,False,150000000.0,en,98.11,"Animation, Adventure, Family, Comedy","Walt Disney Animation Studios, Walt Disney Pictures",United States of America,English,2016.0,both,both
2.0,"Nov 26, 2025","Nov 26, 2025",2025.0,zootopia2,Walt Disney,Adventure,Original Screenplay,Digital Animation,Kids Fiction,150000000.0,4000.0,4000.0,39055.0,100262540.0,421357518.0,421357518.0,1412519646.0,1833877164.0,2025.0,2.0,zootopia2,1830234346.0,420634346.0,0.23,1409600000.0,0.77,,,,,,,,,,,,,,,,,left_only,both
