year,category,nominee,workers,winner,category clean,nominee_clean,id,title,vote_average,vote_count,status,release_date,revenue,runtime,adult,budget,imdb_id,original_language,original_title,popularity,genres,production_companies,production_countries,spoken_languages,release_year,title_clean,_merge
1980,Film | Actor in 1980,Jack Lemmon,The China Syndrome,True,Actor,jacklemmon,,,,,,,,,,,,,,,,,,,,,left_only
1980,Film | Actor in 1980,Woody Allen,Manhattan,False,Actor,woodyallen,,,,,,,,,,,,,,,,,,,,,left_only
1980,Film | Actor in 1980,Robert De Niro,The Deer Hunter,False,Actor,robertdeniro,,,,,,,,,,,,,,,,,,,,,left_only
1980,Film | Actor in 1980,Martin Sheen,Apocalypse Now,False,Actor,martinsheen,,,,,,,,,,,,,,,,,,,,,left_only
1980,Film | Actress in 1980,Jane Fonda,The China Syndrome,True,Actress,janefonda,,,,,,,,,,,,,,,,,,,,,left_only
1980,Film | Actress in 1980,Diane Keaton,Manhattan,False,Actress,dianekeaton,,,,,,,,,,,,,,,,,,,,,left_only
1980,Film | Actress in 1980,Maggie Smith,California Suite,False,Actress,maggiesmith,,,,,,,,,,,,,,,,,,,,,left_only
1980,Film | Actress in 1980,Meryl Streep,The Deer Hunter,False,Actress,merylstreep,,,,,,,,,,,,,,,,,,,,,left_only
1980,Film | Anthony Asquith Award for Original Film Music in 1980,Days Of Heaven,Ennio Morricone,True,Anthony Asquith Award for Original Film Music,daysofheaven,,,,,,,,,,,,,,,,,,,,,left_only
1980,Film | Anthony Asquith Award for Original Film Music in 1980,Alien,Jerry Goldsmith,False,Anthony Asquith Award for Original Film Music,alien,1118941.0,A Lien,8.0,1.0,Released,2023-05-11,0.0,15.0,False,0.0,,en,A Lien,0.6,Drama,,,,2023.0,alien,both
1980,Film | Anthony Asquith Award for Original Film Music in 1980,Apocalypse Now,"Carmine Coppola, Francis Ford Coppola",False,Anthony Asquith Award for Original Film Music,apocalypsenow,,,,,,,,,,,,,,,,,,,,,left_only
1980,Film | Anthony Asquith Award for Original Film Music in 1980,Yanks,Richard Rodney Bennett,False,Anthony Asquith Award for Original Film Music,yanks,,,,,,,,,,,,,,,,,,,,,left_only
1980,Film | Cinematography in 1980,The Deer Hunter,Vilmos Zsigmond,True,Cinematography,thedeerhunter,,,,,,,,,,,,,,,,,,,,,left_only
1980,Film | Cinematography in 1980,Apocalypse Now,Vittorio Storaro,False,Cinematography,apocalypsenow,,,,,,,,,,,,,,,,,,,,,left_only
1980,Film | Cinematography in 1980,Manhattan,Gordon Willis,False,Cinematography,manhattan,,,,,,,,,,,,,,,,,,,,,left_only
1980,Film | Cinematography in 1980,Yanks,Dick Bush,False,Cinematography,yanks,,,,,,,,,,,,,,,,,,,,,left_only
1980,Film | Costume Design in 1980,Yanks,Shirley Russell,True,Costume Design,yanks,,,,,,,,,,,,,,,,,,,,,left_only
1980,Film | Costume Design in 1980,Agatha,Shirley Russell,False,Costume Design,agatha,,,,,,,,,,,,,,,,,,,,,left_only
1980,Film | Costume Design in 1980,Alien,John Mollo,False,Costume Design,alien,1118941.0,A Lien,8.0,1.0,Released,2023-05-11,0.0,15.0,False,0.0,,en,A Lien,0.6,Drama,,,,2023.0,alien,both
1980,Film | Costume Design in 1980,The Europeans,Judy Moorcroft,False,Costume Design,theeuropeans,,,,,,,,,,,,,,,,,,,,,left_only
1980,Film | Direction in 1980,Apocalypse Now,Francis Ford Coppola,True,Direction,apocalypsenow,,,,,,,,,,,,,,,,,,,,,left_only
1980,Film | Direction in 1980,The Deer Hunter,Michael Cimino,False,Direction,thedeerhunter,,,,,,,,,,,,,,,,,,,,,left_only
1980,Film | Direction in 1980,Manhattan,Woody Allen,False,Direction,manhattan,,,,,,,,,,,,,,,,,,,,,left_only
1980,Film | Direction in 1980,Yanks,John Schlesinger,False,Direction,yanks,,,,,,,,,,,,,,,,,,,,,left_only
1980,Film | Fellowship in 1980,John Huston,,True,Fellowship,johnhuston,,,,,,,,,,,,,,,,,,,,,left_only
1980,Film | Film in 1980,Manhattan,Woody Allen,True,Film,manhattan,,,,,,,,,,,,,,,,,,,,,left_only
1980,Film | Film in 1980,Apocalypse Now,Francis Ford Coppola,False,Film,apocalypsenow,,,,,,,,,,,,,,,,,,,,,left_only
1980,Film | Film in 1980,The China Syndrome,James Bridges,False,Film,thechinasyndrome,,,,,,,,,,,,,,,,,,,,,left_only
1980,Film | Film in 1980,The Deer Hunter,Michael Cimino,False,Film,thedeerhunter,,,,,,,,,,,,,,,,,,,,,left_only
1980,Film | Film Editing in 1980,The Deer Hunter,Peter Zinner,True,Film Editing,thedeerhunter,,,,,,,,,,,,,,,,,,,,,left_only
1980,Film | Film Editing in 1980,Alien,Terry Rawlings,False,Film Editing,alien,1118941.0,A Lien,8.0,1.0,Released,2023-05-11,0.0,15.0,False,0.0,,en,A Lien,0.6,Drama,,,,2023.0,alien,both
1980,Film | Film Editing in 1980,Apocalypse Now,"Richard Marks, Walter Murch, Gerald B Greenberg, Lisa Fruchtman",False,Film Editing,apocalypsenow,,,,,,,,,,,,,,,,,,,,,left_only
1980,Film | Film Editing in 1980,Manhattan,Susan E Morse,False,Film Editing,manhattan,,,,,,,,,,,,,,,,,,,,,left_only
1980,Film | Most Promising Newcomer To Leading Film Roles in 1980,Dennis Christopher,Breaking Away,True,Most Promising Newcomer To Leading Film Roles,dennischristopher,,,,,,,,,,,,,,,,,,,,,left_only
1980,Film | Most Promising Newcomer To Leading Film Roles in 1980,Gary Busey,The Buddy Holly Story,False,Most Promising Newcomer To Leading Film Roles,garybusey,,,,,,,,,,,,,,,,,,,,,left_only
1980,Film | Most Promising Newcomer To Leading Film Roles in 1980,Sigourney Weaver,Alien,False,Most Promising Newcomer To Leading Film Roles,sigourneyweaver,635980.0,Sigourney Weaver,0.0,0.0,Released,2018-07-22,0.0,9.0,False,0.0,tt8685496,en,Sigourney Weaver,0.6,,,,,2018.0,sigourneyweaver,both
1980,Film | Most Promising Newcomer To Leading Film Roles in 1980,Ray Winstone,That Summer,False,Most Promising Newcomer To Leading Film Roles,raywinstone,,,,,,,,,,,,,,,,,,,,,left_only
1980,Film | Outstanding British Contribution To Cinema in 1980,The Children's Film Foundation,,True,Outstanding British Contribution To Cinema,thechildrensfilmfoundation,,,,,,,,,,,,,,,,,,,,,left_only
1980,Film | Production Design in 1980,Alien,Michael Seymour,True,Production Design,alien,1118941.0,A Lien,8.0,1.0,Released,2023-05-11,0.0,15.0,False,0.0,,en,A Lien,0.6,Drama,,,,2023.0,alien,both
1980,Film | Production Design in 1980,Apocalypse Now,Dean Tavoularis,False,Production Design,apocalypsenow,,,,,,,,,,,,,,,,,,,,,left_only
1980,Film | Production Design in 1980,The Europeans,Jeremiah Rusconi,False,Production Design,theeuropeans,,,,,,,,,,,,,,,,,,,,,left_only
1980,Film | Production Design in 1980,Yanks,Brian Morris,False,Production Design,yanks,,,,,,,,,,,,,,,,,,,,,left_only
1980,"Film | Robert Flaherty Award (Feature Length Film, Documentary In Content) in 1980",The Tree Of Wooden Clogs,Ermanno Olmi,True,"Robert Flaherty Award (Feature Length Film, Documentary In Content)",thetreeofwoodenclogs,,,,,,,,,,,,,,,,,,,,,left_only
1980,Film | Screenplay in 1980,Manhattan,"Woody Allen, Marshall Brickman",True,Screenplay,manhattan,,,,,,,,,,,,,,,,,,,,,left_only
1980,Film | Screenplay in 1980,The China Syndrome,"Mike Gray, TS Cook, James Bridges",False,Screenplay,thechinasyndrome,,,,,,,,,,,,,,,,,,,,,left_only
1980,Film | Screenplay in 1980,The Deer Hunter,Deric Washburn,False,Screenplay,thedeerhunter,,,,,,,,,,,,,,,,,,,,,left_only
1980,Film | Screenplay in 1980,Yanks,"Colin Welland, Walter Bernstein",False,Screenplay,yanks,,,,,,,,,,,,,,,,,,,,,left_only
1980,Film | Short Film in 1980,Butch Minds The Baby,Peter Webb,True,Short Film,butchmindsthebaby,,,,,,,,,,,,,,,,,,,,,left_only
1980,Film | Short Film in 1980,Dilemma,Clive Mitchell,False,Short Film,dilemma,1280947.0,DILEMMA,0.0,0.0,Released,2022-11-19,0.0,0.0,False,0.0,,it,DILEMMA,0.0,Comedy,The Comedy Club,,,2022.0,dilemma,both
1980,Film | Short Film in 1980,Dream Doll,Bob Godfrey,False,Short Film,dreamdoll,,,,,,,,,,,,,,,,,,,,,left_only
1980,Film | Short Film in 1980,Mr Pascal,Alison De Vere,False,Short Film,mrpascal,,,,,,,,,,,,,,,,,,,,,left_only
1980,Film | Soundtrack in 1980,Alien,"Derrick Leather, Jim Shields, Bill Rowe",True,Soundtrack,alien,1118941.0,A Lien,8.0,1.0,Released,2023-05-11,0.0,15.0,False,0.0,,en,A Lien,0.6,Drama,,,,2023.0,alien,both
1980,Film | Soundtrack in 1980,Apocalypse Now,"Nat Boxer, Richard Cirincione, Walter Murch",False,Soundtrack,apocalypsenow,,,,,,,,,,,,,,,,,,,,,left_only
1980,Film | Soundtrack in 1980,The Deer Hunter,"Darin Knight, Jim Klinger, Richard Portman",False,Soundtrack,thedeerhunter,,,,,,,,,,,,,,,,,,,,,left_only
1980,Film | Soundtrack in 1980,Manhattan,"James Sabat, Dan Sable, Jack Higgins",False,Soundtrack,manhattan,,,,,,,,,,,,,,,,,,,,,left_only
1980,Film | Supporting Actor in 1980,Robert Duvall,Apocalypse Now,True,Supporting Actor,robertduvall,,,,,,,,,,,,,,,,,,,,,left_only
1980,Film | Supporting Actor in 1980,Denholm Elliott,Saint Jack,False,Supporting Actor,denholmelliott,,,,,,,,,,,,,,,,,,,,,left_only
1980,Film | Supporting Actor in 1980,John Hurt,Alien,False,Supporting Actor,johnhurt,,,,,,,,,,,,,,,,,,,,,left_only
1980,Film | Supporting Actor in 1980,Christopher Walken,The Deer Hunter,False,Supporting Actor,christopherwalken,,,,,,,,,,,,,,,,,,,,,left_only
1980,Film | Supporting Actress in 1980,Rachel Roberts,Yanks,True,Supporting Actress,rachelroberts,,,,,,,,,,,,,,,,,,,,,left_only
1980,Film | Supporting Actress in 1980,Lisa Eichhorn,The Europeans,False,Supporting Actress,lisaeichhorn,,,,,,,,,,,,,,,,,,,,,left_only
1980,Film | Supporting Actress in 1980,Mariel Hemingway,Manhattan,False,Supporting Actress,marielhemingway,,,,,,,,,,,,,,,,,,,,,left_only
1980,Film | Supporting Actress in 1980,Meryl Streep,Manhattan,False,Supporting Actress,merylstreep,,,,,,,,,,,,,,,,,,,,,left_only
1981,Film | Actor in 1981,John Hurt,The Elephant Man,True,Actor,johnhurt,,,,,,,,,,,,,,,,,,,,,left_only
1981,Film | Actor in 1981,Dustin Hoffman,Kramer Vs Kramer,False,Actor,dustinhoffman,,,,,,,,,,,,,,,,,,,,,left_only
1981,Film | Actor in 1981,Roy Scheider,All That Jazz,False,Actor,royscheider,,,,,,,,,,,,,,,,,,,,,left_only
1981,Film | Actor in 1981,Peter Sellers,Being There,False,Actor,petersellers,,,,,,,,,,,,,,,,,,,,,left_only
1981,Film | Actress in 1981,Judy Davis,My Brilliant Career,True,Actress,judydavis,,,,,,,,,,,,,,,,,,,,,left_only
1981,Film | Actress in 1981,Shirley MacLaine,Being There,False,Actress,shirleymaclaine,,,,,,,,,,,,,,,,,,,,,left_only
1981,Film | Actress in 1981,Bette Midler,The Rose,False,Actress,bettemidler,,,,,,,,,,,,,,,,,,,,,left_only
1981,Film | Actress in 1981,Meryl Streep,Kramer Vs Kramer,False,Actress,merylstreep,,,,,,,,,,,,,,,,,,,,,left_only
1981,Film | Animated Film in 1981,The Three Inventors,Michel Ocelot,True,Animated Film,thethreeinventors,345130.0,The Three Inventors,7.778,27.0,Released,1980-06-06,0.0,13.0,False,0.0,tt0216283,fr,Les trois inventeurs,1.651,Animation,AAA Production,France,French,1980.0,thethreeinventors,both
1981,Film | Animated Film in 1981,Bio Woman,Bob Godfrey,False,Animated Film,biowoman,494753.0,Bio Woman,2.0,1.0,Released,1980-01-01,0.0,11.0,False,0.0,tt0215570,en,Bio Woman,0.6,Animation,,,,1980.0,biowoman,both
1981,Film | Animated Film in 1981,The Cube,Kamil Pixa,False,Animated Film,thecube,,,,,,,,,,,,,,,,,,,,,left_only
1981,Film | Animated Film in 1981,Seaside Woman,Oscar Grillo,False,Animated Film,seasidewoman,494855.0,Seaside Woman,2.0,1.0,Released,1980-01-01,0.0,5.0,False,0.0,tt0216189,en,Seaside Woman,0.6,"Music, Animation",,,,1980.0,seasidewoman,both
1981,Film | Cinematography in 1981,All That Jazz,Giuseppe Rotunno,True,Cinematography,allthatjazz,,,,,,,,,,,,,,,,,,,,,left_only
1981,Film | Cinematography in 1981,The Black Stallion,Caleb Deschanel,False,Cinematography,theblackstallion,,,,,,,,,,,,,,,,,,,,,left_only
1981,Film | Cinematography in 1981,The Elephant Man,Freddie Francis,False,Cinematography,theelephantman,1955.0,The Elephant Man,8.051,3157.0,Released,1980-10-09,26010864.0,124.0,False,5000000.0,tt0080678,en,The Elephant Man,19.285,"Drama, History","Brooksfilms, Paramount",United States of America,English,1980.0,theelephantman,both
1981,Film | Cinematography in 1981,Kagemusha,"Takao Saito, Masaharu Ueda",False,Cinematography,kagemusha,11953.0,Kagemusha,7.801,574.0,Released,1980-04-26,4000000.0,180.0,False,6000000.0,tt0080979,ja,影武者,16.807,"Action, Drama, History, War","TOHO, Kurosawa Production, 20th Century Fox, American Zoetrope","Japan, United States of America",Japanese,1980.0,kagemusha,both
1981,Film | Costume Design in 1981,Kagemusha,Seiichiro Momosawa,True,Costume Design,kagemusha,11953.0,Kagemusha,7.801,574.0,Released,1980-04-26,4000000.0,180.0,False,6000000.0,tt0080979,ja,影武者,16.807,"Action, Drama, History, War","TOHO, Kurosawa Production, 20th Century Fox, American Zoetrope","Japan, United States of America",Japanese,1980.0,kagemusha,both
1981,Film | Costume Design in 1981,All That Jazz,Albert Wolsky,False,Costume Design,allthatjazz,,,,,,,,,,,,,,,,,,,,,left_only
1981,Film | Costume Design in 1981,Don Giovanni,Frantz Salieri,False,Costume Design,dongiovanni,,,,,,,,,,,,,,,,,,,,,left_only
1981,Film | Costume Design in 1981,Flash Gordon,Danilo Donati,False,Costume Design,flashgordon,3604.0,Flash Gordon,6.18,866.0,Released,1980-09-01,27107960.0,111.0,False,35000000.0,tt0080745,en,Flash Gordon,18.503,"Science Fiction, Adventure, Action","Dino De Laurentiis Company, Starling Films, Universal Pictures, Famous Films (II)","Netherlands, United Kingdom, United States of America",English,1980.0,flashgordon,both
1981,Film | Direction in 1981,Kagemusha,Akira Kurosawa,True,Direction,kagemusha,11953.0,Kagemusha,7.801,574.0,Released,1980-04-26,4000000.0,180.0,False,6000000.0,tt0080979,ja,影武者,16.807,"Action, Drama, History, War","TOHO, Kurosawa Production, 20th Century Fox, American Zoetrope","Japan, United States of America",Japanese,1980.0,kagemusha,both
1981,Film | Direction in 1981,The Elephant Man,David Lynch,False,Direction,theelephantman,1955.0,The Elephant Man,8.051,3157.0,Released,1980-10-09,26010864.0,124.0,False,5000000.0,tt0080678,en,The Elephant Man,19.285,"Drama, History","Brooksfilms, Paramount",United States of America,English,1980.0,theelephantman,both
1981,Film | Direction in 1981,Fame,Alan Parker,False,Direction,fame,3537.0,Fame,6.452,399.0,Released,1980-05-16,42000000.0,134.0,False,8500000.0,tt0080716,en,Fame,19.391,"Drama, Music",Metro-Goldwyn-Mayer,United States of America,"Russian, English, Spanish, French",1980.0,fame,both
1981,Film | Direction in 1981,Kramer Vs Kramer,Robert Benton,False,Direction,kramervskramer,,,,,,,,,,,,,,,,,,,,,left_only
1981,Film | Editing in 1981,All That Jazz,Alan Heim,True,Editing,allthatjazz,,,,,,,,,,,,,,,,,,,,,left_only
1981,Film | Editing in 1981,The Elephant Man,Anne V Coates,False,Editing,theelephantman,1955.0,The Elephant Man,8.051,3157.0,Released,1980-10-09,26010864.0,124.0,False,5000000.0,tt0080678,en,The Elephant Man,19.285,"Drama, History","Brooksfilms, Paramount",United States of America,English,1980.0,theelephantman,both
1981,Film | Editing in 1981,Fame,Gerry Hambling,False,Editing,fame,3537.0,Fame,6.452,399.0,Released,1980-05-16,42000000.0,134.0,False,8500000.0,tt0080716,en,Fame,19.391,"Drama, Music",Metro-Goldwyn-Mayer,United States of America,"Russian, English, Spanish, French",1980.0,fame,both
1981,Film | Editing in 1981,Kramer Vs Kramer,Jerry Greenberg,False,Editing,kramervskramer,,,,,,,,,,,,,,,,,,,,,left_only
1981,Film | Fellowship in 1981,Emeric Pressburger,,True,Fellowship,emericpressburger,,,,,,,,,,,,,,,,,,,,,left_only
1981,Film | Fellowship in 1981,Michael Powell,,True,Fellowship,michaelpowell,936973.0,Michael Powell,0.0,0.0,Released,2005-02-10,0.0,0.0,False,0.0,tt0782196,en,Michael Powell,0.6,,,,,2005.0,michaelpowell,both
1981,Film | Fellowship in 1981,Abel Gance,,True,Fellowship,abelgance,,,,,,,,,,,,,,,,,,,,,left_only
1981,Film | Film in 1981,The Elephant Man,Jonathan Sanger,True,Film,theelephantman,1955.0,The Elephant Man,8.051,3157.0,Released,1980-10-09,26010864.0,124.0,False,5000000.0,tt0080678,en,The Elephant Man,19.285,"Drama, History","Brooksfilms, Paramount",United States of America,English,1980.0,theelephantman,both
1981,Film | Film in 1981,Being There,Andrew Braunsberg,False,Film,beingthere,,,,,,,,,,,,,,,,,,,,,left_only
1981,Film | Film in 1981,Kagemusha,"Akira Kurosawa, Tomoyuki Tanaka",False,Film,kagemusha,11953.0,Kagemusha,7.801,574.0,Released,1980-04-26,4000000.0,180.0,False,6000000.0,tt0080979,ja,影武者,16.807,"Action, Drama, History, War","TOHO, Kurosawa Production, 20th Century Fox, American Zoetrope","Japan, United States of America",Japanese,1980.0,kagemusha,both
1981,Film | Film in 1981,Kramer Vs Kramer,Stanley R Jaffe,False,Film,kramervskramer,,,,,,,,,,,,,,,,,,,,,left_only
1981,Film | Most Promising Newcomer To Leading Film Roles in 1981,Judy Davis,My Brilliant Career,True,Most Promising Newcomer To Leading Film Roles,judydavis,,,,,,,,,,,,,,,,,,,,,left_only
1981,Film | Most Promising Newcomer To Leading Film Roles in 1981,Sonia Braga,Dona Flor And Her Two Husbands (Dona Flor E Seus Dois Maridos),False,Most Promising Newcomer To Leading Film Roles,soniabraga,,,,,,,,,,,,,,,,,,,,,left_only
1981,Film | Most Promising Newcomer To Leading Film Roles in 1981,Gordon Sinclair,Gregory's Girl,False,Most Promising Newcomer To Leading Film Roles,gordonsinclair,,,,,,,,,,,,,,,,,,,,,left_only
1981,Film | Most Promising Newcomer To Leading Film Roles in 1981,Debra Winger,Urban Cowboy,False,Most Promising Newcomer To Leading Film Roles,debrawinger,,,,,,,,,,,,,,,,,,,,,left_only
1981,Film | Original Film Music in 1981,The Empire Strikes Back,John Williams,True,Original Film Music,theempirestrikesback,1891.0,The Empire Strikes Back,8.4,15773.0,Released,1980-05-20,538400000.0,124.0,False,18000000.0,tt0080684,en,The Empire Strikes Back,35.265,"Adventure, Action, Science Fiction",Lucasfilm Ltd.,United States of America,English,1980.0,theempirestrikesback,both
1981,Film | Original Film Music in 1981,Breaking Glass,Hazel O'Connor,False,Original Film Music,breakingglass,26803.0,Breaking Glass,6.981,26.0,Released,1980-10-01,0.0,104.0,False,0.0,tt0080469,en,Breaking Glass,3.175,"Music, Drama",Allied Stars,United Kingdom,English,1980.0,breakingglass,both
1981,Film | Original Film Music in 1981,Fame,Michael Gore,False,Original Film Music,fame,3537.0,Fame,6.452,399.0,Released,1980-05-16,42000000.0,134.0,False,8500000.0,tt0080716,en,Fame,19.391,"Drama, Music",Metro-Goldwyn-Mayer,United States of America,"Russian, English, Spanish, French",1980.0,fame,both
1981,Film | Original Film Music in 1981,Flash Gordon,"Queen, Howard Blake",False,Original Film Music,flashgordon,3604.0,Flash Gordon,6.18,866.0,Released,1980-09-01,27107960.0,111.0,False,35000000.0,tt0080745,en,Flash Gordon,18.503,"Science Fiction, Adventure, Action","Dino De Laurentiis Company, Starling Films, Universal Pictures, Famous Films (II)","Netherlands, United Kingdom, United States of America",English,1980.0,flashgordon,both
1981,Film | Outstanding British Contribution To Cinema in 1981,Kevin Brownlow,,True,Outstanding British Contribution To Cinema,kevinbrownlow,,,,,,,,,,,,,,,,,,,,,left_only
1981,Film | Production Design in 1981,The Elephant Man,Stuart Craig,True,Production Design,theelephantman,1955.0,The Elephant Man,8.051,3157.0,Released,1980-10-09,26010864.0,124.0,False,5000000.0,tt0080678,en,The Elephant Man,19.285,"Drama, History","Brooksfilms, Paramount",United States of America,English,1980.0,theelephantman,both
1981,Film | Production Design in 1981,All That Jazz,Philip Rosenberg,False,Production Design,allthatjazz,,,,,,,,,,,,,,,,,,,,,left_only
1981,Film | Production Design in 1981,The Empire Strikes Back,Norman Reynolds,False,Production Design,theempirestrikesback,1891.0,The Empire Strikes Back,8.4,15773.0,Released,1980-05-20,538400000.0,124.0,False,18000000.0,tt0080684,en,The Empire Strikes Back,35.265,"Adventure, Action, Science Fiction",Lucasfilm Ltd.,United States of America,English,1980.0,theempirestrikesback,both
1981,Film | Production Design in 1981,Flash Gordon,Danilo Donati,False,Production Design,flashgordon,3604.0,Flash Gordon,6.18,866.0,Released,1980-09-01,27107960.0,111.0,False,35000000.0,tt0080745,en,Flash Gordon,18.503,"Science Fiction, Adventure, Action","Dino De Laurentiis Company, Starling Films, Universal Pictures, Famous Films (II)","Netherlands, United Kingdom, United States of America",English,1980.0,flashgordon,both
1981,"Film | Robert Flaherty Award (Feature Length Film, Documentary In Content) in 1981",Category not awarded this year,,True,"Robert Flaherty Award (Feature Length Film, Documentary In Content)",categorynotawardedthisyear,,,,,,,,,,,,,,,,,,,,,left_only
1981,Film | Screenplay in 1981,Being There,Jerzy Kosinski,True,Screenplay,beingthere,,,,,,,,,,,,,,,,,,,,,left_only
1981,Film | Screenplay in 1981,Airplane!,"Jim Abrahams, David Zucker, Jerry Zucker",False,Screenplay,airplane,813.0,Airplane!,7.282,4057.0,Released,1980-07-02,83453539.0,88.0,False,3500000.0,tt0080339,en,Airplane!,32.122,Comedy,"Paramount, Howard W. Koch Productions",United States of America,English,1980.0,airplane,both
1981,Film | Screenplay in 1981,The Elephant Man,"Christopher De Vore, Eric Bergren, David Lynch",False,Screenplay,theelephantman,1955.0,The Elephant Man,8.051,3157.0,Released,1980-10-09,26010864.0,124.0,False,5000000.0,tt0080678,en,The Elephant Man,19.285,"Drama, History","Brooksfilms, Paramount",United States of America,English,1980.0,theelephantman,both
1981,Film | Screenplay in 1981,Kramer Vs Kramer,Robert Benton,False,Screenplay,kramervskramer,,,,,,,,,,,,,,,,,,,,,left_only
1981,Film | Short Film in 1981,Sredni Vashtar,Andrew Birkin,True,Short Film,srednivashtar,244412.0,Sredni Vashtar,6.3,3.0,Released,1981-09-01,0.0,27.0,False,0.0,tt0084722,en,Sredni Vashtar,0.6,Drama,Laurentic Film Productions,United Kingdom,English,1981.0,srednivashtar,both
1981,Film | Short Film in 1981,Box On,Lindsey Clennell,False,Short Film,boxon,494063.0,Box On,6.0,1.0,Released,1980-10-01,0.0,38.0,False,0.0,tt0215580,en,Box On,0.6,,Lindsey Cennell,United Kingdom,English,1980.0,boxon,both
1981,Film | Short Film in 1981,Dollor Bottom,Roger Christian,False,Short Film,dollorbottom,,,,,,,,,,,,,,,,,,,,,left_only
1981,Film | Short Film in 1981,Possessions,Andrew Bogle,False,Short Film,possessions,93851.0,Possessions,5.72,25.0,Released,2012-03-07,0.0,98.0,False,0.0,tt1798229,fr,Possessions,1.811,"Drama, Thriller",CinéCinéma,France,French,2012.0,possessions,both
1981,Film | Sound in 1981,Fame,"Chris Newman, Les Wiggins, Michael J Kohut",True,Sound,fame,3537.0,Fame,6.452,399.0,Released,1980-05-16,42000000.0,134.0,False,8500000.0,tt0080716,en,Fame,19.391,"Drama, Music",Metro-Goldwyn-Mayer,United States of America,"Russian, English, Spanish, French",1980.0,fame,both
1981,Film | Sound in 1981,All That Jazz,"Maurice Schell, Chris Newman, Dick Vorisek",False,Sound,allthatjazz,,,,,,,,,,,,,,,,,,,,,left_only
1981,Film | Sound in 1981,Don Giovanni,"Jean-Louis Ducarme, Jacques Maumont, Michelle Nenny",False,Sound,dongiovanni,,,,,,,,,,,,,,,,,,,,,left_only
1981,Film | Sound in 1981,The Empire Strikes Back,"Peter Sutton, Ben Burtt, Bill Varney",False,Sound,theempirestrikesback,1891.0,The Empire Strikes Back,8.4,15773.0,Released,1980-05-20,538400000.0,124.0,False,18000000.0,tt0080684,en,The Empire Strikes Back,35.265,"Adventure, Action, Science Fiction",Lucasfilm Ltd.,United States of America,English,1980.0,theempirestrikesback,both
1981,Film | Sound in 1981,The Rose,"Jim Webb, Chris McLaughlin, Kay Rose, Ted Soderberg",False,Sound,therose,,,,,,,,,,,,,,,,,,,,,left_only
1981,Film | Special Award in 1981,Jimmy Wright,,True,Special Award,jimmywright,,,,,,,,,,,,,,,,,,,,,left_only
1982,Film | Actor in 1982,Burt Lancaster,Atlantic City,True,Actor,burtlancaster,,,,,,,,,,,,,,,,,,,,,left_only
1982,Film | Actor in 1982,Robert De Niro,Raging Bull,False,Actor,robertdeniro,,,,,,,,,,,,,,,,,,,,,left_only
1982,Film | Actor in 1982,Bob Hoskins,The Long Good Friday,False,Actor,bobhoskins,,,,,,,,,,,,,,,,,,,,,left_only
1982,Film | Actor in 1982,Jeremy Irons,The French Lieutenant's Woman,False,Actor,jeremyirons,,,,,,,,,,,,,,,,,,,,,left_only
1982,Film | Actress in 1982,Meryl Streep,The French Lieutenant's Woman,True,Actress,merylstreep,,,,,,,,,,,,,,,,,,,,,left_only
1982,Film | Actress in 1982,Mary Tyler Moore,Ordinary People,False,Actress,marytylermoore,,,,,,,,,,,,,,,,,,,,,left_only
1982,Film | Actress in 1982,Maggie Smith,Quartet,False,Actress,maggiesmith,,,,,,,,,,,,,,,,,,,,,left_only
1982,Film | Actress in 1982,Sissy Spacek,Coal Miner's Daughter,False,Actress,sissyspacek,,,,,,,,,,,,,,,,,,,,,left_only
1982,Film | Animated Film in 1982,The Sweater,Sheldon Cohen,True,Animated Film,thesweater,147391.0,The Sweater,6.1,17.0,Released,1980-12-31,0.0,10.0,False,0.0,tt0134127,fr,Le chandail,1.74,Animation,ONF | NFB,Canada,French,1980.0,thesweater,both
1982,Film | Animated Film in 1982,Beginnings,Clorinda Warny,False,Animated Film,beginnings,279426.0,Beginnings,5.0,1.0,Released,1980-01-02,0.0,9.0,False,0.0,tt0215553,fr,Premiers Jours,0.6,Animation,ONF | NFB,Canada,French,1980.0,beginnings,both
1982,Film | Animated Film in 1982,Creole,Sam Weiss,False,Animated Film,creole,954360.0,Creole,0.0,0.0,Released,1981-01-01,0.0,8.0,False,0.0,,en,Creole,0.6,Animation,,,English,1981.0,creole,both
1982,Film | Cinematography in 1982,Tess,"Geoffrey Unsworth, Ghislain Cloquet",True,Cinematography,tess,,,,,,,,,,,,,,,,,,,,,left_only
1982,Film | Cinematography in 1982,Chariots Of Fire,David Watkin,False,Cinematography,chariotsoffire,9443.0,Chariots of Fire,6.794,805.0,Released,1981-05-15,58972904.0,124.0,False,5500000.0,tt0082158,en,Chariots of Fire,13.492,"Drama, History","The Ladd Company, Enigma Productions, Allied Stars, Ltd., Warner Bros. Pictures, 20th Century Fox",United Kingdom,English,1981.0,chariotsoffire,both
1982,Film | Cinematography in 1982,The French Lieutenant's Woman,Freddie Francis,False,Cinematography,thefrenchlieutenantswoman,12537.0,The French Lieutenant's Woman,6.419,180.0,Released,1981-08-28,2689068.0,124.0,False,0.0,tt0082416,en,The French Lieutenant's Woman,9.954,"Drama, Romance, History",Juniper Films,United Kingdom,English,1981.0,thefrenchlieutenantswoman,both
1982,Film | Cinematography in 1982,Raiders Of The Lost Ark,Douglas Slocombe,False,Cinematography,raidersofthelostark,85.0,Raiders of the Lost Ark,7.924,11483.0,Released,1981-06-12,389925971.0,115.0,False,18000000.0,tt0082971,en,Raiders of the Lost Ark,60.763,"Adventure, Action","Paramount, Lucasfilm Ltd.",United States of America,"English, Spanish, German, Hebrew, Arabic, Nepali",1981.0,raidersofthelostark,both
1982,Film | Costume Design in 1982,Chariots Of Fire,Milena Canonero,True,Costume Design,chariotsoffire,9443.0,Chariots of Fire,6.794,805.0,Released,1981-05-15,58972904.0,124.0,False,5500000.0,tt0082158,en,Chariots of Fire,13.492,"Drama, History","The Ladd Company, Enigma Productions, Allied Stars, Ltd., Warner Bros. Pictures, 20th Century Fox",United Kingdom,English,1981.0,chariotsoffire,both
1982,Film | Costume Design in 1982,Excalibur,Bob Ringwood,False,Costume Design,excalibur,11527.0,Excalibur,6.944,887.0,Released,1981-04-10,34967437.0,140.0,False,11000000.0,tt0082348,en,Excalibur,19.284,"Adventure, Fantasy","Orion Pictures, Cinema 84",United Kingdom,English,1981.0,excalibur,both
1982,Film | Costume Design in 1982,The French Lieutenant's Woman,Tom Rand,False,Costume Design,thefrenchlieutenantswoman,12537.0,The French Lieutenant's Woman,6.419,180.0,Released,1981-08-28,2689068.0,124.0,False,0.0,tt0082416,en,The French Lieutenant's Woman,9.954,"Drama, Romance, History",Juniper Films,United Kingdom,English,1981.0,thefrenchlieutenantswoman,both
1982,Film | Costume Design in 1982,Tess,Anthony Powell,False,Costume Design,tess,,,,,,,,,,,,,,,,,,,,,left_only
1982,Film | Direction in 1982,Atlantic City,Louis Malle,True,Direction,atlanticcity,23954.0,Atlantic City,6.835,233.0,Released,1980-09-03,12729675.0,104.0,False,7200000.0,tt0080388,en,Atlantic City,11.315,"Crime, Drama, Romance","Canadian Film Development Corporation (CFDC), Famous Players Limited, Selta Films, International Cinema Corporation (ICC), Cine-Neighbor","Canada, France","French, English",1980.0,atlanticcity,both
1982,Film | Direction in 1982,Chariots Of Fire,Hugh Hudson,False,Direction,chariotsoffire,9443.0,Chariots of Fire,6.794,805.0,Released,1981-05-15,58972904.0,124.0,False,5500000.0,tt0082158,en,Chariots of Fire,13.492,"Drama, History","The Ladd Company, Enigma Productions, Allied Stars, Ltd., Warner Bros. Pictures, 20th Century Fox",United Kingdom,English,1981.0,chariotsoffire,both
1982,Film | Direction in 1982,The French Lieutenant's Woman,Karel Reisz,False,Direction,thefrenchlieutenantswoman,12537.0,The French Lieutenant's Woman,6.419,180.0,Released,1981-08-28,2689068.0,124.0,False,0.0,tt0082416,en,The French Lieutenant's Woman,9.954,"Drama, Romance, History",Juniper Films,United Kingdom,English,1981.0,thefrenchlieutenantswoman,both
1982,Film | Direction in 1982,Gregory's Girl,Bill Forsyth,False,Direction,gregorysgirl,21764.0,Gregory's Girl,6.684,114.0,Released,1981-04-23,7710.0,91.0,False,0.0,tt0082477,en,Gregory's Girl,8.526,"Comedy, Romance","Lake Films, National Film Finance Corporation (NFFC), Scottish Television (STV)",United Kingdom,"English, Italian",1981.0,gregorysgirl,both
1982,Film | Editing in 1982,Raging Bull,Thelma Schoonmaker,True,Editing,ragingbull,1578.0,Raging Bull,8.0,3872.0,Released,1980-11-14,23000000.0,129.0,False,18000000.0,tt0081398,en,Raging Bull,27.108,Drama,United Artists,United States of America,English,1980.0,ragingbull,both
1982,Film | Editing in 1982,Chariots Of Fire,Terry Rawlings,False,Editing,chariotsoffire,9443.0,Chariots of Fire,6.794,805.0,Released,1981-05-15,58972904.0,124.0,False,5500000.0,tt0082158,en,Chariots of Fire,13.492,"Drama, History","The Ladd Company, Enigma Productions, Allied Stars, Ltd., Warner Bros. Pictures, 20th Century Fox",United Kingdom,English,1981.0,chariotsoffire,both
1982,Film | Editing in 1982,The French Lieutenant's Woman,John Bloom,False,Editing,thefrenchlieutenantswoman,12537.0,The French Lieutenant's Woman,6.419,180.0,Released,1981-08-28,2689068.0,124.0,False,0.0,tt0082416,en,The French Lieutenant's Woman,9.954,"Drama, Romance, History",Juniper Films,United Kingdom,English,1981.0,thefrenchlieutenantswoman,both
1982,Film | Editing in 1982,Raiders Of The Lost Ark,Michael Kahn,False,Editing,raidersofthelostark,85.0,Raiders of the Lost Ark,7.924,11483.0,Released,1981-06-12,389925971.0,115.0,False,18000000.0,tt0082971,en,Raiders of the Lost Ark,60.763,"Adventure, Action","Paramount, Lucasfilm Ltd.",United States of America,"English, Spanish, German, Hebrew, Arabic, Nepali",1981.0,raidersofthelostark,both
1982,Film | Fellowship in 1982,Andrzej Wajda,,True,Fellowship,andrzejwajda,,,,,,,,,,,,,,,,,,,,,left_only
1982,Film | Film in 1982,Chariots Of Fire,David Puttnam,True,Film,chariotsoffire,9443.0,Chariots of Fire,6.794,805.0,Released,1981-05-15,58972904.0,124.0,False,5500000.0,tt0082158,en,Chariots of Fire,13.492,"Drama, History","The Ladd Company, Enigma Productions, Allied Stars, Ltd., Warner Bros. Pictures, 20th Century Fox",United Kingdom,English,1981.0,chariotsoffire,both
1982,Film | Film in 1982,Atlantic City,Denis Héroux,False,Film,atlanticcity,23954.0,Atlantic City,6.835,233.0,Released,1980-09-03,12729675.0,104.0,False,7200000.0,tt0080388,en,Atlantic City,11.315,"Crime, Drama, Romance","Canadian Film Development Corporation (CFDC), Famous Players Limited, Selta Films, International Cinema Corporation (ICC), Cine-Neighbor","Canada, France","French, English",1980.0,atlanticcity,both
1982,Film | Film in 1982,The French Lieutenant's Woman,Leon Clore,False,Film,thefrenchlieutenantswoman,12537.0,The French Lieutenant's Woman,6.419,180.0,Released,1981-08-28,2689068.0,124.0,False,0.0,tt0082416,en,The French Lieutenant's Woman,9.954,"Drama, Romance, History",Juniper Films,United Kingdom,English,1981.0,thefrenchlieutenantswoman,both
1982,Film | Film in 1982,Gregory's Girl,"Davina Belling, Clive Parsons",False,Film,gregorysgirl,21764.0,Gregory's Girl,6.684,114.0,Released,1981-04-23,7710.0,91.0,False,0.0,tt0082477,en,Gregory's Girl,8.526,"Comedy, Romance","Lake Films, National Film Finance Corporation (NFFC), Scottish Television (STV)",United Kingdom,"English, Italian",1981.0,gregorysgirl,both
1982,Film | Film in 1982,Raiders Of The Lost Ark,Frank Marshall,False,Film,raidersofthelostark,85.0,Raiders of the Lost Ark,7.924,11483.0,Released,1981-06-12,389925971.0,115.0,False,18000000.0,tt0082971,en,Raiders of the Lost Ark,60.763,"Adventure, Action","Paramount, Lucasfilm Ltd.",United States of America,"English, Spanish, German, Hebrew, Arabic, Nepali",1981.0,raidersofthelostark,both
1982,Film | Most Promising Newcomer To Leading Film Roles in 1982,Joe Pesci,Raging Bull,True,Most Promising Newcomer To Leading Film Roles,joepesci,,,,,,,,,,,,,,,,,,,,,left_only
1982,Film | Most Promising Newcomer To Leading Film Roles in 1982,Klaus Maria Brandauer,Mephisto,False,Most Promising Newcomer To Leading Film Roles,klausmariabrandauer,,,,,,,,,,,,,,,,,,,,,left_only
1982,Film | Most Promising Newcomer To Leading Film Roles in 1982,Timothy Hutton,Ordinary People,False,Most Promising Newcomer To Leading Film Roles,timothyhutton,,,,,,,,,,,,,,,,,,,,,left_only
1982,Film | Most Promising Newcomer To Leading Film Roles in 1982,Cathy Moriarty,Raging Bull,False,Most Promising Newcomer To Leading Film Roles,cathymoriarty,,,,,,,,,,,,,,,,,,,,,left_only
1982,Film | Original Film Music in 1982,The French Lieutenant's Woman,Carl Davis,True,Original Film Music,thefrenchlieutenantswoman,12537.0,The French Lieutenant's Woman,6.419,180.0,Released,1981-08-28,2689068.0,124.0,False,0.0,tt0082416,en,The French Lieutenant's Woman,9.954,"Drama, Romance, History",Juniper Films,United Kingdom,English,1981.0,thefrenchlieutenantswoman,both
1982,Film | Original Film Music in 1982,Arthur,Burt Bacharach,False,Original Film Music,arthur,49012.0,Arthur,5.576,687.0,Released,2011-04-08,48147945.0,110.0,False,40000000.0,tt1334512,en,Arthur,14.247,"Comedy, Romance",Warner Bros. Pictures,United States of America,English,2011.0,arthur,both
1982,Film | Original Film Music in 1982,Chariots Of Fire,Vangelis Papathanassiou,False,Original Film Music,chariotsoffire,9443.0,Chariots of Fire,6.794,805.0,Released,1981-05-15,58972904.0,124.0,False,5500000.0,tt0082158,en,Chariots of Fire,13.492,"Drama, History","The Ladd Company, Enigma Productions, Allied Stars, Ltd., Warner Bros. Pictures, 20th Century Fox",United Kingdom,English,1981.0,chariotsoffire,both
1982,Film | Original Film Music in 1982,Raiders Of The Lost Ark,John Williams,False,Original Film Music,raidersofthelostark,85.0,Raiders of the Lost Ark,7.924,11483.0,Released,1981-06-12,389925971.0,115.0,False,18000000.0,tt0082971,en,Raiders of the Lost Ark,60.763,"Adventure, Action","Paramount, Lucasfilm Ltd.",United States of America,"English, Spanish, German, Hebrew, Arabic, Nepali",1981.0,raidersofthelostark,both
1982,Film | Outstanding British Contribution To Cinema in 1982,David Puttnam,,True,Outstanding British Contribution To Cinema,davidputtnam,,,,,,,,,,,,,,,,,,,,,left_only
1982,Film | Production Design in 1982,Raiders Of The Lost Ark,Norman Reynolds,True,Production Design,raidersofthelostark,85.0,Raiders of the Lost Ark,7.924,11483.0,Released,1981-06-12,389925971.0,115.0,False,18000000.0,tt0082971,en,Raiders of the Lost Ark,60.763,"Adventure, Action","Paramount, Lucasfilm Ltd.",United States of America,"English, Spanish, German, Hebrew, Arabic, Nepali",1981.0,raidersofthelostark,both
1982,Film | Production Design in 1982,Chariots Of Fire,Roger Hall,False,Production Design,chariotsoffire,9443.0,Chariots of Fire,6.794,805.0,Released,1981-05-15,58972904.0,124.0,False,5500000.0,tt0082158,en,Chariots of Fire,13.492,"Drama, History","The Ladd Company, Enigma Productions, Allied Stars, Ltd., Warner Bros. Pictures, 20th Century Fox",United Kingdom,English,1981.0,chariotsoffire,both
1982,Film | Production Design in 1982,The French Lieutenant's Woman,Assheton Gorton,False,Production Design,thefrenchlieutenantswoman,12537.0,The French Lieutenant's Woman,6.419,180.0,Released,1981-08-28,2689068.0,124.0,False,0.0,tt0082416,en,The French Lieutenant's Woman,9.954,"Drama, Romance, History",Juniper Films,United Kingdom,English,1981.0,thefrenchlieutenantswoman,both
1982,Film | Production Design in 1982,Tess,Pierre Guffroy,False,Production Design,tess,,,,,,,,,,,,,,,,,,,,,left_only
1982,"Film | Robert Flaherty Award (Feature Length Film, Documentary In Content) in 1982",Soldier Girls,"Nick Broomfield, Joan Churchill",True,"Robert Flaherty Award (Feature Length Film, Documentary In Content)",soldiergirls,66638.0,Soldier Girls,6.2,5.0,Released,1981-09-15,0.0,87.0,False,0.0,tt0083105,en,Soldier Girls,0.979,"Documentary, Drama",,"United Kingdom, United States of America",English,1981.0,soldiergirls,both
1982,"Film | Robert Flaherty Award (Feature Length Film, Documentary In Content) in 1982",Best Boy,Ira Wohl,False,"Robert Flaherty Award (Feature Length Film, Documentary In Content)",bestboy,,,,,,,,,,,,,,,,,,,,,left_only
1982,"Film | Robert Flaherty Award (Feature Length Film, Documentary In Content) in 1982",The Life And Times Of Rosie The Riverter,Connie Field,False,"Robert Flaherty Award (Feature Length Film, Documentary In Content)",thelifeandtimesofrosietheriverter,,,,,,,,,,,,,,,,,,,,,left_only
1982,"Film | Robert Flaherty Award (Feature Length Film, Documentary In Content) in 1982",Return Journey,Ian Potts,False,"Robert Flaherty Award (Feature Length Film, Documentary In Content)",returnjourney,255699.0,Return Journey,4.0,2.0,Released,1999-10-01,0.0,54.0,False,0.0,tt0099476,en,Return Journey,0.6,"Drama, TV Movie",,,English,1999.0,returnjourney,both
1982,Film | Screenplay in 1982,Gregory's Girl,Bill Forsyth,True,Screenplay,gregorysgirl,21764.0,Gregory's Girl,6.684,114.0,Released,1981-04-23,7710.0,91.0,False,0.0,tt0082477,en,Gregory's Girl,8.526,"Comedy, Romance","Lake Films, National Film Finance Corporation (NFFC), Scottish Television (STV)",United Kingdom,"English, Italian",1981.0,gregorysgirl,both
1982,Film | Screenplay in 1982,Atlantic City,John Guare,False,Screenplay,atlanticcity,23954.0,Atlantic City,6.835,233.0,Released,1980-09-03,12729675.0,104.0,False,7200000.0,tt0080388,en,Atlantic City,11.315,"Crime, Drama, Romance","Canadian Film Development Corporation (CFDC), Famous Players Limited, Selta Films, International Cinema Corporation (ICC), Cine-Neighbor","Canada, France","French, English",1980.0,atlanticcity,both
1982,Film | Screenplay in 1982,Chariots Of Fire,Colin Welland,False,Screenplay,chariotsoffire,9443.0,Chariots of Fire,6.794,805.0,Released,1981-05-15,58972904.0,124.0,False,5500000.0,tt0082158,en,Chariots of Fire,13.492,"Drama, History","The Ladd Company, Enigma Productions, Allied Stars, Ltd., Warner Bros. Pictures, 20th Century Fox",United Kingdom,English,1981.0,chariotsoffire,both
1982,Film | Screenplay in 1982,The French Lieutenant's Woman,Harold Pinter,False,Screenplay,thefrenchlieutenantswoman,12537.0,The French Lieutenant's Woman,6.419,180.0,Released,1981-08-28,2689068.0,124.0,False,0.0,tt0082416,en,The French Lieutenant's Woman,9.954,"Drama, Romance, History",Juniper Films,United Kingdom,English,1981.0,thefrenchlieutenantswoman,both
1982,Film | Short Film in 1982,Recluse,Bob Bentley,True,Short Film,recluse,323609.0,Recluse,5.7,3.0,Released,1981-01-01,0.0,27.0,False,0.0,tt0216147,en,Recluse,0.797,"Crime, Drama","Jarastar, Bentley Films, National Film Finance Corporation (NFFC), Rank Film Productions",,English,1981.0,recluse,both
1982,Film | Short Film in 1982,Couples And Robbers,Clare Peploe,False,Short Film,couplesandrobbers,244393.0,Couples and Robbers,5.7,3.0,Released,1981-10-07,0.0,29.0,False,0.0,tt0082207,en,Couples and Robbers,1.246,"Drama, Crime",,,English,1981.0,couplesandrobbers,both
1982,Film | Short Film in 1982,Towers Of Babel,Jonathan Lewis,False,Short Film,towersofbabel,954374.0,Towers of Babel,0.0,0.0,Released,1981-07-09,0.0,27.0,False,0.0,,en,Towers of Babel,0.6,Comedy,Longbow Film Company,United Kingdom,English,1981.0,towersofbabel,both
1982,Film | Sound in 1982,The French Lieutenant's Woman,"Don Sharpe, Ivan Sharrock, Bill Rowe",True,Sound,thefrenchlieutenantswoman,12537.0,The French Lieutenant's Woman,6.419,180.0,Released,1981-08-28,2689068.0,124.0,False,0.0,tt0082416,en,The French Lieutenant's Woman,9.954,"Drama, Romance, History",Juniper Films,United Kingdom,English,1981.0,thefrenchlieutenantswoman,both
1982,Film | Sound in 1982,Chariots Of Fire,"Clive Winter, Bill Rowe, Jim Shields",False,Sound,chariotsoffire,9443.0,Chariots of Fire,6.794,805.0,Released,1981-05-15,58972904.0,124.0,False,5500000.0,tt0082158,en,Chariots of Fire,13.492,"Drama, History","The Ladd Company, Enigma Productions, Allied Stars, Ltd., Warner Bros. Pictures, 20th Century Fox",United Kingdom,English,1981.0,chariotsoffire,both
1982,Film | Sound in 1982,Coal Miner's Daughter,"Gordon Ecker Jr, Jim Alexander, Richard Portman, Roger Heman",False,Sound,coalminersdaughter,16769.0,Coal Miner's Daughter,7.266,223.0,Released,1980-03-07,67182787.0,125.0,False,15000000.0,tt0080549,en,Coal Miner's Daughter,12.03,"Music, Drama",Universal Pictures,United States of America,English,1980.0,coalminersdaughter,both
1982,Film | Sound in 1982,Raiders Of The Lost Ark,"Roy Charman, Ben Burtt, Bill Varney",False,Sound,raidersofthelostark,85.0,Raiders of the Lost Ark,7.924,11483.0,Released,1981-06-12,389925971.0,115.0,False,18000000.0,tt0082971,en,Raiders of the Lost Ark,60.763,"Adventure, Action","Paramount, Lucasfilm Ltd.",United States of America,"English, Spanish, German, Hebrew, Arabic, Nepali",1981.0,raidersofthelostark,both
1982,Film | Supporting Artist in 1982,Ian Holm,Chariots Of Fire,True,Supporting Artist,ianholm,,,,,,,,,,,,,,,,,,,,,left_only
1982,Film | Supporting Artist in 1982,Denholm Elliott,Raiders Of The Lost Ark,False,Supporting Artist,denholmelliott,,,,,,,,,,,,,,,,,,,,,left_only
1982,Film | Supporting Artist in 1982,John Gielgud,Arthur,False,Supporting Artist,johngielgud,,,,,,,,,,,,,,,,,,,,,left_only
1982,Film | Supporting Artist in 1982,Nigel Havers,Chariots Of Fire,False,Supporting Artist,nigelhavers,,,,,,,,,,,,,,,,,,,,,left_only
1983,Film | Actor in 1983,Ben Kingsley,Gandhi,True,Actor,benkingsley,,,,,,,,,,,,,,,,,,,,,left_only
1983,Film | Actor in 1983,Warren Beatty,Reds,False,Actor,warrenbeatty,,,,,,,,,,,,,,,,,,,,,left_only
1983,Film | Actor in 1983,Albert Finney,Shoot The Moon,False,Actor,albertfinney,,,,,,,,,,,,,,,,,,,,,left_only
1983,Film | Actor in 1983,Henry Fonda,On Golden Pond,False,Actor,henryfonda,,,,,,,,,,,,,,,,,,,,,left_only
1983,Film | Actor in 1983,Jack Lemmon,Missing,False,Actor,jacklemmon,,,,,,,,,,,,,,,,,,,,,left_only
1983,Film | Actress in 1983,Katharine Hepburn,On Golden Pond,True,Actress,katharinehepburn,,,,,,,,,,,,,,,,,,,,,left_only
1983,Film | Actress in 1983,Diane Keaton,Reds,False,Actress,dianekeaton,,,,,,,,,,,,,,,,,,,,,left_only
1983,Film | Actress in 1983,Jennifer Kendal,36 Chowringhee Lane,False,Actress,jenniferkendal,,,,,,,,,,,,,,,,,,,,,left_only
1983,Film | Actress in 1983,Sissy Spacek,Missing,False,Actress,sissyspacek,,,,,,,,,,,,,,,,,,,,,left_only
1983,Film | Cinematography in 1983,Blade Runner,Jordan Cronenweth,True,Cinematography,bladerunner,78.0,Blade Runner,7.931,12770.0,Released,1982-06-25,41722424.0,118.0,False,28000000.0,tt0083658,en,Blade Runner,56.798,"Science Fiction, Drama, Thriller","Shaw Brothers, The Ladd Company, Warner Bros. Pictures","United States of America, Hong Kong, United Kingdom","English, German, Cantonese, Japanese, Hungarian",1982.0,bladerunner,both
1983,Film | Cinematography in 1983,ET: The Extra-Terrestrial,Allen Daviau,False,Cinematography,ettheextraterrestrial,601.0,E.T. the Extra-Terrestrial,7.512,10467.0,Released,1982-06-11,792965500.0,115.0,False,10500000.0,tt0083866,en,E.T. the Extra-Terrestrial,50.334,"Science Fiction, Adventure, Family, Fantasy","Universal Pictures, Amblin Entertainment",United States of America,English,1982.0,ettheextraterrestrial,both
1983,Film | Cinematography in 1983,Gandhi,"Billy Williams, Ronnie Taylor",False,Cinematography,gandhi,783.0,Gandhi,7.543,2110.0,Released,1982-11-30,77737889.0,191.0,False,22000000.0,tt0083987,en,Gandhi,15.878,"Drama, History","Goldcrest, Indo-British, International Film Investors, National Film Development Corporation of India, Columbia Pictures","India, United Kingdom","English, Hindi",1982.0,gandhi,both
1983,Film | Cinematography in 1983,Reds,Vittorio Storaro,False,Cinematography,reds,18254.0,Reds,6.861,292.0,Released,1981-12-25,40382659.0,195.0,False,35000000.0,tt0082979,en,Reds,11.309,"Drama, History, Romance","JRS Productions, Barclays Mercantile Industrial Finance, Paramount",United States of America,"English, Finnish, French, German, Italian, Russian",1981.0,reds,both
1983,Film | Cinematography in 1983,Reds,Vittorio Storaro,False,Cinematography,reds,210835.0,Red (S),0.0,0.0,Released,2010-05-08,0.0,3.0,False,0.0,,en,Red (S),0.656,"Animation, Fantasy, Romance",,,,2010.0,reds,both
1983,Film | Costume Design in 1983,Blade Runner,"Charles Knode, Michael Kaplan",True,Costume Design,bladerunner,78.0,Blade Runner,7.931,12770.0,Released,1982-06-25,41722424.0,118.0,False,28000000.0,tt0083658,en,Blade Runner,56.798,"Science Fiction, Drama, Thriller","Shaw Brothers, The Ladd Company, Warner Bros. Pictures","United States of America, Hong Kong, United Kingdom","English, German, Cantonese, Japanese, Hungarian",1982.0,bladerunner,both
1983,Film | Costume Design in 1983,Draughtsman's Contract,Sue Blane,False,Costume Design,draughtsmanscontract,,,,,,,,,,,,,,,,,,,,,left_only
1983,Film | Costume Design in 1983,Gandhi,"John Mollo,  Bhanu Athaiya",False,Costume Design,gandhi,783.0,Gandhi,7.543,2110.0,Released,1982-11-30,77737889.0,191.0,False,22000000.0,tt0083987,en,Gandhi,15.878,"Drama, History","Goldcrest, Indo-British, International Film Investors, National Film Development Corporation of India, Columbia Pictures","India, United Kingdom","English, Hindi",1982.0,gandhi,both
1983,Film | Costume Design in 1983,Reds,Shirley Russell,False,Costume Design,reds,18254.0,Reds,6.861,292.0,Released,1981-12-25,40382659.0,195.0,False,35000000.0,tt0082979,en,Reds,11.309,"Drama, History, Romance","JRS Productions, Barclays Mercantile Industrial Finance, Paramount",United States of America,"English, Finnish, French, German, Italian, Russian",1981.0,reds,both
1983,Film | Costume Design in 1983,Reds,Shirley Russell,False,Costume Design,reds,210835.0,Red (S),0.0,0.0,Released,2010-05-08,0.0,3.0,False,0.0,,en,Red (S),0.656,"Animation, Fantasy, Romance",,,,2010.0,reds,both
1983,Film | Direction in 1983,Gandhi,Richard Attenborough,True,Direction,gandhi,783.0,Gandhi,7.543,2110.0,Released,1982-11-30,77737889.0,191.0,False,22000000.0,tt0083987,en,Gandhi,15.878,"Drama, History","Goldcrest, Indo-British, International Film Investors, National Film Development Corporation of India, Columbia Pictures","India, United Kingdom","English, Hindi",1982.0,gandhi,both
1983,Film | Direction in 1983,ET: The Extra-Terrestrial,Steven Spielberg,False,Direction,ettheextraterrestrial,601.0,E.T. the Extra-Terrestrial,7.512,10467.0,Released,1982-06-11,792965500.0,115.0,False,10500000.0,tt0083866,en,E.T. the Extra-Terrestrial,50.334,"Science Fiction, Adventure, Family, Fantasy","Universal Pictures, Amblin Entertainment",United States of America,English,1982.0,ettheextraterrestrial,both
1983,Film | Direction in 1983,Missing,Costa-Gavras,False,Direction,missing,768362.0,Missing,7.531,707.0,Released,2023-01-19,45100756.0,111.0,False,7000000.0,tt10855768,en,Missing,27.68,"Thriller, Mystery","Stage 6 Films, Search Party, Bazelevs Entertainment, Screen Gems",United States of America,"English, Spanish",2023.0,missing,both
1983,Film | Direction in 1983,Missing,Costa-Gavras,False,Direction,missing,593893.0,MISS(ING),0.0,0.0,Released,2018-09-21,0.0,21.0,False,1500.0,tt9038288,es,MISS(ING),0.6,"Thriller, Drama",,Peru,Spanish,2018.0,missing,both
1983,Film | Direction in 1983,Missing,Costa-Gavras,False,Direction,missing,1088423.0,MISSING,0.0,0.0,Released,2019-11-16,0.0,3.0,False,0.0,,en,MISSING,0.6,"Horror, Thriller",,United States of America,English,2019.0,missing,both
1983,Film | Direction in 1983,On Golden Pond,Mark Rydell,False,Direction,ongoldenpond,11816.0,On Golden Pond,7.268,413.0,Released,1981-12-01,119285432.0,109.0,False,15000000.0,tt0082846,en,On Golden Pond,15.088,"Drama, Romance","Universal Pictures, IPC Films, ITC Entertainment",United States of America,English,1981.0,ongoldenpond,both
1983,Film | Fellowship in 1983,Richard Attenborough,,True,Fellowship,richardattenborough,,,,,,,,,,,,,,,,,,,,,left_only
1983,Film | Film in 1983,Gandhi,Richard Attenborough,True,Film,gandhi,783.0,Gandhi,7.543,2110.0,Released,1982-11-30,77737889.0,191.0,False,22000000.0,tt0083987,en,Gandhi,15.878,"Drama, History","Goldcrest, Indo-British, International Film Investors, National Film Development Corporation of India, Columbia Pictures","India, United Kingdom","English, Hindi",1982.0,gandhi,both
1983,Film | Film in 1983,ET: The Extra-Terrestrial,"Steven Spielberg, Kathleen Kennedy",False,Film,ettheextraterrestrial,601.0,E.T. the Extra-Terrestrial,7.512,10467.0,Released,1982-06-11,792965500.0,115.0,False,10500000.0,tt0083866,en,E.T. the Extra-Terrestrial,50.334,"Science Fiction, Adventure, Family, Fantasy","Universal Pictures, Amblin Entertainment",United States of America,English,1982.0,ettheextraterrestrial,both
1983,Film | Film in 1983,Missing,"Edward Lewis, Mildred Lewis",False,Film,missing,768362.0,Missing,7.531,707.0,Released,2023-01-19,45100756.0,111.0,False,7000000.0,tt10855768,en,Missing,27.68,"Thriller, Mystery","Stage 6 Films, Search Party, Bazelevs Entertainment, Screen Gems",United States of America,"English, Spanish",2023.0,missing,both
1983,Film | Film in 1983,Missing,"Edward Lewis, Mildred Lewis",False,Film,missing,593893.0,MISS(ING),0.0,0.0,Released,2018-09-21,0.0,21.0,False,1500.0,tt9038288,es,MISS(ING),0.6,"Thriller, Drama",,Peru,Spanish,2018.0,missing,both
1983,Film | Film in 1983,Missing,"Edward Lewis, Mildred Lewis",False,Film,missing,1088423.0,MISSING,0.0,0.0,Released,2019-11-16,0.0,3.0,False,0.0,,en,MISSING,0.6,"Horror, Thriller",,United States of America,English,2019.0,missing,both
1983,Film | Film in 1983,On Golden Pond,Bruce Gilbert,False,Film,ongoldenpond,11816.0,On Golden Pond,7.268,413.0,Released,1981-12-01,119285432.0,109.0,False,15000000.0,tt0082846,en,On Golden Pond,15.088,"Drama, Romance","Universal Pictures, IPC Films, ITC Entertainment",United States of America,English,1981.0,ongoldenpond,both
1983,Film | Film Editing in 1983,Missing,Françoise Bonnot,True,Film Editing,missing,768362.0,Missing,7.531,707.0,Released,2023-01-19,45100756.0,111.0,False,7000000.0,tt10855768,en,Missing,27.68,"Thriller, Mystery","Stage 6 Films, Search Party, Bazelevs Entertainment, Screen Gems",United States of America,"English, Spanish",2023.0,missing,both
1983,Film | Film Editing in 1983,Missing,Françoise Bonnot,True,Film Editing,missing,593893.0,MISS(ING),0.0,0.0,Released,2018-09-21,0.0,21.0,False,1500.0,tt9038288,es,MISS(ING),0.6,"Thriller, Drama",,Peru,Spanish,2018.0,missing,both
1983,Film | Film Editing in 1983,Missing,Françoise Bonnot,True,Film Editing,missing,1088423.0,MISSING,0.0,0.0,Released,2019-11-16,0.0,3.0,False,0.0,,en,MISSING,0.6,"Horror, Thriller",,United States of America,English,2019.0,missing,both
1983,Film | Film Editing in 1983,Blade Runner,Terry Rawlings,False,Film Editing,bladerunner,78.0,Blade Runner,7.931,12770.0,Released,1982-06-25,41722424.0,118.0,False,28000000.0,tt0083658,en,Blade Runner,56.798,"Science Fiction, Drama, Thriller","Shaw Brothers, The Ladd Company, Warner Bros. Pictures","United States of America, Hong Kong, United Kingdom","English, German, Cantonese, Japanese, Hungarian",1982.0,bladerunner,both
1983,Film | Film Editing in 1983,ET: The Extra-Terrestrial,Carol Littleton,False,Film Editing,ettheextraterrestrial,601.0,E.T. the Extra-Terrestrial,7.512,10467.0,Released,1982-06-11,792965500.0,115.0,False,10500000.0,tt0083866,en,E.T. the Extra-Terrestrial,50.334,"Science Fiction, Adventure, Family, Fantasy","Universal Pictures, Amblin Entertainment",United States of America,English,1982.0,ettheextraterrestrial,both
1983,Film | Film Editing in 1983,Gandhi,John Bloom,False,Film Editing,gandhi,783.0,Gandhi,7.543,2110.0,Released,1982-11-30,77737889.0,191.0,False,22000000.0,tt0083987,en,Gandhi,15.878,"Drama, History","Goldcrest, Indo-British, International Film Investors, National Film Development Corporation of India, Columbia Pictures","India, United Kingdom","English, Hindi",1982.0,gandhi,both
1983,Film | Foreign Language Film in 1983,Christ Stopped At Eboli (Cristo Si È Fermato A Eboli),Francesco Rosi,True,Foreign Language Film,christstoppedatebolicristosièfermatoaeboli,,,,,,,,,,,,,,,,,,,,,left_only
1983,Film | Foreign Language Film in 1983,The Boat (Das Boot),Wolfgang Petersen,False,Foreign Language Film,theboatdasboot,,,,,,,,,,,,,,,,,,,,,left_only
1983,Film | Foreign Language Film in 1983,Diva,Jean-Jacques Beineix,False,Foreign Language Film,diva,4485.0,Diva,6.753,198.0,Released,1981-03-11,0.0,117.0,False,0.0,tt0082269,fr,Diva,10.903,"Action, Drama, Thriller","France 2, Greenwich Film Production, Les Films Galaxie",France,"English, French, Italian",1981.0,diva,both
1983,Film | Foreign Language Film in 1983,Diva,Jean-Jacques Beineix,False,Foreign Language Film,diva,478078.0,Diva!,8.2,4.0,Released,2017-09-01,0.0,75.0,False,0.0,tt7583410,it,Diva!,2.749,Documentary,"Fenix Entertainment, DO Consulting & Production, Casta Diva Pictures",Italy,Italian,2017.0,diva,both
1983,Film | Foreign Language Film in 1983,Diva,Jean-Jacques Beineix,False,Foreign Language Film,diva,1110613.0,D-Iva,0.0,0.0,Released,2021-09-28,0.0,15.0,False,0.0,,fr,D-Iva,0.6,"Drama, Music, Comedy","Les films du tonnerre, Giggling Goat Production","France, Montenegro",No Language,2021.0,diva,both
1983,Film | Foreign Language Film in 1983,Fitzcarraldo,Werner Herzog,False,Foreign Language Film,fitzcarraldo,9343.0,Fitzcarraldo,7.628,653.0,Released,1982-03-02,0.0,157.0,False,7362000.0,tt0083946,de,Fitzcarraldo,10.045,"Drama, Adventure","Werner Herzog Filmproduktion, Pro-ject Filmproduktion, ZDF, Wildlife Films Peru, Filmverlag der Autoren","Germany, Peru","English, German, Italian, Spanish",1982.0,fitzcarraldo,both
1983,Film | Make-Up Artist in 1983,"Sarah Monzani, Christopher Tucker, Michelle Burke",Quest For Fire,True,Make-Up Artist,sarahmonzanichristophertuckermichelleburke,,,,,,,,,,,,,,,,,,,,,left_only
1983,Film | Make-Up Artist in 1983,Marvin G Westmore,Blade Runner,False,Make-Up Artist,marvingwestmore,,,,,,,,,,,,,,,,,,,,,left_only
1983,Film | Make-Up Artist in 1983,Robert Sidell,ET: The Extra-Terrestrial,False,Make-Up Artist,robertsidell,,,,,,,,,,,,,,,,,,,,,left_only
1983,Film | Make-Up Artist in 1983,Tom Smith,Gandhi,False,Make-Up Artist,tomsmith,,,,,,,,,,,,,,,,,,,,,left_only
1983,Film | Most Promising Newcomer To Leading Film Roles in 1983,Gandhi,Ben Kingsley,True,Most Promising Newcomer To Leading Film Roles,gandhi,783.0,Gandhi,7.543,2110.0,Released,1982-11-30,77737889.0,191.0,False,22000000.0,tt0083987,en,Gandhi,15.878,"Drama, History","Goldcrest, Indo-British, International Film Investors, National Film Development Corporation of India, Columbia Pictures","India, United Kingdom","English, Hindi",1982.0,gandhi,both
1983,Film | Most Promising Newcomer To Leading Film Roles in 1983,ET: The Extra-Terrestrial,Drew Barrymore,False,Most Promising Newcomer To Leading Film Roles,ettheextraterrestrial,601.0,E.T. the Extra-Terrestrial,7.512,10467.0,Released,1982-06-11,792965500.0,115.0,False,10500000.0,tt0083866,en,E.T. the Extra-Terrestrial,50.334,"Science Fiction, Adventure, Family, Fantasy","Universal Pictures, Amblin Entertainment",United States of America,English,1982.0,ettheextraterrestrial,both
1983,Film | Most Promising Newcomer To Leading Film Roles in 1983,ET: The Extra-Terrestrial,Henry Thomas,False,Most Promising Newcomer To Leading Film Roles,ettheextraterrestrial,601.0,E.T. the Extra-Terrestrial,7.512,10467.0,Released,1982-06-11,792965500.0,115.0,False,10500000.0,tt0083866,en,E.T. the Extra-Terrestrial,50.334,"Science Fiction, Adventure, Family, Fantasy","Universal Pictures, Amblin Entertainment",United States of America,English,1982.0,ettheextraterrestrial,both
1983,Film | Most Promising Newcomer To Leading Film Roles in 1983,Body Heat,Kathleen Turner,False,Most Promising Newcomer To Leading Film Roles,bodyheat,14412.0,Body Heat,7.024,509.0,Released,1981-08-28,24058838.0,113.0,False,9000000.0,tt0082089,en,Body Heat,20.117,"Crime, Thriller, Romance",The Ladd Company,United States of America,English,1981.0,bodyheat,both
1983,Film | Original Song Written for a Film in 1983,Pink Floyd The Wall (Another Brick In The Wall),Roger Waters,True,Original Song Written for a Film,pinkfloydthewallanotherbrickinthewall,,,,,,,,,,,,,,,,,,,,,left_only
1983,Film | Original Song Written for a Film in 1983,Rocky III (Eye Of The Tiger),"Jim Peterlike, Frank Sullivan",False,Original Song Written for a Film,rockyiiieyeofthetiger,,,,,,,,,,,,,,,,,,,,,left_only
1983,Film | Original Song Written for a Film in 1983,Ragtime (One More Hour),Randy Newman,False,Original Song Written for a Film,ragtimeonemorehour,,,,,,,,,,,,,,,,,,,,,left_only
1983,Film | Original Song Written for a Film in 1983,Annie (Tomorrow),"Charles Strouse, Martin Charnin",False,Original Song Written for a Film,annietomorrow,,,,,,,,,,,,,,,,,,,,,left_only
1983,Film | Outstanding British Contribution To Cinema in 1983,Arthur Wooster,,True,Outstanding British Contribution To Cinema,arthurwooster,,,,,,,,,,,,,,,,,,,,,left_only
1983,Film | Production Design in 1983,Blade Runner,Lawrence G Paull,True,Production Design,bladerunner,78.0,Blade Runner,7.931,12770.0,Released,1982-06-25,41722424.0,118.0,False,28000000.0,tt0083658,en,Blade Runner,56.798,"Science Fiction, Drama, Thriller","Shaw Brothers, The Ladd Company, Warner Bros. Pictures","United States of America, Hong Kong, United Kingdom","English, German, Cantonese, Japanese, Hungarian",1982.0,bladerunner,both
1983,Film | Production Design in 1983,ET: The Extra-Terrestrial,James D Bissell,False,Production Design,ettheextraterrestrial,601.0,E.T. the Extra-Terrestrial,7.512,10467.0,Released,1982-06-11,792965500.0,115.0,False,10500000.0,tt0083866,en,E.T. the Extra-Terrestrial,50.334,"Science Fiction, Adventure, Family, Fantasy","Universal Pictures, Amblin Entertainment",United States of America,English,1982.0,ettheextraterrestrial,both
1983,Film | Production Design in 1983,Gandhi,Stuart Craig,False,Production Design,gandhi,783.0,Gandhi,7.543,2110.0,Released,1982-11-30,77737889.0,191.0,False,22000000.0,tt0083987,en,Gandhi,15.878,"Drama, History","Goldcrest, Indo-British, International Film Investors, National Film Development Corporation of India, Columbia Pictures","India, United Kingdom","English, Hindi",1982.0,gandhi,both
1983,Film | Production Design in 1983,Reds,Richard Sylbert,False,Production Design,reds,18254.0,Reds,6.861,292.0,Released,1981-12-25,40382659.0,195.0,False,35000000.0,tt0082979,en,Reds,11.309,"Drama, History, Romance","JRS Productions, Barclays Mercantile Industrial Finance, Paramount",United States of America,"English, Finnish, French, German, Italian, Russian",1981.0,reds,both
1983,Film | Production Design in 1983,Reds,Richard Sylbert,False,Production Design,reds,210835.0,Red (S),0.0,0.0,Released,2010-05-08,0.0,3.0,False,0.0,,en,Red (S),0.656,"Animation, Fantasy, Romance",,,,2010.0,reds,both
1983,"Film | Robert Flaherty Award (Feature Length Film, Documentary In Content) in 1983",Burden Of Dreams,Les Blank,True,"Robert Flaherty Award (Feature Length Film, Documentary In Content)",burdenofdreams,42124.0,Burden of Dreams,7.62,116.0,Released,1982-10-01,0.0,97.0,False,0.0,tt0083702,en,Burden of Dreams,6.269,Documentary,"Flower Films, José Koechlin von Stein","Peru, United States of America","English, German, Portuguese, Spanish",1982.0,burdenofdreams,both
1983,"Film | Robert Flaherty Award (Feature Length Film, Documentary In Content) in 1983",The Atomic Café,"Kevin Rafferty, Jayne Loader, Pierce Rafferty",False,"Robert Flaherty Award (Feature Length Film, Documentary In Content)",theatomiccafé,,,,,,,,,,,,,,,,,,,,,left_only
1983,"Film | Robert Flaherty Award (Feature Length Film, Documentary In Content) in 1983",Not A Love Story,Bonnie Sherr Klein,False,"Robert Flaherty Award (Feature Length Film, Documentary In Content)",notalovestory,73242.0,Not a Love Story,5.1,8.0,Released,2011-08-19,0.0,104.0,False,0.0,tt1999935,hi,नॉट ए लव स्टोरी,2.287,"Crime, Drama, Thriller","Bohra Bros Productions, Paramhans Creations, Shreya Productions",India,Hindi,2011.0,notalovestory,both
1983,"Film | Robert Flaherty Award (Feature Length Film, Documentary In Content) in 1983",Not A Love Story,Bonnie Sherr Klein,False,"Robert Flaherty Award (Feature Length Film, Documentary In Content)",notalovestory,403244.0,Not a Lovestory,0.0,0.0,Released,2004-01-01,0.0,0.0,False,0.0,tt0756696,de,Not a Lovestory,0.6,Drama,,"United States of America, Germany",,2004.0,notalovestory,both
1983,"Film | Robert Flaherty Award (Feature Length Film, Documentary In Content) in 1983",The Weavers: Wasn't That A Time,Jim Brown,False,"Robert Flaherty Award (Feature Length Film, Documentary In Content)",theweaverswasntthatatime,267669.0,The Weavers: Wasn't That a Time,7.2,4.0,Released,1982-03-07,0.0,78.0,False,0.0,tt0084894,en,The Weavers: Wasn't That a Time,1.058,"Documentary, Music",United Artists,United States of America,English,1982.0,theweaverswasntthatatime,both
1983,Film | Score for a Film in 1983,ET: The Extra-Terrestrial,John Williams,True,Score for a Film,ettheextraterrestrial,601.0,E.T. the Extra-Terrestrial,7.512,10467.0,Released,1982-06-11,792965500.0,115.0,False,10500000.0,tt0083866,en,E.T. the Extra-Terrestrial,50.334,"Science Fiction, Adventure, Family, Fantasy","Universal Pictures, Amblin Entertainment",United States of America,English,1982.0,ettheextraterrestrial,both
1983,Film | Score for a Film in 1983,Blade Runner,Vangelis Papathanassiou,False,Score for a Film,bladerunner,78.0,Blade Runner,7.931,12770.0,Released,1982-06-25,41722424.0,118.0,False,28000000.0,tt0083658,en,Blade Runner,56.798,"Science Fiction, Drama, Thriller","Shaw Brothers, The Ladd Company, Warner Bros. Pictures","United States of America, Hong Kong, United Kingdom","English, German, Cantonese, Japanese, Hungarian",1982.0,bladerunner,both
1983,Film | Score for a Film in 1983,Gandhi,"Ravi Shankar, George Fenton",False,Score for a Film,gandhi,783.0,Gandhi,7.543,2110.0,Released,1982-11-30,77737889.0,191.0,False,22000000.0,tt0083987,en,Gandhi,15.878,"Drama, History","Goldcrest, Indo-British, International Film Investors, National Film Development Corporation of India, Columbia Pictures","India, United Kingdom","English, Hindi",1982.0,gandhi,both
1983,Film | Score for a Film in 1983,Missing,Vangelis Papathanassiou,False,Score for a Film,missing,768362.0,Missing,7.531,707.0,Released,2023-01-19,45100756.0,111.0,False,7000000.0,tt10855768,en,Missing,27.68,"Thriller, Mystery","Stage 6 Films, Search Party, Bazelevs Entertainment, Screen Gems",United States of America,"English, Spanish",2023.0,missing,both
1983,Film | Score for a Film in 1983,Missing,Vangelis Papathanassiou,False,Score for a Film,missing,593893.0,MISS(ING),0.0,0.0,Released,2018-09-21,0.0,21.0,False,1500.0,tt9038288,es,MISS(ING),0.6,"Thriller, Drama",,Peru,Spanish,2018.0,missing,both
1983,Film | Score for a Film in 1983,Missing,Vangelis Papathanassiou,False,Score for a Film,missing,1088423.0,MISSING,0.0,0.0,Released,2019-11-16,0.0,3.0,False,0.0,,en,MISSING,0.6,"Horror, Thriller",,United States of America,English,2019.0,missing,both
1983,Film | Screenplay in 1983,Missing,"Costa-Gavras, Donald Stewart",True,Screenplay,missing,768362.0,Missing,7.531,707.0,Released,2023-01-19,45100756.0,111.0,False,7000000.0,tt10855768,en,Missing,27.68,"Thriller, Mystery","Stage 6 Films, Search Party, Bazelevs Entertainment, Screen Gems",United States of America,"English, Spanish",2023.0,missing,both
1983,Film | Screenplay in 1983,Missing,"Costa-Gavras, Donald Stewart",True,Screenplay,missing,593893.0,MISS(ING),0.0,0.0,Released,2018-09-21,0.0,21.0,False,1500.0,tt9038288,es,MISS(ING),0.6,"Thriller, Drama",,Peru,Spanish,2018.0,missing,both
1983,Film | Screenplay in 1983,Missing,"Costa-Gavras, Donald Stewart",True,Screenplay,missing,1088423.0,MISSING,0.0,0.0,Released,2019-11-16,0.0,3.0,False,0.0,,en,MISSING,0.6,"Horror, Thriller",,United States of America,English,2019.0,missing,both
1983,Film | Screenplay in 1983,ET: The Extra-Terrestrial,Melissa Mathison,False,Screenplay,ettheextraterrestrial,601.0,E.T. the Extra-Terrestrial,7.512,10467.0,Released,1982-06-11,792965500.0,115.0,False,10500000.0,tt0083866,en,E.T. the Extra-Terrestrial,50.334,"Science Fiction, Adventure, Family, Fantasy","Universal Pictures, Amblin Entertainment",United States of America,English,1982.0,ettheextraterrestrial,both
1983,Film | Screenplay in 1983,Gandhi,John Briley,False,Screenplay,gandhi,783.0,Gandhi,7.543,2110.0,Released,1982-11-30,77737889.0,191.0,False,22000000.0,tt0083987,en,Gandhi,15.878,"Drama, History","Goldcrest, Indo-British, International Film Investors, National Film Development Corporation of India, Columbia Pictures","India, United Kingdom","English, Hindi",1982.0,gandhi,both
1983,Film | Screenplay in 1983,On Golden Pond,Ernest Thompson,False,Screenplay,ongoldenpond,11816.0,On Golden Pond,7.268,413.0,Released,1981-12-01,119285432.0,109.0,False,15000000.0,tt0082846,en,On Golden Pond,15.088,"Drama, Romance","Universal Pictures, IPC Films, ITC Entertainment",United States of America,English,1981.0,ongoldenpond,both
1983,Film | Short Animation in 1983,Dreamland Express,David Anderson,True,Short Animation,dreamlandexpress,573534.0,Dream Land Express,0.0,0.0,Released,1982-04-07,0.0,14.0,False,0.0,tt0215729,en,Dream Land Express,0.6,"Animation, Fantasy, Mystery, Horror",,United Kingdom,English,1982.0,dreamlandexpress,both
1983,Film | Short Animation in 1983,Some Of Your Bits Ain't Nice,Richard Taylor,False,Short Animation,someofyourbitsaintnice,800518.0,Some of Your Bits Ain't Nice!,0.0,0.0,Released,1982-01-01,0.0,10.0,False,0.0,tt0216222,en,Some of Your Bits Ain't Nice!,0.6,Animation,"London Scientific Films, Richard Taylor Cartoon Films",United Kingdom,English,1982.0,someofyourbitsaintnice,both
1983,Film | Short Animation in 1983,Sound Collector,Lynn Smith,False,Short Animation,soundcollector,,,,,,,,,,,,,,,,,,,,,left_only
1983,Film | Short Film in 1983,The Privilege,Ian Knox,True,Short Film,theprivilege,926980.0,The Privilege,5.092,223.0,Released,2022-02-09,0.0,107.0,False,0.0,tt14637290,de,Das Privileg - Die Auserwählten,10.073,Horror,Bavaria Fiction,Germany,German,2022.0,theprivilege,both
1983,Film | Short Film in 1983,Rating Notman,Carlo Gebler,False,Short Film,ratingnotman,954413.0,Rating Notman,7.0,2.0,Released,1982-04-28,0.0,27.0,False,0.0,,en,Rating Notman,0.6,Drama,Octagon Films,United Kingdom,English,1982.0,ratingnotman,both
1983,Film | Short Film in 1983,The Rocking Horse Winner,Robert Bierman,False,Short Film,therockinghorsewinner,,,,,,,,,,,,,,,,,,,,,left_only
1983,Film | Short Film in 1983,A Shocking Accident,James Scott,False,Short Film,ashockingaccident,244404.0,A Shocking Accident,6.5,4.0,Released,1982-10-01,0.0,25.0,False,0.0,tt0084672,en,A Shocking Accident,1.03,"Comedy, Romance","Flamingo Films Ltd., Virgin Films",United Kingdom,English,1982.0,ashockingaccident,both
1983,Film | Sound in 1983,Pink Floyd The Wall,"James Guthrie, Eddy Joseph, Clive Winter, Graham Hartstone, Nicolas Le Messurier",True,Sound,pinkfloydthewall,12104.0,Pink Floyd: The Wall,7.986,1349.0,Released,1982-07-14,22244207.0,95.0,False,12000000.0,tt0084503,en,Pink Floyd: The Wall,13.293,"Music, Drama","Goldcrest, Tin Blue, Metro-Goldwyn-Mayer",United Kingdom,English,1982.0,pinkfloydthewall,both
1983,Film | Sound in 1983,Pink Floyd The Wall,"James Guthrie, Eddy Joseph, Clive Winter, Graham Hartstone, Nicolas Le Messurier",True,Sound,pinkfloydthewall,47024.0,Pink Floyd - The Wall,6.8,3.0,Released,2012-02-27,0.0,0.0,False,0.0,,en,Pink Floyd - The Wall,2.104,"Music, Documentary",,,,2012.0,pinkfloydthewall,both
1983,Film | Sound in 1983,Blade Runner,"Peter Pennell, Bud Alper, Graham Hartstone, Gerry Humphreys",False,Sound,bladerunner,78.0,Blade Runner,7.931,12770.0,Released,1982-06-25,41722424.0,118.0,False,28000000.0,tt0083658,en,Blade Runner,56.798,"Science Fiction, Drama, Thriller","Shaw Brothers, The Ladd Company, Warner Bros. Pictures","United States of America, Hong Kong, United Kingdom","English, German, Cantonese, Japanese, Hungarian",1982.0,bladerunner,both
1983,Film | Sound in 1983,ET: The Extra-Terrestrial,"Charles L Campbell, Gene Cantamessa, Buzz Knudson, Robert Glass, Don Digirolamo",False,Sound,ettheextraterrestrial,601.0,E.T. the Extra-Terrestrial,7.512,10467.0,Released,1982-06-11,792965500.0,115.0,False,10500000.0,tt0083866,en,E.T. the Extra-Terrestrial,50.334,"Science Fiction, Adventure, Family, Fantasy","Universal Pictures, Amblin Entertainment",United States of America,English,1982.0,ettheextraterrestrial,both
1983,Film | Sound in 1983,Gandhi,"Jonathan Bates, Simon Kaye, Gerry Humphreys, Robin O'Donoghue",False,Sound,gandhi,783.0,Gandhi,7.543,2110.0,Released,1982-11-30,77737889.0,191.0,False,22000000.0,tt0083987,en,Gandhi,15.878,"Drama, History","Goldcrest, Indo-British, International Film Investors, National Film Development Corporation of India, Columbia Pictures","India, United Kingdom","English, Hindi",1982.0,gandhi,both
1983,Film | Special Visual Effects in 1983,Poltergeist,Richard Edlund,True,Special Visual Effects,poltergeist,609.0,Poltergeist,7.143,2686.0,Released,1982-06-04,122200000.0,114.0,False,10700000.0,tt0084516,en,Poltergeist,27.038,Horror,"SLM Production Group, Metro-Goldwyn-Mayer",United States of America,English,1982.0,poltergeist,both
1983,Film | Special Visual Effects in 1983,Blade Runner,"Douglas Trumball, Richard Yuricich, David Dryer",False,Special Visual Effects,bladerunner,78.0,Blade Runner,7.931,12770.0,Released,1982-06-25,41722424.0,118.0,False,28000000.0,tt0083658,en,Blade Runner,56.798,"Science Fiction, Drama, Thriller","Shaw Brothers, The Ladd Company, Warner Bros. Pictures","United States of America, Hong Kong, United Kingdom","English, German, Cantonese, Japanese, Hungarian",1982.0,bladerunner,both
1983,Film | Special Visual Effects in 1983,ET: The Extra-Terrestrial,"Dennis Muren, Carlo Rambaldi",False,Special Visual Effects,ettheextraterrestrial,601.0,E.T. the Extra-Terrestrial,7.512,10467.0,Released,1982-06-11,792965500.0,115.0,False,10500000.0,tt0083866,en,E.T. the Extra-Terrestrial,50.334,"Science Fiction, Adventure, Family, Fantasy","Universal Pictures, Amblin Entertainment",United States of America,English,1982.0,ettheextraterrestrial,both
1983,Film | Special Visual Effects in 1983,Tron,"Richard Taylor, Harrison Ellenshaw",False,Special Visual Effects,tron,97.0,Tron,6.668,2066.0,Released,1982-07-09,33000000.0,96.0,False,17000000.0,tt0084827,en,Tron,22.842,"Science Fiction, Action, Adventure","Lisberger/Kushner Productions, Walt Disney Productions",United States of America,English,1982.0,tron,both
1983,Film | Supporting Actor in 1983,Jack Nicholson,Reds,True,Supporting Actor,jacknicholson,,,,,,,,,,,,,,,,,,,,,left_only
1983,Film | Supporting Actor in 1983,Frank Finlay,The Return Of The Soldier,False,Supporting Actor,frankfinlay,,,,,,,,,,,,,,,,,,,,,left_only
1983,Film | Supporting Actor in 1983,Edward Fox,Gandhi,False,Supporting Actor,edwardfox,,,,,,,,,,,,,,,,,,,,,left_only
1983,Film | Supporting Actor in 1983,Roshan Seth,Gandhi,False,Supporting Actor,roshanseth,,,,,,,,,,,,,,,,,,,,,left_only
1983,Film | Supporting Actress in 1983,Rohini Hattangadi,Gandhi,True,Supporting Actress,rohinihattangadi,,,,,,,,,,,,,,,,,,,,,left_only
1983,Film | Supporting Actress in 1983,Maureen Stapleton,Reds,True,Supporting Actress,maureenstapleton,,,,,,,,,,,,,,,,,,,,,left_only
1983,Film | Supporting Actress in 1983,Candice Bergen,Gandhi,False,Supporting Actress,candicebergen,,,,,,,,,,,,,,,,,,,,,left_only
1983,Film | Supporting Actress in 1983,Jane Fonda,On Golden Pond,False,Supporting Actress,janefonda,,,,,,,,,,,,,,,,,,,,,left_only
1984,Film | Actor in 1984,Michael Caine,Educating Rita,True,Actor,michaelcaine,,,,,,,,,,,,,,,,,,,,,left_only
1984,Film | Actor in 1984,Dustin Hoffman,Tootsie,True,Actor,dustinhoffman,,,,,,,,,,,,,,,,,,,,,left_only
1984,Film | Actor in 1984,Michael Caine,The Honorary Consul,False,Actor,michaelcaine,,,,,,,,,,,,,,,,,,,,,left_only
1984,Film | Actor in 1984,Robert De Niro,The King Of Comedy,False,Actor,robertdeniro,,,,,,,,,,,,,,,,,,,,,left_only
1984,Film | Actress in 1984,Julie Walters,Educating Rita,True,Actress,juliewalters,,,,,,,,,,,,,,,,,,,,,left_only
1984,Film | Actress in 1984,Jessica Lange,Tootsie,False,Actress,jessicalange,,,,,,,,,,,,,,,,,,,,,left_only
1984,Film | Actress in 1984,Phyllis Logan,"Another Time, Another Place",False,Actress,phyllislogan,,,,,,,,,,,,,,,,,,,,,left_only
1984,Film | Actress in 1984,Meryl Streep,Sophie's Choice,False,Actress,merylstreep,,,,,,,,,,,,,,,,,,,,,left_only
1984,Film | Adapted Screenplay in 1984,Heat And Dust,Ruth Prawer Jhabvala,True,Adapted Screenplay,heatanddust,67794.0,Heat and Dust,6.1,30.0,Released,1983-01-01,0.0,133.0,False,0.0,tt0084058,en,Heat and Dust,6.96,"Drama, Romance",Merchant Ivory Productions,United Kingdom,"Hindi, English, Urdu",1983.0,heatanddust,both
1984,Film | Adapted Screenplay in 1984,Betrayal,Harold Pinter,False,Adapted Screenplay,betrayal,123380.0,Betrayal,6.5,33.0,Released,2012-08-30,0.0,115.0,False,0.0,tt2299954,ru,Измена,5.501,Drama,"Studio SLON, Ministry of Culture of the Russian Federation",Russia,Russian,2012.0,betrayal,both
1984,Film | Adapted Screenplay in 1984,Educating Rita,Willy Russell,False,Adapted Screenplay,educatingrita,38291.0,Educating Rita,6.798,156.0,Released,1983-06-16,0.0,110.0,False,0.0,tt0085478,en,Educating Rita,11.786,"Drama, Comedy","Acorn Pictures, Columbia Pictures",United Kingdom,English,1983.0,educatingrita,both
1984,Film | Adapted Screenplay in 1984,Tootsie,"Larry Gelbart, Murray Schisgal",False,Adapted Screenplay,tootsie,9576.0,Tootsie,7.202,1590.0,Released,1982-12-17,177200000.0,116.0,False,21000000.0,tt0084805,en,Tootsie,19.232,"Comedy, Romance","Mirage Enterprises, Punch Productions, Delphi Films, Columbia Pictures",United States of America,English,1982.0,tootsie,both
1984,Film | Cinematography in 1984,Fanny And Alexander,Sven Nykvist,True,Cinematography,fannyandalexander,5961.0,Fanny and Alexander,7.8,693.0,Released,1982-12-17,6795771.0,188.0,False,6000000.0,tt0083922,sv,Fanny och Alexander,11.207,"Fantasy, Drama, Mystery","Cinematograph AB, Svenska Filminstitutet, SVT, Gaumont, Personafilm, Tobis","Sweden, Germany, France","English, German, Swedish, Yiddish",1982.0,fannyandalexander,both
1984,Film | Cinematography in 1984,Heat And Dust,Walter Lassally,False,Cinematography,heatanddust,67794.0,Heat and Dust,6.1,30.0,Released,1983-01-01,0.0,133.0,False,0.0,tt0084058,en,Heat and Dust,6.96,"Drama, Romance",Merchant Ivory Productions,United Kingdom,"Hindi, English, Urdu",1983.0,heatanddust,both
1984,Film | Cinematography in 1984,Local Hero,Chris Menges,False,Cinematography,localhero,11235.0,Local Hero,6.689,304.0,Released,1983-02-17,0.0,111.0,False,0.0,tt0085859,en,Local Hero,11.194,"Comedy, Drama","Enigma Productions, Goldcrest, Film4 Productions, Celandine Films",United Kingdom,"English, Japanese, Russian",1983.0,localhero,both
1984,Film | Cinematography in 1984,Zelig,Gordon Willis,False,Cinematography,zelig,11030.0,Zelig,7.458,774.0,Released,1983-07-15,11798616.0,79.0,False,0.0,tt0086637,en,Zelig,8.647,Comedy,Orion Pictures,United States of America,"English, German",1983.0,zelig,both
1984,Film | Costume Design in 1984,La Traviata,Piero Tosi,True,Costume Design,latraviata,48561.0,La traviata,7.119,21.0,Released,1982-10-07,0.0,109.0,False,0.0,tt0084821,it,La traviata,4.194,"Drama, Music",Deutsche Grammophon,Italy,Italian,1982.0,latraviata,both
1984,Film | Costume Design in 1984,La Traviata,Piero Tosi,True,Costume Design,latraviata,425651.0,La Traviata,5.5,2.0,Released,2020-01-06,0.0,141.0,False,0.0,tt6954298,en,La Traviata,1.337,Music,Teatro dell'Opera di Roma,Italy,Italian,2020.0,latraviata,both
1984,Film | Costume Design in 1984,Fanny And Alexander,Marik Vos,False,Costume Design,fannyandalexander,5961.0,Fanny and Alexander,7.8,693.0,Released,1982-12-17,6795771.0,188.0,False,6000000.0,tt0083922,sv,Fanny och Alexander,11.207,"Fantasy, Drama, Mystery","Cinematograph AB, Svenska Filminstitutet, SVT, Gaumont, Personafilm, Tobis","Sweden, Germany, France","English, German, Swedish, Yiddish",1982.0,fannyandalexander,both
1984,Film | Costume Design in 1984,Heat And Dust,Barbara Lane,False,Costume Design,heatanddust,67794.0,Heat and Dust,6.1,30.0,Released,1983-01-01,0.0,133.0,False,0.0,tt0084058,en,Heat and Dust,6.96,"Drama, Romance",Merchant Ivory Productions,United Kingdom,"Hindi, English, Urdu",1983.0,heatanddust,both
1984,Film | Costume Design in 1984,Tootsie,Ruth Morley,False,Costume Design,tootsie,9576.0,Tootsie,7.202,1590.0,Released,1982-12-17,177200000.0,116.0,False,21000000.0,tt0084805,en,Tootsie,19.232,"Comedy, Romance","Mirage Enterprises, Punch Productions, Delphi Films, Columbia Pictures",United States of America,English,1982.0,tootsie,both
1984,Film | Direction in 1984,Local Hero,Bill Forsyth,True,Direction,localhero,11235.0,Local Hero,6.689,304.0,Released,1983-02-17,0.0,111.0,False,0.0,tt0085859,en,Local Hero,11.194,"Comedy, Drama","Enigma Productions, Goldcrest, Film4 Productions, Celandine Films",United Kingdom,"English, Japanese, Russian",1983.0,localhero,both
1984,Film | Direction in 1984,Heat And Dust,James Ivory,False,Direction,heatanddust,67794.0,Heat and Dust,6.1,30.0,Released,1983-01-01,0.0,133.0,False,0.0,tt0084058,en,Heat and Dust,6.96,"Drama, Romance",Merchant Ivory Productions,United Kingdom,"Hindi, English, Urdu",1983.0,heatanddust,both
1984,Film | Direction in 1984,The King Of Comedy,Martin Scorsese,False,Direction,thekingofcomedy,262.0,The King of Comedy,7.8,2015.0,Released,1982-12-18,2536000.0,109.0,False,19000000.0,tt0085794,en,The King of Comedy,21.491,"Drama, Comedy","Embassy International Pictures, 20th Century Fox",United States of America,English,1982.0,thekingofcomedy,both
1984,Film | Direction in 1984,Tootsie,Sydney Pollack,False,Direction,tootsie,9576.0,Tootsie,7.202,1590.0,Released,1982-12-17,177200000.0,116.0,False,21000000.0,tt0084805,en,Tootsie,19.232,"Comedy, Romance","Mirage Enterprises, Punch Productions, Delphi Films, Columbia Pictures",United States of America,English,1982.0,tootsie,both
1984,Film | Editing in 1984,Flashdance,"Bud Smith, Walt Mulconery",True,Editing,flashdance,535.0,Flashdance,6.496,1310.0,Released,1983-04-14,201500000.0,95.0,False,7000000.0,tt0085549,en,Flashdance,21.263,"Drama, Romance","Paramount, PolyGram Filmed Entertainment, Don Simpson/Jerry Bruckheimer Films",United States of America,English,1983.0,flashdance,both
1984,Film | Editing in 1984,The King Of Comedy,Thelma Schoonmaker,False,Editing,thekingofcomedy,262.0,The King of Comedy,7.8,2015.0,Released,1982-12-18,2536000.0,109.0,False,19000000.0,tt0085794,en,The King of Comedy,21.491,"Drama, Comedy","Embassy International Pictures, 20th Century Fox",United States of America,English,1982.0,thekingofcomedy,both
1984,Film | Editing in 1984,Local Hero,Michael Bradsell,False,Editing,localhero,11235.0,Local Hero,6.689,304.0,Released,1983-02-17,0.0,111.0,False,0.0,tt0085859,en,Local Hero,11.194,"Comedy, Drama","Enigma Productions, Goldcrest, Film4 Productions, Celandine Films",United Kingdom,"English, Japanese, Russian",1983.0,localhero,both
1984,Film | Editing in 1984,Zelig,Susan E Morse,False,Editing,zelig,11030.0,Zelig,7.458,774.0,Released,1983-07-15,11798616.0,79.0,False,0.0,tt0086637,en,Zelig,8.647,Comedy,Orion Pictures,United States of America,"English, German",1983.0,zelig,both
1984,Film | Fellowship in 1984,Sam Spiegel,,True,Fellowship,samspiegel,,,,,,,,,,,,,,,,,,,,,left_only
1984,Film | Film in 1984,Educating Rita,Lewis Gilbert,True,Film,educatingrita,38291.0,Educating Rita,6.798,156.0,Released,1983-06-16,0.0,110.0,False,0.0,tt0085478,en,Educating Rita,11.786,"Drama, Comedy","Acorn Pictures, Columbia Pictures",United Kingdom,English,1983.0,educatingrita,both
1984,Film | Film in 1984,Heat And Dust,Ismail Merchant,False,Film,heatanddust,67794.0,Heat and Dust,6.1,30.0,Released,1983-01-01,0.0,133.0,False,0.0,tt0084058,en,Heat and Dust,6.96,"Drama, Romance",Merchant Ivory Productions,United Kingdom,"Hindi, English, Urdu",1983.0,heatanddust,both
1984,Film | Film in 1984,Local Hero,David Puttnam,False,Film,localhero,11235.0,Local Hero,6.689,304.0,Released,1983-02-17,0.0,111.0,False,0.0,tt0085859,en,Local Hero,11.194,"Comedy, Drama","Enigma Productions, Goldcrest, Film4 Productions, Celandine Films",United Kingdom,"English, Japanese, Russian",1983.0,localhero,both
1984,Film | Film in 1984,Tootsie,"Sydney Pollack,  Dick Richards",False,Film,tootsie,9576.0,Tootsie,7.202,1590.0,Released,1982-12-17,177200000.0,116.0,False,21000000.0,tt0084805,en,Tootsie,19.232,"Comedy, Romance","Mirage Enterprises, Punch Productions, Delphi Films, Columbia Pictures",United States of America,English,1982.0,tootsie,both
1984,Film | Flaherty Documentary Award in 1984,Schindler,Jon Blair,True,Flaherty Documentary Award,schindler,532169.0,Schindler,7.8,5.0,Released,1983-10-01,0.0,79.0,False,0.0,tt0180981,en,Schindler,2.912,"Documentary, History, TV Movie",Thames Television,United Kingdom,"English, German, Hebrew, Polish",1983.0,schindler,both
1984,Film | Flaherty Documentary Award in 1984,Forty Minutes: Female Circumcision,Louise Panton,False,Flaherty Documentary Award,fortyminutesfemalecircumcision,,,,,,,,,,,,,,,,,,,,,left_only
1984,Film | Flaherty Documentary Award in 1984,The Visit: Part 3: The Boy David,Alex McCall,False,Flaherty Documentary Award,thevisitpart3theboydavid,,,,,,,,,,,,,,,,,,,,,left_only
1984,Film | Flaherty Documentary Award in 1984,Wildlife On One: Night Life,Dilys Breese,False,Flaherty Documentary Award,wildlifeononenightlife,,,,,,,,,,,,,,,,,,,,,left_only
1984,Film | Foreign Language Film in 1984,Danton,"Margaret Menegoz, Barbara Pec-Slesicka, Andrzej Wajda",True,Foreign Language Film,danton,4202.0,Danton,6.855,148.0,Released,1983-01-12,0.0,136.0,False,0.0,tt0083789,fr,Danton,7.529,"Drama, History","Gaumont, Zespół Filmowy ""X""","Germany, France, Poland",French,1983.0,danton,both
1984,Film | Foreign Language Film in 1984,Fanny And Alexander,"Jorn Donner, Ingmar Bergman",False,Foreign Language Film,fannyandalexander,5961.0,Fanny and Alexander,7.8,693.0,Released,1982-12-17,6795771.0,188.0,False,6000000.0,tt0083922,sv,Fanny och Alexander,11.207,"Fantasy, Drama, Mystery","Cinematograph AB, Svenska Filminstitutet, SVT, Gaumont, Personafilm, Tobis","Sweden, Germany, France","English, German, Swedish, Yiddish",1982.0,fannyandalexander,both
1984,Film | Foreign Language Film in 1984,Finally Sunday (Vivement Dimanche!),"Armand Barbault, François Truffaut",False,Foreign Language Film,finallysundayvivementdimanche,,,,,,,,,,,,,,,,,,,,,left_only
1984,Film | Foreign Language Film in 1984,La Traviata,"Tarak Ben Ammar, Franco Zeffirelli",False,Foreign Language Film,latraviata,48561.0,La traviata,7.119,21.0,Released,1982-10-07,0.0,109.0,False,0.0,tt0084821,it,La traviata,4.194,"Drama, Music",Deutsche Grammophon,Italy,Italian,1982.0,latraviata,both
1984,Film | Foreign Language Film in 1984,La Traviata,"Tarak Ben Ammar, Franco Zeffirelli",False,Foreign Language Film,latraviata,425651.0,La Traviata,5.5,2.0,Released,2020-01-06,0.0,141.0,False,0.0,tt6954298,en,La Traviata,1.337,Music,Teatro dell'Opera di Roma,Italy,Italian,2020.0,latraviata,both
1984,Film | Make-Up Artist in 1984,"Dorothy Pearl, George Masters, C Romaina Ford, Allen Weisinger",Tootsie,True,Make-Up Artist,dorothypearlgeorgemasterscromainafordallenweisinger,,,,,,,,,,,,,,,,,,,,,left_only
1984,Film | Make-Up Artist in 1984,Gordon Kay,Heat And Dust,False,Make-Up Artist,gordonkay,,,,,,,,,,,,,,,,,,,,,left_only
1984,Film | Make-Up Artist in 1984,"Phil Tippett, Stuart Freeborn",Return Of The Jedi,False,Make-Up Artist,philtippettstuartfreeborn,,,,,,,,,,,,,,,,,,,,,left_only
1984,Film | Make-Up Artist in 1984,"Fred Buchner, John Caglione",Zelig,False,Make-Up Artist,fredbuchnerjohncaglione,,,,,,,,,,,,,,,,,,,,,left_only
1984,Film | Most Promising Newcomer To Film in 1984,Phyllis Logan,"Another Time, Another Place",True,Most Promising Newcomer To Film,phyllislogan,,,,,,,,,,,,,,,,,,,,,left_only
1984,Film | Most Promising Newcomer To Film in 1984,Kevin Kline,Sophie's Choice,False,Most Promising Newcomer To Film,kevinkline,,,,,,,,,,,,,,,,,,,,,left_only
1984,Film | Most Promising Newcomer To Film in 1984,Greta Scacchi,Heat And Dust,False,Most Promising Newcomer To Film,gretascacchi,,,,,,,,,,,,,,,,,,,,,left_only
1984,Film | Most Promising Newcomer To Film in 1984,Julie Walters,Educating Rita,False,Most Promising Newcomer To Film,juliewalters,,,,,,,,,,,,,,,,,,,,,left_only
1984,Film | Original Screenplay in 1984,The King Of Comedy,Paul D Zimmerman,True,Original Screenplay,thekingofcomedy,262.0,The King of Comedy,7.8,2015.0,Released,1982-12-18,2536000.0,109.0,False,19000000.0,tt0085794,en,The King of Comedy,21.491,"Drama, Comedy","Embassy International Pictures, 20th Century Fox",United States of America,English,1982.0,thekingofcomedy,both
1984,Film | Original Screenplay in 1984,Local Hero,Bill Forsyth,False,Original Screenplay,localhero,11235.0,Local Hero,6.689,304.0,Released,1983-02-17,0.0,111.0,False,0.0,tt0085859,en,Local Hero,11.194,"Comedy, Drama","Enigma Productions, Goldcrest, Film4 Productions, Celandine Films",United Kingdom,"English, Japanese, Russian",1983.0,localhero,both
1984,Film | Original Screenplay in 1984,Trading Places,"Timothy Harris, Herschel Weingrod",False,Original Screenplay,tradingplaces,1621.0,Trading Places,7.202,2929.0,Released,1983-06-07,90404800.0,116.0,False,15000000.0,tt0086465,en,Trading Places,25.555,Comedy,"Cinema Group Ventures, Paramount",United States of America,English,1983.0,tradingplaces,both
1984,Film | Original Screenplay in 1984,Zelig,Woody Allen,False,Original Screenplay,zelig,11030.0,Zelig,7.458,774.0,Released,1983-07-15,11798616.0,79.0,False,0.0,tt0086637,en,Zelig,8.647,Comedy,Orion Pictures,United States of America,"English, German",1983.0,zelig,both
1984,Film | Original Song Written for a Film in 1984,An Officer And A Gentleman (Up Where We Belong),"Jack Nitzsche, Buffy Sainte-Marie, Will Jennings",True,Original Song Written for a Film,anofficerandagentlemanupwherewebelong,,,,,,,,,,,,,,,,,,,,,left_only
1984,Film | Original Song Written for a Film in 1984,Monty Python's The Meaning Of Life (Every Sperm Is Sacred),"Andre Jacquemin, Dave Howman, Michael Palin, Terry Jones",False,Original Song Written for a Film,montypythonsthemeaningoflifeeveryspermissacred,,,,,,,,,,,,,,,,,,,,,left_only
1984,Film | Original Song Written for a Film in 1984,Flashdance (Flashdance...What A Feeling),"Giorgio Moroder, Keith Forsey, Irene Cara",False,Original Song Written for a Film,flashdanceflashdancewhatafeeling,,,,,,,,,,,,,,,,,,,,,left_only
1984,Film | Original Song Written for a Film in 1984,Tootsie (Tootsie),"Dave Grusin, Alan Bergman, Marilyn Bergman",False,Original Song Written for a Film,tootsietootsie,,,,,,,,,,,,,,,,,,,,,left_only
1984,Film | Outstanding British Contribution To Cinema in 1984,Colin Young,,True,Outstanding British Contribution To Cinema,colinyoung,,,,,,,,,,,,,,,,,,,,,left_only
1984,Film | Production Design in 1984,La Traviata,"Franco Zeffirelli,  Gianni Quaranta",True,Production Design,latraviata,48561.0,La traviata,7.119,21.0,Released,1982-10-07,0.0,109.0,False,0.0,tt0084821,it,La traviata,4.194,"Drama, Music",Deutsche Grammophon,Italy,Italian,1982.0,latraviata,both
1984,Film | Production Design in 1984,La Traviata,"Franco Zeffirelli,  Gianni Quaranta",True,Production Design,latraviata,425651.0,La Traviata,5.5,2.0,Released,2020-01-06,0.0,141.0,False,0.0,tt6954298,en,La Traviata,1.337,Music,Teatro dell'Opera di Roma,Italy,Italian,2020.0,latraviata,both
1984,Film | Production Design in 1984,Heat And Dust,Wilfred Shingleton,False,Production Design,heatanddust,67794.0,Heat and Dust,6.1,30.0,Released,1983-01-01,0.0,133.0,False,0.0,tt0084058,en,Heat and Dust,6.96,"Drama, Romance",Merchant Ivory Productions,United Kingdom,"Hindi, English, Urdu",1983.0,heatanddust,both
1984,Film | Production Design in 1984,Return Of The Jedi,Norman Reynolds,False,Production Design,returnofthejedi,1892.0,Return of the Jedi,7.892,14591.0,Released,1983-05-25,572700000.0,132.0,False,32350000.0,tt0086190,en,Return of the Jedi,40.104,"Adventure, Action, Science Fiction",Lucasfilm Ltd.,United States of America,English,1983.0,returnofthejedi,both
1984,Film | Production Design in 1984,Wargames,Angelo P Graham,False,Production Design,wargames,860.0,WarGames,7.07,1647.0,Released,1983-06-03,124600000.0,114.0,False,12000000.0,tt0086567,en,WarGames,21.873,"Thriller, Science Fiction, Drama","United Artists, Sherwood Productions",United States of America,English,1983.0,wargames,both
1984,Film | Production Design in 1984,Wargames,Angelo P Graham,False,Production Design,wargames,581797.0,War Games,5.5,2.0,Released,2009-01-17,0.0,6.0,False,0.0,tt4071620,en,War Games,0.6,Action,,Australia,English,2009.0,wargames,both
1984,Film | Score For A Film in 1984,Merry Christmas Mr Lawrence,Ryuichi Sakamoto,True,Score For A Film,merrychristmasmrlawrence,11948.0,"Merry Christmas, Mr. Lawrence",7.307,401.0,Released,1983-05-28,2306560.0,124.0,False,0.0,tt0085933,ja,戦場のメリークリスマス,18.667,"Drama, History, War","Recorded Picture Company, National Film Trustee Company, Antares-Nova, Oshima Productions, Asahi Broadcasting Company, Broadbank Investments","Japan, New Zealand, United Kingdom","English, Japanese",1983.0,merrychristmasmrlawrence,both
1984,Film | Score For A Film in 1984,Flashdance,Giorgio Moroder,False,Score For A Film,flashdance,535.0,Flashdance,6.496,1310.0,Released,1983-04-14,201500000.0,95.0,False,7000000.0,tt0085549,en,Flashdance,21.263,"Drama, Romance","Paramount, PolyGram Filmed Entertainment, Don Simpson/Jerry Bruckheimer Films",United States of America,English,1983.0,flashdance,both
1984,Film | Score For A Film in 1984,Local Hero,Mark Knopfler,False,Score For A Film,localhero,11235.0,Local Hero,6.689,304.0,Released,1983-02-17,0.0,111.0,False,0.0,tt0085859,en,Local Hero,11.194,"Comedy, Drama","Enigma Productions, Goldcrest, Film4 Productions, Celandine Films",United Kingdom,"English, Japanese, Russian",1983.0,localhero,both
1984,Film | Score For A Film in 1984,An Officer And A Gentleman,Jack Nitzsche,False,Score For A Film,anofficerandagentleman,2623.0,An Officer and a Gentleman,7.013,996.0,Released,1982-07-28,129795554.0,124.0,False,7500000.0,tt0084434,en,An Officer and a Gentleman,22.31,"Drama, Romance","Paramount, Lorimar Film Entertainment",United States of America,English,1982.0,anofficerandagentleman,both
1984,Film | Short Animation in 1984,Henry's Cat,Bob Godfrey,True,Short Animation,henryscat,,,,,,,,,,,,,,,,,,,,,left_only
1984,Film | Short Animation in 1984,Dangermouse,"Brian Cosgrove, Mark Hall",False,Short Animation,dangermouse,,,,,,,,,,,,,,,,,,,,,left_only
1984,Film | Short Animation in 1984,Paddington Goes To The Movies (A Paddington Special),Barry Leith,False,Short Animation,paddingtongoestothemoviesapaddingtonspecial,,,,,,,,,,,,,,,,,,,,,left_only
1984,Film | Short Animation in 1984,The Wind In The Willows,"Mark Hall, Brian Cosgrove",False,Short Animation,thewindinthewillows,456377.0,The Wind In The Willows,6.0,1.0,Released,1983-12-27,0.0,79.0,False,0.0,tt0367236,en,The Wind In The Willows,0.6,"Animation, Family, Fantasy",,United States of America,English,1983.0,thewindinthewillows,both
1984,Film | Short Film in 1984,Goodie Two Shoes,Ian Emes,True,Short Film,goodietwoshoes,244443.0,Goodie-Two-Shoes,5.7,3.0,Released,1984-09-01,0.0,35.0,False,0.0,tt0085613,en,Goodie-Two-Shoes,0.6,Drama,,,English,1984.0,goodietwoshoes,both
1984,Film | Short Film in 1984,The Crimson Permanent Assurance,Terry Gilliam,False,Short Film,thecrimsonpermanentassurance,39005.0,The Crimson Permanent Assurance,7.125,100.0,Released,1983-03-31,0.0,16.0,False,0.0,tt0215685,en,The Crimson Permanent Assurance,6.654,"Adventure, Comedy, Fantasy","The Monty Python Partnership, Universal Pictures, Celandine Films",United Kingdom,English,1983.0,thecrimsonpermanentassurance,both
1984,Film | Short Film in 1984,John Love,John Davis,False,Short Film,johnlove,954643.0,"John, Love",0.0,0.0,Released,1983-01-01,0.0,32.0,False,0.0,tt0215878,en,"John, Love",0.6,Drama,"NFTS, Fís Éireann/Screen Ireland","Ireland, United Kingdom",English,1983.0,johnlove,both
1984,Film | Short Film in 1984,Keep Off The Grass,Paul Weiland,False,Short Film,keepoffthegrass,923982.0,Keep Off The Grass,0.0,0.0,Released,1983-09-26,0.0,27.0,False,0.0,tt0215894,en,Keep Off The Grass,0.6,Drama,"Thorn EMI, Paul Weiland Films",United Kingdom,English,1983.0,keepoffthegrass,both
1984,Film | Sound in 1984,Wargames,"Willie D Burton, Michael J Kohut, William L Manger",True,Sound,wargames,860.0,WarGames,7.07,1647.0,Released,1983-06-03,124600000.0,114.0,False,12000000.0,tt0086567,en,WarGames,21.873,"Thriller, Science Fiction, Drama","United Artists, Sherwood Productions",United States of America,English,1983.0,wargames,both
1984,Film | Sound in 1984,Wargames,"Willie D Burton, Michael J Kohut, William L Manger",True,Sound,wargames,581797.0,War Games,5.5,2.0,Released,2009-01-17,0.0,6.0,False,0.0,tt4071620,en,War Games,0.6,Action,,Australia,English,2009.0,wargames,both
1984,Film | Sound in 1984,Flashdance,"Jim Webb, Buzz Knudson, Robert Glass, Don Digirolamo",False,Sound,flashdance,535.0,Flashdance,6.496,1310.0,Released,1983-04-14,201500000.0,95.0,False,7000000.0,tt0085549,en,Flashdance,21.263,"Drama, Romance","Paramount, PolyGram Filmed Entertainment, Don Simpson/Jerry Bruckheimer Films",United States of America,English,1983.0,flashdance,both
1984,Film | Sound in 1984,La Traviata,"Cesare D'Amico, Jean Louis Ducarme, Claude Villand, Federico Savina",False,Sound,latraviata,48561.0,La traviata,7.119,21.0,Released,1982-10-07,0.0,109.0,False,0.0,tt0084821,it,La traviata,4.194,"Drama, Music",Deutsche Grammophon,Italy,Italian,1982.0,latraviata,both
1984,Film | Sound in 1984,La Traviata,"Cesare D'Amico, Jean Louis Ducarme, Claude Villand, Federico Savina",False,Sound,latraviata,425651.0,La Traviata,5.5,2.0,Released,2020-01-06,0.0,141.0,False,0.0,tt6954298,en,La Traviata,1.337,Music,Teatro dell'Opera di Roma,Italy,Italian,2020.0,latraviata,both
1984,Film | Sound in 1984,Return Of The Jedi,"Ben Burtt, Tony Dawe, Gary Summers",False,Sound,returnofthejedi,1892.0,Return of the Jedi,7.892,14591.0,Released,1983-05-25,572700000.0,132.0,False,32350000.0,tt0086190,en,Return of the Jedi,40.104,"Adventure, Action, Science Fiction",Lucasfilm Ltd.,United States of America,English,1983.0,returnofthejedi,both
1984,Film | Special Award in 1984,Dilys Powell,,True,Special Award,dilyspowell,,,,,,,,,,,,,,,,,,,,,left_only
1984,Film | Special Visual Effects in 1984,Return Of The Jedi,"Richard Edlund, Dennis Muren, Ken Ralston, Kit West",True,Special Visual Effects,returnofthejedi,1892.0,Return of the Jedi,7.892,14591.0,Released,1983-05-25,572700000.0,132.0,False,32350000.0,tt0086190,en,Return of the Jedi,40.104,"Adventure, Action, Science Fiction",Lucasfilm Ltd.,United States of America,English,1983.0,returnofthejedi,both
1984,Film | Special Visual Effects in 1984,The Dark Crystal,"Roy Field, Brian Smithies, Ian Wingrove",False,Special Visual Effects,thedarkcrystal,11639.0,The Dark Crystal,7.113,997.0,Released,1982-12-17,40577001.0,93.0,False,15000000.0,tt0083791,en,The Dark Crystal,19.182,"Adventure, Family, Fantasy, Animation","ITC Entertainment, The Jim Henson Company, Universal Pictures","United Kingdom, United States of America",English,1982.0,thedarkcrystal,both
1984,Film | Special Visual Effects in 1984,Wargames,"Mike Fink, Joe Digaetano, Jack Cooperman, Don Hansard, Colin Cantwell, William A Fraker",False,Special Visual Effects,wargames,860.0,WarGames,7.07,1647.0,Released,1983-06-03,124600000.0,114.0,False,12000000.0,tt0086567,en,WarGames,21.873,"Thriller, Science Fiction, Drama","United Artists, Sherwood Productions",United States of America,English,1983.0,wargames,both
1984,Film | Special Visual Effects in 1984,Wargames,"Mike Fink, Joe Digaetano, Jack Cooperman, Don Hansard, Colin Cantwell, William A Fraker",False,Special Visual Effects,wargames,581797.0,War Games,5.5,2.0,Released,2009-01-17,0.0,6.0,False,0.0,tt4071620,en,War Games,0.6,Action,,Australia,English,2009.0,wargames,both
1984,Film | Special Visual Effects in 1984,Zelig,"Gordon Willis, Joel Hynek, Stuart Robertson, R Greenberg",False,Special Visual Effects,zelig,11030.0,Zelig,7.458,774.0,Released,1983-07-15,11798616.0,79.0,False,0.0,tt0086637,en,Zelig,8.647,Comedy,Orion Pictures,United States of America,"English, German",1983.0,zelig,both
1984,Film | Supporting Actor in 1984,Denholm Elliott,Trading Places,True,Supporting Actor,denholmelliott,,,,,,,,,,,,,,,,,,,,,left_only
1984,Film | Supporting Actor in 1984,Bob Hoskins,The Honorary Consul,False,Supporting Actor,bobhoskins,,,,,,,,,,,,,,,,,,,,,left_only
1984,Film | Supporting Actor in 1984,Burt Lancaster,Local Hero,False,Supporting Actor,burtlancaster,,,,,,,,,,,,,,,,,,,,,left_only
1984,Film | Supporting Actor in 1984,Jerry Lewis,The King Of Comedy,False,Supporting Actor,jerrylewis,,,,,,,,,,,,,,,,,,,,,left_only
1984,Film | Supporting Actress in 1984,Jamie Lee Curtis,Trading Places,True,Supporting Actress,jamieleecurtis,,,,,,,,,,,,,,,,,,,,,left_only
1984,Film | Supporting Actress in 1984,Terri Garr,Tootsie,False,Supporting Actress,terrigarr,,,,,,,,,,,,,,,,,,,,,left_only
1984,Film | Supporting Actress in 1984,Rosemary Harris,The Ploughman's Lunch,False,Supporting Actress,rosemaryharris,,,,,,,,,,,,,,,,,,,,,left_only
1984,Film | Supporting Actress in 1984,Maureen Lipman,Educating Rita,False,Supporting Actress,maureenlipman,,,,,,,,,,,,,,,,,,,,,left_only
1985,Film | Actor in 1985,Dr Haing S Ngor,The Killing Fields,True,Actor,drhaingsngor,,,,,,,,,,,,,,,,,,,,,left_only
1985,Film | Actor in 1985,Tom Courtenay,The Dresser,False,Actor,tomcourtenay,,,,,,,,,,,,,,,,,,,,,left_only
1985,Film | Actor in 1985,Albert Finney,The Dresser,False,Actor,albertfinney,,,,,,,,,,,,,,,,,,,,,left_only
1985,Film | Actor in 1985,Sam Waterston,The Killing Fields,False,Actor,samwaterston,,,,,,,,,,,,,,,,,,,,,left_only
1985,Film | Actress in 1985,Maggie Smith,A Private Function,True,Actress,maggiesmith,,,,,,,,,,,,,,,,,,,,,left_only
1985,Film | Actress in 1985,Shirley MacLaine,Terms Of Endearment,False,Actress,shirleymaclaine,,,,,,,,,,,,,,,,,,,,,left_only
1985,Film | Actress in 1985,Helen Mirren,Cal,False,Actress,helenmirren,,,,,,,,,,,,,,,,,,,,,left_only
1985,Film | Actress in 1985,Meryl Streep,Silkwood,False,Actress,merylstreep,,,,,,,,,,,,,,,,,,,,,left_only
1985,Film | Adapted Screenplay in 1985,The Killing Fields,Bruce Robinson,True,Adapted Screenplay,thekillingfields,625.0,The Killing Fields,7.506,656.0,Released,1984-11-23,34700291.0,142.0,False,14400000.0,tt0087553,en,The Killing Fields,12.318,"Drama, History, War","Goldcrest, Enigma Productions, International Film Investors",United Kingdom,"Khmer, French, Russian, English",1984.0,thekillingfields,both
1985,Film | Adapted Screenplay in 1985,Another Country,Julian Mitchell,False,Adapted Screenplay,anothercountry,31939.0,Another Country,6.474,134.0,Released,1984-06-01,0.0,87.0,False,2256000.0,tt0086904,en,Another Country,12.427,"Drama, Romance","Goldcrest, National Film Finance Corporation (NFFC), Film4 Productions",United Kingdom,English,1984.0,anothercountry,both
1985,Film | Adapted Screenplay in 1985,The Dresser,Ronald Harwood,False,Adapted Screenplay,thedresser,364902.0,The Dresser,6.289,71.0,Released,2015-10-31,0.0,109.0,False,0.0,tt4247618,en,The Dresser,7.411,"Drama, TV Movie","BBC, Playground Entertainment",United Kingdom,English,2015.0,thedresser,both
1985,Film | Adapted Screenplay in 1985,"Paris, Texas",Sam Shepard,False,Adapted Screenplay,paristexas,655.0,"Paris, Texas",8.093,1544.0,Released,1984-08-23,2181987.0,145.0,False,1746964.0,tt0087884,en,"Paris, Texas",17.248,Drama,"Pro-ject Filmproduktion, Argos Films, Wim Wenders Stiftung, WDR, Road Movies, 20th Century Fox, Film4 Productions","France, Germany, United Kingdom, United States of America","English, Spanish",1984.0,paristexas,both
1985,Film | Cinematography in 1985,The Killing Fields,Chris Menges,True,Cinematography,thekillingfields,625.0,The Killing Fields,7.506,656.0,Released,1984-11-23,34700291.0,142.0,False,14400000.0,tt0087553,en,The Killing Fields,12.318,"Drama, History, War","Goldcrest, Enigma Productions, International Film Investors",United Kingdom,"Khmer, French, Russian, English",1984.0,thekillingfields,both
1985,Film | Cinematography in 1985,"Greystoke: The Legend Of Tarzan, Lord Of The Apes",John Alcott,False,Cinematography,greystokethelegendoftarzanlordoftheapes,11002.0,"Greystoke: The Legend of Tarzan, Lord of the Apes",6.353,425.0,Released,1984-03-30,45858563.0,143.0,False,0.0,tt0087365,en,"Greystoke: The Legend of Tarzan, Lord of the Apes",16.884,"Adventure, Drama, Action, Romance","Edgar Rice Burroughs Inc., Warner Bros. Pictures, WEA Records","United Kingdom, United States of America",English,1984.0,greystokethelegendoftarzanlordoftheapes,both
1985,Film | Cinematography in 1985,Indiana Jones And The Temple Of Doom,Douglas Slocombe,False,Cinematography,indianajonesandthetempleofdoom,87.0,Indiana Jones and the Temple of Doom,7.294,8505.0,Released,1984-05-23,333000000.0,118.0,False,28000000.0,tt0087469,en,Indiana Jones and the Temple of Doom,53.304,"Adventure, Action","Paramount, Lucasfilm Ltd.",United States of America,"Mandarin, English, Sinhalese",1984.0,indianajonesandthetempleofdoom,both
1985,Film | Cinematography in 1985,Once Upon A Time In America,Tonino Delli Colli,False,Cinematography,onceuponatimeinamerica,311.0,Once Upon a Time in America,8.427,4863.0,Released,1984-05-23,5500000.0,229.0,False,30000000.0,tt0087843,en,Once Upon a Time in America,42.059,"Drama, Crime","The Ladd Company, Embassy International Pictures, Rafran Cinematografica, Warner Bros. Pictures, PSO","United States of America, Italy","English, French, Hebrew, Italian, Yiddish",1984.0,onceuponatimeinamerica,both
1985,Film | Costume Design in 1985,Once Upon A Time In America,Gabriella Pescucci,True,Costume Design,onceuponatimeinamerica,311.0,Once Upon a Time in America,8.427,4863.0,Released,1984-05-23,5500000.0,229.0,False,30000000.0,tt0087843,en,Once Upon a Time in America,42.059,"Drama, Crime","The Ladd Company, Embassy International Pictures, Rafran Cinematografica, Warner Bros. Pictures, PSO","United States of America, Italy","English, French, Hebrew, Italian, Yiddish",1984.0,onceuponatimeinamerica,both
1985,Film | Costume Design in 1985,The Bostonians,"Jenny Beavan, John Bright",False,Costume Design,thebostonians,40775.0,The Bostonians,5.1,29.0,Released,1984-05-01,0.0,122.0,False,0.0,tt0086992,en,The Bostonians,5.069,"Drama, Romance",Merchant Ivory Productions,"United Kingdom, United States of America",English,1984.0,thebostonians,both
1985,Film | Costume Design in 1985,The Company Of Wolves,Elizabeth Waller,False,Costume Design,thecompanyofwolves,11905.0,The Company of Wolves,6.293,280.0,Released,1984-09-21,4389334.0,95.0,False,2000000.0,tt0087075,en,The Company of Wolves,12.935,"Horror, Fantasy","Palace Pictures, ITC Entertainment, Cannon Group, Film4 Productions",United Kingdom,English,1984.0,thecompanyofwolves,both
1985,Film | Costume Design in 1985,Swann In Love (Un Amour De Swann),Yvonne Sassinot De Nesle,False,Costume Design,swanninloveunamourdeswann,,,,,,,,,,,,,,,,,,,,,left_only
1985,Film | Direction in 1985,"Paris, Texas",Wim Wenders,True,Direction,paristexas,655.0,"Paris, Texas",8.093,1544.0,Released,1984-08-23,2181987.0,145.0,False,1746964.0,tt0087884,en,"Paris, Texas",17.248,Drama,"Pro-ject Filmproduktion, Argos Films, Wim Wenders Stiftung, WDR, Road Movies, 20th Century Fox, Film4 Productions","France, Germany, United Kingdom, United States of America","English, Spanish",1984.0,paristexas,both
1985,Film | Direction in 1985,The Dresser,Peter Yates,False,Direction,thedresser,364902.0,The Dresser,6.289,71.0,Released,2015-10-31,0.0,109.0,False,0.0,tt4247618,en,The Dresser,7.411,"Drama, TV Movie","BBC, Playground Entertainment",United Kingdom,English,2015.0,thedresser,both
1985,Film | Direction in 1985,The Killing Fields,Roland Joffé,False,Direction,thekillingfields,625.0,The Killing Fields,7.506,656.0,Released,1984-11-23,34700291.0,142.0,False,14400000.0,tt0087553,en,The Killing Fields,12.318,"Drama, History, War","Goldcrest, Enigma Productions, International Film Investors",United Kingdom,"Khmer, French, Russian, English",1984.0,thekillingfields,both
1985,Film | Direction in 1985,Once Upon A Time In America,Sergio Leone,False,Direction,onceuponatimeinamerica,311.0,Once Upon a Time in America,8.427,4863.0,Released,1984-05-23,5500000.0,229.0,False,30000000.0,tt0087843,en,Once Upon a Time in America,42.059,"Drama, Crime","The Ladd Company, Embassy International Pictures, Rafran Cinematografica, Warner Bros. Pictures, PSO","United States of America, Italy","English, French, Hebrew, Italian, Yiddish",1984.0,onceuponatimeinamerica,both
1985,Film | Editing in 1985,The Killing Fields,Jim Clark,True,Editing,thekillingfields,625.0,The Killing Fields,7.506,656.0,Released,1984-11-23,34700291.0,142.0,False,14400000.0,tt0087553,en,The Killing Fields,12.318,"Drama, History, War","Goldcrest, Enigma Productions, International Film Investors",United Kingdom,"Khmer, French, Russian, English",1984.0,thekillingfields,both
1985,Film | Editing in 1985,Another Country,Gerry Hambling,False,Editing,anothercountry,31939.0,Another Country,6.474,134.0,Released,1984-06-01,0.0,87.0,False,2256000.0,tt0086904,en,Another Country,12.427,"Drama, Romance","Goldcrest, National Film Finance Corporation (NFFC), Film4 Productions",United Kingdom,English,1984.0,anothercountry,both
1985,Film | Editing in 1985,Indiana Jones And The Temple Of Doom,Michael Kahn,False,Editing,indianajonesandthetempleofdoom,87.0,Indiana Jones and the Temple of Doom,7.294,8505.0,Released,1984-05-23,333000000.0,118.0,False,28000000.0,tt0087469,en,Indiana Jones and the Temple of Doom,53.304,"Adventure, Action","Paramount, Lucasfilm Ltd.",United States of America,"Mandarin, English, Sinhalese",1984.0,indianajonesandthetempleofdoom,both
1985,Film | Editing in 1985,Under Fire,"John Bloom, Mark Conte",False,Editing,underfire,12503.0,Under Fire,6.651,149.0,Released,1983-10-21,0.0,128.0,False,0.0,tt0086510,en,Under Fire,11.213,"Drama, War",Orion Pictures,United States of America,"Spanish, English",1983.0,underfire,both
1985,Film | Film in 1985,The Killing Fields,David Puttnam,True,Film,thekillingfields,625.0,The Killing Fields,7.506,656.0,Released,1984-11-23,34700291.0,142.0,False,14400000.0,tt0087553,en,The Killing Fields,12.318,"Drama, History, War","Goldcrest, Enigma Productions, International Film Investors",United Kingdom,"Khmer, French, Russian, English",1984.0,thekillingfields,both
1985,Film | Film in 1985,The Dresser,Peter Yates,False,Film,thedresser,364902.0,The Dresser,6.289,71.0,Released,2015-10-31,0.0,109.0,False,0.0,tt4247618,en,The Dresser,7.411,"Drama, TV Movie","BBC, Playground Entertainment",United Kingdom,English,2015.0,thedresser,both
1985,Film | Film in 1985,"Paris, Texas","Chris Sievernich, Anatole Dauman",False,Film,paristexas,655.0,"Paris, Texas",8.093,1544.0,Released,1984-08-23,2181987.0,145.0,False,1746964.0,tt0087884,en,"Paris, Texas",17.248,Drama,"Pro-ject Filmproduktion, Argos Films, Wim Wenders Stiftung, WDR, Road Movies, 20th Century Fox, Film4 Productions","France, Germany, United Kingdom, United States of America","English, Spanish",1984.0,paristexas,both
1985,Film | Film in 1985,A Private Function,Mark Shivas,False,Film,aprivatefunction,57565.0,A Private Function,6.171,35.0,Released,1984-11-09,0.0,94.0,False,0.0,tt0089838,en,A Private Function,4.217,Comedy,HandMade Films,United Kingdom,English,1984.0,aprivatefunction,both
1985,Film | Flaherty Documentary Award in 1985,28 Up,Michael Apted,True,Flaherty Documentary Award,28up,20561.0,28 Up,7.437,63.0,Released,1984-11-20,0.0,136.0,False,0.0,tt0088650,en,28 Up,3.684,Documentary,,United Kingdom,English,1984.0,28up,both
1985,Film | Flaherty Documentary Award in 1985,GI Brides,Lavinia Warner,False,Flaherty Documentary Award,gibrides,,,,,,,,,,,,,,,,,,,,,left_only
1985,Film | Flaherty Documentary Award in 1985,South Bank Show: Alan Bennett,David Hinton,False,Flaherty Documentary Award,southbankshowalanbennett,,,,,,,,,,,,,,,,,,,,,left_only
1985,Film | Flaherty Documentary Award in 1985,Afghanistan Reports: Allah Against The Gunships,Sandy Gall,False,Flaherty Documentary Award,afghanistanreportsallahagainstthegunships,,,,,,,,,,,,,,,,,,,,,left_only
1985,Film | Foreign Language Film in 1985,Carmen,"Emiliano Piedra, Carlos Saura",True,Foreign Language Film,carmen,42106.0,Carmen,6.716,58.0,Released,1983-05-06,0.0,102.0,False,0.0,tt0085297,es,Carmen,6.176,"Drama, Romance","Emiliano Piedra, TVE, Emiliano Piedra P.C.",Spain,Spanish,1983.0,carmen,both
1985,Film | Foreign Language Film in 1985,Carmen,"Emiliano Piedra, Carlos Saura",True,Foreign Language Film,carmen,267239.0,Car Men,6.0,1.0,Released,2006-11-26,0.0,28.0,False,0.0,tt0938293,en,Car Men,0.6,"Comedy, Music",Nederlandse Programma Stichting (NPS),"Netherlands, Czech Republic",No Language,2006.0,carmen,both
1985,Film | Foreign Language Film in 1985,The Return Of Martin Guerre (Le Retour De Martin Guerre),Daniel Vigne,False,Foreign Language Film,thereturnofmartinguerreleretourdemartinguerre,,,,,,,,,,,,,,,,,,,,,left_only
1985,Film | Foreign Language Film in 1985,Sunday In The Country,"Alain Sarde, Bertrand Tavernier",False,Foreign Language Film,sundayinthecountry,,,,,,,,,,,,,,,,,,,,,left_only
1985,Film | Foreign Language Film in 1985,Swann In Love,"Margaret Menegoz, Volker Schlöndorff",False,Foreign Language Film,swanninlove,119623.0,Swann in Love,5.8,32.0,Released,1984-02-23,0.0,110.0,False,0.0,tt0088315,fr,Un amour de Swann,4.263,"Drama, Romance","Gaumont, S.F.P.C., Neue Bioskop Film","France, Germany","Czech, English, French, German",1984.0,swanninlove,both
1985,Film | Make-Up Artist in 1985,"Paul Engelen, Peter Frampton, Rick Baker, Joan Hills","Greystoke: The Legend Of Tarzan, Lord Of The Apes",True,Make-Up Artist,paulengelenpeterframptonrickbakerjoanhills,,,,,,,,,,,,,,,,,,,,,left_only
1985,Film | Make-Up Artist in 1985,"Jane Royle, Christopher Tucker",The Company Of Wolves,False,Make-Up Artist,janeroylechristophertucker,,,,,,,,,,,,,,,,,,,,,left_only
1985,Film | Make-Up Artist in 1985,Alan Boyle,The Dresser,False,Make-Up Artist,alanboyle,,,,,,,,,,,,,,,,,,,,,left_only
1985,Film | Make-Up Artist in 1985,Tommie Manderson,The Killing Fields,False,Make-Up Artist,tommiemanderson,,,,,,,,,,,,,,,,,,,,,left_only
1985,Film | Most Promising Newcomer To Film in 1985,Dr Haing S Ngor,The Killing Fields,True,Most Promising Newcomer To Film,drhaingsngor,,,,,,,,,,,,,,,,,,,,,left_only
1985,Film | Most Promising Newcomer To Film in 1985,Rupert Everett,Another Country,False,Most Promising Newcomer To Film,ruperteverett,,,,,,,,,,,,,,,,,,,,,left_only
1985,Film | Most Promising Newcomer To Film in 1985,John Lynch,Cal,False,Most Promising Newcomer To Film,johnlynch,,,,,,,,,,,,,,,,,,,,,left_only
1985,Film | Most Promising Newcomer To Film in 1985,Tim Roth,The Hit,False,Most Promising Newcomer To Film,timroth,,,,,,,,,,,,,,,,,,,,,left_only
1985,Film | Original Screenplay in 1985,Broadway Danny Rose,Woody Allen,True,Original Screenplay,broadwaydannyrose,12762.0,Broadway Danny Rose,7.192,406.0,Released,1984-01-27,10600497.0,84.0,False,8000000.0,tt0087003,en,Broadway Danny Rose,8.332,Comedy,Orion Pictures,United States of America,English,1984.0,broadwaydannyrose,both
1985,Film | Original Screenplay in 1985,The Big Chill,"Lawrence Kasdan, Barbara Benedek",False,Original Screenplay,thebigchill,12560.0,The Big Chill,6.9,506.0,Released,1983-09-30,56400000.0,105.0,False,8000000.0,tt0085244,en,The Big Chill,16.803,"Comedy, Drama",Columbia Pictures,United States of America,English,1983.0,thebigchill,both
1985,Film | Original Screenplay in 1985,Comfort And Joy,Bill Forsyth,False,Original Screenplay,comfortandjoy,30278.0,Comfort and Joy,6.5,42.0,Released,1984-10-10,0.0,106.0,False,0.0,tt0087072,en,Comfort and Joy,3.741,Comedy,"Lake (Comfort and Joy), Thorn EMI Screen Entertainment, Scottish Television (STV), Kings Road Entertainment",United Kingdom,"English, Italian",1984.0,comfortandjoy,both
1985,Film | Original Screenplay in 1985,A Private Function,Alan Bennett,False,Original Screenplay,aprivatefunction,57565.0,A Private Function,6.171,35.0,Released,1984-11-09,0.0,94.0,False,0.0,tt0089838,en,A Private Function,4.217,Comedy,HandMade Films,United Kingdom,English,1984.0,aprivatefunction,both
1985,Film | Original Song Written for a Film in 1985,Ghostbusters (Ghostbusters),Ray Parker Jr,True,Original Song Written for a Film,ghostbustersghostbusters,,,,,,,,,,,,,,,,,,,,,left_only
1985,Film | Original Song Written for a Film in 1985,The Woman In Red (I Just Called To Say I Love You),Stevie Wonder,False,Original Song Written for a Film,thewomaninredijustcalledtosayiloveyou,,,,,,,,,,,,,,,,,,,,,left_only
1985,Film | Original Song Written for a Film in 1985,Give My Regards To Broad Street (No More Lonely Nights),Paul McCartney,False,Original Song Written for a Film,givemyregardstobroadstreetnomorelonelynights,,,,,,,,,,,,,,,,,,,,,left_only
1985,Film | Original Song Written for a Film in 1985,Electric Dreams (Together In Electric Dreams),"Giorgio Moroder, Philip Oakey",False,Original Song Written for a Film,electricdreamstogetherinelectricdreams,,,,,,,,,,,,,,,,,,,,,left_only
1985,Film | Outstanding British Contribution To Cinema in 1985,Alan Parker & Alan Marshall,,True,Outstanding British Contribution To Cinema,alanparkeralanmarshall,,,,,,,,,,,,,,,,,,,,,left_only
1985,Film | Production Design in 1985,The Killing Fields,Roy Walker,True,Production Design,thekillingfields,625.0,The Killing Fields,7.506,656.0,Released,1984-11-23,34700291.0,142.0,False,14400000.0,tt0087553,en,The Killing Fields,12.318,"Drama, History, War","Goldcrest, Enigma Productions, International Film Investors",United Kingdom,"Khmer, French, Russian, English",1984.0,thekillingfields,both
1985,Film | Production Design in 1985,The Company Of Wolves,Anton Furst,False,Production Design,thecompanyofwolves,11905.0,The Company of Wolves,6.293,280.0,Released,1984-09-21,4389334.0,95.0,False,2000000.0,tt0087075,en,The Company of Wolves,12.935,"Horror, Fantasy","Palace Pictures, ITC Entertainment, Cannon Group, Film4 Productions",United Kingdom,English,1984.0,thecompanyofwolves,both
1985,Film | Production Design in 1985,"Greystoke: The Legend Of Tarzan, Lord Of The Apes",Stuart Craig,False,Production Design,greystokethelegendoftarzanlordoftheapes,11002.0,"Greystoke: The Legend of Tarzan, Lord of the Apes",6.353,425.0,Released,1984-03-30,45858563.0,143.0,False,0.0,tt0087365,en,"Greystoke: The Legend of Tarzan, Lord of the Apes",16.884,"Adventure, Drama, Action, Romance","Edgar Rice Burroughs Inc., Warner Bros. Pictures, WEA Records","United Kingdom, United States of America",English,1984.0,greystokethelegendoftarzanlordoftheapes,both
1985,Film | Production Design in 1985,1984,Allan Cameron,False,Production Design,1984,,,,,,,,,,,,,,,,,,,,,left_only
1985,Film | Score For A Film in 1985,Once Upon A Time In America,Ennio Morricone,True,Score For A Film,onceuponatimeinamerica,311.0,Once Upon a Time in America,8.427,4863.0,Released,1984-05-23,5500000.0,229.0,False,30000000.0,tt0087843,en,Once Upon a Time in America,42.059,"Drama, Crime","The Ladd Company, Embassy International Pictures, Rafran Cinematografica, Warner Bros. Pictures, PSO","United States of America, Italy","English, French, Hebrew, Italian, Yiddish",1984.0,onceuponatimeinamerica,both
1985,Film | Score For A Film in 1985,Carmen,Paco De Lucía,False,Score For A Film,carmen,42106.0,Carmen,6.716,58.0,Released,1983-05-06,0.0,102.0,False,0.0,tt0085297,es,Carmen,6.176,"Drama, Romance","Emiliano Piedra, TVE, Emiliano Piedra P.C.",Spain,Spanish,1983.0,carmen,both
1985,Film | Score For A Film in 1985,Carmen,Paco De Lucía,False,Score For A Film,carmen,267239.0,Car Men,6.0,1.0,Released,2006-11-26,0.0,28.0,False,0.0,tt0938293,en,Car Men,0.6,"Comedy, Music",Nederlandse Programma Stichting (NPS),"Netherlands, Czech Republic",No Language,2006.0,carmen,both
1985,Film | Score For A Film in 1985,The Killing Fields,Mike Oldfield,False,Score For A Film,thekillingfields,625.0,The Killing Fields,7.506,656.0,Released,1984-11-23,34700291.0,142.0,False,14400000.0,tt0087553,en,The Killing Fields,12.318,"Drama, History, War","Goldcrest, Enigma Productions, International Film Investors",United Kingdom,"Khmer, French, Russian, English",1984.0,thekillingfields,both
1985,Film | Score For A Film in 1985,"Paris, Texas",Ry Cooder,False,Score For A Film,paristexas,655.0,"Paris, Texas",8.093,1544.0,Released,1984-08-23,2181987.0,145.0,False,1746964.0,tt0087884,en,"Paris, Texas",17.248,Drama,"Pro-ject Filmproduktion, Argos Films, Wim Wenders Stiftung, WDR, Road Movies, 20th Century Fox, Film4 Productions","France, Germany, United Kingdom, United States of America","English, Spanish",1984.0,paristexas,both
1985,Film | Short Animation in 1985,Rupert And The Frog Song,Geoff Dunbar,True,Short Animation,rupertandthefrogsong,102326.0,Rupert and the Frog Song,6.333,3.0,Released,1985-04-18,0.0,13.0,False,0.0,tt0261265,en,Rupert and the Frog Song,0.994,"Animation, Family",,,,1985.0,rupertandthefrogsong,both
1985,Film | Short Animation in 1985,Dangermouse,"Brian Cosgrove, Mark Hall",False,Short Animation,dangermouse,,,,,,,,,,,,,,,,,,,,,left_only
1985,Film | Short Animation in 1985,Thomas The Tank Engine And Friends,"Britt Allcroft, David Mitton, Robert Cardona",False,Short Animation,thomasthetankengineandfriends,,,,,,,,,,,,,,,,,,,,,left_only
1985,Film | Short Animation in 1985,The Wind In The Willows (Series),"Mark Hall, Brian Cosgrove",False,Short Animation,thewindinthewillowsseries,,,,,,,,,,,,,,,,,,,,,left_only
1985,Film | Short Film in 1985,The Dress,Eva Sereny,True,Short Film,thedress,5900.0,The Dress,6.6,16.0,Released,1996-03-21,0.0,103.0,False,0.0,tt0116729,nl,De jurk,1.549,"Comedy, Drama",,Netherlands,Dutch,1996.0,thedress,both
1985,Film | Short Film in 1985,Killing Time,Chris O'Reilly,False,Short Film,killingtime,335784.0,Killing Time,5.2,5.0,Released,2015-03-22,0.0,88.0,False,0.0,tt4168228,en,Killing Time,0.6,Documentary,,"Belgium, France",English,2015.0,killingtime,both
1985,Film | Short Film in 1985,Killing Time,Chris O'Reilly,False,Short Film,killingtime,1416429.0,Killing time,0.0,0.0,Released,2024-03-09,0.0,1.0,False,0.0,,en,Killing time,0.6,Crime,Sarah and Josiah,,,2024.0,killingtime,both
1985,Film | Short Film in 1985,Samson And Delilah,Mark Peploe,False,Short Film,samsonanddelilah,,,,,,,,,,,,,,,,,,,,,left_only
1985,Film | Sound in 1985,The Killing Fields,"Ian Fuller, Clive Winter, Bill Rowe",True,Sound,thekillingfields,625.0,The Killing Fields,7.506,656.0,Released,1984-11-23,34700291.0,142.0,False,14400000.0,tt0087553,en,The Killing Fields,12.318,"Drama, History, War","Goldcrest, Enigma Productions, International Film Investors",United Kingdom,"Khmer, French, Russian, English",1984.0,thekillingfields,both
1985,Film | Sound in 1985,Carmen,"Carlos Faruolo, Alfonso Marcos, Antonio Illan",False,Sound,carmen,42106.0,Carmen,6.716,58.0,Released,1983-05-06,0.0,102.0,False,0.0,tt0085297,es,Carmen,6.176,"Drama, Romance","Emiliano Piedra, TVE, Emiliano Piedra P.C.",Spain,Spanish,1983.0,carmen,both
1985,Film | Sound in 1985,Carmen,"Carlos Faruolo, Alfonso Marcos, Antonio Illan",False,Sound,carmen,267239.0,Car Men,6.0,1.0,Released,2006-11-26,0.0,28.0,False,0.0,tt0938293,en,Car Men,0.6,"Comedy, Music",Nederlandse Programma Stichting (NPS),"Netherlands, Czech Republic",No Language,2006.0,carmen,both
1985,Film | Sound in 1985,"Greystoke: The Legend Of Tarzan, Lord Of The Apes","Ivan Sharrock, Gordon K McCallum, Les Wiggins, Roy Baker",False,Sound,greystokethelegendoftarzanlordoftheapes,11002.0,"Greystoke: The Legend of Tarzan, Lord of the Apes",6.353,425.0,Released,1984-03-30,45858563.0,143.0,False,0.0,tt0087365,en,"Greystoke: The Legend of Tarzan, Lord of the Apes",16.884,"Adventure, Drama, Action, Romance","Edgar Rice Burroughs Inc., Warner Bros. Pictures, WEA Records","United Kingdom, United States of America",English,1984.0,greystokethelegendoftarzanlordoftheapes,both
1985,Film | Sound in 1985,Indiana Jones And The Temple Of Doom,"Ben Burtt, Simon Kaye, Laurel Ladevich",False,Sound,indianajonesandthetempleofdoom,87.0,Indiana Jones and the Temple of Doom,7.294,8505.0,Released,1984-05-23,333000000.0,118.0,False,28000000.0,tt0087469,en,Indiana Jones and the Temple of Doom,53.304,"Adventure, Action","Paramount, Lucasfilm Ltd.",United States of America,"Mandarin, English, Sinhalese",1984.0,indianajonesandthetempleofdoom,both
1985,Film | Special Visual Effects in 1985,Indiana Jones And The Temple Of Doom,"Dennis Muren, George Gibbs, Mike McAlister, Lorne Peterson",True,Special Visual Effects,indianajonesandthetempleofdoom,87.0,Indiana Jones and the Temple of Doom,7.294,8505.0,Released,1984-05-23,333000000.0,118.0,False,28000000.0,tt0087469,en,Indiana Jones and the Temple of Doom,53.304,"Adventure, Action","Paramount, Lucasfilm Ltd.",United States of America,"Mandarin, English, Sinhalese",1984.0,indianajonesandthetempleofdoom,both
1985,Film | Special Visual Effects in 1985,The Company Of Wolves,"Christopher Tucker, Alan Whibley",False,Special Visual Effects,thecompanyofwolves,11905.0,The Company of Wolves,6.293,280.0,Released,1984-09-21,4389334.0,95.0,False,2000000.0,tt0087075,en,The Company of Wolves,12.935,"Horror, Fantasy","Palace Pictures, ITC Entertainment, Cannon Group, Film4 Productions",United Kingdom,English,1984.0,thecompanyofwolves,both
1985,Film | Special Visual Effects in 1985,Ghostbusters,Richard Edlund,False,Special Visual Effects,ghostbusters,620.0,Ghostbusters,7.467,8143.0,Released,1984-06-08,296187079.0,107.0,False,30000000.0,tt0087332,en,Ghostbusters,29.78,"Comedy, Fantasy","Columbia Pictures, Delphi Films, Black Rhino Productions",United States of America,English,1984.0,ghostbusters,both
1985,Film | Special Visual Effects in 1985,The Killing Fields,Fred Cramer,False,Special Visual Effects,thekillingfields,625.0,The Killing Fields,7.506,656.0,Released,1984-11-23,34700291.0,142.0,False,14400000.0,tt0087553,en,The Killing Fields,12.318,"Drama, History, War","Goldcrest, Enigma Productions, International Film Investors",United Kingdom,"Khmer, French, Russian, English",1984.0,thekillingfields,both
1985,Film | Supporting Actor in 1985,Denholm Elliott,A Private Function,True,Supporting Actor,denholmelliott,,,,,,,,,,,,,,,,,,,,,left_only
1985,Film | Supporting Actor in 1985,Michael Elphick,Gorky Park,False,Supporting Actor,michaelelphick,,,,,,,,,,,,,,,,,,,,,left_only
1985,Film | Supporting Actor in 1985,Ian Holm,"Greystoke: The Legend Of Tarzan, Lord Of The Apes",False,Supporting Actor,ianholm,,,,,,,,,,,,,,,,,,,,,left_only
1985,Film | Supporting Actor in 1985,Ralph Richardson,"Greystoke: The Legend Of Tarzan, Lord Of The Apes",False,Supporting Actor,ralphrichardson,,,,,,,,,,,,,,,,,,,,,left_only
1985,Film | Supporting Actress in 1985,Liz Smith,A Private Function,True,Supporting Actress,lizsmith,,,,,,,,,,,,,,,,,,,,,left_only
1985,Film | Supporting Actress in 1985,Eileen Atkins,The Dresser,False,Supporting Actress,eileenatkins,,,,,,,,,,,,,,,,,,,,,left_only
1985,Film | Supporting Actress in 1985,Cher,Silkwood,False,Supporting Actress,cher,,,,,,,,,,,,,,,,,,,,,left_only
1985,Film | Supporting Actress in 1985,Tuesday Weld,Once Upon A Time In America,False,Supporting Actress,tuesdayweld,,,,,,,,,,,,,,,,,,,,,left_only
1986,Film | Actor in a Leading Role in 1986,William Hurt,Kiss Of The Spider Woman,True,Actor in a Leading Role,williamhurt,,,,,,,,,,,,,,,,,,,,,left_only
1986,Film | Actor in a Leading Role in 1986,Victor Banerjee,A Passage To India,False,Actor in a Leading Role,victorbanerjee,,,,,,,,,,,,,,,,,,,,,left_only
1986,Film | Actor in a Leading Role in 1986,Harrison Ford,Witness,False,Actor in a Leading Role,harrisonford,,,,,,,,,,,,,,,,,,,,,left_only
1986,Film | Actor in a Leading Role in 1986,F Murray Abraham,Amadeus,False,Actor in a Leading Role,fmurrayabraham,,,,,,,,,,,,,,,,,,,,,left_only
1986,Film | Actor in a Supporting Role in 1986,Denholm Elliott,Defence Of The Realm,True,Actor in a Supporting Role,denholmelliott,,,,,,,,,,,,,,,,,,,,,left_only
1986,Film | Actor in a Supporting Role in 1986,James Fox,A Passage To India,False,Actor in a Supporting Role,jamesfox,,,,,,,,,,,,,,,,,,,,,left_only
1986,Film | Actor in a Supporting Role in 1986,John Gielgud,Plenty,False,Actor in a Supporting Role,johngielgud,,,,,,,,,,,,,,,,,,,,,left_only
1986,Film | Actor in a Supporting Role in 1986,Saeed Jaffrey,My Beautiful Laundrette,False,Actor in a Supporting Role,saeedjaffrey,,,,,,,,,,,,,,,,,,,,,left_only
1986,Film | Actress in a Leading Role in 1986,Peggy Ashcroft,A Passage To India,True,Actress in a Leading Role,peggyashcroft,,,,,,,,,,,,,,,,,,,,,left_only
1986,Film | Actress in a Leading Role in 1986,Mia Farrow,The Purple Rose Of Cairo,False,Actress in a Leading Role,miafarrow,,,,,,,,,,,,,,,,,,,,,left_only
1986,Film | Actress in a Leading Role in 1986,Kelly McGillis,Witness,False,Actress in a Leading Role,kellymcgillis,,,,,,,,,,,,,,,,,,,,,left_only
1986,Film | Actress in a Leading Role in 1986,Alexandra Pigg,Letter To Brezhnev,False,Actress in a Leading Role,alexandrapigg,,,,,,,,,,,,,,,,,,,,,left_only
1986,Film | Actress in a Supporting Role in 1986,Rosanna Arquette,Desperately Seeking Susan,True,Actress in a Supporting Role,rosannaarquette,,,,,,,,,,,,,,,,,,,,,left_only
1986,Film | Actress in a Supporting Role in 1986,Judi Dench,Wetherby,False,Actress in a Supporting Role,judidench,,,,,,,,,,,,,,,,,,,,,left_only
1986,Film | Actress in a Supporting Role in 1986,Anjelica Huston,Prizzi's Honour,False,Actress in a Supporting Role,anjelicahuston,,,,,,,,,,,,,,,,,,,,,left_only
1986,Film | Actress in a Supporting Role in 1986,Tracey Ullman,Plenty,False,Actress in a Supporting Role,traceyullman,,,,,,,,,,,,,,,,,,,,,left_only
1986,Film | Adapted Screenplay in 1986,Prizzi's Honour,"Richard Condon, Janet Roach",True,Adapted Screenplay,prizzishonour,,,,,,,,,,,,,,,,,,,,,left_only
1986,Film | Adapted Screenplay in 1986,Amadeus,Peter Shaffer,False,Adapted Screenplay,amadeus,279.0,Amadeus,8.036,3837.0,Released,1984-09-19,51973029.0,161.0,False,18000000.0,tt0086879,en,Amadeus,28.239,"History, Music, Drama","AMLF, The Saul Zaentz Company",United States of America,"English, German, Italian, Latin",1984.0,amadeus,both
1986,Film | Adapted Screenplay in 1986,A Passage To India,David Lean,False,Adapted Screenplay,apassagetoindia,15927.0,A Passage to India,6.808,258.0,Released,1984-12-14,27201487.0,163.0,False,8000000.0,tt0087892,en,A Passage to India,11.022,"Drama, Adventure, History","EMI Films, Thorn EMI Screen Entertainment, HBO","United Kingdom, United States of America","English, Hindi",1984.0,apassagetoindia,both
1986,Film | Adapted Screenplay in 1986,The Shooting Party,Julian Bond,False,Adapted Screenplay,theshootingparty,57300.0,The Shooting Party,6.778,18.0,Released,1985-02-01,0.0,98.0,False,0.0,tt0088111,en,The Shooting Party,2.241,"Drama, Romance, History","Castle Hill Productions, Edenflow, Geoff Reeve Films & Television Ltd.",United Kingdom,English,1985.0,theshootingparty,both
1986,Film | Cinematography in 1986,Amadeus,Miroslav Ondricek,True,Cinematography,amadeus,279.0,Amadeus,8.036,3837.0,Released,1984-09-19,51973029.0,161.0,False,18000000.0,tt0086879,en,Amadeus,28.239,"History, Music, Drama","AMLF, The Saul Zaentz Company",United States of America,"English, German, Italian, Latin",1984.0,amadeus,both
1986,Film | Cinematography in 1986,The Emerald Forest,Philippe Rousselot,False,Cinematography,theemeraldforest,11532.0,The Emerald Forest,6.7,200.0,Released,1985-06-22,24467000.0,114.0,False,0.0,tt0089087,en,The Emerald Forest,13.688,"Action, Adventure, Drama","Embassy Pictures Corporation, Christel Films",United Kingdom,"English, Portuguese",1985.0,theemeraldforest,both
1986,Film | Cinematography in 1986,A Passage To India,Ernest Day,False,Cinematography,apassagetoindia,15927.0,A Passage to India,6.808,258.0,Released,1984-12-14,27201487.0,163.0,False,8000000.0,tt0087892,en,A Passage to India,11.022,"Drama, Adventure, History","EMI Films, Thorn EMI Screen Entertainment, HBO","United Kingdom, United States of America","English, Hindi",1984.0,apassagetoindia,both
1986,Film | Cinematography in 1986,Witness,John Seale,False,Cinematography,witness,9281.0,Witness,7.068,1469.0,Released,1985-02-08,68706993.0,112.0,False,12000000.0,tt0090329,en,Witness,18.957,"Crime, Drama, Romance, Thriller",Paramount,United States of America,"German, English",1985.0,witness,both
1986,Film | Cinematography in 1986,Witness,John Seale,False,Cinematography,witness,1122367.0,WITNESS,0.0,0.0,Released,2023-04-29,0.0,2.0,False,150.0,,en,WITNESS,0.6,"Thriller, Mystery, Drama, Fantasy",Flinders University Screen Production,Australia,No Language,2023.0,witness,both
1986,Film | Costume Design in 1986,The Cotton Club,Milena Canonero,True,Costume Design,thecottonclub,2148.0,The Cotton Club,6.5,359.0,Released,1984-12-14,25928721.0,127.0,False,58000000.0,tt0087089,en,The Cotton Club,14.908,"Crime, Drama","Orion Pictures, Totally Independent, PSO",United States of America,"English, Italian",1984.0,thecottonclub,both
1986,Film | Costume Design in 1986,Amadeus,Theodore Pistek,False,Costume Design,amadeus,279.0,Amadeus,8.036,3837.0,Released,1984-09-19,51973029.0,161.0,False,18000000.0,tt0086879,en,Amadeus,28.239,"History, Music, Drama","AMLF, The Saul Zaentz Company",United States of America,"English, German, Italian, Latin",1984.0,amadeus,both
1986,Film | Costume Design in 1986,Legend,Charles Knode,False,Costume Design,legend,276907.0,Legend,7.032,3537.0,Released,2015-09-09,42972994.0,132.0,False,25000000.0,tt3569230,en,Legend,29.789,"Crime, Thriller","Working Title Films, Cross Creek Pictures, Anton Capital Entertainment, StudioCanal, Canal+, Universal Pictures","United Kingdom, United States of America, France",English,2015.0,legend,both
1986,Film | Costume Design in 1986,A Passage To India,Judy Moorcroft,False,Costume Design,apassagetoindia,15927.0,A Passage to India,6.808,258.0,Released,1984-12-14,27201487.0,163.0,False,8000000.0,tt0087892,en,A Passage to India,11.022,"Drama, Adventure, History","EMI Films, Thorn EMI Screen Entertainment, HBO","United Kingdom, United States of America","English, Hindi",1984.0,apassagetoindia,both
1986,Film | Editing in 1986,Amadeus,"Nena Danevic, Michael Chandler",True,Editing,amadeus,279.0,Amadeus,8.036,3837.0,Released,1984-09-19,51973029.0,161.0,False,18000000.0,tt0086879,en,Amadeus,28.239,"History, Music, Drama","AMLF, The Saul Zaentz Company",United States of America,"English, German, Italian, Latin",1984.0,amadeus,both
1986,Film | Editing in 1986,Back To The Future,"Arthur Schmidt, Harry Keramidas",False,Editing,backtothefuture,105.0,Back to the Future,8.314,18442.0,Released,1985-07-03,381109762.0,116.0,False,19000000.0,tt0088763,en,Back to the Future,62.543,"Adventure, Comedy, Science Fiction","Universal Pictures, Amblin Entertainment",United States of America,English,1985.0,backtothefuture,both
1986,Film | Editing in 1986,A Chorus Line,John Bloom,False,Editing,achorusline,1816.0,A Chorus Line,6.214,161.0,Released,1985-12-10,14202899.0,117.0,False,0.0,tt0088915,en,A Chorus Line,14.965,"Drama, Music","Feuer and Martin Production, A, Polygram Pictures, Embassy Films Associates, Columbia Pictures",United States of America,English,1985.0,achorusline,both
1986,Film | Editing in 1986,Witness,Thom Noble,False,Editing,witness,9281.0,Witness,7.068,1469.0,Released,1985-02-08,68706993.0,112.0,False,12000000.0,tt0090329,en,Witness,18.957,"Crime, Drama, Romance, Thriller",Paramount,United States of America,"German, English",1985.0,witness,both
1986,Film | Editing in 1986,Witness,Thom Noble,False,Editing,witness,1122367.0,WITNESS,0.0,0.0,Released,2023-04-29,0.0,2.0,False,150.0,,en,WITNESS,0.6,"Thriller, Mystery, Drama, Fantasy",Flinders University Screen Production,Australia,No Language,2023.0,witness,both
1986,Film | Fellowship in 1986,Steven Spielberg,,True,Fellowship,stevenspielberg,,,,,,,,,,,,,,,,,,,,,left_only
1986,Film | Film in 1986,The Purple Rose Of Cairo,"Robert Greenhut, Woody Allen",True,Film,thepurpleroseofcairo,10849.0,The Purple Rose of Cairo,7.394,909.0,Released,1985-03-01,10631333.0,82.0,False,15000000.0,tt0089853,en,The Purple Rose of Cairo,11.886,"Fantasy, Comedy, Romance",Orion Pictures,United States of America,English,1985.0,thepurpleroseofcairo,both
1986,Film | Film in 1986,Amadeus,"Saul Zaentz, Milos Forman",False,Film,amadeus,279.0,Amadeus,8.036,3837.0,Released,1984-09-19,51973029.0,161.0,False,18000000.0,tt0086879,en,Amadeus,28.239,"History, Music, Drama","AMLF, The Saul Zaentz Company",United States of America,"English, German, Italian, Latin",1984.0,amadeus,both
1986,Film | Film in 1986,Back To The Future,"Bob Gale, Neil Canton, Robert Zemeckis",False,Film,backtothefuture,105.0,Back to the Future,8.314,18442.0,Released,1985-07-03,381109762.0,116.0,False,19000000.0,tt0088763,en,Back to the Future,62.543,"Adventure, Comedy, Science Fiction","Universal Pictures, Amblin Entertainment",United States of America,English,1985.0,backtothefuture,both
1986,Film | Film in 1986,A Passage To India,"John Brabourne, Richard Goodwin, David Lean",False,Film,apassagetoindia,15927.0,A Passage to India,6.808,258.0,Released,1984-12-14,27201487.0,163.0,False,8000000.0,tt0087892,en,A Passage to India,11.022,"Drama, Adventure, History","EMI Films, Thorn EMI Screen Entertainment, HBO","United Kingdom, United States of America","English, Hindi",1984.0,apassagetoindia,both
1986,Film | Film in 1986,Witness,"Edward S Feldman, Peter Weir",False,Film,witness,9281.0,Witness,7.068,1469.0,Released,1985-02-08,68706993.0,112.0,False,12000000.0,tt0090329,en,Witness,18.957,"Crime, Drama, Romance, Thriller",Paramount,United States of America,"German, English",1985.0,witness,both
1986,Film | Film in 1986,Witness,"Edward S Feldman, Peter Weir",False,Film,witness,1122367.0,WITNESS,0.0,0.0,Released,2023-04-29,0.0,2.0,False,150.0,,en,WITNESS,0.6,"Thriller, Mystery, Drama, Fantasy",Flinders University Screen Production,Australia,No Language,2023.0,witness,both
1986,Film | Flaherty Documentary Award in 1986,Omnibus: Leonard Berstein's West Side Story,Christopher Swann,True,Flaherty Documentary Award,omnibusleonardbersteinswestsidestory,,,,,,,,,,,,,,,,,,,,,left_only
1986,Film | Flaherty Documentary Award in 1986,Marilyn Monroe: Say Goodbye To The President,Christopher Olgiati,False,Flaherty Documentary Award,marilynmonroesaygoodbyetothepresident,,,,,,,,,,,,,,,,,,,,,left_only
1986,Film | Flaherty Documentary Award in 1986,David Lean: A Life In Film,Nigel Wattis,False,Flaherty Documentary Award,davidleanalifeinfilm,538743.0,David Lean: A Life in Film,0.0,0.0,Released,1985-01-01,0.0,140.0,False,0.0,tt0705774,en,David Lean: A Life in Film,0.688,Documentary,,United Kingdom,,1985.0,davidleanalifeinfilm,both
1986,Film | Flaherty Documentary Award in 1986,The Frozen Ocean: Part 1 - Kingdom Of The Ice Bear,"Mike Salisbury, Hugh Miles",False,Flaherty Documentary Award,thefrozenoceanpart1kingdomoftheicebear,,,,,,,,,,,,,,,,,,,,,left_only
1986,Film | Foreign Language Film in 1986,Colonel Redl (Oberst Redl),"Manfred Durniok, István Szabó",True,Foreign Language Film,colonelredloberstredl,,,,,,,,,,,,,,,,,,,,,left_only
1986,Film | Foreign Language Film in 1986,Carmen,"Patrice Ledoux, Francesco Rosi",False,Foreign Language Film,carmen,42106.0,Carmen,6.716,58.0,Released,1983-05-06,0.0,102.0,False,0.0,tt0085297,es,Carmen,6.176,"Drama, Romance","Emiliano Piedra, TVE, Emiliano Piedra P.C.",Spain,Spanish,1983.0,carmen,both
1986,Film | Foreign Language Film in 1986,Carmen,"Patrice Ledoux, Francesco Rosi",False,Foreign Language Film,carmen,267239.0,Car Men,6.0,1.0,Released,2006-11-26,0.0,28.0,False,0.0,tt0938293,en,Car Men,0.6,"Comedy, Music",Nederlandse Programma Stichting (NPS),"Netherlands, Czech Republic",No Language,2006.0,carmen,both
1986,Film | Foreign Language Film in 1986,Dim Sum - A Little Bit Of Heart,"Tom Sternberg, Wayne Wang, Danny Yung",False,Foreign Language Film,dimsumalittlebitofheart,135418.0,Dim Sum: A Little Bit of Heart,6.0,8.0,Released,1985-08-09,0.0,87.0,False,0.0,tt0087150,en,Dim Sum: A Little Bit of Heart,2.476,Comedy,Project A Partnership,United States of America,English,1985.0,dimsumalittlebitofheart,both
1986,Film | Foreign Language Film in 1986,Dim Sum - A Little Bit Of Heart,"Tom Sternberg, Wayne Wang, Danny Yung",False,Foreign Language Film,dimsumalittlebitofheart,1116018.0,Dim Sum (A Little Bit of Heart),0.0,0.0,Released,2002-08-11,0.0,38.0,False,0.0,tt0361511,en,Dim Sum (A Little Bit of Heart),0.6,Documentary,NFTS,United Kingdom,"Mandarin, English",2002.0,dimsumalittlebitofheart,both
1986,Film | Foreign Language Film in 1986,Subway,"Luc Besson, François Ruggieri",False,Foreign Language Film,subway,10656.0,Subway,6.533,392.0,Released,1985-04-10,390659.0,104.0,False,2000000.0,tt0090095,fr,Subway,13.597,"Action, Thriller","Gaumont, Les Films du Loup, TSF Productions, TF1 Films Production",France,French,1985.0,subway,both
1986,Film | Foreign Language Film in 1986,Subway,"Luc Besson, François Ruggieri",False,Foreign Language Film,subway,1081976.0,SUBWAY,0.0,0.0,Released,2018-10-01,0.0,2.0,False,0.0,,en,SUBWAY,0.6,,,,,2018.0,subway,both
1986,Film | Make-Up Artist in 1986,"Paul LeBlanc, Dick Smith",Amadeus,True,Make-Up Artist,paulleblancdicksmith,,,,,,,,,,,,,,,,,,,,,left_only
1986,Film | Make-Up Artist in 1986,"Peter Frampton, Paul Engelen Anna Dryhurst, Luis Michelotti, Beth Presares",The Emerald Forest,False,Make-Up Artist,peterframptonpaulengelenannadryhurstluismichelottibethpresares,,,,,,,,,,,,,,,,,,,,,left_only
1986,Film | Make-Up Artist in 1986,"Peter Robb-King, Rob Bottin",Legend,False,Make-Up Artist,peterrobbkingrobbottin,,,,,,,,,,,,,,,,,,,,,left_only
1986,Film | Make-Up Artist in 1986,Michael Westmore,Mask,False,Make-Up Artist,michaelwestmore,,,,,,,,,,,,,,,,,,,,,left_only
1986,Film | Original Screenplay in 1986,The Purple Rose Of Cairo,Woody Allen,True,Original Screenplay,thepurpleroseofcairo,10849.0,The Purple Rose of Cairo,7.394,909.0,Released,1985-03-01,10631333.0,82.0,False,15000000.0,tt0089853,en,The Purple Rose of Cairo,11.886,"Fantasy, Comedy, Romance",Orion Pictures,United States of America,English,1985.0,thepurpleroseofcairo,both
1986,Film | Original Screenplay in 1986,Back To The Future,"Robert Zemeckis, Bob Gale",False,Original Screenplay,backtothefuture,105.0,Back to the Future,8.314,18442.0,Released,1985-07-03,381109762.0,116.0,False,19000000.0,tt0088763,en,Back to the Future,62.543,"Adventure, Comedy, Science Fiction","Universal Pictures, Amblin Entertainment",United States of America,English,1985.0,backtothefuture,both
1986,Film | Original Screenplay in 1986,My Beautiful Laundrette,Hanif Kureishi,False,Original Screenplay,mybeautifullaundrette,11240.0,My Beautiful Laundrette,6.763,232.0,Released,1985-11-16,2451545.0,98.0,False,860000.0,tt0091578,en,My Beautiful Laundrette,9.223,"Comedy, Drama, Romance","Working Title Films, SAF Productions, Film4 Productions",United Kingdom,"English, Urdu",1985.0,mybeautifullaundrette,both
1986,Film | Original Screenplay in 1986,Witness,"Earl W Wallace, William Kelley",False,Original Screenplay,witness,9281.0,Witness,7.068,1469.0,Released,1985-02-08,68706993.0,112.0,False,12000000.0,tt0090329,en,Witness,18.957,"Crime, Drama, Romance, Thriller",Paramount,United States of America,"German, English",1985.0,witness,both
1986,Film | Original Screenplay in 1986,Witness,"Earl W Wallace, William Kelley",False,Original Screenplay,witness,1122367.0,WITNESS,0.0,0.0,Released,2023-04-29,0.0,2.0,False,150.0,,en,WITNESS,0.6,"Thriller, Mystery, Drama, Fantasy",Flinders University Screen Production,Australia,No Language,2023.0,witness,both
1986,Film | Outstanding British Contribution To Cinema in 1986,Sydney Samuelson,,True,Outstanding British Contribution To Cinema,sydneysamuelson,,,,,,,,,,,,,,,,,,,,,left_only
1986,Film | Production Design in 1986,Brazil,Norman Garwood,True,Production Design,brazil,68.0,Brazil,7.673,3026.0,Released,1985-02-20,9900000.0,143.0,False,15000000.0,tt0088846,en,Brazil,21.313,"Comedy, Science Fiction",Embassy International Pictures,"United Kingdom, United States of America",English,1985.0,brazil,both
1986,Film | Production Design in 1986,Brazil,Norman Garwood,True,Production Design,brazil,607345.0,Brazil!,8.5,1.0,Released,2014-11-10,0.0,55.0,False,0.0,tt8134300,en,Brazil!,0.625,Documentary,,,"English, Portuguese",2014.0,brazil,both
1986,Film | Production Design in 1986,Amadeus,Patrizia Von Brandenstein,False,Production Design,amadeus,279.0,Amadeus,8.036,3837.0,Released,1984-09-19,51973029.0,161.0,False,18000000.0,tt0086879,en,Amadeus,28.239,"History, Music, Drama","AMLF, The Saul Zaentz Company",United States of America,"English, German, Italian, Latin",1984.0,amadeus,both
1986,Film | Production Design in 1986,Back To The Future,Lawrence G Paull,False,Production Design,backtothefuture,105.0,Back to the Future,8.314,18442.0,Released,1985-07-03,381109762.0,116.0,False,19000000.0,tt0088763,en,Back to the Future,62.543,"Adventure, Comedy, Science Fiction","Universal Pictures, Amblin Entertainment",United States of America,English,1985.0,backtothefuture,both
1986,Film | Production Design in 1986,A Passage To India,John Box,False,Production Design,apassagetoindia,15927.0,A Passage to India,6.808,258.0,Released,1984-12-14,27201487.0,163.0,False,8000000.0,tt0087892,en,A Passage to India,11.022,"Drama, Adventure, History","EMI Films, Thorn EMI Screen Entertainment, HBO","United Kingdom, United States of America","English, Hindi",1984.0,apassagetoindia,both
1986,Film | Score For A Film in 1986,Witness,Maurice Jarre,True,Score For A Film,witness,9281.0,Witness,7.068,1469.0,Released,1985-02-08,68706993.0,112.0,False,12000000.0,tt0090329,en,Witness,18.957,"Crime, Drama, Romance, Thriller",Paramount,United States of America,"German, English",1985.0,witness,both
1986,Film | Score For A Film in 1986,Witness,Maurice Jarre,True,Score For A Film,witness,1122367.0,WITNESS,0.0,0.0,Released,2023-04-29,0.0,2.0,False,150.0,,en,WITNESS,0.6,"Thriller, Mystery, Drama, Fantasy",Flinders University Screen Production,Australia,No Language,2023.0,witness,both
1986,Film | Score For A Film in 1986,Beverly Hills Cop,Harold Faltermeyer,False,Score For A Film,beverlyhillscop,90.0,Beverly Hills Cop,7.185,3631.0,Released,1984-12-05,316360478.0,105.0,False,14000000.0,tt0086960,en,Beverly Hills Cop,26.61,"Action, Comedy, Crime","Paramount, Eddie Murphy Productions, Don Simpson/Jerry Bruckheimer Films",United States of America,English,1984.0,beverlyhillscop,both
1986,Film | Score For A Film in 1986,The Emerald Forest,"Junior Homrich, Brian Gascoigne",False,Score For A Film,theemeraldforest,11532.0,The Emerald Forest,6.7,200.0,Released,1985-06-22,24467000.0,114.0,False,0.0,tt0089087,en,The Emerald Forest,13.688,"Action, Adventure, Drama","Embassy Pictures Corporation, Christel Films",United Kingdom,"English, Portuguese",1985.0,theemeraldforest,both
1986,Film | Score For A Film in 1986,A Passage To India,Maurice Jarre,False,Score For A Film,apassagetoindia,15927.0,A Passage to India,6.808,258.0,Released,1984-12-14,27201487.0,163.0,False,8000000.0,tt0087892,en,A Passage to India,11.022,"Drama, Adventure, History","EMI Films, Thorn EMI Screen Entertainment, HBO","United Kingdom, United States of America","English, Hindi",1984.0,apassagetoindia,both
1986,Film | Short Animation in 1986,Alias The Jester,"Brian Cosgrove, Mark Hall",True,Short Animation,aliasthejester,,,,,,,,,,,,,,,,,,,,,left_only
1986,Film | Short Animation in 1986,Dangermouse,"Brian Cosgrove, Mark Hall",False,Short Animation,dangermouse,,,,,,,,,,,,,,,,,,,,,left_only
1986,Film | Short Animation in 1986,Superted,"David Edwards, Mike Young",False,Short Animation,superted,,,,,,,,,,,,,,,,,,,,,left_only
1986,Film | Short Animation in 1986,The Wind In The Willows: Winter Sports,"Mark Hall, Brian Cosgrove",False,Short Animation,thewindinthewillowswintersports,,,,,,,,,,,,,,,,,,,,,left_only
1986,Film | Short Film in 1986,Careless Talk,Noella Smith,True,Short Film,carelesstalk,955602.0,Careless Talk,0.0,0.0,Released,1985-01-01,0.0,40.0,False,0.0,,en,Careless Talk,0.6,Drama,NFTS,United Kingdom,English,1985.0,carelesstalk,both
1986,Film | Short Film in 1986,One For My Baby,Chris Fallon,False,Short Film,oneformybaby,1191856.0,One For My Baby,0.0,0.0,Post Production,2023-11-04,0.0,22.0,False,2800.0,tt22087096,en,One For My Baby,2.181,"Drama, Romance",Tumo Works,,English,2023.0,oneformybaby,both
1986,Film | Short Film in 1986,The Woman Who Married Clark Gable,Thaddeus O'Sullivan,False,Short Film,thewomanwhomarriedclarkgable,529442.0,The Woman Who Married Clark Gable,8.0,1.0,Released,1985-08-28,0.0,29.0,False,0.0,tt0132630,en,The Woman Who Married Clark Gable,1.141,,Brook Films,,English,1985.0,thewomanwhomarriedclarkgable,both
1986,Film | Sound in 1986,Amadeus,"John Nutt, Chris Newman, Mark Berger",True,Sound,amadeus,279.0,Amadeus,8.036,3837.0,Released,1984-09-19,51973029.0,161.0,False,18000000.0,tt0086879,en,Amadeus,28.239,"History, Music, Drama","AMLF, The Saul Zaentz Company",United States of America,"English, German, Italian, Latin",1984.0,amadeus,both
1986,Film | Sound in 1986,Carmen,"Hugues Darmois, Harald Maury, Dominique Hennequin, Bernard Le Roux",False,Sound,carmen,42106.0,Carmen,6.716,58.0,Released,1983-05-06,0.0,102.0,False,0.0,tt0085297,es,Carmen,6.176,"Drama, Romance","Emiliano Piedra, TVE, Emiliano Piedra P.C.",Spain,Spanish,1983.0,carmen,both
1986,Film | Sound in 1986,Carmen,"Hugues Darmois, Harald Maury, Dominique Hennequin, Bernard Le Roux",False,Sound,carmen,267239.0,Car Men,6.0,1.0,Released,2006-11-26,0.0,28.0,False,0.0,tt0938293,en,Car Men,0.6,"Comedy, Music",Nederlandse Programma Stichting (NPS),"Netherlands, Czech Republic",No Language,2006.0,carmen,both
1986,Film | Sound in 1986,A Chorus Line,"Jonathan Bates, Chris Newman, Gerry Humphreys",False,Sound,achorusline,1816.0,A Chorus Line,6.214,161.0,Released,1985-12-10,14202899.0,117.0,False,0.0,tt0088915,en,A Chorus Line,14.965,"Drama, Music","Feuer and Martin Production, A, Polygram Pictures, Embassy Films Associates, Columbia Pictures",United States of America,English,1985.0,achorusline,both
1986,Film | Sound in 1986,The Cotton Club,"Edward Beyer, Jack Jacobsen, David Carroll",False,Sound,thecottonclub,2148.0,The Cotton Club,6.5,359.0,Released,1984-12-14,25928721.0,127.0,False,58000000.0,tt0087089,en,The Cotton Club,14.908,"Crime, Drama","Orion Pictures, Totally Independent, PSO",United States of America,"English, Italian",1984.0,thecottonclub,both
1986,Film | Special Visual Effects in 1986,Brazil,"George Gibbs, Richard Conway",True,Special Visual Effects,brazil,68.0,Brazil,7.673,3026.0,Released,1985-02-20,9900000.0,143.0,False,15000000.0,tt0088846,en,Brazil,21.313,"Comedy, Science Fiction",Embassy International Pictures,"United Kingdom, United States of America",English,1985.0,brazil,both
1986,Film | Special Visual Effects in 1986,Brazil,"George Gibbs, Richard Conway",True,Special Visual Effects,brazil,607345.0,Brazil!,8.5,1.0,Released,2014-11-10,0.0,55.0,False,0.0,tt8134300,en,Brazil!,0.625,Documentary,,,"English, Portuguese",2014.0,brazil,both
1986,Film | Special Visual Effects in 1986,Back To The Future,"Kevin Pike, Ken Ralston",False,Special Visual Effects,backtothefuture,105.0,Back to the Future,8.314,18442.0,Released,1985-07-03,381109762.0,116.0,False,19000000.0,tt0088763,en,Back to the Future,62.543,"Adventure, Comedy, Science Fiction","Universal Pictures, Amblin Entertainment",United States of America,English,1985.0,backtothefuture,both
1986,Film | Special Visual Effects in 1986,Legend,"Nick Allder, Peter Voysey",False,Special Visual Effects,legend,276907.0,Legend,7.032,3537.0,Released,2015-09-09,42972994.0,132.0,False,25000000.0,tt3569230,en,Legend,29.789,"Crime, Thriller","Working Title Films, Cross Creek Pictures, Anton Capital Entertainment, StudioCanal, Canal+, Universal Pictures","United Kingdom, United States of America, France",English,2015.0,legend,both
1986,Film | Special Visual Effects in 1986,The Purple Rose Of Cairo,"R, Greenberg Associates",False,Special Visual Effects,thepurpleroseofcairo,10849.0,The Purple Rose of Cairo,7.394,909.0,Released,1985-03-01,10631333.0,82.0,False,15000000.0,tt0089853,en,The Purple Rose of Cairo,11.886,"Fantasy, Comedy, Romance",Orion Pictures,United States of America,English,1985.0,thepurpleroseofcairo,both
1987,Film | Achievement in Direction in 1987,Woody Allen,Hannah And Her Sisters,True,Achievement in Direction,woodyallen,,,,,,,,,,,,,,,,,,,,,left_only
1987,Film | Achievement in Direction in 1987,Roland Joffé,The Mission,False,Achievement in Direction,rolandjoffé,,,,,,,,,,,,,,,,,,,,,left_only
1987,Film | Achievement in Direction in 1987,Neil Jordan,Mona Lisa,False,Achievement in Direction,neiljordan,,,,,,,,,,,,,,,,,,,,,left_only
1987,Film | Achievement in Direction in 1987,James Ivory,A Room With A View,False,Achievement in Direction,jamesivory,,,,,,,,,,,,,,,,,,,,,left_only
1987,Film | Actor in a Leading Role in 1987,Bob Hoskins,Mona Lisa,True,Actor in a Leading Role,bobhoskins,,,,,,,,,,,,,,,,,,,,,left_only
1987,Film | Actor in a Leading Role in 1987,Woody Allen,Hannah And Her Sisters,False,Actor in a Leading Role,woodyallen,,,,,,,,,,,,,,,,,,,,,left_only
1987,Film | Actor in a Leading Role in 1987,Michael Caine,Hannah And Her Sisters,False,Actor in a Leading Role,michaelcaine,,,,,,,,,,,,,,,,,,,,,left_only
1987,Film | Actor in a Leading Role in 1987,Paul Hogan,Crocodile Dundee,False,Actor in a Leading Role,paulhogan,,,,,,,,,,,,,,,,,,,,,left_only
1987,Film | Actor in a Supporting Role in 1987,Ray McAnally,The Mission,True,Actor in a Supporting Role,raymcanally,,,,,,,,,,,,,,,,,,,,,left_only
1987,Film | Actor in a Supporting Role in 1987,Klaus Maria Brandauer,Out Of Africa,False,Actor in a Supporting Role,klausmariabrandauer,,,,,,,,,,,,,,,,,,,,,left_only
1987,Film | Actor in a Supporting Role in 1987,Simon Callow,A Room With A View,False,Actor in a Supporting Role,simoncallow,,,,,,,,,,,,,,,,,,,,,left_only
1987,Film | Actor in a Supporting Role in 1987,Denholm Elliott,A Room With A View,False,Actor in a Supporting Role,denholmelliott,,,,,,,,,,,,,,,,,,,,,left_only
1987,Film | Actress in a Leading Role in 1987,Maggie Smith,A Room With A View,True,Actress in a Leading Role,maggiesmith,,,,,,,,,,,,,,,,,,,,,left_only
1987,Film | Actress in a Leading Role in 1987,Mia Farrow,Hannah And Her Sisters,False,Actress in a Leading Role,miafarrow,,,,,,,,,,,,,,,,,,,,,left_only
1987,Film | Actress in a Leading Role in 1987,Meryl Streep,Out Of Africa,False,Actress in a Leading Role,merylstreep,,,,,,,,,,,,,,,,,,,,,left_only
1987,Film | Actress in a Leading Role in 1987,Cathy Tyson,Mona Lisa,False,Actress in a Leading Role,cathytyson,,,,,,,,,,,,,,,,,,,,,left_only
1987,Film | Actress in a Supporting Role in 1987,Judi Dench,A Room With A View,True,Actress in a Supporting Role,judidench,,,,,,,,,,,,,,,,,,,,,left_only
1987,Film | Actress in a Supporting Role in 1987,Rosanna Arquette,After Hours,False,Actress in a Supporting Role,rosannaarquette,,,,,,,,,,,,,,,,,,,,,left_only
1987,Film | Actress in a Supporting Role in 1987,Barbara Hershey,Hannah And Her Sisters,False,Actress in a Supporting Role,barbarahershey,,,,,,,,,,,,,,,,,,,,,left_only
1987,Film | Actress in a Supporting Role in 1987,Rosemary Leach,A Room With A View,False,Actress in a Supporting Role,rosemaryleach,,,,,,,,,,,,,,,,,,,,,left_only
1987,Film | Adapted Screenplay in 1987,Out Of Africa,Kurt Luedtke,True,Adapted Screenplay,outofafrica,606.0,Out of Africa,7.147,1252.0,Released,1985-12-20,227514205.0,161.0,False,31000000.0,tt0089755,en,Out of Africa,17.812,"History, Romance, Drama","Universal Pictures, Mirage Entertainment, Mirage Enterprises",United States of America,"English, Swahili",1985.0,outofafrica,both
1987,Film | Adapted Screenplay in 1987,Children Of A Lesser God,"Hesper Anderson, Mark Medoff",False,Adapted Screenplay,childrenofalessergod,1890.0,Children of a Lesser God,6.929,282.0,Released,1986-09-13,31853080.0,119.0,False,0.0,tt0090830,en,Children of a Lesser God,11.654,"Drama, Romance",Paramount,United States of America,English,1986.0,childrenofalessergod,both
1987,Film | Adapted Screenplay in 1987,The Color Purple,Menno Mayjes,False,Adapted Screenplay,thecolorpurple,873.0,The Color Purple,7.747,1546.0,Released,1985-12-18,146292000.0,154.0,False,15000000.0,tt0088939,en,The Color Purple,15.337,"Drama, History","Amblin Entertainment, The Guber-Peters Company, Warner Bros. Pictures",United States of America,English,1985.0,thecolorpurple,both
1987,Film | Adapted Screenplay in 1987,Ran,"Akira Kurosawa, Hideo Oguni, Masato Ide",False,Adapted Screenplay,ran,11645.0,Ran,8.069,1361.0,Released,1985-06-01,11859533.0,160.0,False,11500005.0,tt0089881,ja,乱,17.975,"Action, Drama, History","Nippon Herald Films, Greenwich Film Production, Herald Ace, TOHO","Japan, France",Japanese,1985.0,ran,both
1987,Film | Adapted Screenplay in 1987,A Room With A View,Ruth Prawer Jhabvala,False,Adapted Screenplay,aroomwithaview,11257.0,A Room with a View,7.014,669.0,Released,1986-03-07,20966644.0,117.0,False,3000000.0,tt0091867,en,A Room with a View,22.518,"Drama, Romance","Curzon Film Distributors, Goldcrest, National Film Finance Corporation (NFFC), Film4 Productions",United Kingdom,"English, Italian",1986.0,aroomwithaview,both
1987,Film | Cinematography in 1987,Out Of Africa,David Watkin,True,Cinematography,outofafrica,606.0,Out of Africa,7.147,1252.0,Released,1985-12-20,227514205.0,161.0,False,31000000.0,tt0089755,en,Out of Africa,17.812,"History, Romance, Drama","Universal Pictures, Mirage Entertainment, Mirage Enterprises",United States of America,"English, Swahili",1985.0,outofafrica,both
1987,Film | Cinematography in 1987,The Mission,Chris Menges,False,Cinematography,themission,11416.0,The Mission,7.396,1268.0,Released,1986-09-29,17218023.0,126.0,False,24500000.0,tt0091530,en,The Mission,13.867,"Adventure, Drama, Action, History","AMLF, Goldcrest, Enigma Productions, Kingsmere Productions Ltd., Warner Bros. Pictures","France, United Kingdom","English, Guarani, Spanish, Latin",1986.0,themission,both
1987,Film | Cinematography in 1987,Ran,"Takao Saito, Masaharu Ueda",False,Cinematography,ran,11645.0,Ran,8.069,1361.0,Released,1985-06-01,11859533.0,160.0,False,11500005.0,tt0089881,ja,乱,17.975,"Action, Drama, History","Nippon Herald Films, Greenwich Film Production, Herald Ace, TOHO","Japan, France",Japanese,1985.0,ran,both
1987,Film | Cinematography in 1987,A Room With A View,Tony Pierce-Roberts,False,Cinematography,aroomwithaview,11257.0,A Room with a View,7.014,669.0,Released,1986-03-07,20966644.0,117.0,False,3000000.0,tt0091867,en,A Room with a View,22.518,"Drama, Romance","Curzon Film Distributors, Goldcrest, National Film Finance Corporation (NFFC), Film4 Productions",United Kingdom,"English, Italian",1986.0,aroomwithaview,both
1987,Film | Costume Design in 1987,A Room With A View,"Jenny Beavan, John Bright",True,Costume Design,aroomwithaview,11257.0,A Room with a View,7.014,669.0,Released,1986-03-07,20966644.0,117.0,False,3000000.0,tt0091867,en,A Room with a View,22.518,"Drama, Romance","Curzon Film Distributors, Goldcrest, National Film Finance Corporation (NFFC), Film4 Productions",United Kingdom,"English, Italian",1986.0,aroomwithaview,both
1987,Film | Costume Design in 1987,The Mission,Enrico Sabbatini,False,Costume Design,themission,11416.0,The Mission,7.396,1268.0,Released,1986-09-29,17218023.0,126.0,False,24500000.0,tt0091530,en,The Mission,13.867,"Adventure, Drama, Action, History","AMLF, Goldcrest, Enigma Productions, Kingsmere Productions Ltd., Warner Bros. Pictures","France, United Kingdom","English, Guarani, Spanish, Latin",1986.0,themission,both
1987,Film | Costume Design in 1987,Out Of Africa,Milena Canonero,False,Costume Design,outofafrica,606.0,Out of Africa,7.147,1252.0,Released,1985-12-20,227514205.0,161.0,False,31000000.0,tt0089755,en,Out of Africa,17.812,"History, Romance, Drama","Universal Pictures, Mirage Entertainment, Mirage Enterprises",United States of America,"English, Swahili",1985.0,outofafrica,both
1987,Film | Costume Design in 1987,Ran,Emi Wada,False,Costume Design,ran,11645.0,Ran,8.069,1361.0,Released,1985-06-01,11859533.0,160.0,False,11500005.0,tt0089881,ja,乱,17.975,"Action, Drama, History","Nippon Herald Films, Greenwich Film Production, Herald Ace, TOHO","Japan, France",Japanese,1985.0,ran,both
1987,Film | Editing in 1987,The Mission,Jim Clark,True,Editing,themission,11416.0,The Mission,7.396,1268.0,Released,1986-09-29,17218023.0,126.0,False,24500000.0,tt0091530,en,The Mission,13.867,"Adventure, Drama, Action, History","AMLF, Goldcrest, Enigma Productions, Kingsmere Productions Ltd., Warner Bros. Pictures","France, United Kingdom","English, Guarani, Spanish, Latin",1986.0,themission,both
1987,Film | Editing in 1987,Hannah And Her Sisters,Susan E Morse,False,Editing,hannahandhersisters,5143.0,Hannah and Her Sisters,7.508,904.0,Released,1986-02-07,40084041.0,107.0,False,6400000.0,tt0091167,en,Hannah and Her Sisters,9.775,"Comedy, Drama","Orion Pictures, Jack Rollins & Charles H. Joffe Productions",United States of America,English,1986.0,hannahandhersisters,both
1987,Film | Editing in 1987,Mona Lisa,Lesley Walker,False,Editing,monalisa,10002.0,Mona Lisa,6.876,206.0,Released,1986-06-13,5794184.0,105.0,False,0.0,tt0091538,en,Mona Lisa,8.6,"Crime, Drama, Romance, Thriller","HandMade Films, Palace Productions, Film4 Productions",United Kingdom,English,1986.0,monalisa,both
1987,Film | Editing in 1987,Mona Lisa,Lesley Walker,False,Editing,monalisa,303345.0,Monalisa,2.0,1.0,Released,2004-05-07,0.0,145.0,False,0.0,tt1579812,kn,ಮೊನಾಲಿಸ,1.008,Romance,,India,Kannada,2004.0,monalisa,both
1987,Film | Editing in 1987,Mona Lisa,Lesley Walker,False,Editing,monalisa,1392344.0,mona lisa.,0.0,0.0,Released,2023-01-05,0.0,0.0,False,0.0,,de,mona lisa.,0.6,,,,,2023.0,monalisa,both
1987,Film | Editing in 1987,Mona Lisa,Lesley Walker,False,Editing,monalisa,857799.0,#monalisa,0.0,0.0,Released,2020-05-29,0.0,663.0,False,0.0,tt12416274,en,#monalisa,0.6,Documentary,Morris Hill Pictures,"France, United States of America",,2020.0,monalisa,both
1987,Film | Editing in 1987,A Room With A View,Humphrey Dixon,False,Editing,aroomwithaview,11257.0,A Room with a View,7.014,669.0,Released,1986-03-07,20966644.0,117.0,False,3000000.0,tt0091867,en,A Room with a View,22.518,"Drama, Romance","Curzon Film Distributors, Goldcrest, National Film Finance Corporation (NFFC), Film4 Productions",United Kingdom,"English, Italian",1986.0,aroomwithaview,both
1987,Film | Fellowship in 1987,Federico Fellini,,True,Fellowship,federicofellini,,,,,,,,,,,,,,,,,,,,,left_only
1987,Film | Film in 1987,A Room With A View,"Ismail Merchant, James Ivory",True,Film,aroomwithaview,11257.0,A Room with a View,7.014,669.0,Released,1986-03-07,20966644.0,117.0,False,3000000.0,tt0091867,en,A Room with a View,22.518,"Drama, Romance","Curzon Film Distributors, Goldcrest, National Film Finance Corporation (NFFC), Film4 Productions",United Kingdom,"English, Italian",1986.0,aroomwithaview,both
1987,Film | Film in 1987,Hannah And Her Sisters,"Robert Greenhut, Woody Allen",False,Film,hannahandhersisters,5143.0,Hannah and Her Sisters,7.508,904.0,Released,1986-02-07,40084041.0,107.0,False,6400000.0,tt0091167,en,Hannah and Her Sisters,9.775,"Comedy, Drama","Orion Pictures, Jack Rollins & Charles H. Joffe Productions",United States of America,English,1986.0,hannahandhersisters,both
1987,Film | Film in 1987,The Mission,"Fernando Ghia, David Puttnam, Roland Joffé",False,Film,themission,11416.0,The Mission,7.396,1268.0,Released,1986-09-29,17218023.0,126.0,False,24500000.0,tt0091530,en,The Mission,13.867,"Adventure, Drama, Action, History","AMLF, Goldcrest, Enigma Productions, Kingsmere Productions Ltd., Warner Bros. Pictures","France, United Kingdom","English, Guarani, Spanish, Latin",1986.0,themission,both
1987,Film | Film in 1987,Mona Lisa,"Stephen Woolley, Patrick Cassavetti, Neil Jordan",False,Film,monalisa,10002.0,Mona Lisa,6.876,206.0,Released,1986-06-13,5794184.0,105.0,False,0.0,tt0091538,en,Mona Lisa,8.6,"Crime, Drama, Romance, Thriller","HandMade Films, Palace Productions, Film4 Productions",United Kingdom,English,1986.0,monalisa,both
1987,Film | Film in 1987,Mona Lisa,"Stephen Woolley, Patrick Cassavetti, Neil Jordan",False,Film,monalisa,303345.0,Monalisa,2.0,1.0,Released,2004-05-07,0.0,145.0,False,0.0,tt1579812,kn,ಮೊನಾಲಿಸ,1.008,Romance,,India,Kannada,2004.0,monalisa,both
1987,Film | Film in 1987,Mona Lisa,"Stephen Woolley, Patrick Cassavetti, Neil Jordan",False,Film,monalisa,1392344.0,mona lisa.,0.0,0.0,Released,2023-01-05,0.0,0.0,False,0.0,,de,mona lisa.,0.6,,,,,2023.0,monalisa,both
1987,Film | Film in 1987,Mona Lisa,"Stephen Woolley, Patrick Cassavetti, Neil Jordan",False,Film,monalisa,857799.0,#monalisa,0.0,0.0,Released,2020-05-29,0.0,663.0,False,0.0,tt12416274,en,#monalisa,0.6,Documentary,Morris Hill Pictures,"France, United States of America",,2020.0,monalisa,both
1987,Film | Flaherty Documentary Award in 1987,Shoah,Claude Lanzmann,True,Flaherty Documentary Award,shoah,42044.0,Shoah,8.3,170.0,Released,1985-04-21,20175.0,566.0,False,0.0,tt0090015,fr,Shoah,9.535,"Documentary, History","BBC, Historia, Les Films Aleph, Ministère de la culture",France,"English, French, German, Hebrew, Polish, Yiddish",1985.0,shoah,both
1987,Film | Flaherty Documentary Award in 1987,Viewpoint '86: Afghanistan: The Agony Of A Nation,Sandy Gall,False,Flaherty Documentary Award,viewpoint86afghanistantheagonyofanation,,,,,,,,,,,,,,,,,,,,,left_only
1987,Film | Flaherty Documentary Award in 1987,Omnibus: The Mission,Robin Lough,False,Flaherty Documentary Award,omnibusthemission,,,,,,,,,,,,,,,,,,,,,left_only
1987,Film | Flaherty Documentary Award in 1987,Forty Minutes: The Fishing Party,Paul Watson,False,Flaherty Documentary Award,fortyminutesthefishingparty,,,,,,,,,,,,,,,,,,,,,left_only
1987,Film | Flaherty Documentary Award in 1987,Equinox: Prisoner Of Consciousness,John Dollar,False,Flaherty Documentary Award,equinoxprisonerofconsciousness,,,,,,,,,,,,,,,,,,,,,left_only
1987,Film | Flaherty Documentary Award in 1987,British Cinema: Personal View - A Turnip Head's Guide To The British Cinema,Alan Parker,False,Flaherty Documentary Award,britishcinemapersonalviewaturnipheadsguidetothebritishcinema,,,,,,,,,,,,,,,,,,,,,left_only
1987,Film | Foreign Language Film in 1987,Ran,"Serge Silberman, Masato Hara, Akira Kurosawa",True,Foreign Language Film,ran,11645.0,Ran,8.069,1361.0,Released,1985-06-01,11859533.0,160.0,False,11500005.0,tt0089881,ja,乱,17.975,"Action, Drama, History","Nippon Herald Films, Greenwich Film Production, Herald Ace, TOHO","Japan, France",Japanese,1985.0,ran,both
1987,Film | Foreign Language Film in 1987,Betty Blue (37°2 Le Matin),Jean-Jacques Beineix,False,Foreign Language Film,bettyblue372lematin,,,,,,,,,,,,,,,,,,,,,left_only
1987,Film | Foreign Language Film in 1987,Ginger And Fred (Ginger E Fred),"Alberto Grimaldi, Federico Fellini",False,Foreign Language Film,gingerandfredgingerefred,,,,,,,,,,,,,,,,,,,,,left_only
1987,Film | Foreign Language Film in 1987,Othello (Otello),"Menahem Golan, Yoram Globus, Franco Zeffirelli",False,Foreign Language Film,othellootello,,,,,,,,,,,,,,,,,,,,,left_only
1987,Film | Make-Up Artist in 1987,"Shohichiro Meda, Tameyuki Aimi, Chihako Naito, Noriko Takamizawa",Ran,True,Make-Up Artist,shohichiromedatameyukiaimichihakonaitonorikotakamizawa,,,,,,,,,,,,,,,,,,,,,left_only
1987,Film | Make-Up Artist in 1987,Peter Robb-King,Aliens,False,Make-Up Artist,peterrobbking,,,,,,,,,,,,,,,,,,,,,left_only
1987,Film | Make-Up Artist in 1987,Jenny Shircore,Dreamchild,False,Make-Up Artist,jennyshircore,,,,,,,,,,,,,,,,,,,,,left_only
1987,Film | Make-Up Artist in 1987,Peter Frampton,Sid And Nancy,False,Make-Up Artist,peterframpton,,,,,,,,,,,,,,,,,,,,,left_only
1987,Film | Original Screenplay in 1987,Hannah And Her Sisters,Woody Allen,True,Original Screenplay,hannahandhersisters,5143.0,Hannah and Her Sisters,7.508,904.0,Released,1986-02-07,40084041.0,107.0,False,6400000.0,tt0091167,en,Hannah and Her Sisters,9.775,"Comedy, Drama","Orion Pictures, Jack Rollins & Charles H. Joffe Productions",United States of America,English,1986.0,hannahandhersisters,both
1987,Film | Original Screenplay in 1987,Crocodile Dundee,"Paul Hogan, Ken Shadie, John Cornell",False,Original Screenplay,crocodiledundee,9671.0,Crocodile Dundee,6.385,1719.0,Released,1986-09-26,328203506.0,104.0,False,5000000.0,tt0090555,en,Crocodile Dundee,17.847,"Adventure, Comedy","Paramount, Rimfire Films",Australia,English,1986.0,crocodiledundee,both
1987,Film | Original Screenplay in 1987,The Mission,Robert Bolt,False,Original Screenplay,themission,11416.0,The Mission,7.396,1268.0,Released,1986-09-29,17218023.0,126.0,False,24500000.0,tt0091530,en,The Mission,13.867,"Adventure, Drama, Action, History","AMLF, Goldcrest, Enigma Productions, Kingsmere Productions Ltd., Warner Bros. Pictures","France, United Kingdom","English, Guarani, Spanish, Latin",1986.0,themission,both
1987,Film | Original Screenplay in 1987,Mona Lisa,"Neil Jordan, David Leland",False,Original Screenplay,monalisa,10002.0,Mona Lisa,6.876,206.0,Released,1986-06-13,5794184.0,105.0,False,0.0,tt0091538,en,Mona Lisa,8.6,"Crime, Drama, Romance, Thriller","HandMade Films, Palace Productions, Film4 Productions",United Kingdom,English,1986.0,monalisa,both
1987,Film | Original Screenplay in 1987,Mona Lisa,"Neil Jordan, David Leland",False,Original Screenplay,monalisa,303345.0,Monalisa,2.0,1.0,Released,2004-05-07,0.0,145.0,False,0.0,tt1579812,kn,ಮೊನಾಲಿಸ,1.008,Romance,,India,Kannada,2004.0,monalisa,both
1987,Film | Original Screenplay in 1987,Mona Lisa,"Neil Jordan, David Leland",False,Original Screenplay,monalisa,1392344.0,mona lisa.,0.0,0.0,Released,2023-01-05,0.0,0.0,False,0.0,,de,mona lisa.,0.6,,,,,2023.0,monalisa,both
1987,Film | Original Screenplay in 1987,Mona Lisa,"Neil Jordan, David Leland",False,Original Screenplay,monalisa,857799.0,#monalisa,0.0,0.0,Released,2020-05-29,0.0,663.0,False,0.0,tt12416274,en,#monalisa,0.6,Documentary,Morris Hill Pictures,"France, United States of America",,2020.0,monalisa,both
1987,Film | Outstanding British Contribution To Cinema in 1987,The Film Production Executives,,True,Outstanding British Contribution To Cinema,thefilmproductionexecutives,,,,,,,,,,,,,,,,,,,,,left_only
1987,Film | Production Design in 1987,A Room With A View,"Gianni Quaranta, Brian Ackland-Snow",True,Production Design,aroomwithaview,11257.0,A Room with a View,7.014,669.0,Released,1986-03-07,20966644.0,117.0,False,3000000.0,tt0091867,en,A Room with a View,22.518,"Drama, Romance","Curzon Film Distributors, Goldcrest, National Film Finance Corporation (NFFC), Film4 Productions",United Kingdom,"English, Italian",1986.0,aroomwithaview,both
1987,Film | Production Design in 1987,Aliens,Peter Lamont,False,Production Design,aliens,679.0,Aliens,7.933,8758.0,Released,1986-07-18,183316455.0,137.0,False,18500000.0,tt0090605,en,Aliens,49.209,"Action, Thriller, Science Fiction","Brandywine Productions, SLM Production Group, 20th Century Fox",United States of America,English,1986.0,aliens,both
1987,Film | Production Design in 1987,Aliens,Peter Lamont,False,Production Design,aliens,643818.0,ALIENS,6.0,2.0,Released,2016-05-05,0.0,6.0,False,0.0,tt5277916,es,ALIENS,1.174,Drama,,Spain,,2016.0,aliens,both
1987,Film | Production Design in 1987,The Mission,Stuart Craig,False,Production Design,themission,11416.0,The Mission,7.396,1268.0,Released,1986-09-29,17218023.0,126.0,False,24500000.0,tt0091530,en,The Mission,13.867,"Adventure, Drama, Action, History","AMLF, Goldcrest, Enigma Productions, Kingsmere Productions Ltd., Warner Bros. Pictures","France, United Kingdom","English, Guarani, Spanish, Latin",1986.0,themission,both
1987,Film | Production Design in 1987,Ran,"Yoshiro Muraki, Shinobu Muraki",False,Production Design,ran,11645.0,Ran,8.069,1361.0,Released,1985-06-01,11859533.0,160.0,False,11500005.0,tt0089881,ja,乱,17.975,"Action, Drama, History","Nippon Herald Films, Greenwich Film Production, Herald Ace, TOHO","Japan, France",Japanese,1985.0,ran,both
1987,Film | Score For A Film in 1987,The Mission,Ennio Morricone,True,Score For A Film,themission,11416.0,The Mission,7.396,1268.0,Released,1986-09-29,17218023.0,126.0,False,24500000.0,tt0091530,en,The Mission,13.867,"Adventure, Drama, Action, History","AMLF, Goldcrest, Enigma Productions, Kingsmere Productions Ltd., Warner Bros. Pictures","France, United Kingdom","English, Guarani, Spanish, Latin",1986.0,themission,both
1987,Film | Score For A Film in 1987,Out Of Africa,John Barry,False,Score For A Film,outofafrica,606.0,Out of Africa,7.147,1252.0,Released,1985-12-20,227514205.0,161.0,False,31000000.0,tt0089755,en,Out of Africa,17.812,"History, Romance, Drama","Universal Pictures, Mirage Entertainment, Mirage Enterprises",United States of America,"English, Swahili",1985.0,outofafrica,both
1987,Film | Score For A Film in 1987,A Room With A View,Richard Robbins,False,Score For A Film,aroomwithaview,11257.0,A Room with a View,7.014,669.0,Released,1986-03-07,20966644.0,117.0,False,3000000.0,tt0091867,en,A Room with a View,22.518,"Drama, Romance","Curzon Film Distributors, Goldcrest, National Film Finance Corporation (NFFC), Film4 Productions",United Kingdom,"English, Italian",1986.0,aroomwithaview,both
1987,Film | Score For A Film in 1987,Round Midnight,Herbie Hancock,False,Score For A Film,roundmidnight,14670.0,'Round Midnight,7.1,80.0,Released,1986-01-09,0.0,133.0,False,0.0,tt0090557,en,'Round Midnight,9.808,Drama,"Little Bear, Productions et Éditions Cinématographiques Françaises","United States of America, France","French, English",1986.0,roundmidnight,both
1987,Film | Short Animation in 1987,Superted,"David Edwards, Robin Lyons",True,Short Animation,superted,,,,,,,,,,,,,,,,,,,,,left_only
1987,Film | Short Animation in 1987,Dangermouse,"Brian Cosgrove, Mark Hall",False,Short Animation,dangermouse,,,,,,,,,,,,,,,,,,,,,left_only
1987,Film | Short Animation in 1987,Max Headroom's Giant Christmas Turkey,David G Hillier,False,Short Animation,maxheadroomsgiantchristmasturkey,567303.0,Max Headroom's Giant Christmas Turkey,0.0,0.0,Released,1986-12-26,0.0,40.0,False,0.0,tt0930285,en,Max Headroom's Giant Christmas Turkey,1.07,Comedy,Chrysalis Visual Programming Ltd.,United Kingdom,English,1986.0,maxheadroomsgiantchristmasturkey,both
1987,Film | Short Animation in 1987,Paddington Goes To School (Special),Martin Pullen,False,Short Animation,paddingtongoestoschoolspecial,,,,,,,,,,,,,,,,,,,,,left_only
1987,Film | Short Animation in 1987,Thomas The Tank Engine And Friends,"Robert Cardona, David Mitton",False,Short Animation,thomasthetankengineandfriends,,,,,,,,,,,,,,,,,,,,,left_only
1987,Film | Short Animation in 1987,Wind In The Willows,"Brian Cosgrove, Mark Hall",False,Short Animation,windinthewillows,,,,,,,,,,,,,,,,,,,,,left_only
1987,Film | Short Film in 1987,La Boule,Simon Shore,True,Short Film,laboule,963652.0,La Boule,0.0,0.0,Released,1984-05-23,0.0,8.0,False,0.0,,fr,La Boule,0.6,Animation,Les Films du Soleil,France,French,1984.0,laboule,both
1987,Film | Short Film in 1987,King's Christmas,Graham Dixon,False,Short Film,kingschristmas,,,,,,,,,,,,,,,,,,,,,left_only
1987,Film | Short Film in 1987,Mohammed's Daughter,Suri Krishnamma,False,Short Film,mohammedsdaughter,,,,,,,,,,,,,,,,,,,,,left_only
1987,Film | Short Film in 1987,Night Movie,Gur Heller,False,Short Film,nightmovie,333692.0,Night Movie,0.0,0.0,Released,1986-01-02,0.0,0.0,False,0.0,tt0152371,en,Seret Layla,0.84,,,,Hebrew,1986.0,nightmovie,both
1987,Film | Sound in 1987,Out Of Africa,"Tom McCarthy Jr, Peter Handford, Chris Jenkins",True,Sound,outofafrica,606.0,Out of Africa,7.147,1252.0,Released,1985-12-20,227514205.0,161.0,False,31000000.0,tt0089755,en,Out of Africa,17.812,"History, Romance, Drama","Universal Pictures, Mirage Entertainment, Mirage Enterprises",United States of America,"English, Swahili",1985.0,outofafrica,both
1987,Film | Sound in 1987,Aliens,"Don Sharpe, Roy Charman, Graham V Hartstone",False,Sound,aliens,679.0,Aliens,7.933,8758.0,Released,1986-07-18,183316455.0,137.0,False,18500000.0,tt0090605,en,Aliens,49.209,"Action, Thriller, Science Fiction","Brandywine Productions, SLM Production Group, 20th Century Fox",United States of America,English,1986.0,aliens,both
1987,Film | Sound in 1987,Aliens,"Don Sharpe, Roy Charman, Graham V Hartstone",False,Sound,aliens,643818.0,ALIENS,6.0,2.0,Released,2016-05-05,0.0,6.0,False,0.0,tt5277916,es,ALIENS,1.174,Drama,,Spain,,2016.0,aliens,both
1987,Film | Sound in 1987,The Mission,"Ian Fuller, Bill Rowe, Clive Winter",False,Sound,themission,11416.0,The Mission,7.396,1268.0,Released,1986-09-29,17218023.0,126.0,False,24500000.0,tt0091530,en,The Mission,13.867,"Adventure, Drama, Action, History","AMLF, Goldcrest, Enigma Productions, Kingsmere Productions Ltd., Warner Bros. Pictures","France, United Kingdom","English, Guarani, Spanish, Latin",1986.0,themission,both
1987,Film | Sound in 1987,A Room With A View,"Tony Lenny, Ray Beckett, Richard King",False,Sound,aroomwithaview,11257.0,A Room with a View,7.014,669.0,Released,1986-03-07,20966644.0,117.0,False,3000000.0,tt0091867,en,A Room with a View,22.518,"Drama, Romance","Curzon Film Distributors, Goldcrest, National Film Finance Corporation (NFFC), Film4 Productions",United Kingdom,"English, Italian",1986.0,aroomwithaview,both
1987,Film | Special Award in 1987,Reginald  Collin,,True,Special Award,reginaldcollin,,,,,,,,,,,,,,,,,,,,,left_only
1987,Film | Special Visual Effects in 1987,Aliens,"Robert Skotak, Brian Johnson, John Richardson, Stan Winston, Suzanne Benson",True,Special Visual Effects,aliens,679.0,Aliens,7.933,8758.0,Released,1986-07-18,183316455.0,137.0,False,18500000.0,tt0090605,en,Aliens,49.209,"Action, Thriller, Science Fiction","Brandywine Productions, SLM Production Group, 20th Century Fox",United States of America,English,1986.0,aliens,both
1987,Film | Special Visual Effects in 1987,Aliens,"Robert Skotak, Brian Johnson, John Richardson, Stan Winston, Suzanne Benson",True,Special Visual Effects,aliens,643818.0,ALIENS,6.0,2.0,Released,2016-05-05,0.0,6.0,False,0.0,tt5277916,es,ALIENS,1.174,Drama,,Spain,,2016.0,aliens,both
1987,Film | Special Visual Effects in 1987,Dreamchild,"Duncan Kenworthy, John Stephenson, Chris Carr",False,Special Visual Effects,dreamchild,42034.0,Dreamchild,6.724,29.0,Released,1985-10-04,0.0,94.0,False,0.0,tt0089052,en,Dreamchild,3.236,"Drama, Fantasy","Thorn EMI, PfH Ltd.",United Kingdom,English,1985.0,dreamchild,both
1987,Film | Special Visual Effects in 1987,Labyrinth,"Roy Field, Brian Froud, George Gibbs, Tony Dunsterville",False,Special Visual Effects,labyrinth,13597.0,Labyrinth,7.3,2164.0,Released,1986-06-27,12729917.0,102.0,False,25000000.0,tt0091369,en,Labyrinth,32.647,"Adventure, Family, Fantasy","Henson Associates, Inc., Lucasfilm Ltd., The Jim Henson Company, Delphi V Productions, Henson Organisation, TriStar Pictures","United Kingdom, United States of America",English,1986.0,labyrinth,both
1987,Film | Special Visual Effects in 1987,The Mission,Peter Hutchinson,False,Special Visual Effects,themission,11416.0,The Mission,7.396,1268.0,Released,1986-09-29,17218023.0,126.0,False,24500000.0,tt0091530,en,The Mission,13.867,"Adventure, Drama, Action, History","AMLF, Goldcrest, Enigma Productions, Kingsmere Productions Ltd., Warner Bros. Pictures","France, United Kingdom","English, Guarani, Spanish, Latin",1986.0,themission,both
1988,Film | Achievement in Direction in 1988,Oliver Stone,Platoon,True,Achievement in Direction,oliverstone,,,,,,,,,,,,,,,,,,,,,left_only
1988,Film | Achievement in Direction in 1988,Richard Attenborough,Cry Freedom,False,Achievement in Direction,richardattenborough,,,,,,,,,,,,,,,,,,,,,left_only
1988,Film | Achievement in Direction in 1988,John Boorman,Hope And Glory,False,Achievement in Direction,johnboorman,,,,,,,,,,,,,,,,,,,,,left_only
1988,Film | Achievement in Direction in 1988,Claude Berri,Jean De Florette,False,Achievement in Direction,claudeberri,,,,,,,,,,,,,,,,,,,,,left_only
1988,Film | Achievement in Special Visual Effects in 1988,"Michael Lanteri, Michael Owens, Edward L Jones, Bruce Walters",Witches Of Eastwick,True,Achievement in Special Visual Effects,michaellanterimichaelowensedwardljonesbrucewalters,,,,,,,,,,,,,,,,,,,,,left_only
1988,Film | Achievement in Special Visual Effects in 1988,"Chris Walas, Jon Berg, Louis Craig, Hoyt Yeatman",The Fly,False,Achievement in Special Visual Effects,chriswalasjonberglouiscraighoytyeatman,,,,,,,,,,,,,,,,,,,,,left_only
1988,Film | Achievement in Special Visual Effects in 1988,John Evans,Full Metal Jacket,False,Achievement in Special Visual Effects,johnevans,,,,,,,,,,,,,,,,,,,,,left_only
1988,Film | Achievement in Special Visual Effects in 1988,"Bran Ferren, Martin Gutteridge, Lyle Conway, Richard Conway",Little Shop Of Horrors,False,Achievement in Special Visual Effects,branferrenmartingutteridgelyleconwayrichardconway,,,,,,,,,,,,,,,,,,,,,left_only
1988,Film | Actor in a Leading Role in 1988,Sean Connery,The Name Of The Rose,True,Actor in a Leading Role,seanconnery,,,,,,,,,,,,,,,,,,,,,left_only
1988,Film | Actor in a Leading Role in 1988,Gerard Depardieu,Jean De Florette,False,Actor in a Leading Role,gerarddepardieu,,,,,,,,,,,,,,,,,,,,,left_only
1988,Film | Actor in a Leading Role in 1988,Yves Montand,Jean De Florette,False,Actor in a Leading Role,yvesmontand,,,,,,,,,,,,,,,,,,,,,left_only
1988,Film | Actor in a Leading Role in 1988,Gary Oldman,Prick Up Your Ears,False,Actor in a Leading Role,garyoldman,,,,,,,,,,,,,,,,,,,,,left_only
1988,Film | Actor in a Supporting Role in 1988,Daniel Auteuil,Jean De Florette,True,Actor in a Supporting Role,danielauteuil,,,,,,,,,,,,,,,,,,,,,left_only
1988,Film | Actor in a Supporting Role in 1988,Ian Bannen,Hope And Glory,False,Actor in a Supporting Role,ianbannen,,,,,,,,,,,,,,,,,,,,,left_only
1988,Film | Actor in a Supporting Role in 1988,Sean Connery,The Untouchables,False,Actor in a Supporting Role,seanconnery,,,,,,,,,,,,,,,,,,,,,left_only
1988,Film | Actor in a Supporting Role in 1988,John Thaw,Cry Freedom,False,Actor in a Supporting Role,johnthaw,,,,,,,,,,,,,,,,,,,,,left_only
1988,Film | Actress in a Leading Role in 1988,Anne Bancroft,84 Charing Cross Road,True,Actress in a Leading Role,annebancroft,,,,,,,,,,,,,,,,,,,,,left_only
1988,Film | Actress in a Leading Role in 1988,Emily Lloyd,Wish You Were Here,False,Actress in a Leading Role,emilylloyd,,,,,,,,,,,,,,,,,,,,,left_only
1988,Film | Actress in a Leading Role in 1988,Sarah Miles,Hope And Glory,False,Actress in a Leading Role,sarahmiles,,,,,,,,,,,,,,,,,,,,,left_only
1988,Film | Actress in a Leading Role in 1988,Julie Walters,Personal Services,False,Actress in a Leading Role,juliewalters,,,,,,,,,,,,,,,,,,,,,left_only
1988,Film | Actress in a Supporting Role in 1988,Susan Wooldridge,Hope And Glory,True,Actress in a Supporting Role,susanwooldridge,,,,,,,,,,,,,,,,,,,,,left_only
1988,Film | Actress in a Supporting Role in 1988,Judi Dench,84 Charing Cross Road,False,Actress in a Supporting Role,judidench,,,,,,,,,,,,,,,,,,,,,left_only
1988,Film | Actress in a Supporting Role in 1988,Vanessa Redgrave,Prick Up Your Ears,False,Actress in a Supporting Role,vanessaredgrave,,,,,,,,,,,,,,,,,,,,,left_only
1988,Film | Actress in a Supporting Role in 1988,Dianne Wiest,Radio Days,False,Actress in a Supporting Role,diannewiest,,,,,,,,,,,,,,,,,,,,,left_only
1988,Film | Adapted Screenplay in 1988,Jean De Florette,"Claude Berri, Gerard Brach",True,Adapted Screenplay,jeandeflorette,4480.0,Jean de Florette,7.691,497.0,Released,1986-08-27,0.0,120.0,False,4940939.0,tt0091288,fr,Jean de Florette,10.482,Drama,"DD Productions, Films A2, Renn Productions, AMLF, RAI, TSR",France,"Italian, French",1986.0,jeandeflorette,both
1988,Film | Adapted Screenplay in 1988,84 Charing Cross Road,Hugh Whitemore,False,Adapted Screenplay,84charingcrossroad,15677.0,84 Charing Cross Road,7.09,177.0,Released,1987-02-13,0.0,100.0,False,0.0,tt0090570,en,84 Charing Cross Road,12.684,"Drama, Romance","Brooksfilms, Columbia Pictures","United Kingdom, United States of America",English,1987.0,84charingcrossroad,both
1988,Film | Adapted Screenplay in 1988,Little Dorrit,Christine Edzard,False,Adapted Screenplay,littledorrit,47282.0,Little Dorrit,6.4,11.0,Released,1987-12-11,0.0,357.0,False,0.0,tt0095530,en,Little Dorrit,6.436,Drama,Sands Films,United Kingdom,English,1987.0,littledorrit,both
1988,Film | Adapted Screenplay in 1988,Prick Up Your Ears,Alan Bennett,False,Adapted Screenplay,prickupyourears,27857.0,Prick Up Your Ears,6.6,82.0,Released,1987-04-17,0.0,111.0,False,0.0,tt0093776,en,Prick Up Your Ears,6.528,Drama,"British Screen Productions, Civilhand, Zenith Entertainment, Film4 Productions",United Kingdom,English,1987.0,prickupyourears,both
1988,Film | Cinematography in 1988,Jean De Florette,Bruno Nuytten,True,Cinematography,jeandeflorette,4480.0,Jean de Florette,7.691,497.0,Released,1986-08-27,0.0,120.0,False,4940939.0,tt0091288,fr,Jean de Florette,10.482,Drama,"DD Productions, Films A2, Renn Productions, AMLF, RAI, TSR",France,"Italian, French",1986.0,jeandeflorette,both
1988,Film | Cinematography in 1988,Cry Freedom,Ronnie Taylor,False,Cinematography,cryfreedom,12506.0,Cry Freedom,7.055,183.0,Released,1987-11-06,25899797.0,157.0,False,29000000.0,tt0092804,en,Cry Freedom,18.866,Drama,"Universal Pictures, Marble Arch Productions","United Kingdom, Zimbabwe",English,1987.0,cryfreedom,both
1988,Film | Cinematography in 1988,Hope And Glory,Philippe Rousselot,False,Cinematography,hopeandglory,32054.0,Hope and Glory,6.774,164.0,Released,1987-09-03,0.0,113.0,False,0.0,tt0093209,en,Hope and Glory,11.938,"Drama, War, Family",Columbia Pictures,"United Kingdom, United States of America",English,1987.0,hopeandglory,both
1988,Film | Cinematography in 1988,Platoon,Robert Richardson,False,Cinematography,platoon,792.0,Platoon,7.747,4087.0,Released,1986-12-19,138530565.0,120.0,False,6000000.0,tt0091763,en,Platoon,26.482,"Drama, War, Action","Hemdale Film Corporation, Cinema 86, Cinema 84, Orion Pictures","United Kingdom, United States of America","English, Vietnamese",1986.0,platoon,both
1988,Film | Costume Design in 1988,Radio Days,Jeffrey Kurland,True,Costume Design,radiodays,30890.0,Radio Days,7.041,494.0,Released,1987-01-30,0.0,90.0,False,16000000.0,tt0093818,en,Radio Days,9.441,"Comedy, Music",Orion Pictures,United States of America,English,1987.0,radiodays,both
1988,Film | Costume Design in 1988,Hope And Glory,Shirley Russell,False,Costume Design,hopeandglory,32054.0,Hope and Glory,6.774,164.0,Released,1987-09-03,0.0,113.0,False,0.0,tt0093209,en,Hope and Glory,11.938,"Drama, War, Family",Columbia Pictures,"United Kingdom, United States of America",English,1987.0,hopeandglory,both
1988,Film | Costume Design in 1988,Little Dorrit,Sands Films,False,Costume Design,littledorrit,47282.0,Little Dorrit,6.4,11.0,Released,1987-12-11,0.0,357.0,False,0.0,tt0095530,en,Little Dorrit,6.436,Drama,Sands Films,United Kingdom,English,1987.0,littledorrit,both
1988,Film | Costume Design in 1988,The Untouchables,Marilyn Vance-Straker,False,Costume Design,theuntouchables,117.0,The Untouchables,7.77,5181.0,Released,1987-06-03,76270454.0,119.0,False,25000000.0,tt0094226,en,The Untouchables,30.039,"Crime, Drama, History, Thriller",Paramount,United States of America,English,1987.0,theuntouchables,both
1988,Film | Editing in 1988,Platoon,Claire Simpson,True,Editing,platoon,792.0,Platoon,7.747,4087.0,Released,1986-12-19,138530565.0,120.0,False,6000000.0,tt0091763,en,Platoon,26.482,"Drama, War, Action","Hemdale Film Corporation, Cinema 86, Cinema 84, Orion Pictures","United Kingdom, United States of America","English, Vietnamese",1986.0,platoon,both
1988,Film | Editing in 1988,Cry Freedom,Lesley Walker,False,Editing,cryfreedom,12506.0,Cry Freedom,7.055,183.0,Released,1987-11-06,25899797.0,157.0,False,29000000.0,tt0092804,en,Cry Freedom,18.866,Drama,"Universal Pictures, Marble Arch Productions","United Kingdom, Zimbabwe",English,1987.0,cryfreedom,both
1988,Film | Editing in 1988,Hope And Glory,Ian Crafford,False,Editing,hopeandglory,32054.0,Hope and Glory,6.774,164.0,Released,1987-09-03,0.0,113.0,False,0.0,tt0093209,en,Hope and Glory,11.938,"Drama, War, Family",Columbia Pictures,"United Kingdom, United States of America",English,1987.0,hopeandglory,both
1988,Film | Editing in 1988,Radio Days,Susan E Morse,False,Editing,radiodays,30890.0,Radio Days,7.041,494.0,Released,1987-01-30,0.0,90.0,False,16000000.0,tt0093818,en,Radio Days,9.441,"Comedy, Music",Orion Pictures,United States of America,English,1987.0,radiodays,both
1988,Film | Fellowship in 1988,Ingmar Bergman,,True,Fellowship,ingmarbergman,,,,,,,,,,,,,,,,,,,,,left_only
1988,Film | Film in 1988,Jean De Florette,Claude Berri,True,Film,jeandeflorette,4480.0,Jean de Florette,7.691,497.0,Released,1986-08-27,0.0,120.0,False,4940939.0,tt0091288,fr,Jean de Florette,10.482,Drama,"DD Productions, Films A2, Renn Productions, AMLF, RAI, TSR",France,"Italian, French",1986.0,jeandeflorette,both
1988,Film | Film in 1988,Cry Freedom,Richard Attenborough,False,Film,cryfreedom,12506.0,Cry Freedom,7.055,183.0,Released,1987-11-06,25899797.0,157.0,False,29000000.0,tt0092804,en,Cry Freedom,18.866,Drama,"Universal Pictures, Marble Arch Productions","United Kingdom, Zimbabwe",English,1987.0,cryfreedom,both
1988,Film | Film in 1988,Hope And Glory,John Boorman,False,Film,hopeandglory,32054.0,Hope and Glory,6.774,164.0,Released,1987-09-03,0.0,113.0,False,0.0,tt0093209,en,Hope and Glory,11.938,"Drama, War, Family",Columbia Pictures,"United Kingdom, United States of America",English,1987.0,hopeandglory,both
1988,Film | Film in 1988,Radio Days,"Robert Greenhut, Woody Allen",False,Film,radiodays,30890.0,Radio Days,7.041,494.0,Released,1987-01-30,0.0,90.0,False,16000000.0,tt0093818,en,Radio Days,9.441,"Comedy, Music",Orion Pictures,United States of America,English,1987.0,radiodays,both
1988,Film | Flaherty Documentary Award in 1988,Baka - People Of The Rain Forest,Phil Agland,True,Flaherty Documentary Award,bakapeopleoftherainforest,,,,,,,,,,,,,,,,,,,,,left_only
1988,Film | Flaherty Documentary Award in 1988,Man-Eating Tigers/Saving The Tiger,Naresh Bedi,False,Flaherty Documentary Award,maneatingtigerssavingthetiger,,,,,,,,,,,,,,,,,,,,,left_only
1988,Film | Flaherty Documentary Award in 1988,Fourteen Days In May,Paul Hamann,False,Flaherty Documentary Award,fourteendaysinmay,97954.0,Fourteen Days in May,5.0,10.0,Released,1987-11-11,0.0,87.0,False,0.0,tt0188626,en,Fourteen Days in May,1.4,Documentary,BBC,United Kingdom,English,1987.0,fourteendaysinmay,both
1988,Film | Flaherty Documentary Award in 1988,Forty Minutes: Home From The Hill,Molly Dineen,False,Flaherty Documentary Award,fortyminuteshomefromthehill,,,,,,,,,,,,,,,,,,,,,left_only
1988,Film | Foreign Language Film in 1988,The Sacrifice (Offret),"Anna-Lena Wibom, Andrei Tarkovsky",True,Foreign Language Film,thesacrificeoffret,,,,,,,,,,,,,,,,,,,,,left_only
1988,Film | Foreign Language Film in 1988,Jean De Florette,Claude Berri,False,Foreign Language Film,jeandeflorette,4480.0,Jean de Florette,7.691,497.0,Released,1986-08-27,0.0,120.0,False,4940939.0,tt0091288,fr,Jean de Florette,10.482,Drama,"DD Productions, Films A2, Renn Productions, AMLF, RAI, TSR",France,"Italian, French",1986.0,jeandeflorette,both
1988,Film | Foreign Language Film in 1988,Manon Of The Spring (Manon Des Sources),Claude Berri,False,Foreign Language Film,manonofthespringmanondessources,,,,,,,,,,,,,,,,,,,,,left_only
1988,Film | Foreign Language Film in 1988,My Life As A Dog (Mitt Liv Som Hund),"Waldemar Bergendahl, Lasse Halström",False,Foreign Language Film,mylifeasadogmittlivsomhund,,,,,,,,,,,,,,,,,,,,,left_only
1988,Film | Make-Up Artist in 1988,Hasso Von Hugo,The Name Of The Rose,True,Make-Up Artist,hassovonhugo,,,,,,,,,,,,,,,,,,,,,left_only
1988,Film | Make-Up Artist in 1988,"Chris Walas, Stephan Dupuis",The Fly,False,Make-Up Artist,chriswalasstephandupuis,,,,,,,,,,,,,,,,,,,,,left_only
1988,Film | Make-Up Artist in 1988,Anna Dryhurst,Hope And Glory,False,Make-Up Artist,annadryhurst,,,,,,,,,,,,,,,,,,,,,left_only
1988,Film | Make-Up Artist in 1988,"Michele Dernelle, Jean-Pierre Eychenne",Jean De Florette,False,Make-Up Artist,micheledernellejeanpierreeychenne,,,,,,,,,,,,,,,,,,,,,left_only
1988,Film | Original Screenplay in 1988,Wish You Were Here,David Leland,True,Original Screenplay,wishyouwerehere,60270.0,Wish You Were Here,5.399,69.0,Released,2012-04-26,0.0,93.0,False,0.0,tt1684925,en,Wish You Were Here,8.796,"Drama, Thriller, Mystery","Aquarius Films, Blue-Tongue Films",Australia,English,2012.0,wishyouwerehere,both
1988,Film | Original Screenplay in 1988,Hope And Glory,John Boorman,False,Original Screenplay,hopeandglory,32054.0,Hope and Glory,6.774,164.0,Released,1987-09-03,0.0,113.0,False,0.0,tt0093209,en,Hope and Glory,11.938,"Drama, War, Family",Columbia Pictures,"United Kingdom, United States of America",English,1987.0,hopeandglory,both
1988,Film | Original Screenplay in 1988,Personal Services,David Leland,False,Original Screenplay,personalservices,44201.0,Personal Services,6.094,32.0,Released,1987-02-12,1744164.0,105.0,False,0.0,tt0093727,en,Personal Services,4.956,Comedy,"British Screen Productions, Zenith Entertainment",United Kingdom,English,1987.0,personalservices,both
1988,Film | Original Screenplay in 1988,Radio Days,Woody Allen,False,Original Screenplay,radiodays,30890.0,Radio Days,7.041,494.0,Released,1987-01-30,0.0,90.0,False,16000000.0,tt0093818,en,Radio Days,9.441,"Comedy, Music",Orion Pictures,United States of America,English,1987.0,radiodays,both
1988,Film | Outstanding British Contribution To Cinema in 1988,The Monty Python Team,The Monty Python Series,True,Outstanding British Contribution To Cinema,themontypythonteam,,,,,,,,,,,,,,,,,,,,,left_only
1988,Film | Production Design in 1988,Radio Days,Santo Loquasto,True,Production Design,radiodays,30890.0,Radio Days,7.041,494.0,Released,1987-01-30,0.0,90.0,False,16000000.0,tt0093818,en,Radio Days,9.441,"Comedy, Music",Orion Pictures,United States of America,English,1987.0,radiodays,both
1988,Film | Production Design in 1988,Hope And Glory,Anthony Pratt,False,Production Design,hopeandglory,32054.0,Hope and Glory,6.774,164.0,Released,1987-09-03,0.0,113.0,False,0.0,tt0093209,en,Hope and Glory,11.938,"Drama, War, Family",Columbia Pictures,"United Kingdom, United States of America",English,1987.0,hopeandglory,both
1988,Film | Production Design in 1988,Jean De Florette,Bernard Vezat,False,Production Design,jeandeflorette,4480.0,Jean de Florette,7.691,497.0,Released,1986-08-27,0.0,120.0,False,4940939.0,tt0091288,fr,Jean de Florette,10.482,Drama,"DD Productions, Films A2, Renn Productions, AMLF, RAI, TSR",France,"Italian, French",1986.0,jeandeflorette,both
1988,Film | Production Design in 1988,The Untouchables,William A Elliott,False,Production Design,theuntouchables,117.0,The Untouchables,7.77,5181.0,Released,1987-06-03,76270454.0,119.0,False,25000000.0,tt0094226,en,The Untouchables,30.039,"Crime, Drama, History, Thriller",Paramount,United States of America,English,1987.0,theuntouchables,both
1988,Film | Score For A Film in 1988,The Untouchables,Ennio Morricone,True,Score For A Film,theuntouchables,117.0,The Untouchables,7.77,5181.0,Released,1987-06-03,76270454.0,119.0,False,25000000.0,tt0094226,en,The Untouchables,30.039,"Crime, Drama, History, Thriller",Paramount,United States of America,English,1987.0,theuntouchables,both
1988,Film | Score For A Film in 1988,Cry Freedom,"George Fenton, Jonas Gwanga",False,Score For A Film,cryfreedom,12506.0,Cry Freedom,7.055,183.0,Released,1987-11-06,25899797.0,157.0,False,29000000.0,tt0092804,en,Cry Freedom,18.866,Drama,"Universal Pictures, Marble Arch Productions","United Kingdom, Zimbabwe",English,1987.0,cryfreedom,both
1988,Film | Score For A Film in 1988,Hope And Glory,Peter Martin,False,Score For A Film,hopeandglory,32054.0,Hope and Glory,6.774,164.0,Released,1987-09-03,0.0,113.0,False,0.0,tt0093209,en,Hope and Glory,11.938,"Drama, War, Family",Columbia Pictures,"United Kingdom, United States of America",English,1987.0,hopeandglory,both
1988,Film | Score For A Film in 1988,Wish You Were Here,Stanley Myers,False,Score For A Film,wishyouwerehere,60270.0,Wish You Were Here,5.399,69.0,Released,2012-04-26,0.0,93.0,False,0.0,tt1684925,en,Wish You Were Here,8.796,"Drama, Thriller, Mystery","Aquarius Films, Blue-Tongue Films",Australia,English,2012.0,wishyouwerehere,both
1988,Film | Short Animation in 1988,The Reluctant Dragon,Bridget Appleby,True,Short Animation,thereluctantdragon,,,,,,,,,,,,,,,,,,,,,left_only
1988,Film | Short Animation in 1988,Fireman Sam,"Ian Frampton, John Walker",False,Short Animation,firemansam,,,,,,,,,,,,,,,,,,,,,left_only
1988,Film | Short Animation in 1988,The Shoe People,"Tony Barnes, Clennell Rawson",False,Short Animation,theshoepeople,,,,,,,,,,,,,,,,,,,,,left_only
1988,Film | Short Animation in 1988,The Wind In The Willows,"Brian Cosgrove, Mark Hall",False,Short Animation,thewindinthewillows,456377.0,The Wind In The Willows,6.0,1.0,Released,1983-12-27,0.0,79.0,False,0.0,tt0367236,en,The Wind In The Willows,0.6,"Animation, Family, Fantasy",,United States of America,English,1983.0,thewindinthewillows,both
1988,Film | Short Film in 1988,Artisten,Jonas Grimås,True,Short Film,artisten,,,,,,,,,,,,,,,,,,,,,left_only
1988,Film | Short Film in 1988,After Maria (D'Après Maria),Jean-Claude Robert,False,Short Film,aftermariadaprèsmaria,,,,,,,,,,,,,,,,,,,,,left_only
1988,Film | Short Film in 1988,Short And Curlies,Mike Leigh,False,Short Film,shortandcurlies,,,,,,,,,,,,,,,,,,,,,left_only
1988,Film | Short Film in 1988,Treacle,Peter Chelsom,False,Short Film,treacle,634006.0,Treacle,7.0,1.0,Released,2019-03-24,0.0,18.0,False,0.0,tt8971156,en,Treacle,0.982,"Comedy, Drama",,,English,2019.0,treacle,both
1988,Film | Sound in 1988,Cry Freedom,"Jonathan Bates, Simon Kaye, Gerry Humphreys",True,Sound,cryfreedom,12506.0,Cry Freedom,7.055,183.0,Released,1987-11-06,25899797.0,157.0,False,29000000.0,tt0092804,en,Cry Freedom,18.866,Drama,"Universal Pictures, Marble Arch Productions","United Kingdom, Zimbabwe",English,1987.0,cryfreedom,both
1988,Film | Sound in 1988,Full Metal Jacket,"Nigel Galt, Edward Tise, Andy Nelson",False,Sound,fullmetaljacket,600.0,Full Metal Jacket,8.136,9665.0,Released,1987-06-26,46357676.0,117.0,False,30000000.0,tt0093058,en,Full Metal Jacket,40.541,"Drama, War","Natant, Stanley Kubrick Productions, Warner Bros. Pictures","United Kingdom, United States of America","English, Vietnamese",1987.0,fullmetaljacket,both
1988,Film | Sound in 1988,Hope And Glory,"Ron Davis, Peter Handford, John Hayward",False,Sound,hopeandglory,32054.0,Hope and Glory,6.774,164.0,Released,1987-09-03,0.0,113.0,False,0.0,tt0093209,en,Hope and Glory,11.938,"Drama, War, Family",Columbia Pictures,"United Kingdom, United States of America",English,1987.0,hopeandglory,both
1988,Film | Sound in 1988,Radio Days,"Bob Hein, James Sabat, Lee Dichter",False,Sound,radiodays,30890.0,Radio Days,7.041,494.0,Released,1987-01-30,0.0,90.0,False,16000000.0,tt0093818,en,Radio Days,9.441,"Comedy, Music",Orion Pictures,United States of America,English,1987.0,radiodays,both
1988,Film | Special Award in 1988,John Mills,,True,Special Award,johnmills,,,,,,,,,,,,,,,,,,,,,left_only
1988,Film | Special Award in 1988,Dirk Bogarde,,True,Special Award,dirkbogarde,,,,,,,,,,,,,,,,,,,,,left_only
1989,Film | Achievement in Direction in 1989,Louis Malle,"Goodbye, Children (Au Revoir Les Enfants)",True,Achievement in Direction,louismalle,,,,,,,,,,,,,,,,,,,,,left_only
1989,Film | Achievement in Direction in 1989,Gabriel Axel,Babette's Feast (Babettes Gæstebud),False,Achievement in Direction,gabrielaxel,,,,,,,,,,,,,,,,,,,,,left_only
1989,Film | Achievement in Direction in 1989,Charles Crichton,A Fish Called Wanda,False,Achievement in Direction,charlescrichton,,,,,,,,,,,,,,,,,,,,,left_only
1989,Film | Achievement in Direction in 1989,Bernardo Bertolucci,The Last Emperor,False,Achievement in Direction,bernardobertolucci,,,,,,,,,,,,,,,,,,,,,left_only
1989,Film | Achievement in Special Visual Effects in 1989,"George Gibbs, Richard Williams, Ken Ralston, Edward Jones",Who Framed Roger Rabbit?,True,Achievement in Special Visual Effects,georgegibbsrichardwilliamskenralstonedwardjones,,,,,,,,,,,,,,,,,,,,,left_only
1989,Film | Achievement in Special Visual Effects in 1989,"Peter Kuran, Alan Munro, Robert Short, Ted Rae",Beetlejuice,False,Achievement in Special Visual Effects,peterkuranalanmunrorobertshorttedrae,,,,,,,,,,,,,,,,,,,,,left_only
1989,Film | Achievement in Special Visual Effects in 1989,"Gino De Rossi, Fabrizio Martinelli",The Last Emperor,False,Achievement in Special Visual Effects,ginoderossifabriziomartinelli,,,,,,,,,,,,,,,,,,,,,left_only
1989,Film | Achievement in Special Visual Effects in 1989,"Rob Bottin, Phil Tippett, Peter Kuran, Rocco Gioffre",Robocop,False,Achievement in Special Visual Effects,robbottinphiltippettpeterkuranroccogioffre,,,,,,,,,,,,,,,,,,,,,left_only
1989,Film | Actor in a Leading Role in 1989,John Cleese,A Fish Called Wanda,True,Actor in a Leading Role,johncleese,,,,,,,,,,,,,,,,,,,,,left_only
1989,Film | Actor in a Leading Role in 1989,Michael Douglas,Fatal Attraction,False,Actor in a Leading Role,michaeldouglas,,,,,,,,,,,,,,,,,,,,,left_only
1989,Film | Actor in a Leading Role in 1989,Kevin Kline,A Fish Called Wanda,False,Actor in a Leading Role,kevinkline,,,,,,,,,,,,,,,,,,,,,left_only
1989,Film | Actor in a Leading Role in 1989,Robin Williams,"Good Morning, Vietnam",False,Actor in a Leading Role,robinwilliams,,,,,,,,,,,,,,,,,,,,,left_only
1989,Film | Actor in a Supporting Role in 1989,Michael Palin,A Fish Called Wanda,True,Actor in a Supporting Role,michaelpalin,,,,,,,,,,,,,,,,,,,,,left_only
1989,Film | Actor in a Supporting Role in 1989,Joss Ackland,White Mischief,False,Actor in a Supporting Role,jossackland,,,,,,,,,,,,,,,,,,,,,left_only
1989,Film | Actor in a Supporting Role in 1989,Peter O'Toole,The Last Emperor,False,Actor in a Supporting Role,peterotoole,,,,,,,,,,,,,,,,,,,,,left_only
1989,Film | Actor in a Supporting Role in 1989,David Suchet,A World Apart,False,Actor in a Supporting Role,davidsuchet,,,,,,,,,,,,,,,,,,,,,left_only
1989,Film | Actress in a Leading Role in 1989,Maggie Smith,The Lonely Passion Of Judith Hearne,True,Actress in a Leading Role,maggiesmith,,,,,,,,,,,,,,,,,,,,,left_only
1989,Film | Actress in a Leading Role in 1989,Stéphane Audran,Babette's Feast (Babettes Gæstebud),False,Actress in a Leading Role,stéphaneaudran,,,,,,,,,,,,,,,,,,,,,left_only
1989,Film | Actress in a Leading Role in 1989,Cher,Moonstruck,False,Actress in a Leading Role,cher,,,,,,,,,,,,,,,,,,,,,left_only
1989,Film | Actress in a Leading Role in 1989,Jamie Lee Curtis,A Fish Called Wanda,False,Actress in a Leading Role,jamieleecurtis,,,,,,,,,,,,,,,,,,,,,left_only
1989,Film | Actress in a Supporting Role in 1989,Judi Dench,A Handful Of Dust,True,Actress in a Supporting Role,judidench,,,,,,,,,,,,,,,,,,,,,left_only
1989,Film | Actress in a Supporting Role in 1989,Maria Aitken,A Fish Called Wanda,False,Actress in a Supporting Role,mariaaitken,,,,,,,,,,,,,,,,,,,,,left_only
1989,Film | Actress in a Supporting Role in 1989,Anne Archer,Fatal Attraction,False,Actress in a Supporting Role,annearcher,,,,,,,,,,,,,,,,,,,,,left_only
1989,Film | Actress in a Supporting Role in 1989,Olympia Dukakis,Moonstruck,False,Actress in a Supporting Role,olympiadukakis,,,,,,,,,,,,,,,,,,,,,left_only
1989,Film | Adapted Screenplay in 1989,The Unbearable Lightness Of Being,"Jean-Claude Carrière, Philip Kaufman",True,Adapted Screenplay,theunbearablelightnessofbeing,10644.0,The Unbearable Lightness of Being,6.9,397.0,Released,1988-02-05,10006806.0,171.0,False,17000000.0,tt0096332,en,The Unbearable Lightness of Being,17.891,"Drama, Romance",Warner Bros. Pictures,United States of America,English,1988.0,theunbearablelightnessofbeing,both
1989,Film | Adapted Screenplay in 1989,Babette's Feast (Babettes Gæstebud),Gabriel Axel,False,Adapted Screenplay,babettesfeastbabettesgæstebud,,,,,,,,,,,,,,,,,,,,,left_only
1989,Film | Adapted Screenplay in 1989,Empire Of The Sun,Tom Stoppard,False,Adapted Screenplay,empireofthesun,10110.0,Empire of the Sun,7.513,1740.0,Released,1987-12-09,66700000.0,153.0,False,35000000.0,tt0092965,en,Empire of the Sun,14.322,"Drama, History, War","Amblin Entertainment, Warner Bros. Pictures","China, Spain, United Kingdom, United States of America","English, Japanese, Mandarin",1987.0,empireofthesun,both
1989,Film | Adapted Screenplay in 1989,Who Framed Roger Rabbit?,"Jeffrey Price, Peter S Seaman",False,Adapted Screenplay,whoframedrogerrabbit,856.0,Who Framed Roger Rabbit,7.52,5216.0,Released,1988-06-21,329803958.0,104.0,False,70000000.0,tt0096438,en,Who Framed Roger Rabbit,29.829,"Fantasy, Animation, Comedy, Crime","Amblin Entertainment, Silver Screen Partners III, Touchstone Pictures",United States of America,English,1988.0,whoframedrogerrabbit,both
1989,Film | Cinematography in 1989,Empire Of The Sun,Allen Daviau,True,Cinematography,empireofthesun,10110.0,Empire of the Sun,7.513,1740.0,Released,1987-12-09,66700000.0,153.0,False,35000000.0,tt0092965,en,Empire of the Sun,14.322,"Drama, History, War","Amblin Entertainment, Warner Bros. Pictures","China, Spain, United Kingdom, United States of America","English, Japanese, Mandarin",1987.0,empireofthesun,both
1989,Film | Cinematography in 1989,Babette's Feast (Babettes Gæstebud),Henning Kristiansen,False,Cinematography,babettesfeastbabettesgæstebud,,,,,,,,,,,,,,,,,,,,,left_only
1989,Film | Cinematography in 1989,The Last Emperor,Vittorio Storaro,False,Cinematography,thelastemperor,746.0,The Last Emperor,7.624,1495.0,Released,1987-10-04,43984230.0,163.0,False,23000000.0,tt0093389,en,The Last Emperor,19.387,"Drama, History","Hemdale Film Corporation, Soprofilms, TAO Film, Yanco, Columbia Pictures, Recorded Picture Company","China, France, Italy, United Kingdom","Chichewa; Nyanja, Mandarin, English, Japanese",1987.0,thelastemperor,both
1989,Film | Cinematography in 1989,Who Framed Roger Rabbit?,Dean Cundey,False,Cinematography,whoframedrogerrabbit,856.0,Who Framed Roger Rabbit,7.52,5216.0,Released,1988-06-21,329803958.0,104.0,False,70000000.0,tt0096438,en,Who Framed Roger Rabbit,29.829,"Fantasy, Animation, Comedy, Crime","Amblin Entertainment, Silver Screen Partners III, Touchstone Pictures",United States of America,English,1988.0,whoframedrogerrabbit,both
1989,Film | Costume Design in 1989,The Last Emperor,James Acheson,True,Costume Design,thelastemperor,746.0,The Last Emperor,7.624,1495.0,Released,1987-10-04,43984230.0,163.0,False,23000000.0,tt0093389,en,The Last Emperor,19.387,"Drama, History","Hemdale Film Corporation, Soprofilms, TAO Film, Yanco, Columbia Pictures, Recorded Picture Company","China, France, Italy, United Kingdom","Chichewa; Nyanja, Mandarin, English, Japanese",1987.0,thelastemperor,both
1989,Film | Costume Design in 1989,The Dressmaker,Judy Moorcroft,False,Costume Design,thedressmaker,298382.0,The Dressmaker,6.992,1516.0,Released,2015-10-29,25003426.0,118.0,False,11930000.0,tt2910904,en,The Dressmaker,13.657,"Drama, Comedy","White Hot Productions, Screen Australia, Film Art Media, Embankment Films",Australia,English,2015.0,thedressmaker,both
1989,Film | Costume Design in 1989,Empire Of The Sun,Bob Ringwood,False,Costume Design,empireofthesun,10110.0,Empire of the Sun,7.513,1740.0,Released,1987-12-09,66700000.0,153.0,False,35000000.0,tt0092965,en,Empire of the Sun,14.322,"Drama, History, War","Amblin Entertainment, Warner Bros. Pictures","China, Spain, United Kingdom, United States of America","English, Japanese, Mandarin",1987.0,empireofthesun,both
1989,Film | Costume Design in 1989,White Mischief,Marit Allen,False,Costume Design,whitemischief,60041.0,White Mischief,5.975,40.0,Released,1987-11-10,0.0,107.0,False,5300000.0,tt0094317,en,White Mischief,8.515,"Crime, Drama, Romance, Thriller","Goldcrest, Nelson Entertainment, Power Tower Investments, Umbrella Films",United Kingdom,English,1987.0,whitemischief,both
1989,Film | Editing in 1989,Fatal Attraction,"Michael Kahn, Peter E Berger",True,Editing,fatalattraction,10998.0,Fatal Attraction,6.844,1300.0,Released,1987-09-18,320145693.0,119.0,False,14000000.0,tt0093010,en,Fatal Attraction,29.901,"Drama, Thriller",Paramount,United States of America,English,1987.0,fatalattraction,both
1989,Film | Editing in 1989,A Fish Called Wanda,John Jympson,False,Editing,afishcalledwanda,623.0,A Fish Called Wanda,7.201,1936.0,Released,1988-07-15,62493712.0,109.0,False,7500000.0,tt0095159,en,A Fish Called Wanda,19.318,"Comedy, Crime","Prominent Features, Metro-Goldwyn-Mayer, Fish Productions","United Kingdom, United States of America","English, Italian, Russian",1988.0,afishcalledwanda,both
1989,Film | Editing in 1989,The Last Emperor,Gabriella Cristiani,False,Editing,thelastemperor,746.0,The Last Emperor,7.624,1495.0,Released,1987-10-04,43984230.0,163.0,False,23000000.0,tt0093389,en,The Last Emperor,19.387,"Drama, History","Hemdale Film Corporation, Soprofilms, TAO Film, Yanco, Columbia Pictures, Recorded Picture Company","China, France, Italy, United Kingdom","Chichewa; Nyanja, Mandarin, English, Japanese",1987.0,thelastemperor,both
1989,Film | Editing in 1989,Who Framed Roger Rabbit?,Arthur Schmidt,False,Editing,whoframedrogerrabbit,856.0,Who Framed Roger Rabbit,7.52,5216.0,Released,1988-06-21,329803958.0,104.0,False,70000000.0,tt0096438,en,Who Framed Roger Rabbit,29.829,"Fantasy, Animation, Comedy, Crime","Amblin Entertainment, Silver Screen Partners III, Touchstone Pictures",United States of America,English,1988.0,whoframedrogerrabbit,both
1989,Film | Fellowship in 1989,Alec Guinness,,True,Fellowship,alecguinness,,,,,,,,,,,,,,,,,,,,,left_only
1989,Film | Film in 1989,The Last Emperor,"Jeremy Thomas, Bernardo Bertolucci",True,Film,thelastemperor,746.0,The Last Emperor,7.624,1495.0,Released,1987-10-04,43984230.0,163.0,False,23000000.0,tt0093389,en,The Last Emperor,19.387,"Drama, History","Hemdale Film Corporation, Soprofilms, TAO Film, Yanco, Columbia Pictures, Recorded Picture Company","China, France, Italy, United Kingdom","Chichewa; Nyanja, Mandarin, English, Japanese",1987.0,thelastemperor,both
1989,Film | Film in 1989,"Goodbye, Children (Au Revoir Les Enfants)",Louis Malle,False,Film,goodbyechildrenaurevoirlesenfants,,,,,,,,,,,,,,,,,,,,,left_only
1989,Film | Film in 1989,Babette's Feast (Babettes Gæstebud),"Just Betzer, Bo Christensen, Gabriel Axel",False,Film,babettesfeastbabettesgæstebud,,,,,,,,,,,,,,,,,,,,,left_only
1989,Film | Film in 1989,A Fish Called Wanda,"Michael Shamberg, Charles Crichton",False,Film,afishcalledwanda,623.0,A Fish Called Wanda,7.201,1936.0,Released,1988-07-15,62493712.0,109.0,False,7500000.0,tt0095159,en,A Fish Called Wanda,19.318,"Comedy, Crime","Prominent Features, Metro-Goldwyn-Mayer, Fish Productions","United Kingdom, United States of America","English, Italian, Russian",1988.0,afishcalledwanda,both
1989,Film | Film Not in the English Language in 1989,Babette's Feast (Babettes Gæstebud),"Just Betzer, Bo Christensen, Gabriel Axel",True,Film Not in the English Language,babettesfeastbabettesgæstebud,,,,,,,,,,,,,,,,,,,,,left_only
1989,Film | Film Not in the English Language in 1989,"Goodbye, Children (Au Revoir Les Enfants)",Louis Malle,False,Film Not in the English Language,goodbyechildrenaurevoirlesenfants,,,,,,,,,,,,,,,,,,,,,left_only
1989,Film | Film Not in the English Language in 1989,Wings Of Desire (Der Himmel Über Berlin),"Wim Wenders, Anatole Dauman",False,Film Not in the English Language,wingsofdesirederhimmelüberberlin,,,,,,,,,,,,,,,,,,,,,left_only
1989,Film | Film Not in the English Language in 1989,Dark Eyes (Oci Ciornie),"Silvia D'Amico Bendico, Carlo Cucchi, Nikita Mikhalkov",False,Film Not in the English Language,darkeyesociciornie,,,,,,,,,,,,,,,,,,,,,left_only
1989,Film | Flaherty Documentary Award in 1989,This Week: Death On The Rock,Chris Oxley,True,Flaherty Documentary Award,thisweekdeathontherock,,,,,,,,,,,,,,,,,,,,,left_only
1989,Film | Flaherty Documentary Award in 1989,The Duty Men: East Enders,Paul Hamann,False,Flaherty Documentary Award,thedutymeneastenders,,,,,,,,,,,,,,,,,,,,,left_only
1989,Film | Flaherty Documentary Award in 1989,In From The Cold: A Portrait Of Richard Burton,Tony Palmer,False,Flaherty Documentary Award,infromthecoldaportraitofrichardburton,,,,,,,,,,,,,,,,,,,,,left_only
1989,Film | Flaherty Documentary Award in 1989,Viewpoint Special: The Men Who Killed Kennedy,Nigel Turner,False,Flaherty Documentary Award,viewpointspecialthemenwhokilledkennedy,,,,,,,,,,,,,,,,,,,,,left_only
1989,Film | Make-Up Artist in 1989,Fabrizio Sforza,The Last Emperor,True,Make-Up Artist,fabriziosforza,,,,,,,,,,,,,,,,,,,,,left_only
1989,Film | Make-Up Artist in 1989,"Steve LaPorte, Ve Neill, Robert Short",Beetle Juice,False,Make-Up Artist,stevelaporteveneillrobertshort,,,,,,,,,,,,,,,,,,,,,left_only
1989,Film | Make-Up Artist in 1989,Sally Sutton,A Handful Of Dust,False,Make-Up Artist,sallysutton,,,,,,,,,,,,,,,,,,,,,left_only
1989,Film | Make-Up Artist in 1989,Carla Palmer,Robocop,False,Make-Up Artist,carlapalmer,,,,,,,,,,,,,,,,,,,,,left_only
1989,Film | Original Screenplay in 1989,A World Apart,Shawn Slovo,True,Original Screenplay,aworldapart,41949.0,A World Apart,6.5,25.0,Released,1988-06-17,0.0,113.0,False,0.0,tt0096464,en,A World Apart,4.443,Drama,"Atlantic Entertainment Group, British Screen Productions, Hippo Entertainment Group, Working Title Films, World Apart, Film4 Productions","United Kingdom, Zimbabwe",English,1988.0,aworldapart,both
1989,Film | Original Screenplay in 1989,"Goodbye, Children (Au Revoir Les Enfants)",Louis Malle,False,Original Screenplay,goodbyechildrenaurevoirlesenfants,,,,,,,,,,,,,,,,,,,,,left_only
1989,Film | Original Screenplay in 1989,A Fish Called Wanda,John Cleese,False,Original Screenplay,afishcalledwanda,623.0,A Fish Called Wanda,7.201,1936.0,Released,1988-07-15,62493712.0,109.0,False,7500000.0,tt0095159,en,A Fish Called Wanda,19.318,"Comedy, Crime","Prominent Features, Metro-Goldwyn-Mayer, Fish Productions","United Kingdom, United States of America","English, Italian, Russian",1988.0,afishcalledwanda,both
1989,Film | Original Screenplay in 1989,Moonstruck,John Patrick Shanley,False,Original Screenplay,moonstruck,2039.0,Moonstruck,6.855,812.0,Released,1987-12-16,80640528.0,102.0,False,15000000.0,tt0093565,en,Moonstruck,20.181,"Comedy, Drama, Romance","Star Partners, Metro-Goldwyn-Mayer",United States of America,"English, Italian",1987.0,moonstruck,both
1989,Film | Outstanding British Contribution To Cinema in 1989,Charles Crichton,,True,Outstanding British Contribution To Cinema,charlescrichton,,,,,,,,,,,,,,,,,,,,,left_only
1989,Film | Post Office BAFTA Scholarship in 1989,Gillian Wilkinson,,True,Post Office BAFTA Scholarship,gillianwilkinson,,,,,,,,,,,,,,,,,,,,,left_only
1989,Film | Production Design in 1989,Tucker: The Man And His Dream,Dean Tavoularis,True,Production Design,tuckerthemanandhisdream,28176.0,Tucker: The Man and His Dream,6.717,327.0,Released,1988-08-12,19652638.0,111.0,False,23000000.0,tt0096316,en,Tucker: The Man and His Dream,13.256,Drama,"Lucasfilm Ltd., American Zoetrope",United States of America,English,1988.0,tuckerthemanandhisdream,both
1989,Film | Production Design in 1989,Empire Of The Sun,Norman Reynolds,False,Production Design,empireofthesun,10110.0,Empire of the Sun,7.513,1740.0,Released,1987-12-09,66700000.0,153.0,False,35000000.0,tt0092965,en,Empire of the Sun,14.322,"Drama, History, War","Amblin Entertainment, Warner Bros. Pictures","China, Spain, United Kingdom, United States of America","English, Japanese, Mandarin",1987.0,empireofthesun,both
1989,Film | Production Design in 1989,The Last Emperor,Ferdinando Scarfiotti,False,Production Design,thelastemperor,746.0,The Last Emperor,7.624,1495.0,Released,1987-10-04,43984230.0,163.0,False,23000000.0,tt0093389,en,The Last Emperor,19.387,"Drama, History","Hemdale Film Corporation, Soprofilms, TAO Film, Yanco, Columbia Pictures, Recorded Picture Company","China, France, Italy, United Kingdom","Chichewa; Nyanja, Mandarin, English, Japanese",1987.0,thelastemperor,both
1989,Film | Production Design in 1989,Who Framed Roger Rabbit?,Elliott Scott,False,Production Design,whoframedrogerrabbit,856.0,Who Framed Roger Rabbit,7.52,5216.0,Released,1988-06-21,329803958.0,104.0,False,70000000.0,tt0096438,en,Who Framed Roger Rabbit,29.829,"Fantasy, Animation, Comedy, Crime","Amblin Entertainment, Silver Screen Partners III, Touchstone Pictures",United States of America,English,1988.0,whoframedrogerrabbit,both
1989,Film | Score For A Film in 1989,Empire Of The Sun,John Williams,True,Score For A Film,empireofthesun,10110.0,Empire of the Sun,7.513,1740.0,Released,1987-12-09,66700000.0,153.0,False,35000000.0,tt0092965,en,Empire of the Sun,14.322,"Drama, History, War","Amblin Entertainment, Warner Bros. Pictures","China, Spain, United Kingdom, United States of America","English, Japanese, Mandarin",1987.0,empireofthesun,both
1989,Film | Score For A Film in 1989,Bird,Lennie Niehaus,False,Score For A Film,bird,24679.0,Bird,6.8,277.0,Released,1988-06-01,2000000.0,161.0,False,9000000.0,tt0094747,en,Bird,13.133,"Drama, Music","Warner Bros. Pictures, Malpaso Productions",United States of America,English,1988.0,bird,both
1989,Film | Score For A Film in 1989,The Last Emperor,"Ryuichi Sakamoto, David Byrne, Cong Su",False,Score For A Film,thelastemperor,746.0,The Last Emperor,7.624,1495.0,Released,1987-10-04,43984230.0,163.0,False,23000000.0,tt0093389,en,The Last Emperor,19.387,"Drama, History","Hemdale Film Corporation, Soprofilms, TAO Film, Yanco, Columbia Pictures, Recorded Picture Company","China, France, Italy, United Kingdom","Chichewa; Nyanja, Mandarin, English, Japanese",1987.0,thelastemperor,both
1989,Film | Score For A Film in 1989,Moonstruck,Dick Hyman,False,Score For A Film,moonstruck,2039.0,Moonstruck,6.855,812.0,Released,1987-12-16,80640528.0,102.0,False,15000000.0,tt0093565,en,Moonstruck,20.181,"Comedy, Drama, Romance","Star Partners, Metro-Goldwyn-Mayer",United States of America,"English, Italian",1987.0,moonstruck,both
1989,Film | Short Animation in 1989,The Hill Farm,Mark Baker,True,Short Animation,thehillfarm,209528.0,The Hill Farm,6.9,12.0,Released,1989-01-02,0.0,18.0,False,0.0,tt0097509,en,The Hill Farm,1.015,Animation,NFTS,United Kingdom,No Language,1989.0,thehillfarm,both
1989,Film | Short Animation in 1989,Clothes Animation,Osbert Parker,False,Short Animation,clothesanimation,,,,,,,,,,,,,,,,,,,,,left_only
1989,Film | Short Animation in 1989,Daddy's Little Piece Of Dresden China,Karen Watson,False,Short Animation,daddyslittlepieceofdresdenchina,,,,,,,,,,,,,,,,,,,,,left_only
1989,Film | Short Animation in 1989,Rarg,Tony Collingwood,False,Short Animation,rarg,332779.0,RARG,7.5,2.0,Released,1988-03-26,0.0,23.0,False,0.0,tt0216140,en,RARG,0.6,Animation,,,English,1988.0,rarg,both
1989,Film | Short Film in 1989,Defence Counsel Sedov (Zashchitnik Sedov),Evgeny Tsymbal,True,Short Film,defencecounselsedovzashchitniksedov,,,,,,,,,,,,,,,,,,,,,left_only
1989,Film | Short Film in 1989,Cane Toads - An Unnatural History,Mark Lewis,False,Short Film,canetoadsanunnaturalhistory,82284.0,Cane Toads: An Unnatural History,6.886,34.0,Released,1988-06-09,0.0,47.0,False,0.0,tt0130529,en,Cane Toads: An Unnatural History,2.176,"Comedy, Documentary",Film Australia,Australia,English,1988.0,canetoadsanunnaturalhistory,both
1989,Film | Short Film in 1989,The Unkindest Cut,Jim Shields,False,Short Film,theunkindestcut,,,,,,,,,,,,,,,,,,,,,left_only
1989,Film | Short Film in 1989,Water's Edge,Suri Krishnamma,False,Short Film,watersedge,41422.0,Water's Edge,6.4,9.0,Released,2003-10-09,0.0,96.0,False,0.0,tt0318181,en,Water's Edge,3.753,"Thriller, TV Movie",Front Street Pictures,"Canada, United States of America",English,2003.0,watersedge,both
1989,Film | Sound in 1989,Empire Of The Sun,"Charles L Campbell, Colin Charles, Lou Edemann, Robert Knudson, Tony Dawe",True,Sound,empireofthesun,10110.0,Empire of the Sun,7.513,1740.0,Released,1987-12-09,66700000.0,153.0,False,35000000.0,tt0092965,en,Empire of the Sun,14.322,"Drama, History, War","Amblin Entertainment, Warner Bros. Pictures","China, Spain, United Kingdom, United States of America","English, Japanese, Mandarin",1987.0,empireofthesun,both
1989,Film | Sound in 1989,Bird,"Alan Robert Murray, Robert G Henderson, Willie Burton, Les Fresholtz",False,Sound,bird,24679.0,Bird,6.8,277.0,Released,1988-06-01,2000000.0,161.0,False,9000000.0,tt0094747,en,Bird,13.133,"Drama, Music","Warner Bros. Pictures, Malpaso Productions",United States of America,English,1988.0,bird,both
1989,Film | Sound in 1989,"Good Morning, Vietnam","Bill Phillips, Clive Winter, Terry Porter",False,Sound,goodmorningvietnam,801.0,"Good Morning, Vietnam",7.318,2434.0,Released,1987-12-23,123922370.0,121.0,False,13000000.0,tt0093105,en,"Good Morning, Vietnam",16.027,"Comedy, Drama, War","Touchstone Pictures, Silver Screen Partners III",United States of America,"English, Vietnamese",1987.0,goodmorningvietnam,both
1989,Film | Sound in 1989,"Good Morning, Vietnam","Bill Phillips, Clive Winter, Terry Porter",False,Sound,goodmorningvietnam,980646.0,Good Morning Vietnam,0.0,0.0,Released,2016-01-01,0.0,20.0,False,0.0,,ko,굿모닝 베트남,0.6,Drama,,South Korea,Korean,2016.0,goodmorningvietnam,both
1989,Film | Sound in 1989,The Last Emperor,"Ivan Sharrock, Bill Rowe, Les Wiggins",False,Sound,thelastemperor,746.0,The Last Emperor,7.624,1495.0,Released,1987-10-04,43984230.0,163.0,False,23000000.0,tt0093389,en,The Last Emperor,19.387,"Drama, History","Hemdale Film Corporation, Soprofilms, TAO Film, Yanco, Columbia Pictures, Recorded Picture Company","China, France, Italy, United Kingdom","Chichewa; Nyanja, Mandarin, English, Japanese",1987.0,thelastemperor,both
1989,Film | Special Award in 1989,Leslie Hardcastle,,True,Special Award,lesliehardcastle,,,,,,,,,,,,,,,,,,,,,left_only
1989,Film | Special Award in 1989,Julie Andrews,,True,Special Award,julieandrews,,,,,,,,,,,,,,,,,,,,,left_only
1989,Film | Special Award for Craft in 1989,Richard Williams,,True,Special Award for Craft,richardwilliams,,,,,,,,,,,,,,,,,,,,,left_only
1990,Film | Achievement in Direction in 1990,Kenneth Branagh,Henry V,True,Achievement in Direction,kennethbranagh,,,,,,,,,,,,,,,,,,,,,left_only
1990,Film | Achievement in Direction in 1990,Stephen Frears,Dangerous Liaisons,False,Achievement in Direction,stephenfrears,,,,,,,,,,,,,,,,,,,,,left_only
1990,Film | Achievement in Direction in 1990,Peter Weir,Dead Poets Society,False,Achievement in Direction,peterweir,,,,,,,,,,,,,,,,,,,,,left_only
1990,Film | Achievement in Direction in 1990,Alan Parker,Mississippi Burning,False,Achievement in Direction,alanparker,,,,,,,,,,,,,,,,,,,,,left_only
1990,Film | Achievement in Special Visual Effects in 1990,"Ken Ralston, Michael Lantieri, John Bell, Steve Gawley",Back To The Future II,True,Achievement in Special Visual Effects,kenralstonmichaellantierijohnbellstevegawley,,,,,,,,,,,,,,,,,,,,,left_only
1990,Film | Achievement in Special Visual Effects in 1990,"Kent Houston, Richard Conway",The Adventures Of Baron Munchausen,False,Achievement in Special Visual Effects,kenthoustonrichardconway,,,,,,,,,,,,,,,,,,,,,left_only
1990,Film | Achievement in Special Visual Effects in 1990,"Derek Meddings, John Evans",Batman,False,Achievement in Special Visual Effects,derekmeddingsjohnevans,,,,,,,,,,,,,,,,,,,,,left_only
1990,Film | Achievement in Special Visual Effects in 1990,"George Gibbs Michael McAlister, Mark Sullivan, John Ellis",Indiana Jones And The Last Crusade,False,Achievement in Special Visual Effects,georgegibbsmichaelmcalistermarksullivanjohnellis,,,,,,,,,,,,,,,,,,,,,left_only
1990,Film | Actor in a Leading Role in 1990,Daniel Day-Lewis,My Left Foot,True,Actor in a Leading Role,danieldaylewis,,,,,,,,,,,,,,,,,,,,,left_only
1990,Film | Actor in a Leading Role in 1990,Kenneth Branagh,Henry V,False,Actor in a Leading Role,kennethbranagh,,,,,,,,,,,,,,,,,,,,,left_only
1990,Film | Actor in a Leading Role in 1990,Dustin Hoffman,Rain Man,False,Actor in a Leading Role,dustinhoffman,,,,,,,,,,,,,,,,,,,,,left_only
1990,Film | Actor in a Leading Role in 1990,Robin Williams,Dead Poets Society,False,Actor in a Leading Role,robinwilliams,,,,,,,,,,,,,,,,,,,,,left_only
1990,Film | Actor in a Supporting Role in 1990,Ray McAnally,My Left Foot,True,Actor in a Supporting Role,raymcanally,,,,,,,,,,,,,,,,,,,,,left_only
1990,Film | Actor in a Supporting Role in 1990,Marlon Brando,A Dry White Season,False,Actor in a Supporting Role,marlonbrando,714034.0,Marlon Brando,1.0,1.0,Released,2021-05-31,0.0,19.0,False,0.0,tt12626334,nl,Marlon Brando,0.6,Drama,Room for Film,Netherlands,Dutch,2021.0,marlonbrando,both
1990,Film | Actor in a Supporting Role in 1990,Sean Connery,Indiana Jones And The Last Crusade,False,Actor in a Supporting Role,seanconnery,,,,,,,,,,,,,,,,,,,,,left_only
1990,Film | Actor in a Supporting Role in 1990,Jack Nicholson,Batman,False,Actor in a Supporting Role,jacknicholson,,,,,,,,,,,,,,,,,,,,,left_only
1990,Film | Actress in a Leading Role in 1990,Pauline Collins,Shirley Valentine,True,Actress in a Leading Role,paulinecollins,,,,,,,,,,,,,,,,,,,,,left_only
1990,Film | Actress in a Leading Role in 1990,Glenn Close,Dangerous Liaisons,False,Actress in a Leading Role,glennclose,,,,,,,,,,,,,,,,,,,,,left_only
1990,Film | Actress in a Leading Role in 1990,Jodie Foster,The Accused,False,Actress in a Leading Role,jodiefoster,,,,,,,,,,,,,,,,,,,,,left_only
1990,Film | Actress in a Leading Role in 1990,Melanie Griffith,Working Girl,False,Actress in a Leading Role,melaniegriffith,,,,,,,,,,,,,,,,,,,,,left_only
1990,Film | Actress in a Supporting Role in 1990,Michelle Pfeiffer,Dangerous Liaisons,True,Actress in a Supporting Role,michellepfeiffer,,,,,,,,,,,,,,,,,,,,,left_only
1990,Film | Actress in a Supporting Role in 1990,Peggy Ashcroft,Madame Sousatzka,False,Actress in a Supporting Role,peggyashcroft,,,,,,,,,,,,,,,,,,,,,left_only
1990,Film | Actress in a Supporting Role in 1990,Laura San Giacomo,"Sex, Lies And Videotape",False,Actress in a Supporting Role,laurasangiacomo,,,,,,,,,,,,,,,,,,,,,left_only
1990,Film | Actress in a Supporting Role in 1990,Sigourney Weaver,Working Girl,False,Actress in a Supporting Role,sigourneyweaver,635980.0,Sigourney Weaver,0.0,0.0,Released,2018-07-22,0.0,9.0,False,0.0,tt8685496,en,Sigourney Weaver,0.6,,,,,2018.0,sigourneyweaver,both
1990,Film | Adapted Screenplay in 1990,Dangerous Liaisons,Christopher Hampton,True,Adapted Screenplay,dangerousliaisons,859.0,Dangerous Liaisons,7.2,1042.0,Released,1988-12-21,34670720.0,119.0,False,14000000.0,tt0094947,en,Dangerous Liaisons,12.852,"Drama, Romance","Lorimar Film Entertainment, NFH Films, Warner Bros. Pictures","United Kingdom, United States of America",English,1988.0,dangerousliaisons,both
1990,Film | Adapted Screenplay in 1990,Dangerous Liaisons,Christopher Hampton,True,Adapted Screenplay,dangerousliaisons,1381319.0,Dangerous liaisons,9.0,1.0,Released,1980-05-28,0.0,133.0,False,0.0,tt0309793,fr,Les liaisons dangereuses,0.6,Drama,Télévision Française 1,France,French,1980.0,dangerousliaisons,both
1990,Film | Adapted Screenplay in 1990,The Accidental Tourist,"Frank Galati, Lawrence Kasdan",False,Adapted Screenplay,theaccidentaltourist,31052.0,The Accidental Tourist,6.183,205.0,Released,1988-12-23,32632093.0,121.0,False,0.0,tt0094606,en,The Accidental Tourist,11.857,"Comedy, Drama, Romance",Warner Bros. Pictures,United States of America,English,1988.0,theaccidentaltourist,both
1990,Film | Adapted Screenplay in 1990,My Left Foot,"Shane Connaughton, Jim Sheridan",False,Adapted Screenplay,myleftfoot,,,,,,,,,,,,,,,,,,,,,left_only
1990,Film | Adapted Screenplay in 1990,Shirley Valentine,Willy Russell,False,Adapted Screenplay,shirleyvalentine,18683.0,Shirley Valentine,6.156,77.0,Released,1989-08-30,0.0,108.0,False,0.0,tt0098319,en,Shirley Valentine,9.027,"Romance, Comedy",Paramount,"United Kingdom, United States of America",English,1989.0,shirleyvalentine,both
1990,Film | Cinematography in 1990,Mississippi Burning,Peter Biziou,True,Cinematography,mississippiburning,1632.0,Mississippi Burning,7.672,1470.0,Released,1988-12-08,34604000.0,128.0,False,15000000.0,tt0095647,en,Mississippi Burning,22.077,"Drama, Crime",Orion Pictures,United States of America,English,1988.0,mississippiburning,both
1990,Film | Cinematography in 1990,Dangerous Liaisons,Philippe Rousselot,False,Cinematography,dangerousliaisons,859.0,Dangerous Liaisons,7.2,1042.0,Released,1988-12-21,34670720.0,119.0,False,14000000.0,tt0094947,en,Dangerous Liaisons,12.852,"Drama, Romance","Lorimar Film Entertainment, NFH Films, Warner Bros. Pictures","United Kingdom, United States of America",English,1988.0,dangerousliaisons,both
1990,Film | Cinematography in 1990,Dangerous Liaisons,Philippe Rousselot,False,Cinematography,dangerousliaisons,1381319.0,Dangerous liaisons,9.0,1.0,Released,1980-05-28,0.0,133.0,False,0.0,tt0309793,fr,Les liaisons dangereuses,0.6,Drama,Télévision Française 1,France,French,1980.0,dangerousliaisons,both
1990,Film | Cinematography in 1990,Gorillas In The Mist,John Seale,False,Cinematography,gorillasinthemist,10130.0,Gorillas in the Mist,6.966,523.0,Released,1988-09-23,0.0,129.0,False,22000000.0,tt0095243,en,Gorillas in the Mist,10.776,"Drama, History","The Guber-Peters Company, Universal Pictures, Warner Bros. Pictures",United States of America,English,1988.0,gorillasinthemist,both
1990,Film | Cinematography in 1990,Henry V,Kenneth MacMillan,False,Cinematography,henryv,10705.0,Henry V,7.214,330.0,Released,1989-10-05,10176701.0,137.0,False,9000000.0,tt0097499,en,Henry V,13.76,"War, Drama, History","BBC Film, Renaissance Films, Samuel Goldwyn Company",United Kingdom,English,1989.0,henryv,both
1990,Film | Cinematography in 1990,The Bear (L' Ours),Philippe Rousselot,False,Cinematography,thebearlours,,,,,,,,,,,,,,,,,,,,,left_only
1990,Film | Costume Design in 1990,The Adventures Of Baron Munchausen,Gabriella Pescucci,True,Costume Design,theadventuresofbaronmunchausen,14506.0,The Adventures of Baron Munchausen,6.922,793.0,Released,1988-12-07,8083123.0,126.0,False,46630000.0,tt0096764,en,The Adventures of Baron Munchausen,16.568,"Adventure, Comedy, Fantasy","Allied Filmmakers, Laura Films, Prominent Features, Columbia Pictures","Italy, United Kingdom",English,1988.0,theadventuresofbaronmunchausen,both
1990,Film | Costume Design in 1990,Batman,Bob Ringwood,False,Costume Design,batman,268.0,Batman,7.2,7152.0,Released,1989-06-21,411348924.0,126.0,False,35000000.0,tt0096895,en,Batman,40.79,"Fantasy, Action, Crime","The Guber-Peters Company, Warner Bros. Pictures, PolyGram Filmed Entertainment, DC Comics",United States of America,"English, French",1989.0,batman,both
1990,Film | Costume Design in 1990,Dangerous Liaisons,James Acheson,False,Costume Design,dangerousliaisons,859.0,Dangerous Liaisons,7.2,1042.0,Released,1988-12-21,34670720.0,119.0,False,14000000.0,tt0094947,en,Dangerous Liaisons,12.852,"Drama, Romance","Lorimar Film Entertainment, NFH Films, Warner Bros. Pictures","United Kingdom, United States of America",English,1988.0,dangerousliaisons,both
1990,Film | Costume Design in 1990,Dangerous Liaisons,James Acheson,False,Costume Design,dangerousliaisons,1381319.0,Dangerous liaisons,9.0,1.0,Released,1980-05-28,0.0,133.0,False,0.0,tt0309793,fr,Les liaisons dangereuses,0.6,Drama,Télévision Française 1,France,French,1980.0,dangerousliaisons,both
1990,Film | Costume Design in 1990,Henry V,Phyllis Dalton,False,Costume Design,henryv,10705.0,Henry V,7.214,330.0,Released,1989-10-05,10176701.0,137.0,False,9000000.0,tt0097499,en,Henry V,13.76,"War, Drama, History","BBC Film, Renaissance Films, Samuel Goldwyn Company",United Kingdom,English,1989.0,henryv,both
1990,Film | Editing in 1990,Mississippi Burning,Gerry Hambling,True,Editing,mississippiburning,1632.0,Mississippi Burning,7.672,1470.0,Released,1988-12-08,34604000.0,128.0,False,15000000.0,tt0095647,en,Mississippi Burning,22.077,"Drama, Crime",Orion Pictures,United States of America,English,1988.0,mississippiburning,both
1990,Film | Editing in 1990,Dangerous Liaisons,Mick Audsley,False,Editing,dangerousliaisons,859.0,Dangerous Liaisons,7.2,1042.0,Released,1988-12-21,34670720.0,119.0,False,14000000.0,tt0094947,en,Dangerous Liaisons,12.852,"Drama, Romance","Lorimar Film Entertainment, NFH Films, Warner Bros. Pictures","United Kingdom, United States of America",English,1988.0,dangerousliaisons,both
1990,Film | Editing in 1990,Dangerous Liaisons,Mick Audsley,False,Editing,dangerousliaisons,1381319.0,Dangerous liaisons,9.0,1.0,Released,1980-05-28,0.0,133.0,False,0.0,tt0309793,fr,Les liaisons dangereuses,0.6,Drama,Télévision Française 1,France,French,1980.0,dangerousliaisons,both
1990,Film | Editing in 1990,Dead Poets Society,William Anderson,False,Editing,deadpoetssociety,207.0,Dead Poets Society,8.312,10311.0,Released,1989-06-02,235860116.0,128.0,False,16400000.0,tt0097165,en,Dead Poets Society,38.942,Drama,"Touchstone Pictures, Silver Screen Partners IV, A Steven Haft Production, Witt/Thomas Productions",United States of America,"English, Latin",1989.0,deadpoetssociety,both
1990,Film | Editing in 1990,Rain Man,Stu Linder,False,Editing,rainman,380.0,Rain Man,7.756,5814.0,Released,1988-12-12,354825435.0,134.0,False,25000000.0,tt0095953,en,Rain Man,21.798,Drama,"United Artists, Star Partners II Ltd.",United States of America,"Italian, English",1988.0,rainman,both
1990,Film | Film in 1990,Dead Poets Society,"Steven Haft, Paul Junger Witt, Tony Thomas, Peter Weir",True,Film,deadpoetssociety,207.0,Dead Poets Society,8.312,10311.0,Released,1989-06-02,235860116.0,128.0,False,16400000.0,tt0097165,en,Dead Poets Society,38.942,Drama,"Touchstone Pictures, Silver Screen Partners IV, A Steven Haft Production, Witt/Thomas Productions",United States of America,"English, Latin",1989.0,deadpoetssociety,both
1990,Film | Film in 1990,My Left Foot,"Noel Pearson, Jim Sheridan",False,Film,myleftfoot,,,,,,,,,,,,,,,,,,,,,left_only
1990,Film | Film in 1990,Shirley Valentine,Lewis Gilbert,False,Film,shirleyvalentine,18683.0,Shirley Valentine,6.156,77.0,Released,1989-08-30,0.0,108.0,False,0.0,tt0098319,en,Shirley Valentine,9.027,"Romance, Comedy",Paramount,"United Kingdom, United States of America",English,1989.0,shirleyvalentine,both
1990,Film | Film in 1990,When Harry Met Sally,Rob Reiner,False,Film,whenharrymetsally,639.0,When Harry Met Sally...,7.405,3655.0,Released,1989-07-21,92823546.0,96.0,False,16000000.0,tt0098635,en,When Harry Met Sally...,26.961,"Comedy, Romance, Drama","Castle Rock Entertainment, Nelson Entertainment",United States of America,English,1989.0,whenharrymetsally,both
1990,Film | Film Not in the English Language in 1990,Life And Nothing But (La Vie Et Rien D'Autre),"René Cleitman, Bertrand Tavernier",True,Film Not in the English Language,lifeandnothingbutlavieetriendautre,,,,,,,,,,,,,,,,,,,,,left_only
1990,Film | Film Not in the English Language in 1990,Pelle The Conqueror (Pelle Erobreren),"Per Holst, Bille August",False,Film Not in the English Language,pelletheconquerorpelleerobreren,,,,,,,,,,,,,,,,,,,,,left_only
1990,Film | Film Not in the English Language in 1990,Salaam Bombay,Mira Nair,False,Film Not in the English Language,salaambombay,45129.0,Salaam Bombay!,7.3,83.0,Released,1988-08-24,2080046.0,113.0,False,0.0,tt0096028,hi,Salaam Bombay!,5.619,"Crime, Drama","Doordarshan, Cadrage, Forum Films, La Sept Cinéma, Mirabai Films, National Film Development Corporation of India, Film4 Productions","France, India, United Kingdom","English, Hindi",1988.0,salaambombay,both
1990,Film | Film Not in the English Language in 1990,Women On The Verge Of A Nervous Breakdown (Mujeres Al Borde De Un Ataque De Nervios ),"Agustín Almodóvar, Pedro Almodóvar",False,Film Not in the English Language,womenonthevergeofanervousbreakdownmujeresalbordedeunataquedenervios,,,,,,,,,,,,,,,,,,,,,left_only
1990,Film | Flaherty Documentary Award in 1990,First Tuesday: Four Hours In My Lai,Kevin Sim,True,Flaherty Documentary Award,firsttuesdayfourhoursinmylai,,,,,,,,,,,,,,,,,,,,,left_only
1990,Film | Flaherty Documentary Award in 1990,Viewpoint '89: Cambodia - Year 10: A Special Report By John Pilger,David Munro,False,Flaherty Documentary Award,viewpoint89cambodiayear10aspecialreportbyjohnpilger,,,,,,,,,,,,,,,,,,,,,left_only
1990,Film | Flaherty Documentary Award in 1990,Lost Children Of The Empire,"Joanna Mack, Mike Fox",False,Flaherty Documentary Award,lostchildrenoftheempire,,,,,,,,,,,,,,,,,,,,,left_only
1990,Film | Flaherty Documentary Award in 1990,Everyman: Romania - State Of Fear,John Blake,False,Flaherty Documentary Award,everymanromaniastateoffear,,,,,,,,,,,,,,,,,,,,,left_only
1990,Film | Make-Up Artist in 1990,"Maggie Weston, Fabrizio Sforza, Pam Meager",The Adventures Of Baron Munchausen,True,Make-Up Artist,maggiewestonfabriziosforzapammeager,,,,,,,,,,,,,,,,,,,,,left_only
1990,Film | Make-Up Artist in 1990,"Paul Engelen, Nick Dudman",Batman,False,Make-Up Artist,paulengelennickdudman,,,,,,,,,,,,,,,,,,,,,left_only
1990,Film | Make-Up Artist in 1990,Jean-Luc Russier,Dangerous Liaisons,False,Make-Up Artist,jeanlucrussier,,,,,,,,,,,,,,,,,,,,,left_only
1990,Film | Make-Up Artist in 1990,Ken Jennings,My Left Foot,False,Make-Up Artist,kenjennings,,,,,,,,,,,,,,,,,,,,,left_only
1990,Film | Original Film Score in 1990,Dead Poets Society,Maurice Jarre,True,Original Film Score,deadpoetssociety,207.0,Dead Poets Society,8.312,10311.0,Released,1989-06-02,235860116.0,128.0,False,16400000.0,tt0097165,en,Dead Poets Society,38.942,Drama,"Touchstone Pictures, Silver Screen Partners IV, A Steven Haft Production, Witt/Thomas Productions",United States of America,"English, Latin",1989.0,deadpoetssociety,both
1990,Film | Original Film Score in 1990,Dangerous Liaisons,George Fenton,False,Original Film Score,dangerousliaisons,859.0,Dangerous Liaisons,7.2,1042.0,Released,1988-12-21,34670720.0,119.0,False,14000000.0,tt0094947,en,Dangerous Liaisons,12.852,"Drama, Romance","Lorimar Film Entertainment, NFH Films, Warner Bros. Pictures","United Kingdom, United States of America",English,1988.0,dangerousliaisons,both
1990,Film | Original Film Score in 1990,Dangerous Liaisons,George Fenton,False,Original Film Score,dangerousliaisons,1381319.0,Dangerous liaisons,9.0,1.0,Released,1980-05-28,0.0,133.0,False,0.0,tt0309793,fr,Les liaisons dangereuses,0.6,Drama,Télévision Française 1,France,French,1980.0,dangerousliaisons,both
1990,Film | Original Film Score in 1990,Mississippi Burning,Trevor Jones,False,Original Film Score,mississippiburning,1632.0,Mississippi Burning,7.672,1470.0,Released,1988-12-08,34604000.0,128.0,False,15000000.0,tt0095647,en,Mississippi Burning,22.077,"Drama, Crime",Orion Pictures,United States of America,English,1988.0,mississippiburning,both
1990,Film | Original Film Score in 1990,Working Girl,Carly Simon,False,Original Film Score,workinggirl,3525.0,Working Girl,6.587,836.0,Released,1988-12-20,103173635.0,114.0,False,28000000.0,tt0096463,en,Working Girl,13.631,"Comedy, Romance, Drama",20th Century Fox,United States of America,"German, English",1988.0,workinggirl,both
1990,Film | Original Screenplay in 1990,When Harry Met Sally,Nora Ephron,True,Original Screenplay,whenharrymetsally,639.0,When Harry Met Sally...,7.405,3655.0,Released,1989-07-21,92823546.0,96.0,False,16000000.0,tt0098635,en,When Harry Met Sally...,26.961,"Comedy, Romance, Drama","Castle Rock Entertainment, Nelson Entertainment",United States of America,English,1989.0,whenharrymetsally,both
1990,Film | Original Screenplay in 1990,Dead Poets Society,Tom Schulman,False,Original Screenplay,deadpoetssociety,207.0,Dead Poets Society,8.312,10311.0,Released,1989-06-02,235860116.0,128.0,False,16400000.0,tt0097165,en,Dead Poets Society,38.942,Drama,"Touchstone Pictures, Silver Screen Partners IV, A Steven Haft Production, Witt/Thomas Productions",United States of America,"English, Latin",1989.0,deadpoetssociety,both
1990,Film | Original Screenplay in 1990,Rain Man,"Ronald Bass, Barry Morrow",False,Original Screenplay,rainman,380.0,Rain Man,7.756,5814.0,Released,1988-12-12,354825435.0,134.0,False,25000000.0,tt0095953,en,Rain Man,21.798,Drama,"United Artists, Star Partners II Ltd.",United States of America,"Italian, English",1988.0,rainman,both
1990,Film | Original Screenplay in 1990,"Sex, Lies And Videotape",Steven Soderbergh,False,Original Screenplay,sexliesandvideotape,1412.0,"sex, lies, and videotape",6.938,796.0,Released,1989-08-04,24741667.0,101.0,False,1200000.0,tt0098724,en,"sex, lies, and videotape",23.698,Drama,"Miramax, Outlaw Productions, Virgin",United States of America,English,1989.0,sexliesandvideotape,both
1990,Film | Original Screenplay in 1990,"Sex, Lies And Videotape",Steven Soderbergh,False,Original Screenplay,sexliesandvideotape,441413.0,"Sex, Lies and Videotape",5.0,1.0,Released,2012-01-01,0.0,88.0,False,0.0,,ko,섹스 거짓말 그리고 비디오 테이프,0.6,Comedy,,,Korean,2012.0,sexliesandvideotape,both
1990,Film | Outstanding British Contribution To Cinema in 1990,Lewis Gilbert,,True,Outstanding British Contribution To Cinema,lewisgilbert,,,,,,,,,,,,,,,,,,,,,left_only
1990,Film | Production Design in 1990,The Adventures Of Baron Munchausen,Dante Ferretti,True,Production Design,theadventuresofbaronmunchausen,14506.0,The Adventures of Baron Munchausen,6.922,793.0,Released,1988-12-07,8083123.0,126.0,False,46630000.0,tt0096764,en,The Adventures of Baron Munchausen,16.568,"Adventure, Comedy, Fantasy","Allied Filmmakers, Laura Films, Prominent Features, Columbia Pictures","Italy, United Kingdom",English,1988.0,theadventuresofbaronmunchausen,both
1990,Film | Production Design in 1990,Batman,Anton Furst,False,Production Design,batman,268.0,Batman,7.2,7152.0,Released,1989-06-21,411348924.0,126.0,False,35000000.0,tt0096895,en,Batman,40.79,"Fantasy, Action, Crime","The Guber-Peters Company, Warner Bros. Pictures, PolyGram Filmed Entertainment, DC Comics",United States of America,"English, French",1989.0,batman,both
1990,Film | Production Design in 1990,Dangerous Liaisons,Stuart Craig,False,Production Design,dangerousliaisons,859.0,Dangerous Liaisons,7.2,1042.0,Released,1988-12-21,34670720.0,119.0,False,14000000.0,tt0094947,en,Dangerous Liaisons,12.852,"Drama, Romance","Lorimar Film Entertainment, NFH Films, Warner Bros. Pictures","United Kingdom, United States of America",English,1988.0,dangerousliaisons,both
1990,Film | Production Design in 1990,Dangerous Liaisons,Stuart Craig,False,Production Design,dangerousliaisons,1381319.0,Dangerous liaisons,9.0,1.0,Released,1980-05-28,0.0,133.0,False,0.0,tt0309793,fr,Les liaisons dangereuses,0.6,Drama,Télévision Française 1,France,French,1980.0,dangerousliaisons,both
1990,Film | Production Design in 1990,Henry V,Tim Harvey,False,Production Design,henryv,10705.0,Henry V,7.214,330.0,Released,1989-10-05,10176701.0,137.0,False,9000000.0,tt0097499,en,Henry V,13.76,"War, Drama, History","BBC Film, Renaissance Films, Samuel Goldwyn Company",United Kingdom,English,1989.0,henryv,both
1990,Film | Short Animation in 1990,A Grand Day Out,Nick Park,True,Short Animation,agranddayout,530.0,A Grand Day Out,7.5,752.0,Released,1990-05-18,0.0,23.0,False,17300.0,tt0104361,en,A Grand Day Out,20.074,"Animation, Comedy, Family","Aardman, NFTS",United Kingdom,English,1990.0,agranddayout,both
1990,Film | Short Animation in 1990,Creature Comforts,"Sara Mullock, Nick Park",False,Short Animation,creaturecomforts,54825.0,Creature Comforts,7.15,100.0,Released,1989-07-15,0.0,5.0,False,0.0,tt0099317,en,Creature Comforts,5.267,"Animation, Comedy, Family","Aardman, Film4 Productions",United Kingdom,English,1989.0,creaturecomforts,both
1990,Film | Short Animation in 1990,Egoli,Karen Kelly,False,Short Animation,egoli,595848.0,Egoli,0.0,0.0,Released,1989-04-03,0.0,8.0,False,0.0,tt0215739,en,Egoli,0.6,Animation,,,,1989.0,egoli,both
1990,Film | Short Animation in 1990,War Story,"Sara Mullock, Peter Lord",False,Short Animation,warstory,246013.0,War Story,4.395,19.0,Released,2014-01-19,0.0,90.0,False,0.0,tt2845578,en,War Story,2.109,Drama,,,"French, English, Italian",2014.0,warstory,both
1990,Film | Short Animation in 1990,War Story,"Sara Mullock, Peter Lord",False,Short Animation,warstory,1020690.0,warstory,0.0,0.0,Released,2008-10-01,0.0,7.0,False,0.0,,en,warstory,0.6,,,,,2008.0,warstory,both
1990,Film | Short Film in 1990,The Candy Show,"Peter Hewitt, David Freeman, Damian Jones",True,Short Film,thecandyshow,919247.0,The Candy Show,0.0,0.0,Released,1989-12-31,0.0,30.0,False,0.0,tt0215591,en,The Candy Show,0.665,Thriller,,United Kingdom,English,1989.0,thecandyshow,both
1990,Film | Short Film in 1990,Carmela Campo,"Ariel Piluso, Carlos Toscano, Gabriel Enis",False,Short Film,carmelacampo,,,,,,,,,,,,,,,,,,,,,left_only
1990,Film | Short Film in 1990,Tight Trousers,"Metin Huseyin, Elaine Donnelly",False,Short Film,tighttrousers,,,,,,,,,,,,,,,,,,,,,left_only
1990,Film | Short Film in 1990,Uhloz,"Isabelle Groulleart, Guy Jacques",False,Short Film,uhloz,993821.0,Uhloz,0.0,0.0,Released,1989-01-01,0.0,13.0,False,0.0,tt0216317,fr,Uhloz,0.6,Drama,,France,French,1989.0,uhloz,both
1990,Film | Sound in 1990,Mississippi Burning,"Bill Phillips, Danny Michael, Robert Litt, Elliot Tyson, Richard C Kline",True,Sound,mississippiburning,1632.0,Mississippi Burning,7.672,1470.0,Released,1988-12-08,34604000.0,128.0,False,15000000.0,tt0095647,en,Mississippi Burning,22.077,"Drama, Crime",Orion Pictures,United States of America,English,1988.0,mississippiburning,both
1990,Film | Sound in 1990,Batman,"Don Sharpe, Tony Dawe, Bill Rowe",False,Sound,batman,268.0,Batman,7.2,7152.0,Released,1989-06-21,411348924.0,126.0,False,35000000.0,tt0096895,en,Batman,40.79,"Fantasy, Action, Crime","The Guber-Peters Company, Warner Bros. Pictures, PolyGram Filmed Entertainment, DC Comics",United States of America,"English, French",1989.0,batman,both
1990,Film | Sound in 1990,Henry V,"Campbell Askew, David Crozier, Robin O'Donoghue",False,Sound,henryv,10705.0,Henry V,7.214,330.0,Released,1989-10-05,10176701.0,137.0,False,9000000.0,tt0097499,en,Henry V,13.76,"War, Drama, History","BBC Film, Renaissance Films, Samuel Goldwyn Company",United Kingdom,English,1989.0,henryv,both
1990,Film | Sound in 1990,Indiana Jones And The Last Crusade,"Richard Hymns, Tony Dawe, Ben Burtt, Gary Summers, Shawn Murphy",False,Sound,indianajonesandthelastcrusade,89.0,Indiana Jones and the Last Crusade,7.847,9301.0,Released,1989-05-24,474171806.0,127.0,False,48000000.0,tt0097576,en,Indiana Jones and the Last Crusade,52.439,"Adventure, Action","Paramount, Lucasfilm Ltd.",United States of America,"Arabic, English, German, Greek",1989.0,indianajonesandthelastcrusade,both
1990,Film | Special Award in 1990,Bob Reid,,True,Special Award,bobreid,,,,,,,,,,,,,,,,,,,,,left_only
1990,Film | Special Award in 1990,Sean Connery,,True,Special Award,seanconnery,,,,,,,,,,,,,,,,,,,,,left_only
1990,Film | Special Award in 1990,Leslie Halliwell,,True,Special Award,lesliehalliwell,,,,,,,,,,,,,,,,,,,,,left_only
1991,Film | Achievement in Direction in 1991,Martin Scorsese,Goodfellas,True,Achievement in Direction,martinscorsese,,,,,,,,,,,,,,,,,,,,,left_only
1991,Film | Achievement in Direction in 1991,Giuseppe Tornatore,Cinema Paradiso,False,Achievement in Direction,giuseppetornatore,,,,,,,,,,,,,,,,,,,,,left_only
1991,Film | Achievement in Direction in 1991,Woody Allen,Crimes And Misdemeanors,False,Achievement in Direction,woodyallen,,,,,,,,,,,,,,,,,,,,,left_only
1991,Film | Achievement in Direction in 1991,Bruce Beresford,Driving Miss Daisy,False,Achievement in Direction,bruceberesford,,,,,,,,,,,,,,,,,,,,,left_only
1991,Film | Achievement in Special Visual Effects in 1991,Production Team,Honey I Shrunk The Kids,True,Achievement in Special Visual Effects,productionteam,,,,,,,,,,,,,,,,,,,,,left_only
1991,Film | Achievement in Special Visual Effects in 1991,Production Team,Dick Tracy,False,Achievement in Special Visual Effects,productionteam,,,,,,,,,,,,,,,,,,,,,left_only
1991,Film | Achievement in Special Visual Effects in 1991,Production Team,Ghost,False,Achievement in Special Visual Effects,productionteam,,,,,,,,,,,,,,,,,,,,,left_only
1991,Film | Achievement in Special Visual Effects in 1991,Production Team,Total Recall,False,Achievement in Special Visual Effects,productionteam,,,,,,,,,,,,,,,,,,,,,left_only
1991,Film | Actor in a Leading Role in 1991,Philippe Noiret,Cinema Paradiso,True,Actor in a Leading Role,philippenoiret,,,,,,,,,,,,,,,,,,,,,left_only
1991,Film | Actor in a Leading Role in 1991,Sean Connery,The Hunt For Red October,False,Actor in a Leading Role,seanconnery,,,,,,,,,,,,,,,,,,,,,left_only
1991,Film | Actor in a Leading Role in 1991,Tom Cruise,Born On The Fourth Of July,False,Actor in a Leading Role,tomcruise,1318960.0,Tom Cruise,0.0,0.0,Released,2024-08-03,0.0,1.0,False,0.0,,en,Tom Cruise,1.4,,,,English,2024.0,tomcruise,both
1991,Film | Actor in a Leading Role in 1991,Robert De Niro,Goodfellas,False,Actor in a Leading Role,robertdeniro,,,,,,,,,,,,,,,,,,,,,left_only
1991,Film | Actor in a Supporting Role in 1991,Salvatore Cascio,Cinema Paradiso,True,Actor in a Supporting Role,salvatorecascio,,,,,,,,,,,,,,,,,,,,,left_only
1991,Film | Actor in a Supporting Role in 1991,Alan Alda,Crimes And Misdemeanors,False,Actor in a Supporting Role,alanalda,,,,,,,,,,,,,,,,,,,,,left_only
1991,Film | Actor in a Supporting Role in 1991,John Hurt,The Field,False,Actor in a Supporting Role,johnhurt,,,,,,,,,,,,,,,,,,,,,left_only
1991,Film | Actor in a Supporting Role in 1991,Al Pacino,Dick Tracy,False,Actor in a Supporting Role,alpacino,,,,,,,,,,,,,,,,,,,,,left_only
1991,Film | Actress in a Leading Role in 1991,Jessica Tandy,Driving Miss Daisy,True,Actress in a Leading Role,jessicatandy,,,,,,,,,,,,,,,,,,,,,left_only
1991,Film | Actress in a Leading Role in 1991,Shirley MacLaine,Postcards From The Edge,False,Actress in a Leading Role,shirleymaclaine,,,,,,,,,,,,,,,,,,,,,left_only
1991,Film | Actress in a Leading Role in 1991,Michelle Pfeiffer,The Fabulous Baker Boys,False,Actress in a Leading Role,michellepfeiffer,,,,,,,,,,,,,,,,,,,,,left_only
1991,Film | Actress in a Leading Role in 1991,Julia Roberts,Pretty Woman,False,Actress in a Leading Role,juliaroberts,,,,,,,,,,,,,,,,,,,,,left_only
1991,Film | Actress in a Supporting Role in 1991,Whoopi Goldberg,Ghost,True,Actress in a Supporting Role,whoopigoldberg,,,,,,,,,,,,,,,,,,,,,left_only
1991,Film | Actress in a Supporting Role in 1991,Anjelica Huston,Crimes And Misdemeanors,False,Actress in a Supporting Role,anjelicahuston,,,,,,,,,,,,,,,,,,,,,left_only
1991,Film | Actress in a Supporting Role in 1991,Shirley MacLaine,Steel Magnolias,False,Actress in a Supporting Role,shirleymaclaine,,,,,,,,,,,,,,,,,,,,,left_only
1991,Film | Actress in a Supporting Role in 1991,Billie Whitelaw,The Krays,False,Actress in a Supporting Role,billiewhitelaw,,,,,,,,,,,,,,,,,,,,,left_only
1991,Film | Adapted Screenplay in 1991,Goodfellas,"Nicholas Pileggi, Martin Scorsese",True,Adapted Screenplay,goodfellas,769.0,GoodFellas,8.464,11726.0,Released,1990-09-12,46835000.0,145.0,False,25000000.0,tt0099685,en,GoodFellas,83.57,"Drama, Crime",Winkler Films,United States of America,"Italian, English",1990.0,goodfellas,both
1991,Film | Adapted Screenplay in 1991,Goodfellas,"Nicholas Pileggi, Martin Scorsese",True,Adapted Screenplay,goodfellas,626867.0,Good Fellas,0.0,0.0,Released,2016-09-15,0.0,99.0,False,0.0,,fa,رفقای خوب,0.6,Drama,,,Persian,2016.0,goodfellas,both
1991,Film | Adapted Screenplay in 1991,Born On The Fourth Of July,"Oliver Stone, Ron Kovic",False,Adapted Screenplay,bornonthefourthofjuly,2604.0,Born on the Fourth of July,6.997,1539.0,Released,1989-12-20,161001698.0,145.0,False,14000000.0,tt0096969,en,Born on the Fourth of July,25.864,"Drama, War","Universal Pictures, Ixtlan",United States of America,"English, Spanish",1989.0,bornonthefourthofjuly,both
1991,Film | Adapted Screenplay in 1991,Driving Miss Daisy,Alfred Uhry,False,Adapted Screenplay,drivingmissdaisy,403.0,Driving Miss Daisy,7.233,1425.0,Released,1989-12-13,145793296.0,99.0,False,7500000.0,tt0097239,en,Driving Miss Daisy,13.51,Drama,"The Zanuck Company, Majestic Films International, Warner Bros. Pictures",United States of America,"English, Hebrew",1989.0,drivingmissdaisy,both
1991,Film | Adapted Screenplay in 1991,Postcards From The Edge,Carrie Fisher,False,Adapted Screenplay,postcardsfromtheedge,22414.0,Postcards from the Edge,6.57,236.0,Released,1990-09-14,39071603.0,101.0,False,22000000.0,tt0100395,en,Postcards from the Edge,10.22,"Comedy, Drama",Columbia Pictures,United States of America,English,1990.0,postcardsfromtheedge,both
1991,Film | Adapted Screenplay in 1991,War Of The Roses,Michael Leeson,False,Adapted Screenplay,waroftheroses,,,,,,,,,,,,,,,,,,,,,left_only
1991,Film | Cinematography in 1991,The Sheltering Sky,Vittorio Storaro,True,Cinematography,theshelteringsky,24016.0,The Sheltering Sky,6.6,234.0,Released,1990-10-25,2075084.0,138.0,False,25000000.0,tt0100594,en,The Sheltering Sky,9.977,"Adventure, Drama, Romance","Recorded Picture Company, Aldrich Group, Film Trustees Ltd., TAO Film","Italy, United Kingdom","Arabic, English, French",1990.0,theshelteringsky,both
1991,Film | Cinematography in 1991,Cinema Paradiso,Blasco Giurato,False,Cinematography,cinemaparadiso,11216.0,Cinema Paradiso,8.453,3954.0,Released,1988-11-17,11990401.0,124.0,False,5000000.0,tt0095765,it,Nuovo Cinema Paradiso,30.498,"Drama, Romance","Les Films Ariane, Cristaldifilm, RAI, TF1 Films Production, Forum Picture, Miramax","France, Italy",Italian,1988.0,cinemaparadiso,both
1991,Film | Cinematography in 1991,Glory,Freddie Francis,False,Cinematography,glory,9665.0,Glory,7.496,1437.0,Released,1989-12-15,26828365.0,122.0,False,18000000.0,tt0097441,en,Glory,19.474,"Drama, History, War","Freddie Fields Productions, TriStar Pictures",United States of America,English,1989.0,glory,both
1991,Film | Cinematography in 1991,Glory,Freddie Francis,False,Cinematography,glory,552019.0,glory,8.0,1.0,Released,2018-10-03,0.0,120.0,False,0.0,,en,glory,0.6,History,,,No Language,2018.0,glory,both
1991,Film | Cinematography in 1991,Glory,Freddie Francis,False,Cinematography,glory,1492685.0,G L O R Y,0.0,0.0,Released,2025-06-04,0.0,14.0,False,0.0,,en,G L O R Y,0.0286,,,,,2025.0,glory,both
1991,Film | Cinematography in 1991,Goodfellas,Michael Ballhaus,False,Cinematography,goodfellas,769.0,GoodFellas,8.464,11726.0,Released,1990-09-12,46835000.0,145.0,False,25000000.0,tt0099685,en,GoodFellas,83.57,"Drama, Crime",Winkler Films,United States of America,"Italian, English",1990.0,goodfellas,both
1991,Film | Cinematography in 1991,Goodfellas,Michael Ballhaus,False,Cinematography,goodfellas,626867.0,Good Fellas,0.0,0.0,Released,2016-09-15,0.0,99.0,False,0.0,,fa,رفقای خوب,0.6,Drama,,,Persian,2016.0,goodfellas,both
1991,Film | Costume Design in 1991,Goodfellas,Richard Bruno,True,Costume Design,goodfellas,769.0,GoodFellas,8.464,11726.0,Released,1990-09-12,46835000.0,145.0,False,25000000.0,tt0099685,en,GoodFellas,83.57,"Drama, Crime",Winkler Films,United States of America,"Italian, English",1990.0,goodfellas,both
1991,Film | Costume Design in 1991,Goodfellas,Richard Bruno,True,Costume Design,goodfellas,626867.0,Good Fellas,0.0,0.0,Released,2016-09-15,0.0,99.0,False,0.0,,fa,رفقای خوب,0.6,Drama,,,Persian,2016.0,goodfellas,both
1991,Film | Costume Design in 1991,Cinema Paradiso,Beatrice Bordone,False,Costume Design,cinemaparadiso,11216.0,Cinema Paradiso,8.453,3954.0,Released,1988-11-17,11990401.0,124.0,False,5000000.0,tt0095765,it,Nuovo Cinema Paradiso,30.498,"Drama, Romance","Les Films Ariane, Cristaldifilm, RAI, TF1 Films Production, Forum Picture, Miramax","France, Italy",Italian,1988.0,cinemaparadiso,both
1991,Film | Costume Design in 1991,Dick Tracy,Milena Canonero,False,Costume Design,dicktracy,8592.0,Dick Tracy,6.13,852.0,Released,1990-04-05,103738726.0,105.0,False,47000000.0,tt0099422,en,Dick Tracy,13.58,"Adventure, Comedy, Crime",Touchstone Pictures,United States of America,English,1990.0,dicktracy,both
1991,Film | Costume Design in 1991,Pretty Woman,Marilyn Vance-Straker,False,Costume Design,prettywoman,114.0,Pretty Woman,7.5,7371.0,Released,1990-03-23,463406268.0,119.0,False,14000000.0,tt0100405,en,Pretty Woman,42.75,"Comedy, Romance","Touchstone Pictures, Silver Screen Partners IV",United States of America,English,1990.0,prettywoman,both
1991,Film | Editing in 1991,Goodfellas,Thelma Schoonmaker,True,Editing,goodfellas,769.0,GoodFellas,8.464,11726.0,Released,1990-09-12,46835000.0,145.0,False,25000000.0,tt0099685,en,GoodFellas,83.57,"Drama, Crime",Winkler Films,United States of America,"Italian, English",1990.0,goodfellas,both
1991,Film | Editing in 1991,Goodfellas,Thelma Schoonmaker,True,Editing,goodfellas,626867.0,Good Fellas,0.0,0.0,Released,2016-09-15,0.0,99.0,False,0.0,,fa,رفقای خوب,0.6,Drama,,,Persian,2016.0,goodfellas,both
1991,Film | Editing in 1991,Cinema Paradiso,Mario Morra,False,Editing,cinemaparadiso,11216.0,Cinema Paradiso,8.453,3954.0,Released,1988-11-17,11990401.0,124.0,False,5000000.0,tt0095765,it,Nuovo Cinema Paradiso,30.498,"Drama, Romance","Les Films Ariane, Cristaldifilm, RAI, TF1 Films Production, Forum Picture, Miramax","France, Italy",Italian,1988.0,cinemaparadiso,both
1991,Film | Editing in 1991,Crimes And Misdemeanors,Susan Morse,False,Editing,crimesandmisdemeanors,11562.0,Crimes and Misdemeanors,7.477,777.0,Released,1989-10-13,18254702.0,104.0,False,19000000.0,tt0097123,en,Crimes and Misdemeanors,12.588,"Comedy, Drama","Orion Pictures, Jack Rollins & Charles H. Joffe Productions",United States of America,English,1989.0,crimesandmisdemeanors,both
1991,Film | Editing in 1991,Dick Tracy,Richard Marks,False,Editing,dicktracy,8592.0,Dick Tracy,6.13,852.0,Released,1990-04-05,103738726.0,105.0,False,47000000.0,tt0099422,en,Dick Tracy,13.58,"Adventure, Comedy, Crime",Touchstone Pictures,United States of America,English,1990.0,dicktracy,both
1991,Film | Fellowship in 1991,Louis Malle,,True,Fellowship,louismalle,,,,,,,,,,,,,,,,,,,,,left_only
1991,Film | Film in 1991,Goodfellas,"Irwin Winkler, Martin Scorsese",True,Film,goodfellas,769.0,GoodFellas,8.464,11726.0,Released,1990-09-12,46835000.0,145.0,False,25000000.0,tt0099685,en,GoodFellas,83.57,"Drama, Crime",Winkler Films,United States of America,"Italian, English",1990.0,goodfellas,both
1991,Film | Film in 1991,Goodfellas,"Irwin Winkler, Martin Scorsese",True,Film,goodfellas,626867.0,Good Fellas,0.0,0.0,Released,2016-09-15,0.0,99.0,False,0.0,,fa,رفقای خوب,0.6,Drama,,,Persian,2016.0,goodfellas,both
1991,Film | Film in 1991,Crimes And Misdemeanors,"Robert Greenhut, Woody Allen",False,Film,crimesandmisdemeanors,11562.0,Crimes and Misdemeanors,7.477,777.0,Released,1989-10-13,18254702.0,104.0,False,19000000.0,tt0097123,en,Crimes and Misdemeanors,12.588,"Comedy, Drama","Orion Pictures, Jack Rollins & Charles H. Joffe Productions",United States of America,English,1989.0,crimesandmisdemeanors,both
1991,Film | Film in 1991,Driving Miss Daisy,"Richard D Zanuck, Lili Fini Zanuck, Bruce Beresford",False,Film,drivingmissdaisy,403.0,Driving Miss Daisy,7.233,1425.0,Released,1989-12-13,145793296.0,99.0,False,7500000.0,tt0097239,en,Driving Miss Daisy,13.51,Drama,"The Zanuck Company, Majestic Films International, Warner Bros. Pictures",United States of America,"English, Hebrew",1989.0,drivingmissdaisy,both
1991,Film | Film in 1991,Pretty Woman,"Arnon Milchan, Steven Reuther, Garry Marshall",False,Film,prettywoman,114.0,Pretty Woman,7.5,7371.0,Released,1990-03-23,463406268.0,119.0,False,14000000.0,tt0100405,en,Pretty Woman,42.75,"Comedy, Romance","Touchstone Pictures, Silver Screen Partners IV",United States of America,English,1990.0,prettywoman,both
1991,Film | Film Not in the English Language in 1991,Cinema Paradiso,"Franco Cristaldi, Giuseppe Tornatore",True,Film Not in the English Language,cinemaparadiso,11216.0,Cinema Paradiso,8.453,3954.0,Released,1988-11-17,11990401.0,124.0,False,5000000.0,tt0095765,it,Nuovo Cinema Paradiso,30.498,"Drama, Romance","Les Films Ariane, Cristaldifilm, RAI, TF1 Films Production, Forum Picture, Miramax","France, Italy",Italian,1988.0,cinemaparadiso,both
1991,Film | Film Not in the English Language in 1991,Jesus Of Montreal (Jésus De Montréal),"Roger Frappier, Pierre Gendron, Denys Arcand",False,Film Not in the English Language,jesusofmontrealjésusdemontréal,,,,,,,,,,,,,,,,,,,,,left_only
1991,Film | Film Not in the English Language in 1991,Milou In May  (Milou En Mai),Louis Malle,False,Film Not in the English Language,milouinmaymilouenmai,,,,,,,,,,,,,,,,,,,,,left_only
1991,Film | Film Not in the English Language in 1991,Romeo And Juliet (Romuald Et Juliette),"Jean-Louis Piel, Philippe Carcassonne, Coline Serreau",False,Film Not in the English Language,romeoandjulietromualdetjuliette,,,,,,,,,,,,,,,,,,,,,left_only
1991,Film | Flaherty Documentary Award in 1991,Viewpoint: Ceausescu's Children,Patricia Ingram,False,Flaherty Documentary Award,viewpointceausescuschildren,,,,,,,,,,,,,,,,,,,,,left_only
1991,Film | Flaherty Documentary Award in 1991,"Viewpoint: Cambodia, The Betrayal - A Special Report By John Pilger",David Munro,False,Flaherty Documentary Award,viewpointcambodiathebetrayalaspecialreportbyjohnpilger,,,,,,,,,,,,,,,,,,,,,left_only
1991,Film | Flaherty Documentary Award in 1991,The Last African Flying Boat,David Wallace,False,Flaherty Documentary Award,thelastafricanflyingboat,1203846.0,The Last African Flying Boat,0.0,0.0,Released,1990-01-07,0.0,74.0,False,0.0,tt4603226,en,The Last African Flying Boat,0.0,Documentary,"BBC TV, ABC/Kane Productions International",United Kingdom,English,1990.0,thelastafricanflyingboat,both
1991,Film | Flaherty Documentary Award in 1991,Harold Lloyd - The Third Genius,"Kevin Brownlow, David Gill",False,Flaherty Documentary Award,haroldlloydthethirdgenius,378600.0,Harold Lloyd: The Third Genius,7.0,3.0,Released,1989-11-15,0.0,105.0,False,0.0,tt0208197,en,Harold Lloyd: The Third Genius,0.851,Documentary,,,English,1989.0,haroldlloydthethirdgenius,both
1991,Film | Make-Up Artist in 1991,"John Caglione Jr, Doug Drexler",Dick Tracy,True,Make-Up Artist,johncaglionejrdougdrexler,,,,,,,,,,,,,,,,,,,,,left_only
1991,Film | Make-Up Artist in 1991,Maurizio Trani,Cinema Paradiso,False,Make-Up Artist,mauriziotrani,,,,,,,,,,,,,,,,,,,,,left_only
1991,Film | Make-Up Artist in 1991,Ben Nye Jr,Ghost,False,Make-Up Artist,bennyejr,,,,,,,,,,,,,,,,,,,,,left_only
1991,Film | Make-Up Artist in 1991,"Christine Beveridge, The Jim Henson Creature Shop",The Witches,False,Make-Up Artist,christinebeveridgethejimhensoncreatureshop,,,,,,,,,,,,,,,,,,,,,left_only
1991,Film | Original Film Score in 1991,Cinema Paradiso,"Ennio Morricone, Andrea Morricone",True,Original Film Score,cinemaparadiso,11216.0,Cinema Paradiso,8.453,3954.0,Released,1988-11-17,11990401.0,124.0,False,5000000.0,tt0095765,it,Nuovo Cinema Paradiso,30.498,"Drama, Romance","Les Films Ariane, Cristaldifilm, RAI, TF1 Films Production, Forum Picture, Miramax","France, Italy",Italian,1988.0,cinemaparadiso,both
1991,Film | Original Film Score in 1991,The Fabulous Baker Boys,Dave Grusin,False,Original Film Score,thefabulousbakerboys,10875.0,The Fabulous Baker Boys,6.581,285.0,Released,1989-10-13,18428904.0,114.0,False,13000000.0,tt0097322,en,The Fabulous Baker Boys,9.845,"Comedy, Drama, Music, Romance","Tobis, Gladden Entertainment, Mirage, 20th Century Fox",United States of America,English,1989.0,thefabulousbakerboys,both
1991,Film | Original Film Score in 1991,Memphis Belle,George Fenton,False,Original Film Score,memphisbelle,12651.0,Memphis Belle,6.725,333.0,Released,1990-09-07,0.0,107.0,False,23000000.0,tt0100133,en,Memphis Belle,15.78,"Drama, War, Action","Warner Bros. Pictures, County Natwest Ventures, Enigma Pictures, Fujisankei Communication Group, British Satellite Broadcasting (BSB)","Japan, United Kingdom, United States of America",English,1990.0,memphisbelle,both
1991,Film | Original Film Score in 1991,Postcards From The Edge,Carly Simon,False,Original Film Score,postcardsfromtheedge,22414.0,Postcards from the Edge,6.57,236.0,Released,1990-09-14,39071603.0,101.0,False,22000000.0,tt0100395,en,Postcards from the Edge,10.22,"Comedy, Drama",Columbia Pictures,United States of America,English,1990.0,postcardsfromtheedge,both
1991,Film | Original Screenplay in 1991,Cinema Paradiso,Giuseppe Tornatore,True,Original Screenplay,cinemaparadiso,11216.0,Cinema Paradiso,8.453,3954.0,Released,1988-11-17,11990401.0,124.0,False,5000000.0,tt0095765,it,Nuovo Cinema Paradiso,30.498,"Drama, Romance","Les Films Ariane, Cristaldifilm, RAI, TF1 Films Production, Forum Picture, Miramax","France, Italy",Italian,1988.0,cinemaparadiso,both
1991,Film | Original Screenplay in 1991,Crimes And Misdemeanors,Woody Allen,False,Original Screenplay,crimesandmisdemeanors,11562.0,Crimes and Misdemeanors,7.477,777.0,Released,1989-10-13,18254702.0,104.0,False,19000000.0,tt0097123,en,Crimes and Misdemeanors,12.588,"Comedy, Drama","Orion Pictures, Jack Rollins & Charles H. Joffe Productions",United States of America,English,1989.0,crimesandmisdemeanors,both
1991,Film | Original Screenplay in 1991,Ghost,Bruce Joel Rubin,False,Original Screenplay,ghost,251.0,Ghost,7.206,5103.0,Released,1990-07-13,505000000.0,127.0,False,22000000.0,tt0099653,en,Ghost,31.271,"Fantasy, Drama, Thriller, Mystery, Romance",Paramount,United States of America,English,1990.0,ghost,both
1991,Film | Original Screenplay in 1991,Ghost,Bruce Joel Rubin,False,Original Screenplay,ghost,1299207.0,gHost,0.0,0.0,Released,2022-05-01,0.0,0.0,False,0.0,tt28234131,en,gHost,0.6,"Family, Comedy",Ringling College of Art + Design,,,2022.0,ghost,both
1991,Film | Original Screenplay in 1991,Ghost,Bruce Joel Rubin,False,Original Screenplay,ghost,1314845.0,GHOST,0.0,0.0,Released,2023-03-27,0.0,6.0,False,0.0,tt32766847,en,GHOST,0.6,,,,,2023.0,ghost,both
1991,Film | Original Screenplay in 1991,Ghost,Bruce Joel Rubin,False,Original Screenplay,ghost,1221239.0,ghost,0.0,0.0,Released,2019-01-04,0.0,8.0,False,0.0,,en,ghost,1.4,,,,,2019.0,ghost,both
1991,Film | Original Screenplay in 1991,Pretty Woman,JF Lawton,False,Original Screenplay,prettywoman,114.0,Pretty Woman,7.5,7371.0,Released,1990-03-23,463406268.0,119.0,False,14000000.0,tt0100405,en,Pretty Woman,42.75,"Comedy, Romance","Touchstone Pictures, Silver Screen Partners IV",United States of America,English,1990.0,prettywoman,both
1991,Film | Outstanding British Contribution To Cinema in 1991,Jeremy Thomas,,True,Outstanding British Contribution To Cinema,jeremythomas,,,,,,,,,,,,,,,,,,,,,left_only
1991,Film | Production Design in 1991,Dick Tracy,Richard Sylbert,True,Production Design,dicktracy,8592.0,Dick Tracy,6.13,852.0,Released,1990-04-05,103738726.0,105.0,False,47000000.0,tt0099422,en,Dick Tracy,13.58,"Adventure, Comedy, Crime",Touchstone Pictures,United States of America,English,1990.0,dicktracy,both
1991,Film | Production Design in 1991,Cinema Paradiso,Andrea Crisanti,False,Production Design,cinemaparadiso,11216.0,Cinema Paradiso,8.453,3954.0,Released,1988-11-17,11990401.0,124.0,False,5000000.0,tt0095765,it,Nuovo Cinema Paradiso,30.498,"Drama, Romance","Les Films Ariane, Cristaldifilm, RAI, TF1 Films Production, Forum Picture, Miramax","France, Italy",Italian,1988.0,cinemaparadiso,both
1991,Film | Production Design in 1991,The Hunt For Red October,Terence Marsh,False,Production Design,thehuntforredoctober,1669.0,The Hunt for Red October,7.385,2945.0,Released,1990-03-02,200512643.0,135.0,False,30000000.0,tt0099810,en,The Hunt for Red October,34.195,"Action, Adventure, Thriller","Paramount, Mace Neufeld Productions, Nina Saxon Film Design",United States of America,"English, Russian",1990.0,thehuntforredoctober,both
1991,Film | Production Design in 1991,Sheltering Sky,Gianni Silvestri,False,Production Design,shelteringsky,,,,,,,,,,,,,,,,,,,,,left_only
1991,Film | Short Animation in 1991,Toxic,Andrew McEwan,True,Short Animation,toxic,687149.0,Toxic,6.4,40.0,Released,2020-04-23,0.0,80.0,False,0.0,tt12182184,es,Tóxico,6.189,"Thriller, Science Fiction",MiduJunco Producciones,Argentina,Spanish,2020.0,toxic,both
1991,Film | Short Animation in 1991,Toxic,Andrew McEwan,True,Short Animation,toxic,1068420.0,TOX IC,0.0,0.0,Released,2021-07-26,0.0,27.0,False,0.0,,th,TOX IC,0.6,Drama,,Thailand,Thai,2021.0,toxic,both
1991,Film | Short Animation in 1991,Deadsy,David Anderson,False,Short Animation,deadsy,380739.0,Deadsy,0.0,0.0,Released,1990-10-01,0.0,5.0,False,0.0,tt0205860,en,Deadsy,0.6,"Animation, Horror","The Redwing Film Company, Channel 4 Television",United States of America,English,1990.0,deadsy,both
1991,Film | Short Animation in 1991,The Death Of Stalinism In Bohemia,Jan Svankmayer,False,Short Animation,thedeathofstalinisminbohemia,126282.0,The Death of Stalinism in Bohemia,7.405,37.0,Released,1991-02-13,0.0,10.0,False,0.0,tt0099386,cs,Konec stalinismu v Čechách,3.641,Animation,BBC,"Czechoslovakia, Germany, United Kingdom",Czech,1991.0,thedeathofstalinisminbohemia,both
1991,Film | Short Film in 1991,Say Goodbye,"Michele Camarda, John Roberts",True,Short Film,saygoodbye,,,,,,,,,,,,,,,,,,,,,left_only
1991,Film | Short Film in 1991,At The Border (An Der Grenze),"Michael Drexler, Max Linder",False,Short Film,attheborderandergrenze,,,,,,,,,,,,,,,,,,,,,left_only
1991,Film | Short Film in 1991,Chicken,"Julian Nott, Jo Shoop",False,Short Film,chicken,346384.0,Chicken,6.067,15.0,Released,2016-05-20,0.0,89.0,False,0.0,tt2420876,en,Chicken,1.435,Drama,Bold Turtle Productions,United Kingdom,English,2016.0,chicken,both
1991,Film | Short Film in 1991,Dear Rosie,"Barnaby Thompson, Peter Cattaneo",False,Short Film,dearrosie,244719.0,Dear Rosie,5.7,3.0,Released,1990-12-31,0.0,11.0,False,0.0,tt0099382,en,Dear Rosie,0.6,Drama,,,English,1990.0,dearrosie,both
1991,Film | Sound in 1991,The Fabulous Baker Boys,"J Paul Huntsman, Stephan Von Hase, Chris Jenkins, Gary Alexander, DM Hemphill",True,Sound,thefabulousbakerboys,10875.0,The Fabulous Baker Boys,6.581,285.0,Released,1989-10-13,18428904.0,114.0,False,13000000.0,tt0097322,en,The Fabulous Baker Boys,9.845,"Comedy, Drama, Music, Romance","Tobis, Gladden Entertainment, Mirage, 20th Century Fox",United States of America,English,1989.0,thefabulousbakerboys,both
1991,Film | Sound in 1991,Dick Tracy,"Dennis Drummond, Thomas Causey, Chris Jenkins, David E Campbell, DM Hemphill",False,Sound,dicktracy,8592.0,Dick Tracy,6.13,852.0,Released,1990-04-05,103738726.0,105.0,False,47000000.0,tt0099422,en,Dick Tracy,13.58,"Adventure, Comedy, Crime",Touchstone Pictures,United States of America,English,1990.0,dicktracy,both
1991,Film | Sound in 1991,The Hunt For Red October,"Cecelia Hall, George Watters II, Richard Bryce Goodman, Don Bassman",False,Sound,thehuntforredoctober,1669.0,The Hunt for Red October,7.385,2945.0,Released,1990-03-02,200512643.0,135.0,False,30000000.0,tt0099810,en,The Hunt for Red October,34.195,"Action, Adventure, Thriller","Paramount, Mace Neufeld Productions, Nina Saxon Film Design",United States of America,"English, Russian",1990.0,thehuntforredoctober,both
1991,Film | Sound in 1991,Wild At Heart,"Randy Thom, Richard Hymns, Jon Huck, David Parker",False,Sound,wildatheart,483.0,Wild at Heart,7.04,1456.0,Released,1990-08-17,14560247.0,125.0,False,9500000.0,tt0100935,en,Wild at Heart,16.031,"Crime, Thriller, Romance","Samuel Goldwyn Company, Propaganda Films, Working Title Films",United States of America,English,1990.0,wildatheart,both
1991,Film | Special Award in 1991,Angela Lansbury,,True,Special Award,angelalansbury,,,,,,,,,,,,,,,,,,,,,left_only
1991,Film | Special Award in 1991,Deborah Kerr,,True,Special Award,deborahkerr,,,,,,,,,,,,,,,,,,,,,left_only
1991,Film | Special Award in 1991,Alistair Cooke,,True,Special Award,alistaircooke,,,,,,,,,,,,,,,,,,,,,left_only
1991,Film | Special Award for Craft in 1991,John Box,,True,Special Award for Craft,johnbox,,,,,,,,,,,,,,,,,,,,,left_only
1992,Film | Achievement in Special Visual Effects in 1992,"Stan Winston, Dennis Muren, Gene Warren Jr, Robert Skotak",Terminator 2: Judgement Day,True,Achievement in Special Visual Effects,stanwinstondennismurengenewarrenjrrobertskotak,,,,,,,,,,,,,,,,,,,,,left_only
1992,Film | Achievement in Special Visual Effects in 1992,"Allen Hall, Scott Farrar, Clay Pinney, Mikael Salomon",Backdraft,False,Achievement in Special Visual Effects,allenhallscottfarrarclaypinneymikaelsalomon,,,,,,,,,,,,,,,,,,,,,left_only
1992,Film | Achievement in Special Visual Effects in 1992,Stan Winston,Edward Scissorhands,False,Achievement in Special Visual Effects,stanwinston,,,,,,,,,,,,,,,,,,,,,left_only
1992,Film | Achievement in Special Visual Effects in 1992,"Frans Wamelink, Eve Ramboz, Masao Yamaguchi",Prospero's Books,False,Achievement in Special Visual Effects,franswamelinkeverambozmasaoyamaguchi,,,,,,,,,,,,,,,,,,,,,left_only
1992,Film | Actor in a Leading Role in 1992,Anthony Hopkins,The Silence Of The Lambs,True,Actor in a Leading Role,anthonyhopkins,,,,,,,,,,,,,,,,,,,,,left_only
1992,Film | Actor in a Leading Role in 1992,Kevin Costner,Dances With Wolves,False,Actor in a Leading Role,kevincostner,,,,,,,,,,,,,,,,,,,,,left_only
1992,Film | Actor in a Leading Role in 1992,Gerard Depardieu,Cyrano De Bergerac,False,Actor in a Leading Role,gerarddepardieu,,,,,,,,,,,,,,,,,,,,,left_only
1992,Film | Actor in a Leading Role in 1992,Alan Rickman,"Truly, Madly, Deeply",False,Actor in a Leading Role,alanrickman,,,,,,,,,,,,,,,,,,,,,left_only
1992,Film | Actor in a Supporting Role in 1992,Alan Rickman,Robin Hood: Prince Of Thieves,True,Actor in a Supporting Role,alanrickman,,,,,,,,,,,,,,,,,,,,,left_only
1992,Film | Actor in a Supporting Role in 1992,Alan Bates,Hamlet,False,Actor in a Supporting Role,alanbates,,,,,,,,,,,,,,,,,,,,,left_only
1992,Film | Actor in a Supporting Role in 1992,Derek Jacobi,Dead Again,False,Actor in a Supporting Role,derekjacobi,,,,,,,,,,,,,,,,,,,,,left_only
1992,Film | Actor in a Supporting Role in 1992,Andrew Strong,The Commitments,False,Actor in a Supporting Role,andrewstrong,,,,,,,,,,,,,,,,,,,,,left_only
1992,Film | Actress in a Leading Role in 1992,Jodie Foster,The Silence Of The Lambs,True,Actress in a Leading Role,jodiefoster,,,,,,,,,,,,,,,,,,,,,left_only
1992,Film | Actress in a Leading Role in 1992,Geena Davis,Thelma And Louise,False,Actress in a Leading Role,geenadavis,,,,,,,,,,,,,,,,,,,,,left_only
1992,Film | Actress in a Leading Role in 1992,Susan Sarandon,Thelma And Louise,False,Actress in a Leading Role,susansarandon,,,,,,,,,,,,,,,,,,,,,left_only
1992,Film | Actress in a Leading Role in 1992,Juliet Stevenson,"Truly, Madly, Deeply",False,Actress in a Leading Role,julietstevenson,,,,,,,,,,,,,,,,,,,,,left_only
1992,Film | Actress in a Supporting Role in 1992,Kate Nelligan,Frankie And Johnny,True,Actress in a Supporting Role,katenelligan,,,,,,,,,,,,,,,,,,,,,left_only
1992,Film | Actress in a Supporting Role in 1992,Annette Bening,The Grifters,False,Actress in a Supporting Role,annettebening,,,,,,,,,,,,,,,,,,,,,left_only
1992,Film | Actress in a Supporting Role in 1992,Amanda Plummer,The Fisher King,False,Actress in a Supporting Role,amandaplummer,,,,,,,,,,,,,,,,,,,,,left_only
1992,Film | Actress in a Supporting Role in 1992,Julie Walters,Stepping Out,False,Actress in a Supporting Role,juliewalters,,,,,,,,,,,,,,,,,,,,,left_only
1992,Film | Adapted Screenplay in 1992,The Commitments,"Dick Clement, Ian La Frenais, Roddy Doyle",True,Adapted Screenplay,thecommitments,11663.0,The Commitments,7.271,484.0,Released,1991-08-14,14919570.0,118.0,False,12000000.0,tt0101605,en,The Commitments,10.405,"Comedy, Drama, Music","Beacon Pictures, Beacon Communications, First Film Company, Dirty Hands Productions","Ireland, United Kingdom, United States of America","English, Irish",1991.0,thecommitments,both
1992,Film | Adapted Screenplay in 1992,Cyrano De Bergerac,"Jean-Paul Rappeneau, Jean-Claude Carrière",False,Adapted Screenplay,cyranodebergerac,11673.0,Cyrano de Bergerac,7.348,690.0,Released,1990-03-28,5822041.0,137.0,False,0.0,tt0099334,fr,Cyrano de Bergerac,11.749,"Drama, Comedy, History, Romance","Hachette Première, Films A2, DD Productions, Caméra One, CNC, Investors Club, Sofinergie 1, Union Générale Cinématographique (UGC)",France,French,1990.0,cyranodebergerac,both
1992,Film | Adapted Screenplay in 1992,Cyrano De Bergerac,"Jean-Paul Rappeneau, Jean-Claude Carrière",False,Adapted Screenplay,cyranodebergerac,1204612.0,Cyrano De Bergerac,0.0,0.0,Released,2013-02-05,0.0,0.0,False,0.0,,fr,Cyrano De Bergerac,0.6,,,,,2013.0,cyranodebergerac,both
1992,Film | Adapted Screenplay in 1992,Dances With Wolves,Michael Blake,False,Adapted Screenplay,danceswithwolves,581.0,Dances with Wolves,7.846,3835.0,Released,1990-03-30,424208848.0,181.0,False,22000000.0,tt0099348,en,Dances with Wolves,28.076,"Adventure, Drama, Western","Tig Productions, Majestic Films International, Allied Filmmakers","United Kingdom, United States of America",English,1990.0,danceswithwolves,both
1992,Film | Adapted Screenplay in 1992,The Silence Of The Lambs,Ted Tally,False,Adapted Screenplay,thesilenceofthelambs,274.0,The Silence of the Lambs,8.3,15003.0,Released,1991-02-14,272742922.0,119.0,False,19000000.0,tt0102926,en,The Silence of the Lambs,9.119,"Crime, Drama, Thriller","Orion Pictures, Strong Heart/Demme Production",United States of America,English,1991.0,thesilenceofthelambs,both
1992,Film | Cinematography in 1992,Cyrano De Bergerac,Pierre Lhomme,True,Cinematography,cyranodebergerac,11673.0,Cyrano de Bergerac,7.348,690.0,Released,1990-03-28,5822041.0,137.0,False,0.0,tt0099334,fr,Cyrano de Bergerac,11.749,"Drama, Comedy, History, Romance","Hachette Première, Films A2, DD Productions, Caméra One, CNC, Investors Club, Sofinergie 1, Union Générale Cinématographique (UGC)",France,French,1990.0,cyranodebergerac,both
1992,Film | Cinematography in 1992,Cyrano De Bergerac,Pierre Lhomme,True,Cinematography,cyranodebergerac,1204612.0,Cyrano De Bergerac,0.0,0.0,Released,2013-02-05,0.0,0.0,False,0.0,,fr,Cyrano De Bergerac,0.6,,,,,2013.0,cyranodebergerac,both
1992,Film | Cinematography in 1992,Dances With Wolves,Dean Semler,False,Cinematography,danceswithwolves,581.0,Dances with Wolves,7.846,3835.0,Released,1990-03-30,424208848.0,181.0,False,22000000.0,tt0099348,en,Dances with Wolves,28.076,"Adventure, Drama, Western","Tig Productions, Majestic Films International, Allied Filmmakers","United Kingdom, United States of America",English,1990.0,danceswithwolves,both
1992,Film | Cinematography in 1992,The Silence Of The Lambs,Tak Fujimoto,False,Cinematography,thesilenceofthelambs,274.0,The Silence of the Lambs,8.3,15003.0,Released,1991-02-14,272742922.0,119.0,False,19000000.0,tt0102926,en,The Silence of the Lambs,9.119,"Crime, Drama, Thriller","Orion Pictures, Strong Heart/Demme Production",United States of America,English,1991.0,thesilenceofthelambs,both
1992,Film | Cinematography in 1992,Thelma And Louise,Adrian Biddle,False,Cinematography,thelmaandlouise,,,,,,,,,,,,,,,,,,,,,left_only
1992,Film | Costume Design in 1992,Cyrano De Bergerac,Franca Squarciapino,True,Costume Design,cyranodebergerac,11673.0,Cyrano de Bergerac,7.348,690.0,Released,1990-03-28,5822041.0,137.0,False,0.0,tt0099334,fr,Cyrano de Bergerac,11.749,"Drama, Comedy, History, Romance","Hachette Première, Films A2, DD Productions, Caméra One, CNC, Investors Club, Sofinergie 1, Union Générale Cinématographique (UGC)",France,French,1990.0,cyranodebergerac,both
1992,Film | Costume Design in 1992,Cyrano De Bergerac,Franca Squarciapino,True,Costume Design,cyranodebergerac,1204612.0,Cyrano De Bergerac,0.0,0.0,Released,2013-02-05,0.0,0.0,False,0.0,,fr,Cyrano De Bergerac,0.6,,,,,2013.0,cyranodebergerac,both
1992,Film | Costume Design in 1992,Edward Scissorhands,Colleen Atwood,False,Costume Design,edwardscissorhands,162.0,Edward Scissorhands,7.716,12049.0,Released,1990-12-07,53000000.0,105.0,False,20000000.0,tt0099487,en,Edward Scissorhands,37.283,"Fantasy, Drama, Romance",20th Century Fox,United States of America,English,1990.0,edwardscissorhands,both
1992,Film | Costume Design in 1992,Robin Hood: Prince Of Thieves,John Bloomfield,False,Costume Design,robinhoodprinceofthieves,8367.0,Robin Hood: Prince of Thieves,6.842,2949.0,Released,1991-06-14,390493908.0,143.0,False,48000000.0,tt0102798,en,Robin Hood: Prince of Thieves,30.67,"Action, Adventure, Drama, Romance","Morgan Creek, Warner Bros. Pictures",United States of America,"Arabic, English",1991.0,robinhoodprinceofthieves,both
1992,Film | Costume Design in 1992,Valmont,Theodore Pistek,False,Costume Design,valmont,37606.0,Valmont,6.695,239.0,Released,1989-11-17,1132112.0,137.0,False,33000000.0,tt0098575,en,Valmont,12.508,"Drama, Romance","Timothy Burrill Productions, Renn Productions, Pathé","France, United States of America",English,1989.0,valmont,both
1992,Film | David Lean Award for Achievement in Direction in 1992,The Commitments,Alan Parker,True,David Lean Award for Achievement in Direction,thecommitments,11663.0,The Commitments,7.271,484.0,Released,1991-08-14,14919570.0,118.0,False,12000000.0,tt0101605,en,The Commitments,10.405,"Comedy, Drama, Music","Beacon Pictures, Beacon Communications, First Film Company, Dirty Hands Productions","Ireland, United Kingdom, United States of America","English, Irish",1991.0,thecommitments,both
1992,Film | David Lean Award for Achievement in Direction in 1992,Dances With Wolves,Kevin Costner,False,David Lean Award for Achievement in Direction,danceswithwolves,581.0,Dances with Wolves,7.846,3835.0,Released,1990-03-30,424208848.0,181.0,False,22000000.0,tt0099348,en,Dances with Wolves,28.076,"Adventure, Drama, Western","Tig Productions, Majestic Films International, Allied Filmmakers","United Kingdom, United States of America",English,1990.0,danceswithwolves,both
1992,Film | David Lean Award for Achievement in Direction in 1992,The Silence Of The Lambs,Jonathan Demme,False,David Lean Award for Achievement in Direction,thesilenceofthelambs,274.0,The Silence of the Lambs,8.3,15003.0,Released,1991-02-14,272742922.0,119.0,False,19000000.0,tt0102926,en,The Silence of the Lambs,9.119,"Crime, Drama, Thriller","Orion Pictures, Strong Heart/Demme Production",United States of America,English,1991.0,thesilenceofthelambs,both
1992,Film | David Lean Award for Achievement in Direction in 1992,Thelma And Louise,Ridley Scott,False,David Lean Award for Achievement in Direction,thelmaandlouise,,,,,,,,,,,,,,,,,,,,,left_only
1992,Film | Editing in 1992,The Commitments,Gerry Hambling,True,Editing,thecommitments,11663.0,The Commitments,7.271,484.0,Released,1991-08-14,14919570.0,118.0,False,12000000.0,tt0101605,en,The Commitments,10.405,"Comedy, Drama, Music","Beacon Pictures, Beacon Communications, First Film Company, Dirty Hands Productions","Ireland, United Kingdom, United States of America","English, Irish",1991.0,thecommitments,both
1992,Film | Editing in 1992,Dances With Wolves,Neil Travis,False,Editing,danceswithwolves,581.0,Dances with Wolves,7.846,3835.0,Released,1990-03-30,424208848.0,181.0,False,22000000.0,tt0099348,en,Dances with Wolves,28.076,"Adventure, Drama, Western","Tig Productions, Majestic Films International, Allied Filmmakers","United Kingdom, United States of America",English,1990.0,danceswithwolves,both
1992,Film | Editing in 1992,The Silence Of The Lambs,Craig McKay,False,Editing,thesilenceofthelambs,274.0,The Silence of the Lambs,8.3,15003.0,Released,1991-02-14,272742922.0,119.0,False,19000000.0,tt0102926,en,The Silence of the Lambs,9.119,"Crime, Drama, Thriller","Orion Pictures, Strong Heart/Demme Production",United States of America,English,1991.0,thesilenceofthelambs,both
1992,Film | Editing in 1992,Thelma And Louise,Thom Noble,False,Editing,thelmaandlouise,,,,,,,,,,,,,,,,,,,,,left_only
1992,Film | Fellowship in 1992,John Gielgud,,True,Fellowship,johngielgud,,,,,,,,,,,,,,,,,,,,,left_only
1992,Film | Film in 1992,The Commitments,"Roger Randall-Cutler, Lynda Myles, Alan Parker",True,Film,thecommitments,11663.0,The Commitments,7.271,484.0,Released,1991-08-14,14919570.0,118.0,False,12000000.0,tt0101605,en,The Commitments,10.405,"Comedy, Drama, Music","Beacon Pictures, Beacon Communications, First Film Company, Dirty Hands Productions","Ireland, United Kingdom, United States of America","English, Irish",1991.0,thecommitments,both
1992,Film | Film in 1992,Dances With Wolves,"Kevin Costner, Jim Wilson",False,Film,danceswithwolves,581.0,Dances with Wolves,7.846,3835.0,Released,1990-03-30,424208848.0,181.0,False,22000000.0,tt0099348,en,Dances with Wolves,28.076,"Adventure, Drama, Western","Tig Productions, Majestic Films International, Allied Filmmakers","United Kingdom, United States of America",English,1990.0,danceswithwolves,both
1992,Film | Film in 1992,The Silence Of The Lambs,"Edward Saxon, Kenneth Utt, Ron Bozman, Jonathan Demme",False,Film,thesilenceofthelambs,274.0,The Silence of the Lambs,8.3,15003.0,Released,1991-02-14,272742922.0,119.0,False,19000000.0,tt0102926,en,The Silence of the Lambs,9.119,"Crime, Drama, Thriller","Orion Pictures, Strong Heart/Demme Production",United States of America,English,1991.0,thesilenceofthelambs,both
1992,Film | Film in 1992,Thelma And Louise,"Mimi Polk, Ridley Scott",False,Film,thelmaandlouise,,,,,,,,,,,,,,,,,,,,,left_only
1992,Film | Film Not in the English Language in 1992,The Nasty Girl (Das Schreckliche Mädchen),Michael Verhoeven,True,Film Not in the English Language,thenastygirldasschrecklichemädchen,,,,,,,,,,,,,,,,,,,,,left_only
1992,Film | Film Not in the English Language in 1992,Cyrano De Bergerac,"Rene Cleitman, Michel Seydoux, Jean-Paul Rappeneau",False,Film Not in the English Language,cyranodebergerac,11673.0,Cyrano de Bergerac,7.348,690.0,Released,1990-03-28,5822041.0,137.0,False,0.0,tt0099334,fr,Cyrano de Bergerac,11.749,"Drama, Comedy, History, Romance","Hachette Première, Films A2, DD Productions, Caméra One, CNC, Investors Club, Sofinergie 1, Union Générale Cinématographique (UGC)",France,French,1990.0,cyranodebergerac,both
1992,Film | Film Not in the English Language in 1992,Cyrano De Bergerac,"Rene Cleitman, Michel Seydoux, Jean-Paul Rappeneau",False,Film Not in the English Language,cyranodebergerac,1204612.0,Cyrano De Bergerac,0.0,0.0,Released,2013-02-05,0.0,0.0,False,0.0,,fr,Cyrano De Bergerac,0.6,,,,,2013.0,cyranodebergerac,both
1992,Film | Film Not in the English Language in 1992,The Hairdresser's Husband (Le Mari De La Coiffeuse),"Thierry de Ganay, Patrice Leconte",False,Film Not in the English Language,thehairdressershusbandlemaridelacoiffeuse,,,,,,,,,,,,,,,,,,,,,left_only
1992,Film | Film Not in the English Language in 1992,Toto The Hero (Toto Le Héros),"Pierre Drouot, Dany Geys, Jaco Van Dormael",False,Film Not in the English Language,tototheherototolehéros,,,,,,,,,,,,,,,,,,,,,left_only
1992,Film | Make-Up in 1992,Cyrano De Bergerac,"Jean-Pierre Eychenne, Michele Burke",True,Make-Up,cyranodebergerac,11673.0,Cyrano de Bergerac,7.348,690.0,Released,1990-03-28,5822041.0,137.0,False,0.0,tt0099334,fr,Cyrano de Bergerac,11.749,"Drama, Comedy, History, Romance","Hachette Première, Films A2, DD Productions, Caméra One, CNC, Investors Club, Sofinergie 1, Union Générale Cinématographique (UGC)",France,French,1990.0,cyranodebergerac,both
1992,Film | Make-Up in 1992,Cyrano De Bergerac,"Jean-Pierre Eychenne, Michele Burke",True,Make-Up,cyranodebergerac,1204612.0,Cyrano De Bergerac,0.0,0.0,Released,2013-02-05,0.0,0.0,False,0.0,,fr,Cyrano De Bergerac,0.6,,,,,2013.0,cyranodebergerac,both
1992,Film | Make-Up in 1992,The Addams Family,"Fern Buchner, Katherine James, Kevin C Haney",False,Make-Up,theaddamsfamily,2907.0,The Addams Family,7.031,4142.0,Released,1991-11-22,191502426.0,102.0,False,30000000.0,tt0101272,en,The Addams Family,36.491,"Comedy, Fantasy","Scott Rudin Productions, Orion Pictures, Paramount",United States of America,English,1991.0,theaddamsfamily,both
1992,Film | Make-Up in 1992,Dances With Wolves,Frank Carrisosa,False,Make-Up,danceswithwolves,581.0,Dances with Wolves,7.846,3835.0,Released,1990-03-30,424208848.0,181.0,False,22000000.0,tt0099348,en,Dances with Wolves,28.076,"Adventure, Drama, Western","Tig Productions, Majestic Films International, Allied Filmmakers","United Kingdom, United States of America",English,1990.0,danceswithwolves,both
1992,Film | Make-Up in 1992,Edward Scissorhands,Ve Neill,False,Make-Up,edwardscissorhands,162.0,Edward Scissorhands,7.716,12049.0,Released,1990-12-07,53000000.0,105.0,False,20000000.0,tt0099487,en,Edward Scissorhands,37.283,"Fantasy, Drama, Romance",20th Century Fox,United States of America,English,1990.0,edwardscissorhands,both
1992,Film | Original Film Music in 1992,Cyrano De Bergerac,Jean-Claude Petit,True,Original Film Music,cyranodebergerac,11673.0,Cyrano de Bergerac,7.348,690.0,Released,1990-03-28,5822041.0,137.0,False,0.0,tt0099334,fr,Cyrano de Bergerac,11.749,"Drama, Comedy, History, Romance","Hachette Première, Films A2, DD Productions, Caméra One, CNC, Investors Club, Sofinergie 1, Union Générale Cinématographique (UGC)",France,French,1990.0,cyranodebergerac,both
1992,Film | Original Film Music in 1992,Cyrano De Bergerac,Jean-Claude Petit,True,Original Film Music,cyranodebergerac,1204612.0,Cyrano De Bergerac,0.0,0.0,Released,2013-02-05,0.0,0.0,False,0.0,,fr,Cyrano De Bergerac,0.6,,,,,2013.0,cyranodebergerac,both
1992,Film | Original Film Music in 1992,Dances With Wolves,John Barry,False,Original Film Music,danceswithwolves,581.0,Dances with Wolves,7.846,3835.0,Released,1990-03-30,424208848.0,181.0,False,22000000.0,tt0099348,en,Dances with Wolves,28.076,"Adventure, Drama, Western","Tig Productions, Majestic Films International, Allied Filmmakers","United Kingdom, United States of America",English,1990.0,danceswithwolves,both
1992,Film | Original Film Music in 1992,The Silence Of The Lambs,Howard Shore,False,Original Film Music,thesilenceofthelambs,274.0,The Silence of the Lambs,8.3,15003.0,Released,1991-02-14,272742922.0,119.0,False,19000000.0,tt0102926,en,The Silence of the Lambs,9.119,"Crime, Drama, Thriller","Orion Pictures, Strong Heart/Demme Production",United States of America,English,1991.0,thesilenceofthelambs,both
1992,Film | Original Film Music in 1992,Thelma And Louise,Hans Zimmer,False,Original Film Music,thelmaandlouise,,,,,,,,,,,,,,,,,,,,,left_only
1992,Film | Original Screenplay in 1992,"Truly, Madly, Deeply",Anthony Minghella,True,Original Screenplay,trulymadlydeeply,18317.0,Truly Madly Deeply,6.9,85.0,Released,1991-05-03,0.0,106.0,False,0.0,tt0103129,en,Truly Madly Deeply,10.097,"Fantasy, Drama, Comedy, Romance, TV Movie","Winston, BBC Film",United Kingdom,English,1991.0,trulymadlydeeply,both
1992,Film | Original Screenplay in 1992,The Fisher King,Richard LaGravenese,False,Original Screenplay,thefisherking,177.0,The Fisher King,7.273,1207.0,Released,1991-09-20,41895491.0,138.0,False,24000000.0,tt0101889,en,The Fisher King,15.773,"Comedy, Drama",TriStar Pictures,United States of America,English,1991.0,thefisherking,both
1992,Film | Original Screenplay in 1992,Green Card,Peter Weir,False,Original Screenplay,greencard,12157.0,Green Card,6.124,444.0,Released,1990-12-23,29888235.0,108.0,False,12500000.0,tt0099699,en,Green Card,14.709,"Comedy, Romance, Drama","Touchstone Pictures, Australian Film Finance Corporation","France, Australia, United States of America","French, Spanish, English",1990.0,greencard,both
1992,Film | Original Screenplay in 1992,Green Card,Peter Weir,False,Original Screenplay,greencard,579705.0,Greencard,3.0,1.0,Released,2017-07-29,0.0,91.0,False,0.0,,am,ግሪን ካርድ,0.6,Drama,Yb Film,,,2017.0,greencard,both
1992,Film | Original Screenplay in 1992,Thelma And Louise,Callie Khouri,False,Original Screenplay,thelmaandlouise,,,,,,,,,,,,,,,,,,,,,left_only
1992,Film | Outstanding British Contribution To Cinema in 1992,Derek Jarman,,True,Outstanding British Contribution To Cinema,derekjarman,,,,,,,,,,,,,,,,,,,,,left_only
1992,Film | Production Design in 1992,Edward Scissorhands,Bo Welch,True,Production Design,edwardscissorhands,162.0,Edward Scissorhands,7.716,12049.0,Released,1990-12-07,53000000.0,105.0,False,20000000.0,tt0099487,en,Edward Scissorhands,37.283,"Fantasy, Drama, Romance",20th Century Fox,United States of America,English,1990.0,edwardscissorhands,both
1992,Film | Production Design in 1992,The Addams Family,Richard MacDonald,False,Production Design,theaddamsfamily,2907.0,The Addams Family,7.031,4142.0,Released,1991-11-22,191502426.0,102.0,False,30000000.0,tt0101272,en,The Addams Family,36.491,"Comedy, Fantasy","Scott Rudin Productions, Orion Pictures, Paramount",United States of America,English,1991.0,theaddamsfamily,both
1992,Film | Production Design in 1992,Cyrano De Bergerac,Ezio Frigerio,False,Production Design,cyranodebergerac,11673.0,Cyrano de Bergerac,7.348,690.0,Released,1990-03-28,5822041.0,137.0,False,0.0,tt0099334,fr,Cyrano de Bergerac,11.749,"Drama, Comedy, History, Romance","Hachette Première, Films A2, DD Productions, Caméra One, CNC, Investors Club, Sofinergie 1, Union Générale Cinématographique (UGC)",France,French,1990.0,cyranodebergerac,both
1992,Film | Production Design in 1992,Cyrano De Bergerac,Ezio Frigerio,False,Production Design,cyranodebergerac,1204612.0,Cyrano De Bergerac,0.0,0.0,Released,2013-02-05,0.0,0.0,False,0.0,,fr,Cyrano De Bergerac,0.6,,,,,2013.0,cyranodebergerac,both
1992,Film | Production Design in 1992,Terminator 2: Judgement Day,Joseph Nemec III,False,Production Design,terminator2judgementday,,,,,,,,,,,,,,,,,,,,,left_only
1992,Film | Short Animation in 1992,Balloon,Ken Lidster,True,Short Animation,balloon,483983.0,Balloon,7.501,379.0,Released,2018-09-27,11859396.0,125.0,False,0.0,tt7125774,de,Ballon,23.521,"Drama, History, Thriller","herbX Film, StudioCanal, Sat.1, SevenPictures Film",Germany,German,2018.0,balloon,both
1992,Film | Short Animation in 1992,Adam,"Chris Moll, Peter Lord",False,Short Animation,adam,22051.0,Adam,6.779,389.0,Released,2009-07-07,3037173.0,99.0,False,0.0,tt1185836,en,Adam,13.764,"Drama, Romance","Olympus Pictures, Deer Path Productions, Northwood Productions, Serenade Films, Vox3 Films",United States of America,English,2009.0,adam,both
1992,Film | Short Animation in 1992,Adam,"Chris Moll, Peter Lord",False,Short Animation,adam,80620.0,A.D.A.M.,4.0,2.0,Released,1988-04-21,0.0,98.0,False,0.0,tt0092503,de,A.D.A.M.,0.714,Comedy,"Sender Freies Berlin, NFP, Neue Filmproduktion, BR",Germany,German,1988.0,adam,both
1992,Film | Short Animation in 1992,Adam,"Chris Moll, Peter Lord",False,Short Animation,adam,872496.0,A.D.A.M,7.0,2.0,Released,2020-03-05,0.0,18.0,False,0.0,tt15360062,es,A.D.A.M,0.6,"Science Fiction, Crime",,,Spanish,2020.0,adam,both
1992,Film | Short Animation in 1992,Adam,"Chris Moll, Peter Lord",False,Short Animation,adam,1274293.0,ADAM,0.0,0.0,Released,2022-07-04,0.0,5.0,False,0.0,tt31014807,fr,ADAM,0.0,"Action, Drama",,,,2022.0,adam,both
1992,Film | Short Animation in 1992,Anamorphosis,"Keith Griffiths, Brothers Quay",False,Short Animation,anamorphosis,59361.0,Anamorphosis,6.472,18.0,Released,1993-04-09,0.0,15.0,False,0.0,tt0291848,en,Anamorphosis,0.695,Animation,Koninck Studios,United Kingdom,No Language,1993.0,anamorphosis,both
1992,Film | Short Animation in 1992,Touch,Debra Smith,False,Short Animation,touch,61563.0,Touch,5.828,32.0,Released,1997-02-14,387069.0,96.0,False,0.0,tt0120357,en,Touch,3.272,"Comedy, Drama, Romance","United Artists, Metro-Goldwyn-Mayer, Lumière Pictures",United States of America,English,1997.0,touch,both
1992,Film | Short Animation in 1992,Touch,Debra Smith,False,Short Animation,touch,1084624.0,touch,0.0,0.0,Released,2023-02-01,0.0,12.0,False,0.0,,en,touch,0.669,,,,,2023.0,touch,both
1992,Film | Short Film in 1992,The Harmfulness Of Tobacco,"Barry Palin,  Nick Hamm",True,Short Film,theharmfulnessoftobacco,,,,,,,,,,,,,,,,,,,,,left_only
1992,Film | Short Film in 1992,Breath Of Life,Navin Thapar,False,Short Film,breathoflife,547386.0,Breath of Life,6.17,56.0,Released,2018-12-03,0.0,93.0,False,0.0,tt8886110,fr,L'ordre des médecins,3.424,Drama,"ElianeAntoinette, Reboot Films",France,French,2018.0,breathoflife,both
1992,Film | Short Film in 1992,Man Descending,"Neil Grieve,  Ray Lorenz",False,Short Film,mandescending,,,,,,,,,,,,,,,,,,,,,left_only
1992,Film | Short Film in 1992,Trauma,Gerhard Johannes Rekel,False,Short Film,trauma,44435.0,Trauma,5.8,185.0,Released,1993-03-12,0.0,106.0,False,0.0,tt0104053,it,Trauma,10.035,"Horror, Mystery, Thriller","Overseas FilmGroup, ADC Films","Italy, United States of America",English,1993.0,trauma,both
1992,Film | Short Film in 1992,Trauma,Gerhard Johannes Rekel,False,Short Film,trauma,700450.0,TRAUMA,10.0,1.0,Released,2014-03-18,0.0,4.0,False,0.0,,xx,TRAUMA,0.6,"Animation, Music",,,No Language,2014.0,trauma,both
1992,Film | Sound in 1992,Terminator 2: Judgement Day,"Lee Orloff, Tom Johnson, Gary Rydstrom, Gary Summers",True,Sound,terminator2judgementday,,,,,,,,,,,,,,,,,,,,,left_only
1992,Film | Sound in 1992,The Commitments,"Clive Winter, Eddy Joseph, Andy Nelson, Tom Perry, Steve Pederson",False,Sound,thecommitments,11663.0,The Commitments,7.271,484.0,Released,1991-08-14,14919570.0,118.0,False,12000000.0,tt0101605,en,The Commitments,10.405,"Comedy, Drama, Music","Beacon Pictures, Beacon Communications, First Film Company, Dirty Hands Productions","Ireland, United Kingdom, United States of America","English, Irish",1991.0,thecommitments,both
1992,Film | Sound in 1992,Dances With Wolves,"Jeffrey Perkins, Bill Benton, Greg Watkins, Russell Williams",False,Sound,danceswithwolves,581.0,Dances with Wolves,7.846,3835.0,Released,1990-03-30,424208848.0,181.0,False,22000000.0,tt0099348,en,Dances with Wolves,28.076,"Adventure, Drama, Western","Tig Productions, Majestic Films International, Allied Filmmakers","United Kingdom, United States of America",English,1990.0,danceswithwolves,both
1992,Film | Sound in 1992,The Silence Of The Lambs,"Skip Lievsay, Christopher Newman, Tom Fleischman",False,Sound,thesilenceofthelambs,274.0,The Silence of the Lambs,8.3,15003.0,Released,1991-02-14,272742922.0,119.0,False,19000000.0,tt0102926,en,The Silence of the Lambs,9.119,"Crime, Drama, Thriller","Orion Pictures, Strong Heart/Demme Production",United States of America,English,1991.0,thesilenceofthelambs,both
1992,Film | Special Award in 1992,Mitzi Cunliffe,,True,Special Award,mitzicunliffe,,,,,,,,,,,,,,,,,,,,,left_only
1992,Film | Special Award in 1992,Audrey Hepburn,,True,Special Award,audreyhepburn,,,,,,,,,,,,,,,,,,,,,left_only
1992,Film | Special Award in 1992,Ridley Scott,,True,Special Award,ridleyscott,,,,,,,,,,,,,,,,,,,,,left_only
1992,Film | Special Award for Craft in 1992,Tom Smith,,True,Special Award for Craft,tomsmith,,,,,,,,,,,,,,,,,,,,,left_only
1993,Film | Achievements in Special Effects in 1993,"Michael Lantieri, Ken Ralston, Alec Gillis, Tom Woodruff Jr, Doug Chiang, Doug Smythe",Death Becomes Her,True,Achievements in Special Effects,michaellantierikenralstonalecgillistomwoodruffjrdougchiangdougsmythe,,,,,,,,,,,,,,,,,,,,,left_only
1993,Film | Achievements in Special Effects in 1993,"Richard Edlund, George Gibbs, Alec Gillis, Tom Woodruff Jr.",Alien 3,False,Achievements in Special Effects,richardedlundgeorgegibbsalecgillistomwoodruffjr,,,,,,,,,,,,,,,,,,,,,left_only
1993,Film | Achievements in Special Effects in 1993,"Michael Fink, John Bruno, Craig Barron, Dennis Skotak",Batman Returns,False,Achievements in Special Effects,michaelfinkjohnbrunocraigbarrondennisskotak,,,,,,,,,,,,,,,,,,,,,left_only
1993,Film | Achievements in Special Effects in 1993,Randy Fullmer,Beauty And The Beast,False,Achievements in Special Effects,randyfullmer,,,,,,,,,,,,,,,,,,,,,left_only
1993,Film | Actor in a Leading Role in 1993,Robert Downey Jr.,Chaplin,True,Actor in a Leading Role,robertdowneyjr,,,,,,,,,,,,,,,,,,,,,left_only
1993,Film | Actor in a Leading Role in 1993,Daniel Day-Lewis,The Last Of The Mohicans,False,Actor in a Leading Role,danieldaylewis,,,,,,,,,,,,,,,,,,,,,left_only
1993,Film | Actor in a Leading Role in 1993,Stephen Rea,The Crying Game,False,Actor in a Leading Role,stephenrea,,,,,,,,,,,,,,,,,,,,,left_only
1993,Film | Actor in a Leading Role in 1993,Tim Robbins,The Player,False,Actor in a Leading Role,timrobbins,,,,,,,,,,,,,,,,,,,,,left_only
1993,Film | Actor in a Supporting Role in 1993,Gene Hackman,Unforgiven,True,Actor in a Supporting Role,genehackman,,,,,,,,,,,,,,,,,,,,,left_only
1993,Film | Actor in a Supporting Role in 1993,Jaye Davidson,The Crying Game,False,Actor in a Supporting Role,jayedavidson,,,,,,,,,,,,,,,,,,,,,left_only
1993,Film | Actor in a Supporting Role in 1993,Tommy Lee Jones,JFK,False,Actor in a Supporting Role,tommyleejones,,,,,,,,,,,,,,,,,,,,,left_only
1993,Film | Actor in a Supporting Role in 1993,Samuel West,Howards End,False,Actor in a Supporting Role,samuelwest,,,,,,,,,,,,,,,,,,,,,left_only
1993,Film | Actress in a Leading Role in 1993,Emma Thompson,Howards End,True,Actress in a Leading Role,emmathompson,,,,,,,,,,,,,,,,,,,,,left_only
1993,Film | Actress in a Leading Role in 1993,Judy Davis,Husbands And Wives,False,Actress in a Leading Role,judydavis,,,,,,,,,,,,,,,,,,,,,left_only
1993,Film | Actress in a Leading Role in 1993,Tara Morice,Strictly Ballroom,False,Actress in a Leading Role,taramorice,,,,,,,,,,,,,,,,,,,,,left_only
1993,Film | Actress in a Leading Role in 1993,Jessica Tandy,Fried Green Tomatoes At The Whistle Stop Café,False,Actress in a Leading Role,jessicatandy,,,,,,,,,,,,,,,,,,,,,left_only
1993,Film | Actress in a Supporting Role in 1993,Miranda Richardson,Damage,True,Actress in a Supporting Role,mirandarichardson,,,,,,,,,,,,,,,,,,,,,left_only
1993,Film | Actress in a Supporting Role in 1993,Kathy Bates,Fried Green Tomatoes At The Whistle Stop Café,False,Actress in a Supporting Role,kathybates,,,,,,,,,,,,,,,,,,,,,left_only
1993,Film | Actress in a Supporting Role in 1993,Helena Bonham Carter,Howards End,False,Actress in a Supporting Role,helenabonhamcarter,,,,,,,,,,,,,,,,,,,,,left_only
1993,Film | Actress in a Supporting Role in 1993,Miranda Richardson,The Crying Game,False,Actress in a Supporting Role,mirandarichardson,,,,,,,,,,,,,,,,,,,,,left_only
1993,Film | Adapted Screenplay in 1993,The Player,Michael Tolkin,True,Adapted Screenplay,theplayer,10403.0,The Player,7.198,706.0,Released,1992-04-03,21706101.0,124.0,False,8000000.0,tt0105151,en,The Player,13.27,"Mystery, Drama, Thriller, Comedy","Fine Line Features, Avenue Pictures, Spelling Entertainment, Addis Wechsler Pictures",United States of America,English,1992.0,theplayer,both
1993,Film | Adapted Screenplay in 1993,Howards End,Ruth Prawer Jhabvala,False,Adapted Screenplay,howardsend,8293.0,Howards End,7.037,464.0,Released,1992-03-13,26126837.0,142.0,False,8000000.0,tt0104454,en,Howards End,14.88,"Drama, Romance","Merchant Ivory Productions, Film4 Productions, Japan Satellite Broadcasting (JSB), IMAGICA, Sumitomo Corporation","Japan, United Kingdom, United States of America","English, German",1992.0,howardsend,both
1993,Film | Adapted Screenplay in 1993,JFK,"Oliver Stone, Zachary Sklar",False,Adapted Screenplay,jfk,820.0,JFK,7.603,1866.0,Released,1991-12-20,205405498.0,189.0,False,40000000.0,tt0102138,en,JFK,22.918,"Drama, Thriller, History","Ixtlan Productions, Warner Bros. Pictures, Canal+, Regency Enterprises, Alcor Films, Camelot Pictures","France, United States of America","English, Spanish",1991.0,jfk,both
1993,Film | Adapted Screenplay in 1993,Strictly Ballroom,"Baz Luhrmann, Craig Pearce",False,Adapted Screenplay,strictlyballroom,10409.0,Strictly Ballroom,6.576,310.0,Released,1992-08-20,33946224.0,94.0,False,3000000.0,tt0105488,en,Strictly Ballroom,16.314,"Comedy, Drama, Romance","Beyond Films, M & A, Australian Film Finance Corporation, New South Wales Film & Television Office",Australia,"Spanish, English",1992.0,strictlyballroom,both
1993,Film | Alexander Korda Award for the outstanding British Film of the Year in 1993,The Crying Game,"Stephen Woolley, Neil Jordan",True,Alexander Korda Award for the outstanding British Film of the Year,thecryinggame,11386.0,The Crying Game,6.86,666.0,Released,1992-09-02,62548947.0,112.0,False,3705538.0,tt0104036,en,The Crying Game,19.329,"Crime, Drama, Thriller","Palace Pictures, Nippon Film Development and Finance Inc., Eurotrustees, British Screen Productions, Film4 Productions","Ireland, Japan, United Kingdom",English,1992.0,thecryinggame,both
1993,Film | Cinematography in 1993,The Last Of The Mohicans,Dante Spinotti,True,Cinematography,thelastofthemohicans,9361.0,The Last of the Mohicans,7.392,2771.0,Released,1992-08-26,75505856.0,112.0,False,40000000.0,tt0104691,en,The Last of the Mohicans,28.684,"Action, Adventure, Drama, History, Romance, War","Morgan Creek, 20th Century Fox, AMLF",United States of America,"English, French",1992.0,thelastofthemohicans,both
1993,Film | Cinematography in 1993,Cape Fear,Freddie Francis,False,Cinematography,capefear,1598.0,Cape Fear,7.255,3087.0,Released,1991-11-13,182300000.0,128.0,False,35000000.0,tt0101540,en,Cape Fear,22.32,Thriller,"Universal Pictures, Amblin Entertainment, Cappa Productions, Tribeca Productions",United States of America,English,1991.0,capefear,both
1993,Film | Cinematography in 1993,Howards End,Tony Pierce-Roberts,False,Cinematography,howardsend,8293.0,Howards End,7.037,464.0,Released,1992-03-13,26126837.0,142.0,False,8000000.0,tt0104454,en,Howards End,14.88,"Drama, Romance","Merchant Ivory Productions, Film4 Productions, Japan Satellite Broadcasting (JSB), IMAGICA, Sumitomo Corporation","Japan, United Kingdom, United States of America","English, German",1992.0,howardsend,both
1993,Film | Cinematography in 1993,Strictly Ballroom,Jack N Green,False,Cinematography,strictlyballroom,10409.0,Strictly Ballroom,6.576,310.0,Released,1992-08-20,33946224.0,94.0,False,3000000.0,tt0105488,en,Strictly Ballroom,16.314,"Comedy, Drama, Romance","Beyond Films, M & A, Australian Film Finance Corporation, New South Wales Film & Television Office",Australia,"Spanish, English",1992.0,strictlyballroom,both
1993,Film | Costume Design in 1993,Strictly Ballroom,"Angus Strathie, Catherine Martin",True,Costume Design,strictlyballroom,10409.0,Strictly Ballroom,6.576,310.0,Released,1992-08-20,33946224.0,94.0,False,3000000.0,tt0105488,en,Strictly Ballroom,16.314,"Comedy, Drama, Romance","Beyond Films, M & A, Australian Film Finance Corporation, New South Wales Film & Television Office",Australia,"Spanish, English",1992.0,strictlyballroom,both
1993,Film | Costume Design in 1993,Chaplin,"John Mollo, Ellen Mirojnick",False,Costume Design,chaplin,10435.0,Chaplin,7.444,953.0,Released,1992-12-17,9493259.0,143.0,False,31000000.0,tt0103939,en,Chaplin,14.709,Drama,"Japan Satellite Broadcasting (JSB), RCS Video, Le Studio Canal+, Carolco Pictures, TriStar Pictures","France, Italy, Japan, United Kingdom, United States of America",English,1992.0,chaplin,both
1993,Film | Costume Design in 1993,Howards End,"Jenny Beavan, John Bright",False,Costume Design,howardsend,8293.0,Howards End,7.037,464.0,Released,1992-03-13,26126837.0,142.0,False,8000000.0,tt0104454,en,Howards End,14.88,"Drama, Romance","Merchant Ivory Productions, Film4 Productions, Japan Satellite Broadcasting (JSB), IMAGICA, Sumitomo Corporation","Japan, United Kingdom, United States of America","English, German",1992.0,howardsend,both
1993,Film | Costume Design in 1993,The Last Of The Mohicans,Elsa Zamparelli,False,Costume Design,thelastofthemohicans,9361.0,The Last of the Mohicans,7.392,2771.0,Released,1992-08-26,75505856.0,112.0,False,40000000.0,tt0104691,en,The Last of the Mohicans,28.684,"Action, Adventure, Drama, History, Romance, War","Morgan Creek, 20th Century Fox, AMLF",United States of America,"English, French",1992.0,thelastofthemohicans,both
1993,Film | David Lean Award for Achievement in Direction in 1993,The Player,Robert Altman,True,David Lean Award for Achievement in Direction,theplayer,10403.0,The Player,7.198,706.0,Released,1992-04-03,21706101.0,124.0,False,8000000.0,tt0105151,en,The Player,13.27,"Mystery, Drama, Thriller, Comedy","Fine Line Features, Avenue Pictures, Spelling Entertainment, Addis Wechsler Pictures",United States of America,English,1992.0,theplayer,both
1993,Film | David Lean Award for Achievement in Direction in 1993,The Crying Game,Neil Jordan,False,David Lean Award for Achievement in Direction,thecryinggame,11386.0,The Crying Game,6.86,666.0,Released,1992-09-02,62548947.0,112.0,False,3705538.0,tt0104036,en,The Crying Game,19.329,"Crime, Drama, Thriller","Palace Pictures, Nippon Film Development and Finance Inc., Eurotrustees, British Screen Productions, Film4 Productions","Ireland, Japan, United Kingdom",English,1992.0,thecryinggame,both
1993,Film | David Lean Award for Achievement in Direction in 1993,Howards End,James Ivory,False,David Lean Award for Achievement in Direction,howardsend,8293.0,Howards End,7.037,464.0,Released,1992-03-13,26126837.0,142.0,False,8000000.0,tt0104454,en,Howards End,14.88,"Drama, Romance","Merchant Ivory Productions, Film4 Productions, Japan Satellite Broadcasting (JSB), IMAGICA, Sumitomo Corporation","Japan, United Kingdom, United States of America","English, German",1992.0,howardsend,both
1993,Film | David Lean Award for Achievement in Direction in 1993,Unforgiven,Clint Eastwood,False,David Lean Award for Achievement in Direction,unforgiven,33.0,Unforgiven,7.914,3960.0,Released,1992-08-07,159157447.0,130.0,False,14400000.0,tt0105695,en,Unforgiven,31.894,Western,"Warner Bros. Pictures, Malpaso Productions",United States of America,English,1992.0,unforgiven,both
1993,Film | Editing in 1993,JFK,"Joe Hutshing, Pietro Scalia",True,Editing,jfk,820.0,JFK,7.603,1866.0,Released,1991-12-20,205405498.0,189.0,False,40000000.0,tt0102138,en,JFK,22.918,"Drama, Thriller, History","Ixtlan Productions, Warner Bros. Pictures, Canal+, Regency Enterprises, Alcor Films, Camelot Pictures","France, United States of America","English, Spanish",1991.0,jfk,both
1993,Film | Editing in 1993,Cape Fear,Thelma Schoonmaker,False,Editing,capefear,1598.0,Cape Fear,7.255,3087.0,Released,1991-11-13,182300000.0,128.0,False,35000000.0,tt0101540,en,Cape Fear,22.32,Thriller,"Universal Pictures, Amblin Entertainment, Cappa Productions, Tribeca Productions",United States of America,English,1991.0,capefear,both
1993,Film | Editing in 1993,Howards End,Andrew Marcus,False,Editing,howardsend,8293.0,Howards End,7.037,464.0,Released,1992-03-13,26126837.0,142.0,False,8000000.0,tt0104454,en,Howards End,14.88,"Drama, Romance","Merchant Ivory Productions, Film4 Productions, Japan Satellite Broadcasting (JSB), IMAGICA, Sumitomo Corporation","Japan, United Kingdom, United States of America","English, German",1992.0,howardsend,both
1993,Film | Editing in 1993,The Player,Geraldine Peroni,False,Editing,theplayer,10403.0,The Player,7.198,706.0,Released,1992-04-03,21706101.0,124.0,False,8000000.0,tt0105151,en,The Player,13.27,"Mystery, Drama, Thriller, Comedy","Fine Line Features, Avenue Pictures, Spelling Entertainment, Addis Wechsler Pictures",United States of America,English,1992.0,theplayer,both
1993,Film | Editing in 1993,Strictly Ballroom,Jill Bilcock,False,Editing,strictlyballroom,10409.0,Strictly Ballroom,6.576,310.0,Released,1992-08-20,33946224.0,94.0,False,3000000.0,tt0105488,en,Strictly Ballroom,16.314,"Comedy, Drama, Romance","Beyond Films, M & A, Australian Film Finance Corporation, New South Wales Film & Television Office",Australia,"Spanish, English",1992.0,strictlyballroom,both
1993,Film | Fellowship in 1993,Colin Young,,True,Fellowship,colinyoung,,,,,,,,,,,,,,,,,,,,,left_only
1993,Film | Fellowship in 1993,Sydney Samuelson,,True,Fellowship,sydneysamuelson,,,,,,,,,,,,,,,,,,,,,left_only
1993,Film | Film in 1993,Howards End,"Ismail Merchant, James Ivory",True,Film,howardsend,8293.0,Howards End,7.037,464.0,Released,1992-03-13,26126837.0,142.0,False,8000000.0,tt0104454,en,Howards End,14.88,"Drama, Romance","Merchant Ivory Productions, Film4 Productions, Japan Satellite Broadcasting (JSB), IMAGICA, Sumitomo Corporation","Japan, United Kingdom, United States of America","English, German",1992.0,howardsend,both
1993,Film | Film in 1993,The Crying Game,"Stephen Woolley, Neil Jordan",False,Film,thecryinggame,11386.0,The Crying Game,6.86,666.0,Released,1992-09-02,62548947.0,112.0,False,3705538.0,tt0104036,en,The Crying Game,19.329,"Crime, Drama, Thriller","Palace Pictures, Nippon Film Development and Finance Inc., Eurotrustees, British Screen Productions, Film4 Productions","Ireland, Japan, United Kingdom",English,1992.0,thecryinggame,both
1993,Film | Film in 1993,The Player,"David Brown, Michael Tolkin, Nick Wechsler, Robert Altman",False,Film,theplayer,10403.0,The Player,7.198,706.0,Released,1992-04-03,21706101.0,124.0,False,8000000.0,tt0105151,en,The Player,13.27,"Mystery, Drama, Thriller, Comedy","Fine Line Features, Avenue Pictures, Spelling Entertainment, Addis Wechsler Pictures",United States of America,English,1992.0,theplayer,both
1993,Film | Film in 1993,Strictly Ballroom,"Tristram Miall, Baz Luhrmann",False,Film,strictlyballroom,10409.0,Strictly Ballroom,6.576,310.0,Released,1992-08-20,33946224.0,94.0,False,3000000.0,tt0105488,en,Strictly Ballroom,16.314,"Comedy, Drama, Romance","Beyond Films, M & A, Australian Film Finance Corporation, New South Wales Film & Television Office",Australia,"Spanish, English",1992.0,strictlyballroom,both
1993,Film | Film in 1993,Unforgiven,Clint Eastwood,False,Film,unforgiven,33.0,Unforgiven,7.914,3960.0,Released,1992-08-07,159157447.0,130.0,False,14400000.0,tt0105695,en,Unforgiven,31.894,Western,"Warner Bros. Pictures, Malpaso Productions",United States of America,English,1992.0,unforgiven,both
1993,Film | Film Not in the English Language in 1993,Raise The Red Lantern (Da Hong Deng Long Gao Gao Gua),"Chiu Fu-Sheng, Zhang Yimou",True,Film Not in the English Language,raisetheredlanterndahongdenglonggaogaogua,,,,,,,,,,,,,,,,,,,,,left_only
1993,Film | Film Not in the English Language in 1993,The Lovers On The Bridge (Les Amants Du Pont Neuf),"Christian Fechner, Leos Carax",False,Film Not in the English Language,theloversonthebridgelesamantsdupontneuf,,,,,,,,,,,,,,,,,,,,,left_only
1993,Film | Film Not in the English Language in 1993,Delicatessen,"Claudie Ossard, Jean-Pierre Jeunet, Marc Caro",False,Film Not in the English Language,delicatessen,892.0,Delicatessen,7.323,1283.0,Released,1991-04-17,1794187.0,99.0,False,4000000.0,tt0101700,fr,Delicatessen,14.407,"Comedy, Science Fiction, Fantasy","Victoires Productions, Constellation, Hachette Première, Sofinergie Films, Sofinergie 2, Investimage 2, Fondation GAN pour le Cinéma, Union Générale Cinématographique (UGC)",France,French,1991.0,delicatessen,both
1993,Film | Film Not in the English Language in 1993,"Europa, Europa","Artur Brauner, Margaret Menegoz, Agnieszka Holland",False,Film Not in the English Language,europaeuropa,8996.0,Europa Europa,7.323,218.0,Released,1990-11-14,0.0,112.0,False,0.0,tt0099776,de,Europa Europa,13.509,"History, Drama, War","Telmar Film International, Studio Filmowe Perspektywa, Les Films du Losange, CCC Filmkunst","France, Germany, Poland","Hebrew, German, Polish, Russian",1990.0,europaeuropa,both
1993,Film | Make-Up in 1993,The Last Of The Mohicans,Peter Robb-King,True,Make-Up,thelastofthemohicans,9361.0,The Last of the Mohicans,7.392,2771.0,Released,1992-08-26,75505856.0,112.0,False,40000000.0,tt0104691,en,The Last of the Mohicans,28.684,"Action, Adventure, Drama, History, Romance, War","Morgan Creek, 20th Century Fox, AMLF",United States of America,"English, French",1992.0,thelastofthemohicans,both
1993,Film | Make-Up in 1993,Batman Returns,"Ve Neill, Stan Winston",False,Make-Up,batmanreturns,364.0,Batman Returns,6.913,5985.0,Released,1992-06-19,280000000.0,126.0,False,80000000.0,tt0103776,en,Batman Returns,29.261,"Action, Fantasy","Warner Bros. Pictures, DC Comics",United States of America,English,1992.0,batmanreturns,both
1993,Film | Make-Up in 1993,Chaplin,"Wally Schneiderman, Jill Rockow, John Caglione Jr",False,Make-Up,chaplin,10435.0,Chaplin,7.444,953.0,Released,1992-12-17,9493259.0,143.0,False,31000000.0,tt0103939,en,Chaplin,14.709,Drama,"Japan Satellite Broadcasting (JSB), RCS Video, Le Studio Canal+, Carolco Pictures, TriStar Pictures","France, Italy, Japan, United Kingdom, United States of America",English,1992.0,chaplin,both
1993,Film | Make-Up in 1993,Howards End,Christine Beveridge,False,Make-Up,howardsend,8293.0,Howards End,7.037,464.0,Released,1992-03-13,26126837.0,142.0,False,8000000.0,tt0104454,en,Howards End,14.88,"Drama, Romance","Merchant Ivory Productions, Film4 Productions, Japan Satellite Broadcasting (JSB), IMAGICA, Sumitomo Corporation","Japan, United Kingdom, United States of America","English, German",1992.0,howardsend,both
1993,Film | Original Film Music in 1993,Strictly Ballroom,David Hirschfelder,True,Original Film Music,strictlyballroom,10409.0,Strictly Ballroom,6.576,310.0,Released,1992-08-20,33946224.0,94.0,False,3000000.0,tt0105488,en,Strictly Ballroom,16.314,"Comedy, Drama, Romance","Beyond Films, M & A, Australian Film Finance Corporation, New South Wales Film & Television Office",Australia,"Spanish, English",1992.0,strictlyballroom,both
1993,Film | Original Film Music in 1993,Beauty And The Beast,"Alan Menken, Howard Ashman",False,Original Film Music,beautyandthebeast,321612.0,Beauty and the Beast,6.967,14871.0,Released,2017-03-16,1266115964.0,129.0,False,160000000.0,tt2771200,en,Beauty and the Beast,56.226,"Family, Fantasy, Romance","Walt Disney Pictures, Mandeville Films",United States of America,"English, French",2017.0,beautyandthebeast,both
1993,Film | Original Film Music in 1993,Hear My Song,John Altman,False,Original Film Music,hearmysong,54405.0,Hear My Song,6.021,24.0,Released,1991-12-27,0.0,104.0,False,0.0,tt0102014,en,Hear My Song,3.941,Comedy,"Miramax, Film4 Productions",United Kingdom,English,1991.0,hearmysong,both
1993,Film | Original Film Music in 1993,The Last Of The Mohicans,"Trevor Jones, Randy Edelman",False,Original Film Music,thelastofthemohicans,9361.0,The Last of the Mohicans,7.392,2771.0,Released,1992-08-26,75505856.0,112.0,False,40000000.0,tt0104691,en,The Last of the Mohicans,28.684,"Action, Adventure, Drama, History, Romance, War","Morgan Creek, 20th Century Fox, AMLF",United States of America,"English, French",1992.0,thelastofthemohicans,both
1993,Film | Original Screenplay in 1993,Husbands And Wives,Woody Allen,True,Original Screenplay,husbandsandwives,28384.0,Husbands and Wives,7.0,381.0,Released,1992-09-18,0.0,108.0,False,0.0,tt0104466,en,Husbands and Wives,12.623,"Comedy, Drama, Romance",TriStar Pictures,United States of America,English,1992.0,husbandsandwives,both
1993,Film | Original Screenplay in 1993,The Crying Game,Neil Jordan,False,Original Screenplay,thecryinggame,11386.0,The Crying Game,6.86,666.0,Released,1992-09-02,62548947.0,112.0,False,3705538.0,tt0104036,en,The Crying Game,19.329,"Crime, Drama, Thriller","Palace Pictures, Nippon Film Development and Finance Inc., Eurotrustees, British Screen Productions, Film4 Productions","Ireland, Japan, United Kingdom",English,1992.0,thecryinggame,both
1993,Film | Original Screenplay in 1993,Hear My Song,"Peter Chelsom, Adrian Dunbar",False,Original Screenplay,hearmysong,54405.0,Hear My Song,6.021,24.0,Released,1991-12-27,0.0,104.0,False,0.0,tt0102014,en,Hear My Song,3.941,Comedy,"Miramax, Film4 Productions",United Kingdom,English,1991.0,hearmysong,both
1993,Film | Original Screenplay in 1993,Unforgiven,David Webb Peoples,False,Original Screenplay,unforgiven,33.0,Unforgiven,7.914,3960.0,Released,1992-08-07,159157447.0,130.0,False,14400000.0,tt0105695,en,Unforgiven,31.894,Western,"Warner Bros. Pictures, Malpaso Productions",United States of America,English,1992.0,unforgiven,both
1993,Film | Outstanding British Contribution To Cinema in 1993,Kenneth Branagh,,True,Outstanding British Contribution To Cinema,kennethbranagh,,,,,,,,,,,,,,,,,,,,,left_only
1993,Film | Production Design in 1993,Strictly Ballroom,Catherine Martin,True,Production Design,strictlyballroom,10409.0,Strictly Ballroom,6.576,310.0,Released,1992-08-20,33946224.0,94.0,False,3000000.0,tt0105488,en,Strictly Ballroom,16.314,"Comedy, Drama, Romance","Beyond Films, M & A, Australian Film Finance Corporation, New South Wales Film & Television Office",Australia,"Spanish, English",1992.0,strictlyballroom,both
1993,Film | Production Design in 1993,Chaplin,Stuart Craig,False,Production Design,chaplin,10435.0,Chaplin,7.444,953.0,Released,1992-12-17,9493259.0,143.0,False,31000000.0,tt0103939,en,Chaplin,14.709,Drama,"Japan Satellite Broadcasting (JSB), RCS Video, Le Studio Canal+, Carolco Pictures, TriStar Pictures","France, Italy, Japan, United Kingdom, United States of America",English,1992.0,chaplin,both
1993,Film | Production Design in 1993,Howards End,Luciana Arrighi,False,Production Design,howardsend,8293.0,Howards End,7.037,464.0,Released,1992-03-13,26126837.0,142.0,False,8000000.0,tt0104454,en,Howards End,14.88,"Drama, Romance","Merchant Ivory Productions, Film4 Productions, Japan Satellite Broadcasting (JSB), IMAGICA, Sumitomo Corporation","Japan, United Kingdom, United States of America","English, German",1992.0,howardsend,both
1993,Film | Production Design in 1993,The Last Of The Mohicans,Wolf Kroeger,False,Production Design,thelastofthemohicans,9361.0,The Last of the Mohicans,7.392,2771.0,Released,1992-08-26,75505856.0,112.0,False,40000000.0,tt0104691,en,The Last of the Mohicans,28.684,"Action, Adventure, Drama, History, Romance, War","Morgan Creek, 20th Century Fox, AMLF",United States of America,"English, French",1992.0,thelastofthemohicans,both
1993,Film | Short Animation in 1993,Daumier's Law,"Ginger Gibbons, Geoff Dunbar",True,Short Animation,daumierslaw,597033.0,Daumier's Law,0.0,0.0,Released,1992-04-03,0.0,15.0,False,0.0,tt0205855,en,Daumier's Law,0.638,Animation,,United Kingdom,,1992.0,daumierslaw,both
1993,Film | Short Animation in 1993,A Is For Autism,"Dick Arnall, Tim Webb",False,Short Animation,aisforautism,205263.0,A Is for Autism,6.8,7.0,Released,1992-10-01,0.0,11.0,False,0.0,tt0205719,en,A Is for Autism,0.6,"Documentary, Animation","BFI, Fine Take Productions, Channel 4 Television","United Kingdom, United States of America",English,1992.0,aisforautism,both
1993,Film | Short Animation in 1993,Blindscape,Stephen Palmer,False,Short Animation,blindscape,244855.0,Blindscape,5.7,3.0,Released,1993-01-01,0.0,8.0,False,0.0,tt0106428,en,Blindscape,1.18,Animation,"Beaconsfield Studios, NFTS",United Kingdom,,1993.0,blindscape,both
1993,Film | Short Animation in 1993,Soho Square,"Pam Dennis, Sue Paxton, Mario Cavalli",False,Short Animation,sohosquare,642509.0,Soho Square,0.0,0.0,Released,1992-10-04,0.0,11.0,False,0.0,tt0206308,en,Soho Square,0.6,Animation,"The Arts Council, Pizazz Pictures, Studio AKA, Channel 4 Television",United Kingdom,No Language,1992.0,sohosquare,both
1993,Film | Short Film in 1993,Omnibus,"Anne Bennet, Sam Karmann",True,Short Film,omnibus,244740.0,Omnibus,6.7,23.0,Released,1992-05-01,0.0,9.0,False,0.0,tt0105051,fr,Omnibus,1.479,Comedy,Lazennec Tout Court,France,French,1992.0,omnibus,both
1993,Film | Short Film in 1993,Two Chimney Sweeps In A Singer's House (Deux Ramoneurs Chez Une Cantatrice),Michel Cauléa,False,Short Film,twochimneysweepsinasingershousedeuxramoneurschezunecantatrice,,,,,,,,,,,,,,,,,,,,,left_only
1993,Film | Short Film in 1993,Heartsongs,"Caroline Hewitt, Sue Clayton",False,Short Film,heartsongs,443506.0,Heart songs,0.0,0.0,Released,1992-04-02,0.0,13.0,False,0.0,tt0206005,en,Heart songs,0.6,,,,,1992.0,heartsongs,both
1993,Film | Short Film in 1993,A Sense Of History,"Simon Channing Williams, Mike Leigh",False,Short Film,asenseofhistory,61120.0,A Sense of History,7.3,27.0,Released,1992-09-12,0.0,26.0,False,0.0,tt0105355,en,A Sense of History,2.421,"Drama, Comedy","Thin Man Films, Channel 4 Television",United Kingdom,English,1992.0,asenseofhistory,both
1993,Film | Sound in 1993,JFK,"Tod A Maitland, Wylie Statesman, Michael D Wilhoit, Michael Minkler, Gregg Landaker",True,Sound,jfk,820.0,JFK,7.603,1866.0,Released,1991-12-20,205405498.0,189.0,False,40000000.0,tt0102138,en,JFK,22.918,"Drama, Thriller, History","Ixtlan Productions, Warner Bros. Pictures, Canal+, Regency Enterprises, Alcor Films, Camelot Pictures","France, United States of America","English, Spanish",1991.0,jfk,both
1993,Film | Sound in 1993,The Last Of The Mohicans,"Simon Kaye, Lon E Bender, Larry Kemp, Paul Massey, Doug Hemphill, Mark Smith, Chris Jenkins",False,Sound,thelastofthemohicans,9361.0,The Last of the Mohicans,7.392,2771.0,Released,1992-08-26,75505856.0,112.0,False,40000000.0,tt0104691,en,The Last of the Mohicans,28.684,"Action, Adventure, Drama, History, Romance, War","Morgan Creek, 20th Century Fox, AMLF",United States of America,"English, French",1992.0,thelastofthemohicans,both
1993,Film | Sound in 1993,Strictly Ballroom,"Antony Gray, Ben Osmo, Roger Savage, Ian McLoughlin, Phil Judd",False,Sound,strictlyballroom,10409.0,Strictly Ballroom,6.576,310.0,Released,1992-08-20,33946224.0,94.0,False,3000000.0,tt0105488,en,Strictly Ballroom,16.314,"Comedy, Drama, Romance","Beyond Films, M & A, Australian Film Finance Corporation, New South Wales Film & Television Office",Australia,"Spanish, English",1992.0,strictlyballroom,both
1993,Film | Sound in 1993,Unforgiven,"Alan Robert Murray, Walter Newman, Rob Young,  Les Fresholtz, Vern Poore, Dick Alexander",False,Sound,unforgiven,33.0,Unforgiven,7.914,3960.0,Released,1992-08-07,159157447.0,130.0,False,14400000.0,tt0105695,en,Unforgiven,31.894,Western,"Warner Bros. Pictures, Malpaso Productions",United States of America,English,1992.0,unforgiven,both
1993,Film | Special Award in 1993,Maggie Smith,,True,Special Award,maggiesmith,,,,,,,,,,,,,,,,,,,,,left_only
1993,Film | Special Award in 1993,HRH The Princess Royal,,True,Special Award,hrhtheprincessroyal,,,,,,,,,,,,,,,,,,,,,left_only
1993,Film | Special Award for Craft in 1993,Douglas Slocombe,,True,Special Award for Craft,douglasslocombe,,,,,,,,,,,,,,,,,,,,,left_only
1994,Film | Achievement in Special Visual Effects in 1994,"Dennis Muren, Stan Winston, Phil Tippett, Michael Lantieri",Jurassic Park,True,Achievement in Special Visual Effects,dennismurenstanwinstonphiltippettmichaellantieri,,,,,,,,,,,,,,,,,,,,,left_only
1994,Film | Achievement in Special Visual Effects in 1994,"Don Paul, Steve Goldberg",Aladdin,False,Achievement in Special Visual Effects,donpaulstevegoldberg,,,,,,,,,,,,,,,,,,,,,left_only
1994,Film | Achievement in Special Visual Effects in 1994,"Roman Coppola, Gary Gutierrez, Michael Lantieri, Gene Warren Jr",Bram Stoker's Dracula,False,Achievement in Special Visual Effects,romancoppolagarygutierrezmichaellantierigenewarrenjr,,,,,,,,,,,,,,,,,,,,,left_only
1994,Film | Achievement in Special Visual Effects in 1994,"William Mesa, Roy Arbogast",The Fugitive,False,Achievement in Special Visual Effects,williammesaroyarbogast,,,,,,,,,,,,,,,,,,,,,left_only
1994,Film | Actor in a Leading Role in 1994,Anthony Hopkins,The Remains Of The Day,True,Actor in a Leading Role,anthonyhopkins,,,,,,,,,,,,,,,,,,,,,left_only
1994,Film | Actor in a Leading Role in 1994,Daniel Day-Lewis,In The Name Of The Father,False,Actor in a Leading Role,danieldaylewis,,,,,,,,,,,,,,,,,,,,,left_only
1994,Film | Actor in a Leading Role in 1994,Anthony Hopkins,Shadowlands,False,Actor in a Leading Role,anthonyhopkins,,,,,,,,,,,,,,,,,,,,,left_only
1994,Film | Actor in a Leading Role in 1994,Liam Neeson,Schindler's List,False,Actor in a Leading Role,liamneeson,,,,,,,,,,,,,,,,,,,,,left_only
1994,Film | Actor in a Supporting Role in 1994,Ralph Fiennes,Schindler's List,True,Actor in a Supporting Role,ralphfiennes,,,,,,,,,,,,,,,,,,,,,left_only
1994,Film | Actor in a Supporting Role in 1994,Ben Kingsley,Schindler's List,False,Actor in a Supporting Role,benkingsley,,,,,,,,,,,,,,,,,,,,,left_only
1994,Film | Actor in a Supporting Role in 1994,Tommy Lee Jones,The Fugitive,False,Actor in a Supporting Role,tommyleejones,,,,,,,,,,,,,,,,,,,,,left_only
1994,Film | Actor in a Supporting Role in 1994,John Malkovich,In The Line Of Fire,False,Actor in a Supporting Role,johnmalkovich,,,,,,,,,,,,,,,,,,,,,left_only
1994,Film | Actress in a Leading Role in 1994,Holly Hunter,The Piano,True,Actress in a Leading Role,hollyhunter,,,,,,,,,,,,,,,,,,,,,left_only
1994,Film | Actress in a Leading Role in 1994,Miranda Richardson,Tom And Viv,False,Actress in a Leading Role,mirandarichardson,,,,,,,,,,,,,,,,,,,,,left_only
1994,Film | Actress in a Leading Role in 1994,Emma Thompson,The Remains Of The Day,False,Actress in a Leading Role,emmathompson,,,,,,,,,,,,,,,,,,,,,left_only
1994,Film | Actress in a Leading Role in 1994,Debra Winger,Shadowlands,False,Actress in a Leading Role,debrawinger,,,,,,,,,,,,,,,,,,,,,left_only
1994,Film | Actress in a Supporting Role in 1994,Miriam Margolyes,The Age Of Innocence,True,Actress in a Supporting Role,miriammargolyes,,,,,,,,,,,,,,,,,,,,,left_only
1994,Film | Actress in a Supporting Role in 1994,Holly Hunter,The Firm,False,Actress in a Supporting Role,hollyhunter,,,,,,,,,,,,,,,,,,,,,left_only
1994,Film | Actress in a Supporting Role in 1994,Winona Ryder,The Age Of Innocence,False,Actress in a Supporting Role,winonaryder,,,,,,,,,,,,,,,,,,,,,left_only
1994,Film | Actress in a Supporting Role in 1994,Maggie Smith,The Secret Garden,False,Actress in a Supporting Role,maggiesmith,,,,,,,,,,,,,,,,,,,,,left_only
1994,Film | Adapted Screenplay in 1994,Schindler's List,Steven Zaillian,True,Adapted Screenplay,schindlerslist,424.0,Schindler's List,8.573,14594.0,Released,1993-12-15,321365567.0,195.0,False,22000000.0,tt0108052,en,Schindler's List,65.084,"Drama, History, War",Amblin Entertainment,United States of America,"German, Polish, Hebrew, English",1993.0,schindlerslist,both
1994,Film | Adapted Screenplay in 1994,In The Name Of The Father,"Terry George, Jim Sheridan",False,Adapted Screenplay,inthenameofthefather,7984.0,In the Name of the Father,7.896,1585.0,Released,1993-12-12,65796862.0,133.0,False,13000000.0,tt0107207,en,In the Name of the Father,15.973,Drama,"Hell's Kitchen Films, Universal Pictures","United Kingdom, Ireland",English,1993.0,inthenameofthefather,both
1994,Film | Adapted Screenplay in 1994,The Remains Of The Day,Ruth Prawer Jhabvala,False,Adapted Screenplay,theremainsoftheday,1245.0,The Remains of the Day,7.36,1171.0,Released,1993-11-05,23237911.0,134.0,False,11500000.0,tt0107943,en,The Remains of the Day,18.126,"Drama, Romance","Columbia Pictures, Merchant Ivory Productions","United Kingdom, United States of America","German, English",1993.0,theremainsoftheday,both
1994,Film | Adapted Screenplay in 1994,Scent Of A Woman,Bo Goldman,False,Adapted Screenplay,scentofawoman,9475.0,Scent of a Woman,7.767,3024.0,Released,1992-12-23,134095253.0,156.0,False,31000000.0,tt0105323,en,Scent of a Woman,23.655,Drama,"Universal Pictures, City Light Films",United States of America,English,1992.0,scentofawoman,both
1994,Film | Adapted Screenplay in 1994,Scent Of A Woman,Bo Goldman,False,Adapted Screenplay,scentofawoman,1031744.0,Scent Of A Woman,0.0,0.0,Released,2011-07-06,0.0,105.0,True,0.0,,en,Scent Of A Woman,0.6,,Filly Films,,,2011.0,scentofawoman,both
1994,Film | Adapted Screenplay in 1994,Shadowlands,William Nicholson,False,Adapted Screenplay,shadowlands,10445.0,Shadowlands,6.907,241.0,Released,1993-12-25,25842000.0,131.0,False,22000000.0,tt0108101,en,Shadowlands,10.292,"Drama, Romance","Savoy Pictures, Shadowlands Productions, Price Entertainment, Spelling Films International",United Kingdom,"English, German",1993.0,shadowlands,both
1994,Film | Alexander Korda Award for the outstanding British Film of the Year in 1994,Shadowlands,"Richard Attenborough, Brian Eastman",True,Alexander Korda Award for the outstanding British Film of the Year,shadowlands,10445.0,Shadowlands,6.907,241.0,Released,1993-12-25,25842000.0,131.0,False,22000000.0,tt0108101,en,Shadowlands,10.292,"Drama, Romance","Savoy Pictures, Shadowlands Productions, Price Entertainment, Spelling Films International",United Kingdom,"English, German",1993.0,shadowlands,both
1994,Film | Alexander Korda Award for the outstanding British Film of the Year in 1994,Naked,"Simon Channing Williams, Mike Leigh",False,Alexander Korda Award for the outstanding British Film of the Year,naked,433251.0,Naked,5.746,1188.0,Released,2017-08-11,0.0,96.0,False,0.0,tt6048930,en,Naked,14.827,Comedy,Broken Road Productions,United States of America,English,2017.0,naked,both
1994,Film | Alexander Korda Award for the outstanding British Film of the Year in 1994,Naked,"Simon Channing Williams, Mike Leigh",False,Alexander Korda Award for the outstanding British Film of the Year,naked,883231.0,Nak-Ed,0.0,0.0,Released,2020-10-25,0.0,56.0,False,0.0,,no,Nak-Ed,0.6,Documentary,,Norway,Norwegian,2020.0,naked,both
1994,Film | Alexander Korda Award for the outstanding British Film of the Year in 1994,Raining Stones,"Sally Hibbin, Ken Loach",False,Alexander Korda Award for the outstanding British Film of the Year,rainingstones,62463.0,Raining Stones,6.92,113.0,Released,1993-09-09,0.0,90.0,False,0.0,tt0107920,en,Raining Stones,8.768,"Drama, Crime","Parallax Pictures, Film4 Productions",United Kingdom,English,1993.0,rainingstones,both
1994,Film | Alexander Korda Award for the outstanding British Film of the Year in 1994,Tom And Viv,"Marc Samuelson, Harvey Kass, Peter Samuelson, Brian Gilbert",False,Alexander Korda Award for the outstanding British Film of the Year,tomandviv,,,,,,,,,,,,,,,,,,,,,left_only
1994,Film | Cinematography in 1994,Schindler's List,Janusz Kaminski,True,Cinematography,schindlerslist,424.0,Schindler's List,8.573,14594.0,Released,1993-12-15,321365567.0,195.0,False,22000000.0,tt0108052,en,Schindler's List,65.084,"Drama, History, War",Amblin Entertainment,United States of America,"German, Polish, Hebrew, English",1993.0,schindlerslist,both
1994,Film | Cinematography in 1994,The Age Of Innocence,Michael Ballhaus,False,Cinematography,theageofinnocence,10436.0,The Age of Innocence,6.974,950.0,Released,1993-09-10,32255440.0,133.0,False,34000000.0,tt0106226,en,The Age of Innocence,15.455,"Drama, Romance","Columbia Pictures, Cappa Productions",United States of America,"English, Italian",1993.0,theageofinnocence,both
1994,Film | Cinematography in 1994,The Piano,Stuart Dryburgh,False,Cinematography,thepiano,713.0,The Piano,7.367,1350.0,Released,1993-05-19,40185556.0,121.0,False,7000000.0,tt0107822,en,The Piano,13.07,"Drama, Romance","New South Wales Film & Television Office, Jan Chapman Productions, Australian Film Commission, CiBy 2000","New Zealand, Australia, France","English, Maori",1993.0,thepiano,both
1994,Film | Cinematography in 1994,The Remains Of The Day,Tony Pierce-Roberts,False,Cinematography,theremainsoftheday,1245.0,The Remains of the Day,7.36,1171.0,Released,1993-11-05,23237911.0,134.0,False,11500000.0,tt0107943,en,The Remains of the Day,18.126,"Drama, Romance","Columbia Pictures, Merchant Ivory Productions","United Kingdom, United States of America","German, English",1993.0,theremainsoftheday,both
1994,Film | Costume Design in 1994,The Piano,Janet Patterson,True,Costume Design,thepiano,713.0,The Piano,7.367,1350.0,Released,1993-05-19,40185556.0,121.0,False,7000000.0,tt0107822,en,The Piano,13.07,"Drama, Romance","New South Wales Film & Television Office, Jan Chapman Productions, Australian Film Commission, CiBy 2000","New Zealand, Australia, France","English, Maori",1993.0,thepiano,both
1994,Film | Costume Design in 1994,Bram Stoker's Dracula,Eiko Ishioka,False,Costume Design,bramstokersdracula,6114.0,Bram Stoker's Dracula,7.449,4626.0,Released,1992-11-13,215862692.0,128.0,False,40000000.0,tt0103874,en,Bram Stoker's Dracula,35.967,"Romance, Horror","American Zoetrope, Osiris Films, Columbia Pictures",United States of America,"Latin, Romanian, Bulgarian, Greek, English",1992.0,bramstokersdracula,both
1994,Film | Costume Design in 1994,Much Ado About Nothing,Phyllis Dalton,False,Costume Design,muchadoaboutnothing,11971.0,Much Ado About Nothing,6.929,649.0,Released,1993-05-07,22551000.0,111.0,False,11000000.0,tt0107616,en,Much Ado About Nothing,17.27,"Drama, Comedy, Romance","Renaissance Films, BBC Film, American Playhouse","United Kingdom, United States of America",English,1993.0,muchadoaboutnothing,both
1994,Film | Costume Design in 1994,Orlando,Sandy Powell,False,Costume Design,orlando,9300.0,Orlando,6.91,279.0,Released,1992-12-11,5377643.0,90.0,False,4000000.0,tt0107756,en,Orlando,7.567,"Drama, Fantasy","Mikado Film, Adventure Pictures, Rio, Sigma Pictures, Lenfilm","France, Italy, Netherlands, Russia, United Kingdom","English, French, Russian, Turkish",1992.0,orlando,both
1994,Film | Costume Design in 1994,Schindler's List,Anna Biedrzycka-Sheppard,False,Costume Design,schindlerslist,424.0,Schindler's List,8.573,14594.0,Released,1993-12-15,321365567.0,195.0,False,22000000.0,tt0108052,en,Schindler's List,65.084,"Drama, History, War",Amblin Entertainment,United States of America,"German, Polish, Hebrew, English",1993.0,schindlerslist,both
1994,Film | David Lean Award for Achievement in Direction in 1994,Schindler's List,Steven Spielberg,True,David Lean Award for Achievement in Direction,schindlerslist,424.0,Schindler's List,8.573,14594.0,Released,1993-12-15,321365567.0,195.0,False,22000000.0,tt0108052,en,Schindler's List,65.084,"Drama, History, War",Amblin Entertainment,United States of America,"German, Polish, Hebrew, English",1993.0,schindlerslist,both
1994,Film | David Lean Award for Achievement in Direction in 1994,The Piano,Jane Campion,False,David Lean Award for Achievement in Direction,thepiano,713.0,The Piano,7.367,1350.0,Released,1993-05-19,40185556.0,121.0,False,7000000.0,tt0107822,en,The Piano,13.07,"Drama, Romance","New South Wales Film & Television Office, Jan Chapman Productions, Australian Film Commission, CiBy 2000","New Zealand, Australia, France","English, Maori",1993.0,thepiano,both
1994,Film | David Lean Award for Achievement in Direction in 1994,The Remains Of The Day,James Ivory,False,David Lean Award for Achievement in Direction,theremainsoftheday,1245.0,The Remains of the Day,7.36,1171.0,Released,1993-11-05,23237911.0,134.0,False,11500000.0,tt0107943,en,The Remains of the Day,18.126,"Drama, Romance","Columbia Pictures, Merchant Ivory Productions","United Kingdom, United States of America","German, English",1993.0,theremainsoftheday,both
1994,Film | David Lean Award for Achievement in Direction in 1994,Shadowlands,Richard Attenborough,False,David Lean Award for Achievement in Direction,shadowlands,10445.0,Shadowlands,6.907,241.0,Released,1993-12-25,25842000.0,131.0,False,22000000.0,tt0108101,en,Shadowlands,10.292,"Drama, Romance","Savoy Pictures, Shadowlands Productions, Price Entertainment, Spelling Films International",United Kingdom,"English, German",1993.0,shadowlands,both
1994,Film | Editing in 1994,Schindler's List,Michael Kahn,True,Editing,schindlerslist,424.0,Schindler's List,8.573,14594.0,Released,1993-12-15,321365567.0,195.0,False,22000000.0,tt0108052,en,Schindler's List,65.084,"Drama, History, War",Amblin Entertainment,United States of America,"German, Polish, Hebrew, English",1993.0,schindlerslist,both
1994,Film | Editing in 1994,The Fugitive,"Dennis Virkler, David Finfer, Dean Goodhill, Don Brochu, Richard Nord, Dov Hoenig",False,Editing,thefugitive,5503.0,The Fugitive,7.461,3817.0,Released,1993-08-06,368875760.0,131.0,False,44000000.0,tt0106977,en,The Fugitive,21.068,"Action, Thriller, Drama",Warner Bros. Pictures,United States of America,English,1993.0,thefugitive,both
1994,Film | Editing in 1994,In The Line Of Fire,Anne V Coates,False,Editing,inthelineoffire,9386.0,In the Line of Fire,6.975,1385.0,Released,1993-07-08,176997168.0,128.0,False,40000000.0,tt0107206,en,In the Line of Fire,16.749,"Action, Drama, Thriller, Crime, Mystery","Castle Rock Entertainment, Apple / Rose, Columbia Pictures",United States of America,English,1993.0,inthelineoffire,both
1994,Film | Editing in 1994,The Piano,Veronika Jenet,False,Editing,thepiano,713.0,The Piano,7.367,1350.0,Released,1993-05-19,40185556.0,121.0,False,7000000.0,tt0107822,en,The Piano,13.07,"Drama, Romance","New South Wales Film & Television Office, Jan Chapman Productions, Australian Film Commission, CiBy 2000","New Zealand, Australia, France","English, Maori",1993.0,thepiano,both
1994,Film | Film in 1994,Schindler's List,"Steven Spielberg, Gerald R Molen, Branko Lustig",True,Film,schindlerslist,424.0,Schindler's List,8.573,14594.0,Released,1993-12-15,321365567.0,195.0,False,22000000.0,tt0108052,en,Schindler's List,65.084,"Drama, History, War",Amblin Entertainment,United States of America,"German, Polish, Hebrew, English",1993.0,schindlerslist,both
1994,Film | Film in 1994,The Piano,"Jan Chapman, Jane Campion",False,Film,thepiano,713.0,The Piano,7.367,1350.0,Released,1993-05-19,40185556.0,121.0,False,7000000.0,tt0107822,en,The Piano,13.07,"Drama, Romance","New South Wales Film & Television Office, Jan Chapman Productions, Australian Film Commission, CiBy 2000","New Zealand, Australia, France","English, Maori",1993.0,thepiano,both
1994,Film | Film in 1994,The Remains Of The Day,"Ismail Merchant, Mike Nichols, John Calley, James Ivory",False,Film,theremainsoftheday,1245.0,The Remains of the Day,7.36,1171.0,Released,1993-11-05,23237911.0,134.0,False,11500000.0,tt0107943,en,The Remains of the Day,18.126,"Drama, Romance","Columbia Pictures, Merchant Ivory Productions","United Kingdom, United States of America","German, English",1993.0,theremainsoftheday,both
1994,Film | Film in 1994,Shadowlands,"Richard Attenborough, Brian Eastman",False,Film,shadowlands,10445.0,Shadowlands,6.907,241.0,Released,1993-12-25,25842000.0,131.0,False,22000000.0,tt0108101,en,Shadowlands,10.292,"Drama, Romance","Savoy Pictures, Shadowlands Productions, Price Entertainment, Spelling Films International",United Kingdom,"English, German",1993.0,shadowlands,both
1994,Film | Film Not in the English Language in 1994,Farewell My Concubine (Ba Wang Bie Ji),"Hsu Feng, Chen Kaige",True,Film Not in the English Language,farewellmyconcubinebawangbieji,,,,,,,,,,,,,,,,,,,,,left_only
1994,Film | Film Not in the English Language in 1994,A Heart In Winter (Un Coeur En Hiver),"Jean-Louis Livi, Philippe Carcassonne, Claude Sautet",False,Film Not in the English Language,aheartinwinteruncoeurenhiver,,,,,,,,,,,,,,,,,,,,,left_only
1994,Film | Film Not in the English Language in 1994,Like Water For Chocolate (Como Agua Para Chocolate),Alfonso Arau,False,Film Not in the English Language,likewaterforchocolatecomoaguaparachocolate,,,,,,,,,,,,,,,,,,,,,left_only
1994,Film | Film Not in the English Language in 1994,Indochina (Indochine),"Eric Heumann, Regis Wargnier",False,Film Not in the English Language,indochinaindochine,,,,,,,,,,,,,,,,,,,,,left_only
1994,Film | Lloyd's Bank Film Challenge in 1994,"Margaret Graves, Rachel Wilson, Susan Nickson, Ben King, Nathan Bumford, James Erskine, Matthew Cooper",,False,Lloyd's Bank Film Challenge,margaretgravesrachelwilsonsusannicksonbenkingnathanbumfordjameserskinematthewcooper,,,,,,,,,,,,,,,,,,,,,left_only
1994,Film | Lloyds Bank People's Vote For The Most Popular Film in 1994,Jurassic Park,,True,Lloyds Bank People's Vote For The Most Popular Film,jurassicpark,329.0,Jurassic Park,7.941,15141.0,Released,1993-06-11,920100000.0,127.0,False,63000000.0,tt0107290,en,Jurassic Park,24.213,"Adventure, Science Fiction","Universal Pictures, Amblin Entertainment",United States of America,"English, Spanish",1993.0,jurassicpark,both
1994,Film | Make-Up in 1994,Orlando,Morag Ross,True,Make-Up,orlando,9300.0,Orlando,6.91,279.0,Released,1992-12-11,5377643.0,90.0,False,4000000.0,tt0107756,en,Orlando,7.567,"Drama, Fantasy","Mikado Film, Adventure Pictures, Rio, Sigma Pictures, Lenfilm","France, Italy, Netherlands, Russia, United Kingdom","English, French, Russian, Turkish",1992.0,orlando,both
1994,Film | Make-Up in 1994,Addams Family Values,"Kevin Haney, Katherine James, Fred Blau, Fern Buchner",False,Make-Up,addamsfamilyvalues,2758.0,Addams Family Values,6.948,2696.0,Released,1993-11-19,48919043.0,94.0,False,47000000.0,tt0106220,en,Addams Family Values,41.11,"Comedy, Family, Fantasy","Scott Rudin Productions, Paramount, Orion Pictures",United States of America,English,1993.0,addamsfamilyvalues,both
1994,Film | Make-Up in 1994,Bram Stoker's Dracula,"Greg Cannom, Michele Burke, Matthew Mungle",False,Make-Up,bramstokersdracula,6114.0,Bram Stoker's Dracula,7.449,4626.0,Released,1992-11-13,215862692.0,128.0,False,40000000.0,tt0103874,en,Bram Stoker's Dracula,35.967,"Romance, Horror","American Zoetrope, Osiris Films, Columbia Pictures",United States of America,"Latin, Romanian, Bulgarian, Greek, English",1992.0,bramstokersdracula,both
1994,Film | Make-Up in 1994,Schindler's List,"Christina Smith, Matthew Mungle, Waldemar Pokromski, Pauline Heys",False,Make-Up,schindlerslist,424.0,Schindler's List,8.573,14594.0,Released,1993-12-15,321365567.0,195.0,False,22000000.0,tt0108052,en,Schindler's List,65.084,"Drama, History, War",Amblin Entertainment,United States of America,"German, Polish, Hebrew, English",1993.0,schindlerslist,both
1994,Film | Original Screenplay in 1994,Groundhog Day,"Danny Rubin, Harold Ramis",True,Original Screenplay,groundhogday,137.0,Groundhog Day,7.606,7255.0,Released,1993-02-11,71074049.0,101.0,False,14600000.0,tt0107048,en,Groundhog Day,28.171,"Romance, Fantasy, Drama, Comedy",Columbia Pictures,United States of America,"English, French, Italian",1993.0,groundhogday,both
1994,Film | Original Screenplay in 1994,In The Line Of Fire,Jeff Maguire,False,Original Screenplay,inthelineoffire,9386.0,In the Line of Fire,6.975,1385.0,Released,1993-07-08,176997168.0,128.0,False,40000000.0,tt0107206,en,In the Line of Fire,16.749,"Action, Drama, Thriller, Crime, Mystery","Castle Rock Entertainment, Apple / Rose, Columbia Pictures",United States of America,English,1993.0,inthelineoffire,both
1994,Film | Original Screenplay in 1994,The Piano,Jane Campion,False,Original Screenplay,thepiano,713.0,The Piano,7.367,1350.0,Released,1993-05-19,40185556.0,121.0,False,7000000.0,tt0107822,en,The Piano,13.07,"Drama, Romance","New South Wales Film & Television Office, Jan Chapman Productions, Australian Film Commission, CiBy 2000","New Zealand, Australia, France","English, Maori",1993.0,thepiano,both
1994,Film | Original Screenplay in 1994,Sleepless In Seattle,"Nora Ephron, David S Ward, Jeff Arch",False,Original Screenplay,sleeplessinseattle,858.0,Sleepless in Seattle,6.73,2123.0,Released,1993-06-24,227799884.0,105.0,False,21000000.0,tt0108160,en,Sleepless in Seattle,21.246,"Comedy, Drama, Romance",TriStar Pictures,United States of America,English,1993.0,sleeplessinseattle,both
1994,Film | Outstanding British Contribution To Cinema in 1994,Ken Loach,,True,Outstanding British Contribution To Cinema,kenloach,,,,,,,,,,,,,,,,,,,,,left_only
1994,Film | Production Design in 1994,The Piano,Andrew McAlpine,True,Production Design,thepiano,713.0,The Piano,7.367,1350.0,Released,1993-05-19,40185556.0,121.0,False,7000000.0,tt0107822,en,The Piano,13.07,"Drama, Romance","New South Wales Film & Television Office, Jan Chapman Productions, Australian Film Commission, CiBy 2000","New Zealand, Australia, France","English, Maori",1993.0,thepiano,both
1994,Film | Production Design in 1994,The Age Of Innocence,Dante Ferretti,False,Production Design,theageofinnocence,10436.0,The Age of Innocence,6.974,950.0,Released,1993-09-10,32255440.0,133.0,False,34000000.0,tt0106226,en,The Age of Innocence,15.455,"Drama, Romance","Columbia Pictures, Cappa Productions",United States of America,"English, Italian",1993.0,theageofinnocence,both
1994,Film | Production Design in 1994,Bram Stoker's Dracula,Thomas Sanders,False,Production Design,bramstokersdracula,6114.0,Bram Stoker's Dracula,7.449,4626.0,Released,1992-11-13,215862692.0,128.0,False,40000000.0,tt0103874,en,Bram Stoker's Dracula,35.967,"Romance, Horror","American Zoetrope, Osiris Films, Columbia Pictures",United States of America,"Latin, Romanian, Bulgarian, Greek, English",1992.0,bramstokersdracula,both
1994,Film | Production Design in 1994,Schindler's List,Allan Starski,False,Production Design,schindlerslist,424.0,Schindler's List,8.573,14594.0,Released,1993-12-15,321365567.0,195.0,False,22000000.0,tt0108052,en,Schindler's List,65.084,"Drama, History, War",Amblin Entertainment,United States of America,"German, Polish, Hebrew, English",1993.0,schindlerslist,both
1994,Film | Score for a Film in 1994,Schindler's List,John Williams,True,Score for a Film,schindlerslist,424.0,Schindler's List,8.573,14594.0,Released,1993-12-15,321365567.0,195.0,False,22000000.0,tt0108052,en,Schindler's List,65.084,"Drama, History, War",Amblin Entertainment,United States of America,"German, Polish, Hebrew, English",1993.0,schindlerslist,both
1994,Film | Score for a Film in 1994,Aladdin,Alan Menken,False,Score for a Film,aladdin,812.0,Aladdin,7.645,10547.0,Released,1992-11-25,504050219.0,95.0,False,28000000.0,tt0103639,en,Aladdin,52.027,"Animation, Family, Adventure, Fantasy, Romance","Walt Disney Pictures, Walt Disney Feature Animation",United States of America,English,1992.0,aladdin,both
1994,Film | Score for a Film in 1994,The Piano,Michael Nyman,False,Score for a Film,thepiano,713.0,The Piano,7.367,1350.0,Released,1993-05-19,40185556.0,121.0,False,7000000.0,tt0107822,en,The Piano,13.07,"Drama, Romance","New South Wales Film & Television Office, Jan Chapman Productions, Australian Film Commission, CiBy 2000","New Zealand, Australia, France","English, Maori",1993.0,thepiano,both
1994,Film | Score for a Film in 1994,Sleepless In Seattle,Marc Shaiman,False,Score for a Film,sleeplessinseattle,858.0,Sleepless in Seattle,6.73,2123.0,Released,1993-06-24,227799884.0,105.0,False,21000000.0,tt0108160,en,Sleepless in Seattle,21.246,"Comedy, Drama, Romance",TriStar Pictures,United States of America,English,1993.0,sleeplessinseattle,both
1994,Film | Short Animation in 1994,The Wrong Trousers,"Christopher Moll, Nick Park",True,Short Animation,thewrongtrousers,531.0,The Wrong Trousers,7.765,863.0,Released,1993-12-17,0.0,30.0,False,0.0,tt0108598,en,The Wrong Trousers,14.891,"Animation, Comedy, Family",Aardman,United Kingdom,English,1993.0,thewrongtrousers,both
1994,Film | Short Animation in 1994,Bob's Birthday,"David Fine, Alison Snowden",False,Short Animation,bobsbirthday,48273.0,Bob's Birthday,6.6,25.0,Released,1994-10-01,0.0,12.0,False,0.0,tt0106446,en,Bob's Birthday,1.883,"Comedy, Animation, Drama",ONF | NFB,"Canada, United Kingdom",English,1994.0,bobsbirthday,both
1994,Film | Short Animation in 1994,Britannia,"David Parker, Joanna Quinn",False,Short Animation,britannia,386856.0,Britannia,5.0,1.0,Released,1993-03-10,0.0,5.0,False,0.0,tt0205785,en,Britannia,0.87,Animation,"Sianel 4 Cymru (S4C), Channel 4 Television",United Kingdom,,1993.0,britannia,both
1994,Film | Short Animation in 1994,The Village,"Pam Dennis, Mark Baker",False,Short Animation,thevillage,6947.0,The Village,6.438,3786.0,Released,2004-07-30,256697520.0,108.0,False,60000000.0,tt0368447,en,The Village,19.157,"Drama, Mystery, Thriller","Touchstone Pictures, Blinding Edge Pictures, Scott Rudin Productions",United States of America,English,2004.0,thevillage,both
1994,Film | Short Film in 1994,Franz Kafka's It's A Wonderful Life,"Ruth Kenley-Letts, Peter Capaldi",True,Short Film,franzkafkasitsawonderfullife,47981.0,Franz Kafka's It's a Wonderful Life,6.568,22.0,Released,1993-01-01,0.0,23.0,False,0.0,tt0106961,en,Franz Kafka's It's a Wonderful Life,1.876,"Comedy, Fantasy","The Scottish Film Production Fund, BBC, Conundrum Films",United Kingdom,English,1993.0,franzkafkasitsawonderfullife,both
1994,Film | Short Film in 1994,One Night Stand,"Georgia Masters, Bill Britten",False,Short Film,onenightstand,12616.0,One Night Stand,5.6,98.0,Released,1997-11-14,2642983.0,102.0,False,24000000.0,tt0119832,en,One Night Stand,8.808,Drama,New Line Cinema,United States of America,English,1997.0,onenightstand,both
1994,Film | Short Film in 1994,One Night Stand,"Georgia Masters, Bill Britten",False,Short Film,onenightstand,1406435.0,One night stand,0.0,0.0,Released,2024-07-20,0.0,50.0,False,0.0,,bn,One night stand,1.027,Comedy,Chorki,Bangladesh,Bengali,2024.0,onenightstand,both
1994,Film | Short Film in 1994,A Small Deposit,"Paul Holmes, Eleanor Yule",False,Short Film,asmalldeposit,,,,,,,,,,,,,,,,,,,,,left_only
1994,Film | Short Film in 1994,Syrup,"Anita Overland, Paul Unwin",False,Short Film,syrup,72525.0,Syrup,5.582,171.0,Released,2013-06-07,0.0,90.0,False,6000000.0,tt0762138,en,Syrup,10.93,"Drama, Comedy","Windward Entertainment, Lila 9th Productions",United States of America,English,2013.0,syrup,both
1994,Film | Sound in 1994,The Fugitive,"John Leveque, Bruce Stambler, Becky Sullivan, Scott D Smith, Donald O Mitchell, Michael Herbick, Frank A Montaño",True,Sound,thefugitive,5503.0,The Fugitive,7.461,3817.0,Released,1993-08-06,368875760.0,131.0,False,44000000.0,tt0106977,en,The Fugitive,21.068,"Action, Thriller, Drama",Warner Bros. Pictures,United States of America,English,1993.0,thefugitive,both
1994,Film | Sound in 1994,Jurassic Park,"Richard Hymns, Ronald Judkins, Gary Summers, Gary Rydstrom, Shawn Murphy",False,Sound,jurassicpark,329.0,Jurassic Park,7.941,15141.0,Released,1993-06-11,920100000.0,127.0,False,63000000.0,tt0107290,en,Jurassic Park,24.213,"Adventure, Science Fiction","Universal Pictures, Amblin Entertainment",United States of America,"English, Spanish",1993.0,jurassicpark,both
1994,Film | Sound in 1994,The Piano,"Lee Smith, Tony Johnson, Gethin Creagh",False,Sound,thepiano,713.0,The Piano,7.367,1350.0,Released,1993-05-19,40185556.0,121.0,False,7000000.0,tt0107822,en,The Piano,13.07,"Drama, Romance","New South Wales Film & Television Office, Jan Chapman Productions, Australian Film Commission, CiBy 2000","New Zealand, Australia, France","English, Maori",1993.0,thepiano,both
1994,Film | Sound in 1994,Schindler's List,"Charles L Campbell, Louis L Edemann, Robert Jackson, Ronald Judkins, Andy Nelson, Steve Pederson, Scott Millan",False,Sound,schindlerslist,424.0,Schindler's List,8.573,14594.0,Released,1993-12-15,321365567.0,195.0,False,22000000.0,tt0108052,en,Schindler's List,65.084,"Drama, History, War",Amblin Entertainment,United States of America,"German, Polish, Hebrew, English",1993.0,schindlerslist,both
1994,Film | Special Award in 1994,Richard Attenborough,,True,Special Award,richardattenborough,,,,,,,,,,,,,,,,,,,,,left_only
1994,Film | Special Award in 1994,Kodak,,True,Special Award,kodak,1291561.0,Kodak,0.0,0.0,Released,2023-04-04,0.0,80.0,False,0.0,tt22496294,en,Kodak,0.6,Drama,"Dream Boy Vision Productions, Homestead Entertainment",,English,2023.0,kodak,both
1994,Film | Special Award in 1994,Kodak,,True,Special Award,kodak,1402660.0,KODAK,0.0,0.0,Released,2024-11-24,0.0,0.0,False,0.0,,es,KODAK,1.308,"Thriller, Crime",,,Spanish,2024.0,kodak,both
1994,Film | Special Award for Craft in 1994,Phyllis Dalton,,True,Special Award for Craft,phyllisdalton,,,,,,,,,,,,,,,,,,,,,left_only
1995,Film | Achievement in Special Visual Effects in 1995,"Ken Ralston, George Murphy, Stephen Rosenbaum, Allen Hall, Doug Chiang",Forrest Gump,True,Achievement in Special Visual Effects,kenralstongeorgemurphystephenrosenbaumallenhalldougchiang,,,,,,,,,,,,,,,,,,,,,left_only
1995,Film | Achievement in Special Visual Effects in 1995,"Scott Squires, Steve Williams, Tom Bertino, Jon Farhat",The Mask,False,Achievement in Special Visual Effects,scottsquiresstevewilliamstombertinojonfarhat,,,,,,,,,,,,,,,,,,,,,left_only
1995,Film | Achievement in Special Visual Effects in 1995,"Boyd Shermis, John Frazier, Ron Brinkman, Richard Hollander",Speed,False,Achievement in Special Visual Effects,boydshermisjohnfrazierronbrinkmanrichardhollander,,,,,,,,,,,,,,,,,,,,,left_only
1995,Film | Achievement in Special Visual Effects in 1995,"John Bruno, Thomas Fisher, Jacques Stroweis, Patrick McClung, Jamie Dixon",True Lies,False,Achievement in Special Visual Effects,johnbrunothomasfisherjacquesstroweispatrickmcclungjamiedixon,,,,,,,,,,,,,,,,,,,,,left_only
1995,Film | Actor in a Leading Role in 1995,Hugh Grant,Four Weddings And A Funeral,True,Actor in a Leading Role,hughgrant,,,,,,,,,,,,,,,,,,,,,left_only
1995,Film | Actor in a Leading Role in 1995,Tom Hanks,Forrest Gump,False,Actor in a Leading Role,tomhanks,,,,,,,,,,,,,,,,,,,,,left_only
1995,Film | Actor in a Leading Role in 1995,Terence Stamp,"The Adventures Of Priscilla, Queen Of The Desert",False,Actor in a Leading Role,terencestamp,,,,,,,,,,,,,,,,,,,,,left_only
1995,Film | Actor in a Leading Role in 1995,John Travolta,Pulp Fiction,False,Actor in a Leading Role,johntravolta,,,,,,,,,,,,,,,,,,,,,left_only
1995,Film | Actor in a Supporting Role in 1995,Samuel L Jackson,Pulp Fiction,True,Actor in a Supporting Role,samuelljackson,,,,,,,,,,,,,,,,,,,,,left_only
1995,Film | Actor in a Supporting Role in 1995,Simon Callow,Four Weddings And A Funeral,False,Actor in a Supporting Role,simoncallow,,,,,,,,,,,,,,,,,,,,,left_only
1995,Film | Actor in a Supporting Role in 1995,John Hannah,Four Weddings And A Funeral,False,Actor in a Supporting Role,johnhannah,,,,,,,,,,,,,,,,,,,,,left_only
1995,Film | Actor in a Supporting Role in 1995,Paul Scofield,Quiz Show,False,Actor in a Supporting Role,paulscofield,,,,,,,,,,,,,,,,,,,,,left_only
1995,Film | Actress in a Leading Role in 1995,Susan Sarandon,The Client,True,Actress in a Leading Role,susansarandon,,,,,,,,,,,,,,,,,,,,,left_only
1995,Film | Actress in a Leading Role in 1995,Linda Fiorentino,The Last Seduction,False,Actress in a Leading Role,lindafiorentino,,,,,,,,,,,,,,,,,,,,,left_only
1995,Film | Actress in a Leading Role in 1995,Irène Jacob,Three Colours Red (Trois Couleurs: Rouge),False,Actress in a Leading Role,irènejacob,,,,,,,,,,,,,,,,,,,,,left_only
1995,Film | Actress in a Leading Role in 1995,Uma Thurman,Pulp Fiction,False,Actress in a Leading Role,umathurman,,,,,,,,,,,,,,,,,,,,,left_only
1995,Film | Actress in a Supporting Role in 1995,Kristin Scott Thomas,Four Weddings And A Funeral,True,Actress in a Supporting Role,kristinscottthomas,,,,,,,,,,,,,,,,,,,,,left_only
1995,Film | Actress in a Supporting Role in 1995,Charlotte Coleman,Four Weddings And A Funeral,False,Actress in a Supporting Role,charlottecoleman,,,,,,,,,,,,,,,,,,,,,left_only
1995,Film | Actress in a Supporting Role in 1995,Sally Field,Forrest Gump,False,Actress in a Supporting Role,sallyfield,,,,,,,,,,,,,,,,,,,,,left_only
1995,Film | Actress in a Supporting Role in 1995,Anjelica Huston,Manhattan Murder Mystery,False,Actress in a Supporting Role,anjelicahuston,,,,,,,,,,,,,,,,,,,,,left_only
1995,Film | Adapted Screenplay in 1995,Quiz Show,Paul Attanasio,True,Adapted Screenplay,quizshow,11450.0,Quiz Show,7.262,813.0,Released,1994-08-25,24822619.0,133.0,False,31000000.0,tt0110932,en,Quiz Show,13.545,"History, Drama, Mystery","Baltimore Pictures, Wildwood Enterprises, Hollywood Pictures",United States of America,English,1994.0,quizshow,both
1995,Film | Adapted Screenplay in 1995,The Browning Version,Ronald Harwood,False,Adapted Screenplay,thebrowningversion,,,,,,,,,,,,,,,,,,,,,left_only
1995,Film | Adapted Screenplay in 1995,Forrest Gump,Eric Roth,False,Adapted Screenplay,forrestgump,13.0,Forrest Gump,8.477,25409.0,Released,1994-06-23,677387716.0,142.0,False,55000000.0,tt0109830,en,Forrest Gump,92.693,"Comedy, Drama, Romance","Paramount, The Steve Tisch Company, Wendy Finerman Productions",United States of America,English,1994.0,forrestgump,both
1995,Film | Adapted Screenplay in 1995,The Joy Luck Club,"Amy Tan, Ronald Bass",False,Adapted Screenplay,thejoyluckclub,19931.0,The Joy Luck Club,7.091,126.0,Released,1993-09-08,32861136.0,139.0,False,11000000.0,tt0107282,en,The Joy Luck Club,10.332,Drama,Hollywood Pictures,"United States of America, China","Cantonese, Mandarin, French, English",1993.0,thejoyluckclub,both
1995,Film | Alexander Korda Award for the outstanding British Film of the Year in 1995,Shallow Grave,"Andrew Macdonald, Danny Boyle",True,Alexander Korda Award for the outstanding British Film of the Year,shallowgrave,9905.0,Shallow Grave,7.0,893.0,Released,1994-12-22,0.0,93.0,False,0.0,tt0111149,en,Shallow Grave,13.237,"Crime, Thriller","The Glasgow Film Fund, Figment Films, PolyGram Filmed Entertainment, Film4 Productions",United Kingdom,English,1994.0,shallowgrave,both
1995,Film | Alexander Korda Award for the outstanding British Film of the Year in 1995,Backbeat,"Finola Dwyer, Stephen Woolley, Iain Softley",False,Alexander Korda Award for the outstanding British Film of the Year,backbeat,12635.0,Backbeat,5.947,85.0,Released,1994-04-01,0.0,100.0,False,0.0,tt0106339,en,Backbeat,10.886,"Drama, Music","Gramercy Pictures, Film4 Productions","Germany, United Kingdom","French, English, Russian, German, Hungarian",1994.0,backbeat,both
1995,Film | Alexander Korda Award for the outstanding British Film of the Year in 1995,Bhaji On The Beach,"Nadine Marsh-Edwards, Gurinder Chadha",False,Alexander Korda Award for the outstanding British Film of the Year,bhajionthebeach,14587.0,Bhaji on the Beach,5.4,23.0,Released,1993-09-11,0.0,100.0,False,0.0,tt0106408,en,Bhaji on the Beach,3.223,"Comedy, Drama","Umbi Films, Film4 Productions",United Kingdom,"English, Punjabi",1993.0,bhajionthebeach,both
1995,Film | Alexander Korda Award for the outstanding British Film of the Year in 1995,Priest,"George Faber, Josephine Ward, Antonia Bird",False,Alexander Korda Award for the outstanding British Film of the Year,priest,38321.0,Priest,5.765,2070.0,Released,2011-05-05,78309131.0,87.0,False,60000000.0,tt0822847,en,Priest,19.594,"Action, Fantasy, Horror, Thriller","Michael De Luca Productions, Stars Road Entertainment, TOKYOPOP, Buckaroo Entertainment, Screen Gems",United States of America,"Spanish, English, Portuguese",2011.0,priest,both
1995,Film | Anthony Asquith Award for Original Film Music in 1995,Backbeat,Don Was,True,Anthony Asquith Award for Original Film Music,backbeat,12635.0,Backbeat,5.947,85.0,Released,1994-04-01,0.0,100.0,False,0.0,tt0106339,en,Backbeat,10.886,"Drama, Music","Gramercy Pictures, Film4 Productions","Germany, United Kingdom","French, English, Russian, German, Hungarian",1994.0,backbeat,both
1995,Film | Anthony Asquith Award for Original Film Music in 1995,"The Adventures Of Priscilla, Queen Of The Desert",Guy Gross,False,Anthony Asquith Award for Original Film Music,theadventuresofpriscillaqueenofthedesert,2759.0,"The Adventures of Priscilla, Queen of the Desert",7.226,696.0,Released,1994-05-31,11224491.0,104.0,False,2000000.0,tt0109045,en,"The Adventures of Priscilla, Queen of the Desert",14.846,"Drama, Comedy","PolyGram Filmed Entertainment, Latent Image Productions Pty. Ltd., Specific Films","Australia, United States of America",English,1994.0,theadventuresofpriscillaqueenofthedesert,both
1995,Film | Anthony Asquith Award for Original Film Music in 1995,Four Weddings And A Funeral,Richard Rodney Bennett,False,Anthony Asquith Award for Original Film Music,fourweddingsandafuneral,712.0,Four Weddings and a Funeral,6.759,2446.0,Released,1994-03-09,245700832.0,117.0,False,4400000.0,tt0109831,en,Four Weddings and a Funeral,24.621,"Comedy, Drama, Romance","PolyGram Filmed Entertainment, Working Title Films, Film4 Productions","United Kingdom, United States of America",English,1994.0,fourweddingsandafuneral,both
1995,Film | Anthony Asquith Award for Original Film Music in 1995,The Lion King,Hans Zimmer,False,Anthony Asquith Award for Original Film Music,thelionking,8587.0,The Lion King,8.256,16991.0,Released,1994-06-24,763455561.0,89.0,False,45000000.0,tt0110357,en,The Lion King,87.384,"Family, Animation, Drama","Walt Disney Pictures, Walt Disney Feature Animation",United States of America,English,1994.0,thelionking,both
1995,Film | Cinematography in 1995,Interview With The Vampire,Philippe Rousselot,True,Cinematography,interviewwiththevampire,628.0,Interview with the Vampire,7.38,5338.0,Released,1994-11-11,223664608.0,123.0,False,60000000.0,tt0110148,en,Interview with the Vampire,39.342,"Horror, Drama, Fantasy",Geffen Pictures,United States of America,"English, French",1994.0,interviewwiththevampire,both
1995,Film | Cinematography in 1995,"The Adventures Of Priscilla, Queen Of The Desert",Brian J Breheny,False,Cinematography,theadventuresofpriscillaqueenofthedesert,2759.0,"The Adventures of Priscilla, Queen of the Desert",7.226,696.0,Released,1994-05-31,11224491.0,104.0,False,2000000.0,tt0109045,en,"The Adventures of Priscilla, Queen of the Desert",14.846,"Drama, Comedy","PolyGram Filmed Entertainment, Latent Image Productions Pty. Ltd., Specific Films","Australia, United States of America",English,1994.0,theadventuresofpriscillaqueenofthedesert,both
1995,Film | Cinematography in 1995,Forrest Gump,Don Burgess,False,Cinematography,forrestgump,13.0,Forrest Gump,8.477,25409.0,Released,1994-06-23,677387716.0,142.0,False,55000000.0,tt0109830,en,Forrest Gump,92.693,"Comedy, Drama, Romance","Paramount, The Steve Tisch Company, Wendy Finerman Productions",United States of America,English,1994.0,forrestgump,both
1995,Film | Cinematography in 1995,Pulp Fiction,Andrzej Sekula,False,Cinematography,pulpfiction,680.0,Pulp Fiction,8.488,25893.0,Released,1994-09-10,213900000.0,154.0,False,8500000.0,tt0110912,en,Pulp Fiction,74.862,"Thriller, Crime","Miramax, A Band Apart, Jersey Films",United States of America,"English, Spanish, French",1994.0,pulpfiction,both
1995,Film | Cinematography in 1995,Pulp Fiction,Andrzej Sekula,False,Cinematography,pulpfiction,306059.0,Pulpfiction,5.0,1.0,Released,2009-03-01,0.0,0.0,False,0.0,tt5056716,en,Pulpfiction,0.6,,,,,2009.0,pulpfiction,both
1995,Film | Costume Design in 1995,"The Adventures Of Priscilla, Queen Of The Desert","Lizzy Gardiner, Tim Chappel",True,Costume Design,theadventuresofpriscillaqueenofthedesert,2759.0,"The Adventures of Priscilla, Queen of the Desert",7.226,696.0,Released,1994-05-31,11224491.0,104.0,False,2000000.0,tt0109045,en,"The Adventures of Priscilla, Queen of the Desert",14.846,"Drama, Comedy","PolyGram Filmed Entertainment, Latent Image Productions Pty. Ltd., Specific Films","Australia, United States of America",English,1994.0,theadventuresofpriscillaqueenofthedesert,both
1995,Film | Costume Design in 1995,Four Weddings And A Funeral,Lindy Hemming,False,Costume Design,fourweddingsandafuneral,712.0,Four Weddings and a Funeral,6.759,2446.0,Released,1994-03-09,245700832.0,117.0,False,4400000.0,tt0109831,en,Four Weddings and a Funeral,24.621,"Comedy, Drama, Romance","PolyGram Filmed Entertainment, Working Title Films, Film4 Productions","United Kingdom, United States of America",English,1994.0,fourweddingsandafuneral,both
1995,Film | Costume Design in 1995,Interview With The Vampire,Sandy Powell,False,Costume Design,interviewwiththevampire,628.0,Interview with the Vampire,7.38,5338.0,Released,1994-11-11,223664608.0,123.0,False,60000000.0,tt0110148,en,Interview with the Vampire,39.342,"Horror, Drama, Fantasy",Geffen Pictures,United States of America,"English, French",1994.0,interviewwiththevampire,both
1995,Film | Costume Design in 1995,Little Women,Colleen Atwood,False,Costume Design,littlewomen,331482.0,Little Women,7.895,5700.0,Released,2019-12-25,216601214.0,135.0,False,40000000.0,tt3281548,en,Little Women,25.76,"Drama, Romance","Columbia Pictures, Pascal Pictures, Regency Enterprises, Sony Pictures",United States of America,"French, English",2019.0,littlewomen,both
1995,Film | David Lean Award for Achievement in Direction in 1995,Four Weddings And A Funeral,Mike Newell,True,David Lean Award for Achievement in Direction,fourweddingsandafuneral,712.0,Four Weddings and a Funeral,6.759,2446.0,Released,1994-03-09,245700832.0,117.0,False,4400000.0,tt0109831,en,Four Weddings and a Funeral,24.621,"Comedy, Drama, Romance","PolyGram Filmed Entertainment, Working Title Films, Film4 Productions","United Kingdom, United States of America",English,1994.0,fourweddingsandafuneral,both
1995,Film | David Lean Award for Achievement in Direction in 1995,Forrest Gump,Robert Zemeckis,False,David Lean Award for Achievement in Direction,forrestgump,13.0,Forrest Gump,8.477,25409.0,Released,1994-06-23,677387716.0,142.0,False,55000000.0,tt0109830,en,Forrest Gump,92.693,"Comedy, Drama, Romance","Paramount, The Steve Tisch Company, Wendy Finerman Productions",United States of America,English,1994.0,forrestgump,both
1995,Film | David Lean Award for Achievement in Direction in 1995,Pulp Fiction,Quentin Tarantino,False,David Lean Award for Achievement in Direction,pulpfiction,680.0,Pulp Fiction,8.488,25893.0,Released,1994-09-10,213900000.0,154.0,False,8500000.0,tt0110912,en,Pulp Fiction,74.862,"Thriller, Crime","Miramax, A Band Apart, Jersey Films",United States of America,"English, Spanish, French",1994.0,pulpfiction,both
1995,Film | David Lean Award for Achievement in Direction in 1995,Pulp Fiction,Quentin Tarantino,False,David Lean Award for Achievement in Direction,pulpfiction,306059.0,Pulpfiction,5.0,1.0,Released,2009-03-01,0.0,0.0,False,0.0,tt5056716,en,Pulpfiction,0.6,,,,,2009.0,pulpfiction,both
1995,Film | David Lean Award for Achievement in Direction in 1995,Three Colours Red (Trois Couleurs: Rouge),Krzysztof Kieslowski,False,David Lean Award for Achievement in Direction,threecoloursredtroiscouleursrouge,,,,,,,,,,,,,,,,,,,,,left_only
1995,Film | Editing in 1995,Speed,John Wright,True,Editing,speed,1637.0,Speed,7.12,5603.0,Released,1994-06-09,350448145.0,116.0,False,30000000.0,tt0111257,en,Speed,34.369,"Action, Adventure, Crime","20th Century Fox, The Mark Gordon Company",United States of America,English,1994.0,speed,both
1995,Film | Editing in 1995,Forrest Gump,Arthur Schmidt,False,Editing,forrestgump,13.0,Forrest Gump,8.477,25409.0,Released,1994-06-23,677387716.0,142.0,False,55000000.0,tt0109830,en,Forrest Gump,92.693,"Comedy, Drama, Romance","Paramount, The Steve Tisch Company, Wendy Finerman Productions",United States of America,English,1994.0,forrestgump,both
1995,Film | Editing in 1995,Four Weddings And A Funeral,Jon Gregory,False,Editing,fourweddingsandafuneral,712.0,Four Weddings and a Funeral,6.759,2446.0,Released,1994-03-09,245700832.0,117.0,False,4400000.0,tt0109831,en,Four Weddings and a Funeral,24.621,"Comedy, Drama, Romance","PolyGram Filmed Entertainment, Working Title Films, Film4 Productions","United Kingdom, United States of America",English,1994.0,fourweddingsandafuneral,both
1995,Film | Editing in 1995,Pulp Fiction,Sally Menke,False,Editing,pulpfiction,680.0,Pulp Fiction,8.488,25893.0,Released,1994-09-10,213900000.0,154.0,False,8500000.0,tt0110912,en,Pulp Fiction,74.862,"Thriller, Crime","Miramax, A Band Apart, Jersey Films",United States of America,"English, Spanish, French",1994.0,pulpfiction,both
1995,Film | Editing in 1995,Pulp Fiction,Sally Menke,False,Editing,pulpfiction,306059.0,Pulpfiction,5.0,1.0,Released,2009-03-01,0.0,0.0,False,0.0,tt5056716,en,Pulpfiction,0.6,,,,,2009.0,pulpfiction,both
1995,Film | Fellowship in 1995,Billy Wilder,,True,Fellowship,billywilder,,,,,,,,,,,,,,,,,,,,,left_only
1995,Film | Film in 1995,Four Weddings And A Funeral,"Duncan Kenworthy, Mike Newell",True,Film,fourweddingsandafuneral,712.0,Four Weddings and a Funeral,6.759,2446.0,Released,1994-03-09,245700832.0,117.0,False,4400000.0,tt0109831,en,Four Weddings and a Funeral,24.621,"Comedy, Drama, Romance","PolyGram Filmed Entertainment, Working Title Films, Film4 Productions","United Kingdom, United States of America",English,1994.0,fourweddingsandafuneral,both
1995,Film | Film in 1995,Forrest Gump,"Wendy Finerman, Steve Tisch, Steve Starkey, Robert Zemeckis",False,Film,forrestgump,13.0,Forrest Gump,8.477,25409.0,Released,1994-06-23,677387716.0,142.0,False,55000000.0,tt0109830,en,Forrest Gump,92.693,"Comedy, Drama, Romance","Paramount, The Steve Tisch Company, Wendy Finerman Productions",United States of America,English,1994.0,forrestgump,both
1995,Film | Film in 1995,Pulp Fiction,"Lawrence Bender, Quentin Tarantino",False,Film,pulpfiction,680.0,Pulp Fiction,8.488,25893.0,Released,1994-09-10,213900000.0,154.0,False,8500000.0,tt0110912,en,Pulp Fiction,74.862,"Thriller, Crime","Miramax, A Band Apart, Jersey Films",United States of America,"English, Spanish, French",1994.0,pulpfiction,both
1995,Film | Film in 1995,Pulp Fiction,"Lawrence Bender, Quentin Tarantino",False,Film,pulpfiction,306059.0,Pulpfiction,5.0,1.0,Released,2009-03-01,0.0,0.0,False,0.0,tt5056716,en,Pulpfiction,0.6,,,,,2009.0,pulpfiction,both
1995,Film | Film in 1995,Quiz Show,"Michael Jacobs, Julian Krainin, Michael Nozik, Robert Redford",False,Film,quizshow,11450.0,Quiz Show,7.262,813.0,Released,1994-08-25,24822619.0,133.0,False,31000000.0,tt0110932,en,Quiz Show,13.545,"History, Drama, Mystery","Baltimore Pictures, Wildwood Enterprises, Hollywood Pictures",United States of America,English,1994.0,quizshow,both
1995,Film | Film Not in the English Language in 1995,To Live (Huozhe),"Chiu Fu Sheng, Zhang Yimou",True,Film Not in the English Language,tolivehuozhe,,,,,,,,,,,,,,,,,,,,,left_only
1995,Film | Film Not in the English Language in 1995,The Age Of Beauty (Belle Epoque),Fernando Trueba,False,Film Not in the English Language,theageofbeautybelleepoque,,,,,,,,,,,,,,,,,,,,,left_only
1995,Film | Film Not in the English Language in 1995,Three Colours Red (Trois Couleurs: Rouge),"Marin Karmitz, Krzysztof Kieslowski",False,Film Not in the English Language,threecoloursredtroiscouleursrouge,,,,,,,,,,,,,,,,,,,,,left_only
1995,Film | Film Not in the English Language in 1995,"Eat Drink, Man Woman (Yin Shi Nan Nu)","Li-Kong Hsu, Ang Lee",False,Film Not in the English Language,eatdrinkmanwomanyinshinannu,,,,,,,,,,,,,,,,,,,,,left_only
1995,Film | Lloyds Bank People's Vote For The Most Popular Film in 1995,Four Weddings And A Funeral,,True,Lloyds Bank People's Vote For The Most Popular Film,fourweddingsandafuneral,712.0,Four Weddings and a Funeral,6.759,2446.0,Released,1994-03-09,245700832.0,117.0,False,4400000.0,tt0109831,en,Four Weddings and a Funeral,24.621,"Comedy, Drama, Romance","PolyGram Filmed Entertainment, Working Title Films, Film4 Productions","United Kingdom, United States of America",English,1994.0,fourweddingsandafuneral,both
1995,Film | Make-Up And Hair in 1995,"The Adventures Of Priscilla, Queen Of The Desert","Cassie Hanlon, Angela Conte, Strykermeyer",True,Make-Up And Hair,theadventuresofpriscillaqueenofthedesert,2759.0,"The Adventures of Priscilla, Queen of the Desert",7.226,696.0,Released,1994-05-31,11224491.0,104.0,False,2000000.0,tt0109045,en,"The Adventures of Priscilla, Queen of the Desert",14.846,"Drama, Comedy","PolyGram Filmed Entertainment, Latent Image Productions Pty. Ltd., Specific Films","Australia, United States of America",English,1994.0,theadventuresofpriscillaqueenofthedesert,both
1995,Film | Make-Up And Hair in 1995,Interview With The Vampire,"Stan Winston, Michele Burke, Jan Archibald",False,Make-Up And Hair,interviewwiththevampire,628.0,Interview with the Vampire,7.38,5338.0,Released,1994-11-11,223664608.0,123.0,False,60000000.0,tt0110148,en,Interview with the Vampire,39.342,"Horror, Drama, Fantasy",Geffen Pictures,United States of America,"English, French",1994.0,interviewwiththevampire,both
1995,Film | Make-Up And Hair in 1995,The Mask,"Greg Cannom, Sheryl Leigh Ptak",False,Make-Up And Hair,themask,854.0,The Mask,6.937,9401.0,Released,1994-07-29,351583407.0,101.0,False,23000000.0,tt0110475,en,The Mask,39.592,"Romance, Comedy, Crime, Fantasy","Dark Horse Entertainment, New Line Cinema",United States of America,"Swedish, English",1994.0,themask,both
1995,Film | Make-Up And Hair in 1995,The Mask,"Greg Cannom, Sheryl Leigh Ptak",False,Make-Up And Hair,themask,1467971.0,The mask,0.0,0.0,In Production,2028-10-08,0.0,0.0,True,0.0,,es,The mask,0.0,"Crime, Action, Mystery",,Mexico,"Spanish, English",2028.0,themask,both
1995,Film | Make-Up And Hair in 1995,Mrs Doubtfire,"Greg Cannom, Ve Neill, Yolanda Toussieng",False,Make-Up And Hair,mrsdoubtfire,788.0,Mrs. Doubtfire,7.186,5633.0,Released,1993-11-24,441286195.0,125.0,False,25000000.0,tt0107614,en,Mrs. Doubtfire,23.964,"Comedy, Drama, Family","20th Century Fox, Blue Wolf Productions",United States of America,English,1993.0,mrsdoubtfire,both
1995,Film | Original Screenplay in 1995,Pulp Fiction,"Quentin Tarantino, Roger Avary",True,Original Screenplay,pulpfiction,680.0,Pulp Fiction,8.488,25893.0,Released,1994-09-10,213900000.0,154.0,False,8500000.0,tt0110912,en,Pulp Fiction,74.862,"Thriller, Crime","Miramax, A Band Apart, Jersey Films",United States of America,"English, Spanish, French",1994.0,pulpfiction,both
1995,Film | Original Screenplay in 1995,Pulp Fiction,"Quentin Tarantino, Roger Avary",True,Original Screenplay,pulpfiction,306059.0,Pulpfiction,5.0,1.0,Released,2009-03-01,0.0,0.0,False,0.0,tt5056716,en,Pulpfiction,0.6,,,,,2009.0,pulpfiction,both
1995,Film | Original Screenplay in 1995,"The Adventures Of Priscilla, Queen Of The Desert",Stephan Elliott,False,Original Screenplay,theadventuresofpriscillaqueenofthedesert,2759.0,"The Adventures of Priscilla, Queen of the Desert",7.226,696.0,Released,1994-05-31,11224491.0,104.0,False,2000000.0,tt0109045,en,"The Adventures of Priscilla, Queen of the Desert",14.846,"Drama, Comedy","PolyGram Filmed Entertainment, Latent Image Productions Pty. Ltd., Specific Films","Australia, United States of America",English,1994.0,theadventuresofpriscillaqueenofthedesert,both
1995,Film | Original Screenplay in 1995,Four Weddings And A Funeral,Richard Curtis,False,Original Screenplay,fourweddingsandafuneral,712.0,Four Weddings and a Funeral,6.759,2446.0,Released,1994-03-09,245700832.0,117.0,False,4400000.0,tt0109831,en,Four Weddings and a Funeral,24.621,"Comedy, Drama, Romance","PolyGram Filmed Entertainment, Working Title Films, Film4 Productions","United Kingdom, United States of America",English,1994.0,fourweddingsandafuneral,both
1995,Film | Original Screenplay in 1995,Philadelphia,Ron Nyswaner,False,Original Screenplay,philadelphia,9800.0,Philadelphia,7.725,3909.0,Released,1993-12-22,206678440.0,126.0,False,26000000.0,tt0107818,en,Philadelphia,17.371,Drama,TriStar Pictures,United States of America,English,1993.0,philadelphia,both
1995,Film | Original Screenplay in 1995,Three Colours Red (Trois Couleurs: Rouge),"Krzysztof Kieslowski, Krzysztof Piesiewicz",False,Original Screenplay,threecoloursredtroiscouleursrouge,,,,,,,,,,,,,,,,,,,,,left_only
1995,Film | Outstanding British Contribution To Cinema in 1995,Ridley Scott & Tony Scott,,True,Outstanding British Contribution To Cinema,ridleyscotttonyscott,,,,,,,,,,,,,,,,,,,,,left_only
1995,Film | Production Design in 1995,Interview With The Vampire,Dante Ferretti,True,Production Design,interviewwiththevampire,628.0,Interview with the Vampire,7.38,5338.0,Released,1994-11-11,223664608.0,123.0,False,60000000.0,tt0110148,en,Interview with the Vampire,39.342,"Horror, Drama, Fantasy",Geffen Pictures,United States of America,"English, French",1994.0,interviewwiththevampire,both
1995,Film | Production Design in 1995,"The Adventures Of Priscilla, Queen Of The Desert","Owen Paterson, Colin Gibson",False,Production Design,theadventuresofpriscillaqueenofthedesert,2759.0,"The Adventures of Priscilla, Queen of the Desert",7.226,696.0,Released,1994-05-31,11224491.0,104.0,False,2000000.0,tt0109045,en,"The Adventures of Priscilla, Queen of the Desert",14.846,"Drama, Comedy","PolyGram Filmed Entertainment, Latent Image Productions Pty. Ltd., Specific Films","Australia, United States of America",English,1994.0,theadventuresofpriscillaqueenofthedesert,both
1995,Film | Production Design in 1995,Mary Shelley's Frankenstein,Tim Harvey,False,Production Design,maryshelleysfrankenstein,3036.0,Mary Shelley's Frankenstein,6.398,1106.0,Released,1994-11-04,112006296.0,123.0,False,45000000.0,tt0109836,en,Mary Shelley's Frankenstein,18.029,"Drama, Horror, Science Fiction, Romance","American Zoetrope, TriStar Pictures","United Kingdom, Japan, United States of America",English,1994.0,maryshelleysfrankenstein,both
1995,Film | Production Design in 1995,The Mask,Craig Stearns,False,Production Design,themask,854.0,The Mask,6.937,9401.0,Released,1994-07-29,351583407.0,101.0,False,23000000.0,tt0110475,en,The Mask,39.592,"Romance, Comedy, Crime, Fantasy","Dark Horse Entertainment, New Line Cinema",United States of America,"Swedish, English",1994.0,themask,both
1995,Film | Production Design in 1995,The Mask,Craig Stearns,False,Production Design,themask,1467971.0,The mask,0.0,0.0,In Production,2028-10-08,0.0,0.0,True,0.0,,es,The mask,0.0,"Crime, Action, Mystery",,Mexico,"Spanish, English",2028.0,themask,both
1995,Film | Short Animation in 1995,The Big Story,"Tim Watts, David Stoten",True,Short Animation,thebigstory,48506.0,The Big Story,5.727,11.0,Released,1994-01-01,0.0,2.0,False,0.0,tt0109270,en,The Big Story,1.771,"Animation, Comedy","Splitting Image, Screwball Films",United States of America,English,1994.0,thebigstory,both
1995,Film | Short Animation in 1995,The Monk And The Fish,"Patrick Evano, Jacques-Rémy Girard, Michael Dudok De Wit",False,Short Animation,themonkandthefish,48486.0,The Monk and the Fish,6.191,47.0,Released,1994-01-01,0.0,6.0,False,0.0,tt0110547,fr,Le Moine et le Poisson,3.442,Animation,"Folimage, Canal+",France,No Language,1994.0,themonkandthefish,both
1995,Film | Short Animation in 1995,Pib And Pog,"Carla Shelley, Peter Peake",False,Short Animation,pibandpog,54736.0,Pib and Pog,7.0,10.0,Released,1995-01-07,0.0,6.0,False,100000.0,tt0195141,en,Pib and Pog,1.245,"Comedy, Animation, Family",Aardman,United Kingdom,,1995.0,pibandpog,both
1995,Film | Short Animation in 1995,Stressed,Karen Kelly,False,Short Animation,stressed,573022.0,Stressed,7.0,3.0,Released,2019-01-02,0.0,62.0,False,103000.0,tt9428026,en,Stressed,0.712,Documentary,,United States of America,English,2019.0,stressed,both
1995,Film | Short Film in 1995,Zinky Boys Go Underground,"Tatiana Kennedy, Paul Tickell",True,Short Film,zinkyboysgounderground,977113.0,Zinky Boys Go Underground,0.0,0.0,Released,1994-04-27,0.0,60.0,False,0.0,tt0206455,en,Zinky Boys Go Underground,0.626,"Thriller, TV Movie, Drama","BBC Film, British Film Institute (BFI), Lara Globus International",United Kingdom,English,1994.0,zinkyboysgounderground,both
1995,Film | Short Film in 1995,Lost Mojave,"Vladimir Perlovich, Jonathan Cordish",False,Short Film,lostmojave,1212543.0,Lost Mojave,0.0,0.0,Released,1994-01-01,0.0,0.0,False,0.0,,en,Lost Mojave,0.0,,,United Kingdom,English,1994.0,lostmojave,both
1995,Film | Short Film in 1995,Marooned,"Andrea Calderwood, Jonas Grimas",False,Short Film,marooned,1036218.0,Marooned?,0.0,0.0,Released,2009-01-23,0.0,14.0,False,0.0,tt1337660,en,Marooned?,0.848,"Comedy, Drama, Science Fiction",,,,2009.0,marooned,both
1995,Film | Short Film in 1995,That Sunday,"Damiano Vukotic, Dan Zeff",False,Short Film,thatsunday,604981.0,That Sunday,0.0,0.0,Released,1994-01-01,0.0,0.0,False,0.0,tt0126101,en,That Sunday,0.6,,,,,1994.0,thatsunday,both
1995,Film | Sound in 1995,Speed,"Stephen Hunter Flick, Gregg Landaker, Steve Maslow, Bob Beemer, David R B MacMillan",True,Sound,speed,1637.0,Speed,7.12,5603.0,Released,1994-06-09,350448145.0,116.0,False,30000000.0,tt0111257,en,Speed,34.369,"Action, Adventure, Crime","20th Century Fox, The Mark Gordon Company",United States of America,English,1994.0,speed,both
1995,Film | Sound in 1995,Backbeat,"Glenn Freemantle, Chris Munro, Robin O'Donoghue",False,Sound,backbeat,12635.0,Backbeat,5.947,85.0,Released,1994-04-01,0.0,100.0,False,0.0,tt0106339,en,Backbeat,10.886,"Drama, Music","Gramercy Pictures, Film4 Productions","Germany, United Kingdom","French, English, Russian, German, Hungarian",1994.0,backbeat,both
1995,Film | Sound in 1995,The Lion King,"Terry Porter, Mel Metcalfe, David Hudson, Doc Kane",False,Sound,thelionking,8587.0,The Lion King,8.256,16991.0,Released,1994-06-24,763455561.0,89.0,False,45000000.0,tt0110357,en,The Lion King,87.384,"Family, Animation, Drama","Walt Disney Pictures, Walt Disney Feature Animation",United States of America,English,1994.0,thelionking,both
1995,Film | Sound in 1995,Pulp Fiction,"Stephen Hunter Flick, Ken King, Rick Ash, Dean Zupancic",False,Sound,pulpfiction,680.0,Pulp Fiction,8.488,25893.0,Released,1994-09-10,213900000.0,154.0,False,8500000.0,tt0110912,en,Pulp Fiction,74.862,"Thriller, Crime","Miramax, A Band Apart, Jersey Films",United States of America,"English, Spanish, French",1994.0,pulpfiction,both
1995,Film | Sound in 1995,Pulp Fiction,"Stephen Hunter Flick, Ken King, Rick Ash, Dean Zupancic",False,Sound,pulpfiction,306059.0,Pulpfiction,5.0,1.0,Released,2009-03-01,0.0,0.0,False,0.0,tt5056716,en,Pulpfiction,0.6,,,,,2009.0,pulpfiction,both
1995,Film | Special Award in 1995,Richard Attenborough,,True,Special Award,richardattenborough,,,,,,,,,,,,,,,,,,,,,left_only
1996,Film | Achievement in Special Visual Effects in 1996,"Robert Legato, Michael Kanfer, Matt Sweeney, Leslie Ekker",Apollo 13,True,Achievement in Special Visual Effects,robertlegatomichaelkanfermattsweeneyleslieekker,,,,,,,,,,,,,,,,,,,,,left_only
1996,Film | Achievement in Special Visual Effects in 1996,"Scott E Anderson, Neal Scanlan, John Cox, Chris Chitty, Charles Gibson",Babe,False,Achievement in Special Visual Effects,scotteandersonnealscanlanjohncoxchrischittycharlesgibson,,,,,,,,,,,,,,,,,,,,,left_only
1996,Film | Achievement in Special Visual Effects in 1996,"Chris Corbould, Derek Meddings, Brian Smithies",Goldeneye,False,Achievement in Special Visual Effects,chriscorbouldderekmeddingsbriansmithies,,,,,,,,,,,,,,,,,,,,,left_only
1996,Film | Achievement in Special Visual Effects in 1996,"Michael McAlister, Brad C Kuehn, Robert Spurlock, Martin R Bresin",Waterworld,False,Achievement in Special Visual Effects,michaelmcalisterbradckuehnrobertspurlockmartinrbresin,,,,,,,,,,,,,,,,,,,,,left_only
1996,Film | Actor in a Leading Role in 1996,Nigel Hawthorne,The Madness Of King George,True,Actor in a Leading Role,nigelhawthorne,,,,,,,,,,,,,,,,,,,,,left_only
1996,Film | Actor in a Leading Role in 1996,Nicolas Cage,Leaving Las Vegas,False,Actor in a Leading Role,nicolascage,,,,,,,,,,,,,,,,,,,,,left_only
1996,Film | Actor in a Leading Role in 1996,Jonathan Pryce,Carrington,False,Actor in a Leading Role,jonathanpryce,,,,,,,,,,,,,,,,,,,,,left_only
1996,Film | Actor in a Leading Role in 1996,Massimo Troisi,The Postman (Il Postino),False,Actor in a Leading Role,massimotroisi,,,,,,,,,,,,,,,,,,,,,left_only
1996,Film | Actor in a Supporting Role in 1996,Tim Roth,Rob Roy,True,Actor in a Supporting Role,timroth,,,,,,,,,,,,,,,,,,,,,left_only
1996,Film | Actor in a Supporting Role in 1996,Ian Holm,The Madness Of King George,False,Actor in a Supporting Role,ianholm,,,,,,,,,,,,,,,,,,,,,left_only
1996,Film | Actor in a Supporting Role in 1996,Martin Landau,Ed Wood,False,Actor in a Supporting Role,martinlandau,,,,,,,,,,,,,,,,,,,,,left_only
1996,Film | Actor in a Supporting Role in 1996,Alan Rickman,Sense And Sensibility,False,Actor in a Supporting Role,alanrickman,,,,,,,,,,,,,,,,,,,,,left_only
1996,Film | Actress in a Leading Role in 1996,Emma Thompson,Sense And Sensibility,True,Actress in a Leading Role,emmathompson,,,,,,,,,,,,,,,,,,,,,left_only
1996,Film | Actress in a Leading Role in 1996,Nicole Kidman,To Die For,False,Actress in a Leading Role,nicolekidman,,,,,,,,,,,,,,,,,,,,,left_only
1996,Film | Actress in a Leading Role in 1996,Helen Mirren,The Madness Of King George,False,Actress in a Leading Role,helenmirren,,,,,,,,,,,,,,,,,,,,,left_only
1996,Film | Actress in a Leading Role in 1996,Elisabeth Shue,Leaving Las Vegas,False,Actress in a Leading Role,elisabethshue,,,,,,,,,,,,,,,,,,,,,left_only
1996,Film | Actress in a Supporting Role in 1996,Kate Winslet,Sense And Sensibility,True,Actress in a Supporting Role,katewinslet,,,,,,,,,,,,,,,,,,,,,left_only
1996,Film | Actress in a Supporting Role in 1996,Joan Allen,Nixon,False,Actress in a Supporting Role,joanallen,,,,,,,,,,,,,,,,,,,,,left_only
1996,Film | Actress in a Supporting Role in 1996,Mira Sorvino,Mighty Aphrodite,False,Actress in a Supporting Role,mirasorvino,,,,,,,,,,,,,,,,,,,,,left_only
1996,Film | Actress in a Supporting Role in 1996,Elizabeth Spriggs,Sense And Sensibility,False,Actress in a Supporting Role,elizabethspriggs,,,,,,,,,,,,,,,,,,,,,left_only
1996,Film | Adapted Screenplay in 1996,Trainspotting,John Hodge,True,Adapted Screenplay,trainspotting,627.0,Trainspotting,8.0,9017.0,Released,1996-02-23,16491080.0,94.0,False,4000000.0,tt0117951,en,Trainspotting,27.042,"Drama, Crime","Noel Gay Motion Picture Company, Figment Films, Film4 Productions, Miramax",United Kingdom,English,1996.0,trainspotting,both
1996,Film | Adapted Screenplay in 1996,Babe,"George Miller, Chris Noonan",False,Adapted Screenplay,babe,9598.0,Babe,6.192,2657.0,Released,1995-07-18,254134910.0,91.0,False,30000000.0,tt0112431,en,Babe,25.864,"Fantasy, Drama, Comedy, Family","Universal Pictures, Kennedy Miller Productions","Australia, United States of America",English,1995.0,babe,both
1996,Film | Adapted Screenplay in 1996,Leaving Las Vegas,Mike Figgis,False,Adapted Screenplay,leavinglasvegas,451.0,Leaving Las Vegas,7.259,1278.0,Released,1995-10-27,49800000.0,111.0,False,3600000.0,tt0113627,en,Leaving Las Vegas,22.61,"Drama, Romance","Initial Productions, United Artists, Lumière Pictures, Metro-Goldwyn-Mayer","France, United Kingdom, United States of America","English, Italian, Russian",1995.0,leavinglasvegas,both
1996,Film | Adapted Screenplay in 1996,The Madness Of King George,Alan Bennett,False,Adapted Screenplay,themadnessofkinggeorge,11318.0,The Madness of King George,6.71,210.0,Released,1994-12-28,15238994.0,107.0,False,0.0,tt0110428,en,The Madness of King George,10.732,"Comedy, Drama, History","Samuel Goldwyn Company, Close Call Films, Film4 Productions",United Kingdom,English,1994.0,themadnessofkinggeorge,both
1996,Film | Adapted Screenplay in 1996,The Postman (Il Postino),"Anna Pavignano, Michael Radford, Furio Scarpelli, Giacomo Scarpelli, Massimo Troisi",False,Adapted Screenplay,thepostmanilpostino,,,,,,,,,,,,,,,,,,,,,left_only
1996,Film | Adapted Screenplay in 1996,Sense And Sensibility,Emma Thompson,False,Adapted Screenplay,senseandsensibility,4584.0,Sense and Sensibility,7.443,1522.0,Released,1995-12-13,134582776.0,136.0,False,16000000.0,tt0114388,en,Sense and Sensibility,22.296,"Drama, Romance","Mirage Enterprises, Columbia Pictures",United Kingdom,English,1995.0,senseandsensibility,both
1996,Film | Alexander Korda Award for the outstanding British Film of the Year in 1996,The Madness Of King George,"Stephen Evans, David Parfitt, Nicholas Hytner",True,Alexander Korda Award for the outstanding British Film of the Year,themadnessofkinggeorge,11318.0,The Madness of King George,6.71,210.0,Released,1994-12-28,15238994.0,107.0,False,0.0,tt0110428,en,The Madness of King George,10.732,"Comedy, Drama, History","Samuel Goldwyn Company, Close Call Films, Film4 Productions",United Kingdom,English,1994.0,themadnessofkinggeorge,both
1996,Film | Alexander Korda Award for the outstanding British Film of the Year in 1996,Carrington,"Ronald Shedlo, John McGrath, Christopher Hampton",False,Alexander Korda Award for the outstanding British Film of the Year,carrington,47018.0,Carrington,6.208,60.0,Released,1995-05-25,0.0,121.0,False,0.0,tt0112637,en,Carrington,6.847,"History, Drama, Romance","European Co-production Fund, StudioCanal, Cinéa, Freeway Films, Orsans Productions, PolyGram Filmed Entertainment, Euston Films","France, United Kingdom",English,1995.0,carrington,both
1996,Film | Alexander Korda Award for the outstanding British Film of the Year in 1996,Land And Freedom,"Rebecca O'Brien, Ken Loach",False,Alexander Korda Award for the outstanding British Film of the Year,landandfreedom,38884.0,Land and Freedom,7.392,232.0,Released,1995-04-07,0.0,109.0,False,0.0,tt0114671,en,Land and Freedom,23.284,"Drama, History, War, Romance","Road Movies, BIM Distribuzione, Filmstiftung Nordrhein-Westfalen, Diaphana Films, Eurimages, Road Movies Dritte Produktionen, Parallax Pictures, Degeto Film, BBC, Canal+ España, Working Title Films, British Screen Productions, Messidor Films, European Co-production Fund, TVE","France, Germany, Italy, Spain, United Kingdom, United States of America","Catalan, English, Spanish",1995.0,landandfreedom,both
1996,Film | Alexander Korda Award for the outstanding British Film of the Year in 1996,Trainspotting,"Andrew Macdonald, Danny Boyle",False,Alexander Korda Award for the outstanding British Film of the Year,trainspotting,627.0,Trainspotting,8.0,9017.0,Released,1996-02-23,16491080.0,94.0,False,4000000.0,tt0117951,en,Trainspotting,27.042,"Drama, Crime","Noel Gay Motion Picture Company, Figment Films, Film4 Productions, Miramax",United Kingdom,English,1996.0,trainspotting,both
1996,Film | Anthony Asquith Award for Original Film Music in 1996,The  Postman (Il Postino),Luis Bacalov,True,Anthony Asquith Award for Original Film Music,thepostmanilpostino,,,,,,,,,,,,,,,,,,,,,left_only
1996,Film | Anthony Asquith Award for Original Film Music in 1996,Braveheart,James Horner,False,Anthony Asquith Award for Original Film Music,braveheart,197.0,Braveheart,7.932,9347.0,Released,1995-05-24,213216216.0,177.0,False,72000000.0,tt0112573,en,Braveheart,33.766,"Action, Drama, History, War","Icon Entertainment International, The Ladd Company, B.H. Finance C.V.",United States of America,"English, French, Latin, Gaelic",1995.0,braveheart,both
1996,Film | Anthony Asquith Award for Original Film Music in 1996,The Madness Of King George,George Fenton,False,Anthony Asquith Award for Original Film Music,themadnessofkinggeorge,11318.0,The Madness of King George,6.71,210.0,Released,1994-12-28,15238994.0,107.0,False,0.0,tt0110428,en,The Madness of King George,10.732,"Comedy, Drama, History","Samuel Goldwyn Company, Close Call Films, Film4 Productions",United Kingdom,English,1994.0,themadnessofkinggeorge,both
1996,Film | Anthony Asquith Award for Original Film Music in 1996,Sense And Sensibility,Patrick Doyle,False,Anthony Asquith Award for Original Film Music,senseandsensibility,4584.0,Sense and Sensibility,7.443,1522.0,Released,1995-12-13,134582776.0,136.0,False,16000000.0,tt0114388,en,Sense and Sensibility,22.296,"Drama, Romance","Mirage Enterprises, Columbia Pictures",United Kingdom,English,1995.0,senseandsensibility,both
1996,Film | Cinematography in 1996,Braveheart,John Toll,True,Cinematography,braveheart,197.0,Braveheart,7.932,9347.0,Released,1995-05-24,213216216.0,177.0,False,72000000.0,tt0112573,en,Braveheart,33.766,"Action, Drama, History, War","Icon Entertainment International, The Ladd Company, B.H. Finance C.V.",United States of America,"English, French, Latin, Gaelic",1995.0,braveheart,both
1996,Film | Cinematography in 1996,Apollo 13,Dean Cundey,False,Cinematography,apollo13,568.0,Apollo 13,7.443,4997.0,Released,1995-06-30,355237933.0,140.0,False,52000000.0,tt0112384,en,Apollo 13,20.16,"Drama, History","Imagine Entertainment, Universal Pictures, TF1 International",United States of America,English,1995.0,apollo13,both
1996,Film | Cinematography in 1996,The Madness Of King George,Andrew Dunn,False,Cinematography,themadnessofkinggeorge,11318.0,The Madness of King George,6.71,210.0,Released,1994-12-28,15238994.0,107.0,False,0.0,tt0110428,en,The Madness of King George,10.732,"Comedy, Drama, History","Samuel Goldwyn Company, Close Call Films, Film4 Productions",United Kingdom,English,1994.0,themadnessofkinggeorge,both
1996,Film | Cinematography in 1996,Sense And Sensibility,Michael Coulter,False,Cinematography,senseandsensibility,4584.0,Sense and Sensibility,7.443,1522.0,Released,1995-12-13,134582776.0,136.0,False,16000000.0,tt0114388,en,Sense and Sensibility,22.296,"Drama, Romance","Mirage Enterprises, Columbia Pictures",United Kingdom,English,1995.0,senseandsensibility,both
1996,Film | Costume Design in 1996,Braveheart,Charles Knode,True,Costume Design,braveheart,197.0,Braveheart,7.932,9347.0,Released,1995-05-24,213216216.0,177.0,False,72000000.0,tt0112573,en,Braveheart,33.766,"Action, Drama, History, War","Icon Entertainment International, The Ladd Company, B.H. Finance C.V.",United States of America,"English, French, Latin, Gaelic",1995.0,braveheart,both
1996,Film | Costume Design in 1996,The Madness Of King George,Mark Thompson,False,Costume Design,themadnessofkinggeorge,11318.0,The Madness of King George,6.71,210.0,Released,1994-12-28,15238994.0,107.0,False,0.0,tt0110428,en,The Madness of King George,10.732,"Comedy, Drama, History","Samuel Goldwyn Company, Close Call Films, Film4 Productions",United Kingdom,English,1994.0,themadnessofkinggeorge,both
1996,Film | Costume Design in 1996,Restoration,James Acheson,False,Costume Design,restoration,35196.0,Restoration,6.118,102.0,Released,1995-12-29,0.0,117.0,False,19000000.0,tt0114272,en,Restoration,10.861,"Drama, Romance",Miramax,United States of America,English,1995.0,restoration,both
1996,Film | Costume Design in 1996,Sense And Sensibility,"Jenny Beavan, John Bright",False,Costume Design,senseandsensibility,4584.0,Sense and Sensibility,7.443,1522.0,Released,1995-12-13,134582776.0,136.0,False,16000000.0,tt0114388,en,Sense and Sensibility,22.296,"Drama, Romance","Mirage Enterprises, Columbia Pictures",United Kingdom,English,1995.0,senseandsensibility,both
1996,Film | David Lean Award for Achievement in Direction in 1996,The Postman (Il Postino),Michael Radford,True,David Lean Award for Achievement in Direction,thepostmanilpostino,,,,,,,,,,,,,,,,,,,,,left_only
1996,Film | David Lean Award for Achievement in Direction in 1996,Braveheart,Mel Gibson,False,David Lean Award for Achievement in Direction,braveheart,197.0,Braveheart,7.932,9347.0,Released,1995-05-24,213216216.0,177.0,False,72000000.0,tt0112573,en,Braveheart,33.766,"Action, Drama, History, War","Icon Entertainment International, The Ladd Company, B.H. Finance C.V.",United States of America,"English, French, Latin, Gaelic",1995.0,braveheart,both
1996,Film | David Lean Award for Achievement in Direction in 1996,The Madness Of King George,Nicholas Hytner,False,David Lean Award for Achievement in Direction,themadnessofkinggeorge,11318.0,The Madness of King George,6.71,210.0,Released,1994-12-28,15238994.0,107.0,False,0.0,tt0110428,en,The Madness of King George,10.732,"Comedy, Drama, History","Samuel Goldwyn Company, Close Call Films, Film4 Productions",United Kingdom,English,1994.0,themadnessofkinggeorge,both
1996,Film | David Lean Award for Achievement in Direction in 1996,Sense And Sensibility,Ang Lee,False,David Lean Award for Achievement in Direction,senseandsensibility,4584.0,Sense and Sensibility,7.443,1522.0,Released,1995-12-13,134582776.0,136.0,False,16000000.0,tt0114388,en,Sense and Sensibility,22.296,"Drama, Romance","Mirage Enterprises, Columbia Pictures",United Kingdom,English,1995.0,senseandsensibility,both
1996,Film | Editing in 1996,The Usual Suspects,John Ottman,True,Editing,theusualsuspects,629.0,The Usual Suspects,8.195,9604.0,Released,1995-07-19,23341568.0,106.0,False,6000000.0,tt0114814,en,The Usual Suspects,30.858,"Drama, Crime, Thriller","Bad Hat Harry Productions, Blue Parrot Productions",United States of America,"Spanish, English, French, Hungarian",1995.0,theusualsuspects,both
1996,Film | Editing in 1996,Apollo 13,"Mike Hill, Dan Hanley",False,Editing,apollo13,568.0,Apollo 13,7.443,4997.0,Released,1995-06-30,355237933.0,140.0,False,52000000.0,tt0112384,en,Apollo 13,20.16,"Drama, History","Imagine Entertainment, Universal Pictures, TF1 International",United States of America,English,1995.0,apollo13,both
1996,Film | Editing in 1996,Babe,"Marcus D'Arcy, Jay Friedkin",False,Editing,babe,9598.0,Babe,6.192,2657.0,Released,1995-07-18,254134910.0,91.0,False,30000000.0,tt0112431,en,Babe,25.864,"Fantasy, Drama, Comedy, Family","Universal Pictures, Kennedy Miller Productions","Australia, United States of America",English,1995.0,babe,both
1996,Film | Editing in 1996,The Madness Of King George,Tariq Anwar,False,Editing,themadnessofkinggeorge,11318.0,The Madness of King George,6.71,210.0,Released,1994-12-28,15238994.0,107.0,False,0.0,tt0110428,en,The Madness of King George,10.732,"Comedy, Drama, History","Samuel Goldwyn Company, Close Call Films, Film4 Productions",United Kingdom,English,1994.0,themadnessofkinggeorge,both
1996,Film | Fellowship in 1996,Jeanne Moreau,,True,Fellowship,jeannemoreau,,,,,,,,,,,,,,,,,,,,,left_only
1996,Film | Fellowship in 1996,John Schlesinger,,True,Fellowship,johnschlesinger,,,,,,,,,,,,,,,,,,,,,left_only
1996,Film | Fellowship in 1996,Ronald Neame,,True,Fellowship,ronaldneame,,,,,,,,,,,,,,,,,,,,,left_only
1996,Film | Fellowship in 1996,Maggie Smith,,True,Fellowship,maggiesmith,,,,,,,,,,,,,,,,,,,,,left_only
1996,Film | Film in 1996,Sense And Sensibility,"Lindsay Doran, Ang Lee",True,Film,senseandsensibility,4584.0,Sense and Sensibility,7.443,1522.0,Released,1995-12-13,134582776.0,136.0,False,16000000.0,tt0114388,en,Sense and Sensibility,22.296,"Drama, Romance","Mirage Enterprises, Columbia Pictures",United Kingdom,English,1995.0,senseandsensibility,both
1996,Film | Film in 1996,Babe,"George Miller, Doug Mitchell, Bill Miller, Chris Noonan",False,Film,babe,9598.0,Babe,6.192,2657.0,Released,1995-07-18,254134910.0,91.0,False,30000000.0,tt0112431,en,Babe,25.864,"Fantasy, Drama, Comedy, Family","Universal Pictures, Kennedy Miller Productions","Australia, United States of America",English,1995.0,babe,both
1996,Film | Film in 1996,The Madness Of King George,"Stephen Evans, David Parfitt, Nicholas Hytner",False,Film,themadnessofkinggeorge,11318.0,The Madness of King George,6.71,210.0,Released,1994-12-28,15238994.0,107.0,False,0.0,tt0110428,en,The Madness of King George,10.732,"Comedy, Drama, History","Samuel Goldwyn Company, Close Call Films, Film4 Productions",United Kingdom,English,1994.0,themadnessofkinggeorge,both
1996,Film | Film in 1996,The Usual Suspects,"Bryan Singer, Michael McDonnell",False,Film,theusualsuspects,629.0,The Usual Suspects,8.195,9604.0,Released,1995-07-19,23341568.0,106.0,False,6000000.0,tt0114814,en,The Usual Suspects,30.858,"Drama, Crime, Thriller","Bad Hat Harry Productions, Blue Parrot Productions",United States of America,"Spanish, English, French, Hungarian",1995.0,theusualsuspects,both
1996,Film | Film Not in the English Language in 1996,The Postman (Il Postino),"Mario Cecchi Gori, Vittorio Cecchi Gori, Gaetano Daniele, Michael Radford",True,Film Not in the English Language,thepostmanilpostino,,,,,,,,,,,,,,,,,,,,,left_only
1996,Film | Film Not in the English Language in 1996,Les Miserables,Claude Lelouch,False,Film Not in the English Language,lesmiserables,48750.0,Les Miserables,6.905,58.0,Released,1995-03-22,0.0,175.0,False,0.0,tt0113828,fr,Les Misérables,8.316,Drama,"TF1, Les Films 13, Canal+",France,French,1995.0,lesmiserables,both
1996,Film | Film Not in the English Language in 1996,Queen Margot (La Reine Margot),"Pierre Grunstein, Patrice Chereau",False,Film Not in the English Language,queenmargotlareinemargot,,,,,,,,,,,,,,,,,,,,,left_only
1996,Film | Film Not in the English Language in 1996,Burnt By The Sun (Utomlyonnye Solntsem),"Nikita Mikhalkov, Michel Seydoux",False,Film Not in the English Language,burntbythesunutomlyonnyesolntsem,,,,,,,,,,,,,,,,,,,,,left_only
1996,Film | Lloyds Bank People's Vote For The Most Popular Film in 1996,Braveheart,,True,Lloyds Bank People's Vote For The Most Popular Film,braveheart,197.0,Braveheart,7.932,9347.0,Released,1995-05-24,213216216.0,177.0,False,72000000.0,tt0112573,en,Braveheart,33.766,"Action, Drama, History, War","Icon Entertainment International, The Ladd Company, B.H. Finance C.V.",United States of America,"English, French, Latin, Gaelic",1995.0,braveheart,both
1996,Film | Make-Up And Hair in 1996,The Madness Of King George,Lisa Westcott,True,Make-Up And Hair,themadnessofkinggeorge,11318.0,The Madness of King George,6.71,210.0,Released,1994-12-28,15238994.0,107.0,False,0.0,tt0110428,en,The Madness of King George,10.732,"Comedy, Drama, History","Samuel Goldwyn Company, Close Call Films, Film4 Productions",United Kingdom,English,1994.0,themadnessofkinggeorge,both
1996,Film | Make-Up And Hair in 1996,Braveheart,"Peter Frampton, Paul Pattison, Lois Burwell",False,Make-Up And Hair,braveheart,197.0,Braveheart,7.932,9347.0,Released,1995-05-24,213216216.0,177.0,False,72000000.0,tt0112573,en,Braveheart,33.766,"Action, Drama, History, War","Icon Entertainment International, The Ladd Company, B.H. Finance C.V.",United States of America,"English, French, Latin, Gaelic",1995.0,braveheart,both
1996,Film | Make-Up And Hair in 1996,Ed Wood,"Ve Neill, Rick Baker, Yolanda Toussieng",False,Make-Up And Hair,edwood,522.0,Ed Wood,7.506,2112.0,Released,1994-09-27,5887457.0,127.0,False,18000000.0,tt0109707,en,Ed Wood,23.639,"Comedy, Drama, History",Touchstone Pictures,United States of America,English,1994.0,edwood,both
1996,Film | Make-Up And Hair in 1996,Sense And Sensibility,"Morag Ross, Jan Archibald",False,Make-Up And Hair,senseandsensibility,4584.0,Sense and Sensibility,7.443,1522.0,Released,1995-12-13,134582776.0,136.0,False,16000000.0,tt0114388,en,Sense and Sensibility,22.296,"Drama, Romance","Mirage Enterprises, Columbia Pictures",United Kingdom,English,1995.0,senseandsensibility,both
1996,Film | Original Screenplay in 1996,The Usual Suspects,Christopher McQuarrie,True,Original Screenplay,theusualsuspects,629.0,The Usual Suspects,8.195,9604.0,Released,1995-07-19,23341568.0,106.0,False,6000000.0,tt0114814,en,The Usual Suspects,30.858,"Drama, Crime, Thriller","Bad Hat Harry Productions, Blue Parrot Productions",United States of America,"Spanish, English, French, Hungarian",1995.0,theusualsuspects,both
1996,Film | Original Screenplay in 1996,Bullets Over Broadway,"Woody Allen, Douglas McGrath",False,Original Screenplay,bulletsoverbroadway,11382.0,Bullets Over Broadway,7.121,537.0,Released,1994-10-14,0.0,98.0,False,0.0,tt0109348,en,Bullets Over Broadway,14.295,"Comedy, Crime",Miramax,United States of America,English,1994.0,bulletsoverbroadway,both
1996,Film | Original Screenplay in 1996,Muriel's Wedding,PJ Hogan,False,Original Screenplay,murielswedding,236.0,Muriel's Wedding,6.868,394.0,Released,1994-09-29,15119639.0,106.0,False,3000000.0,tt0110598,en,Muriel's Wedding,14.054,"Comedy, Drama, Romance","CiBy 2000, Film Victoria, House & Moorhouse Films, Miramax","Australia, France","English, Japanese",1994.0,murielswedding,both
1996,Film | Original Screenplay in 1996,Seven,Andrew Kevin Walker,False,Original Screenplay,seven,754137.0,SEVEN,8.75,2.0,Released,2020-12-08,0.0,45.0,False,0.0,tt14771854,en,SEVEN,3.426,Documentary,"The Orchard, 1091 Pictures",United States of America,English,2020.0,seven,both
1996,Film | Outstanding British Contribution To Cinema in 1996,Mike Leigh,,True,Outstanding British Contribution To Cinema,mikeleigh,,,,,,,,,,,,,,,,,,,,,left_only
1996,Film | Production Design in 1996,Apollo 13,Michael Corenblith,True,Production Design,apollo13,568.0,Apollo 13,7.443,4997.0,Released,1995-06-30,355237933.0,140.0,False,52000000.0,tt0112384,en,Apollo 13,20.16,"Drama, History","Imagine Entertainment, Universal Pictures, TF1 International",United States of America,English,1995.0,apollo13,both
1996,Film | Production Design in 1996,Braveheart,Tom Sanders,False,Production Design,braveheart,197.0,Braveheart,7.932,9347.0,Released,1995-05-24,213216216.0,177.0,False,72000000.0,tt0112573,en,Braveheart,33.766,"Action, Drama, History, War","Icon Entertainment International, The Ladd Company, B.H. Finance C.V.",United States of America,"English, French, Latin, Gaelic",1995.0,braveheart,both
1996,Film | Production Design in 1996,The Madness Of King George,Ken Adam,False,Production Design,themadnessofkinggeorge,11318.0,The Madness of King George,6.71,210.0,Released,1994-12-28,15238994.0,107.0,False,0.0,tt0110428,en,The Madness of King George,10.732,"Comedy, Drama, History","Samuel Goldwyn Company, Close Call Films, Film4 Productions",United Kingdom,English,1994.0,themadnessofkinggeorge,both
1996,Film | Production Design in 1996,Sense And Sensibility,Luciana Arrighi,False,Production Design,senseandsensibility,4584.0,Sense and Sensibility,7.443,1522.0,Released,1995-12-13,134582776.0,136.0,False,16000000.0,tt0114388,en,Sense and Sensibility,22.296,"Drama, Romance","Mirage Enterprises, Columbia Pictures",United Kingdom,English,1995.0,senseandsensibility,both
1996,Film | Short Animation in 1996,A Close Shave,"Carla Shelly, Michael Rose, Nick Park",True,Short Animation,acloseshave,532.0,A Close Shave,7.536,711.0,Released,1995-04-10,0.0,30.0,False,0.0,tt0112691,en,A Close Shave,11.942,"Family, Animation, Comedy",Aardman,United Kingdom,English,1995.0,acloseshave,both
1996,Film | Short Animation in 1996,Achilles,"Glenn Holberton, Barry Purves",False,Short Animation,achilles,44318.0,Achilles,5.6,14.0,Released,1995-08-31,0.0,11.0,False,0.0,tt0164317,en,Achilles,2.056,"Animation, War, Fantasy, Drama, Romance","Bareboards Productions, Channel 4 Television",United Kingdom,English,1995.0,achilles,both
1996,Film | Short Animation in 1996,Gogs Ogof,"Deiniol Morris, Michael Mort",False,Short Animation,gogsogof,,,,,,,,,,,,,,,,,,,,,left_only
1996,Film | Short Animation in 1996,The Tickler Talks,Steven Harding-Hill,False,Short Animation,theticklertalks,,,,,,,,,,,,,,,,,,,,,left_only
1996,Film | Short Film in 1996,It's Not Unusual,"Asmaa Pirzada, Kfir Yefet",True,Short Film,itsnotunusual,,,,,,,,,,,,,,,,,,,,,left_only
1996,Film | Short Film in 1996,Cabbage,"Noelle Pickford, David Stewart",False,Short Film,cabbage,,,,,,,,,,,,,,,,,,,,,left_only
1996,Film | Short Film in 1996,Hello Hello Hello,"Helen Booth, James Roberts, David Thewlis",False,Short Film,hellohellohello,831759.0,"Hello, Hello, Hello",5.0,5.0,Released,1995-01-01,0.0,0.0,False,0.0,tt0113288,en,"Hello, Hello, Hello",0.802,Comedy,,United Kingdom,English,1995.0,hellohellohello,both
1996,Film | Short Film in 1996,The Last Post,"Neris Thomas, Edward Blum",False,Short Film,thelastpost,1298699.0,The Last Post,0.0,0.0,Released,2015-01-01,0.0,16.0,False,0.0,tt4443854,en,The Last Post,0.904,Comedy,"Panalux, Union Pictures, M.A.C. Productions",United Kingdom,,2015.0,thelastpost,both
1996,Film | Sound in 1996,Braveheart,"Per Hallberg, Lon Bender, Brian Simmons, Andy Nelson, Scott Millan, Anna Behlmer",True,Sound,braveheart,197.0,Braveheart,7.932,9347.0,Released,1995-05-24,213216216.0,177.0,False,72000000.0,tt0112573,en,Braveheart,33.766,"Action, Drama, History, War","Icon Entertainment International, The Ladd Company, B.H. Finance C.V.",United States of America,"English, French, Latin, Gaelic",1995.0,braveheart,both
1996,Film | Sound in 1996,Apollo 13,"David Macmillan, Rick Dior, Scott Millan, Steve Pederson",False,Sound,apollo13,568.0,Apollo 13,7.443,4997.0,Released,1995-06-30,355237933.0,140.0,False,52000000.0,tt0112384,en,Apollo 13,20.16,"Drama, History","Imagine Entertainment, Universal Pictures, TF1 International",United States of America,English,1995.0,apollo13,both
1996,Film | Sound in 1996,Goldeneye,"Jim Shields, David John, Graham Hartstone, John Hayward, Michael Carter",False,Sound,goldeneye,710.0,GoldenEye,6.88,3530.0,Released,1995-11-16,352194034.0,130.0,False,58000000.0,tt0113189,en,GoldenEye,26.642,"Adventure, Action, Thriller","Eon Productions, United Artists","United Kingdom, United States of America","English, Russian, Spanish",1995.0,goldeneye,both
1996,Film | Sound in 1996,Goldeneye,"Jim Shields, David John, Graham Hartstone, John Hayward, Michael Carter",False,Sound,goldeneye,141859.0,Goldeneye,5.927,41.0,Released,1989-08-26,0.0,105.0,False,0.0,tt0097446,en,Goldeneye,4.166,"TV Movie, Drama, History",ITV,United Kingdom,English,1989.0,goldeneye,both
1996,Film | Sound in 1996,The Madness Of King George,"Christopher Ackland, David Crozier, Robin O'Donoghue",False,Sound,themadnessofkinggeorge,11318.0,The Madness of King George,6.71,210.0,Released,1994-12-28,15238994.0,107.0,False,0.0,tt0110428,en,The Madness of King George,10.732,"Comedy, Drama, History","Samuel Goldwyn Company, Close Call Films, Film4 Productions",United Kingdom,English,1994.0,themadnessofkinggeorge,both
1996,Film | Special Award in 1996,Freddie Young,,True,Special Award,freddieyoung,,,,,,,,,,,,,,,,,,,,,left_only
2001,Film | Achievement in Special Visual Effects in 2001,"Stefen Fangmeier, John Frazier, Walt Conti,  Habib Zargarpour, Tim Alexander",The Perfect Storm,True,Achievement in Special Visual Effects,stefenfangmeierjohnfrazierwaltcontihabibzargarpourtimalexander,,,,,,,,,,,,,,,,,,,,,left_only
2001,Film | Achievement in Special Visual Effects in 2001,"Paddy Eason, Mark Nelmes, Dave Alex Riddett",Chicken Run,False,Achievement in Special Visual Effects,paddyeasonmarknelmesdavealexriddett,,,,,,,,,,,,,,,,,,,,,left_only
2001,Film | Achievement in Special Visual Effects in 2001,"Rob Hodgson, Leo Lo, Jonathan F Strylund, Bessie Cheuk, Travis Baumann","Crouching Tiger, Hidden Dragon (Wo Hu Cang Long)",False,Achievement in Special Visual Effects,robhodgsonleolojonathanfstrylundbessiecheuktravisbaumann,,,,,,,,,,,,,,,,,,,,,left_only
2001,Film | Achievement in Special Visual Effects in 2001,"John Nelson, Tim Burke, Rob Harvey, Neil Corbould",Gladiator,False,Achievement in Special Visual Effects,johnnelsontimburkerobharveyneilcorbould,,,,,,,,,,,,,,,,,,,,,left_only
2001,Film | Achievement in Special Visual Effects in 2001,"Kent Houston, Tricia Ashford, Neil Corbould, Paul Docherty, Dion Hatch",Vertical Limit,False,Achievement in Special Visual Effects,kenthoustontriciaashfordneilcorbouldpauldochertydionhatch,,,,,,,,,,,,,,,,,,,,,left_only
2001,Film | Actor in a Leading Role in 2001,Jamie Bell,Billy Elliot,True,Actor in a Leading Role,jamiebell,,,,,,,,,,,,,,,,,,,,,left_only
2001,Film | Actor in a Leading Role in 2001,Russell Crowe,Gladiator,False,Actor in a Leading Role,russellcrowe,,,,,,,,,,,,,,,,,,,,,left_only
2001,Film | Actor in a Leading Role in 2001,Michael Douglas,Wonder Boys,False,Actor in a Leading Role,michaeldouglas,,,,,,,,,,,,,,,,,,,,,left_only
2001,Film | Actor in a Leading Role in 2001,Tom Hanks,Cast Away,False,Actor in a Leading Role,tomhanks,,,,,,,,,,,,,,,,,,,,,left_only
2001,Film | Actor in a Leading Role in 2001,Geoffrey Rush,Quills,False,Actor in a Leading Role,geoffreyrush,,,,,,,,,,,,,,,,,,,,,left_only
2001,Film | Actor in a Supporting Role in 2001,Benicio Del Toro,Traffic,True,Actor in a Supporting Role,beniciodeltoro,,,,,,,,,,,,,,,,,,,,,left_only
2001,Film | Actor in a Supporting Role in 2001,Albert Finney,Erin Brockovich,False,Actor in a Supporting Role,albertfinney,,,,,,,,,,,,,,,,,,,,,left_only
2001,Film | Actor in a Supporting Role in 2001,Gary Lewis,Billy Elliot,False,Actor in a Supporting Role,garylewis,,,,,,,,,,,,,,,,,,,,,left_only
2001,Film | Actor in a Supporting Role in 2001,Joaquin Phoenix,Gladiator,False,Actor in a Supporting Role,joaquinphoenix,,,,,,,,,,,,,,,,,,,,,left_only
2001,Film | Actor in a Supporting Role in 2001,Oliver Reed,Gladiator,False,Actor in a Supporting Role,oliverreed,,,,,,,,,,,,,,,,,,,,,left_only
2001,Film | Actress in a Leading Role in 2001,Julia Roberts,Erin Brockovich,True,Actress in a Leading Role,juliaroberts,,,,,,,,,,,,,,,,,,,,,left_only
2001,Film | Actress in a Leading Role in 2001,Juliette Binoche,Chocolat,False,Actress in a Leading Role,juliettebinoche,,,,,,,,,,,,,,,,,,,,,left_only
2001,Film | Actress in a Leading Role in 2001,Kate Hudson,Almost Famous,False,Actress in a Leading Role,katehudson,,,,,,,,,,,,,,,,,,,,,left_only
2001,Film | Actress in a Leading Role in 2001,Hilary Swank,Boys Don't Cry,False,Actress in a Leading Role,hilaryswank,,,,,,,,,,,,,,,,,,,,,left_only
2001,Film | Actress in a Leading Role in 2001,Michelle Yeoh,"Crouching Tiger, Hidden Dragon (Wo Hu Cang Long)",False,Actress in a Leading Role,michelleyeoh,,,,,,,,,,,,,,,,,,,,,left_only
2001,Film | Actress in a Supporting Role in 2001,Julie Walters,Billy Elliot,True,Actress in a Supporting Role,juliewalters,,,,,,,,,,,,,,,,,,,,,left_only
2001,Film | Actress in a Supporting Role in 2001,Judi Dench,Chocolat,False,Actress in a Supporting Role,judidench,,,,,,,,,,,,,,,,,,,,,left_only
2001,Film | Actress in a Supporting Role in 2001,Frances McDormand,Almost Famous,False,Actress in a Supporting Role,francesmcdormand,,,,,,,,,,,,,,,,,,,,,left_only
2001,Film | Actress in a Supporting Role in 2001,Lena Olin,Chocolat,False,Actress in a Supporting Role,lenaolin,,,,,,,,,,,,,,,,,,,,,left_only
2001,Film | Actress in a Supporting Role in 2001,Zhang Ziyi,"Crouching Tiger, Hidden Dragon (Wo Hu Cang Long)",False,Actress in a Supporting Role,zhangziyi,,,,,,,,,,,,,,,,,,,,,left_only
2001,Film | Adapted Screenplay in 2001,Traffic,Stephen Gaghan,True,Adapted Screenplay,traffic,1900.0,Traffic,7.052,1928.0,Released,2000-03-23,207515725.0,147.0,False,48000000.0,tt0181865,en,Traffic,23.801,"Thriller, Drama, Crime","USA Films, Compulsion Inc., Initial Entertainment Group, Splendid Medien AG, Bedford Falls Productions","Germany, United States of America","Spanish, English",2000.0,traffic,both
2001,Film | Adapted Screenplay in 2001,Chocolat,Robert Nelson Jacobs,False,Adapted Screenplay,chocolat,392.0,Chocolat,6.962,3067.0,Released,2000-12-22,152500343.0,121.0,False,25000000.0,tt0241303,en,Chocolat,17.438,"Comedy, Drama, Romance","Fat Free, Miramax, David Brown Productions","United Kingdom, United States of America","English, French",2000.0,chocolat,both
2001,Film | Adapted Screenplay in 2001,High Fidelity,"DV De Vincentis, Steve Pink, John Cusack, Scott Rosenberg",False,Adapted Screenplay,highfidelity,243.0,High Fidelity,7.129,1783.0,Released,2000-03-17,47126295.0,113.0,False,30000000.0,tt0146882,en,High Fidelity,13.527,"Drama, Comedy, Romance, Music","Buena Vista Pictures, Touchstone Pictures, Working Title Films, Dogstar Films, New Crime Productions","United Kingdom, United States of America","Danish, English",2000.0,highfidelity,both
2001,Film | Adapted Screenplay in 2001,"Crouching Tiger, Hidden Dragon (Wo Hu Cang Long)","James Schamus, Wang Hui-Ling, Tsai Kuo-Jung",False,Adapted Screenplay,crouchingtigerhiddendragonwohucanglong,,,,,,,,,,,,,,,,,,,,,left_only
2001,Film | Adapted Screenplay in 2001,Wonder Boys,Steve Kloves,False,Adapted Screenplay,wonderboys,11004.0,Wonder Boys,6.821,541.0,Released,2000-02-22,0.0,111.0,False,35000000.0,tt0185014,en,Wonder Boys,15.102,"Comedy, Drama","Paramount, Curtis Hanson Productions, BBC, MFF Feature Film Productions, Marubeni, Mutual Film Company, Scott Rudin Productions, TOHO-TOWA","Germany, Japan, United Kingdom, United States of America",English,2000.0,wonderboys,both
2001,Film | Alexander Korda Award for the outstanding British Film of the Year in 2001,Billy Elliot,"Greg Brenman, Jon Finn, Stephen Daldry",True,Alexander Korda Award for the outstanding British Film of the Year,billyelliot,71.0,Billy Elliot,7.592,3561.0,Released,2000-09-28,109280263.0,110.0,False,5000000.0,tt0249462,en,Billy Elliot,22.18,"Drama, Comedy, Music","StudioCanal, BBC Film, Tiger Aspect, Arts Council of England, Working Title Films, WT2 Productions, Focus Features, Universal Pictures","France, United Kingdom, United States of America",English,2000.0,billyelliot,both
2001,Film | Alexander Korda Award for the outstanding British Film of the Year in 2001,Chicken Run,"Peter Lord, David Sproxton, Nick Park",False,Alexander Korda Award for the outstanding British Film of the Year,chickenrun,7443.0,Chicken Run,6.758,4494.0,Released,2000-06-23,224834564.0,84.0,False,45000000.0,tt0120630,en,Chicken Run,36.884,"Animation, Comedy, Family","DreamWorks Animation, Aardman, Pathé, DreamWorks Pictures","United Kingdom, United States of America, France",English,2000.0,chickenrun,both
2001,Film | Alexander Korda Award for the outstanding British Film of the Year in 2001,The House Of Mirth,"Olivia Stewart, Terence Davies",False,Alexander Korda Award for the outstanding British Film of the Year,thehouseofmirth,25520.0,The House of Mirth,6.367,64.0,Released,2000-09-23,5164404.0,140.0,False,10000000.0,tt0200720,en,The House of Mirth,7.554,"Drama, Romance","Granada Productions, Arts Council of England, Diaphana Films, The Glasgow Film Fund, National Lottery, Showtime Networks, Film4 Productions, Three Rivers Production, Progres Film Distribution, Kinowelt Median, The Scottish Arts Council","United Kingdom, France, Germany, United States of America","German, French, English",2000.0,thehouseofmirth,both
2001,Film | Alexander Korda Award for the outstanding British Film of the Year in 2001,Last Resort,"Ruth Caleb, Pawel Pawlikowski",False,Alexander Korda Award for the outstanding British Film of the Year,lastresort,31875.0,Last Resort,6.7,22.0,Released,2000-02-23,0.0,73.0,False,0.0,tt0258761,en,Last Resort,4.157,"Drama, Romance",BBC Film,United Kingdom,"English, Russian",2000.0,lastresort,both
2001,Film | Alexander Korda Award for the outstanding British Film of the Year in 2001,Sexy Beast,"Jeremy Thomas, Jonathan Glazer",False,Alexander Korda Award for the outstanding British Film of the Year,sexybeast,11826.0,Sexy Beast,6.965,662.0,Released,2001-01-12,0.0,89.0,False,5000000.0,tt0203119,en,Sexy Beast,12.884,"Crime, Drama, Thriller, Comedy","Fox Searchlight Pictures, Kanzaman Productions, Film4 Productions, Recorded Picture Company, 20th Century Fox","Spain, United Kingdom, United States of America","English, Spanish",2001.0,sexybeast,both
2001,Film | Anthony Asquith Award for Original Film Music in 2001,"Crouching Tiger, Hidden Dragon (Wo Hu Cang Long)",Tan Dun,True,Anthony Asquith Award for Original Film Music,crouchingtigerhiddendragonwohucanglong,,,,,,,,,,,,,,,,,,,,,left_only
2001,Film | Anthony Asquith Award for Original Film Music in 2001,Almost Famous,Nancy Wilson,False,Anthony Asquith Award for Original Film Music,almostfamous,786.0,Almost Famous,7.501,2459.0,Released,2000-09-15,47386287.0,124.0,False,60000000.0,tt0181875,en,Almost Famous,21.371,"Drama, Music","Columbia Pictures, Vinyl Films, DreamWorks Pictures",United States of America,English,2000.0,almostfamous,both
2001,Film | Anthony Asquith Award for Original Film Music in 2001,Billy Elliot,Stephen Warbeck,False,Anthony Asquith Award for Original Film Music,billyelliot,71.0,Billy Elliot,7.592,3561.0,Released,2000-09-28,109280263.0,110.0,False,5000000.0,tt0249462,en,Billy Elliot,22.18,"Drama, Comedy, Music","StudioCanal, BBC Film, Tiger Aspect, Arts Council of England, Working Title Films, WT2 Productions, Focus Features, Universal Pictures","France, United Kingdom, United States of America",English,2000.0,billyelliot,both
2001,Film | Anthony Asquith Award for Original Film Music in 2001,Gladiator,"Hans Zimmer, Lisa Gerrard",False,Anthony Asquith Award for Original Film Music,gladiator,98.0,Gladiator,8.209,16962.0,Released,2000-05-04,465361176.0,155.0,False,103000000.0,tt0172495,en,Gladiator,53.587,"Action, Drama, Adventure","Universal Pictures, Scott Free Productions, Red Wagon Entertainment, Mill Film, C & L, Dawliz, DreamWorks Pictures","United Kingdom, United States of America",English,2000.0,gladiator,both
2001,Film | Anthony Asquith Award for Original Film Music in 2001,O Brother Where Art Thou?,"T-Bone Burnett, Carter Burwell",False,Anthony Asquith Award for Original Film Music,obrotherwhereartthou,134.0,"O Brother, Where Art Thou?",7.321,3794.0,Released,2000-08-30,71870729.0,107.0,False,26000000.0,tt0190590,en,"O Brother, Where Art Thou?",23.423,"Adventure, Comedy, Crime","Universal Pictures, Touchstone Pictures, Working Title Films, Blind Bard Pictures, StudioCanal","France, United Kingdom, United States of America",English,2000.0,obrotherwhereartthou,both
2001,Film | Carl Foreman Award for the Most Promising Newcomer in British Film in 2001,Pawel Pawlikowski,The Last Resort,True,Carl Foreman Award for the Most Promising Newcomer in British Film,pawelpawlikowski,,,,,,,,,,,,,,,,,,,,,left_only
2001,Film | Carl Foreman Award for the Most Promising Newcomer in British Film in 2001,Simon Cellan-Jones,Some Voices,False,Carl Foreman Award for the Most Promising Newcomer in British Film,simoncellanjones,,,,,,,,,,,,,,,,,,,,,left_only
2001,Film | Carl Foreman Award for the Most Promising Newcomer in British Film in 2001,Mark Crowdy,Saving Grace,False,Carl Foreman Award for the Most Promising Newcomer in British Film,markcrowdy,,,,,,,,,,,,,,,,,,,,,left_only
2001,Film | Carl Foreman Award for the Most Promising Newcomer in British Film in 2001,Stephen Daldry,Billy Elliot,False,Carl Foreman Award for the Most Promising Newcomer in British Film,stephendaldry,,,,,,,,,,,,,,,,,,,,,left_only
2001,Film | Carl Foreman Award for the Most Promising Newcomer in British Film in 2001,Lee Hall,Billy Elliot,False,Carl Foreman Award for the Most Promising Newcomer in British Film,leehall,,,,,,,,,,,,,,,,,,,,,left_only
2001,Film | Cinematography in 2001,Gladiator,John Mathieson,True,Cinematography,gladiator,98.0,Gladiator,8.209,16962.0,Released,2000-05-04,465361176.0,155.0,False,103000000.0,tt0172495,en,Gladiator,53.587,"Action, Drama, Adventure","Universal Pictures, Scott Free Productions, Red Wagon Entertainment, Mill Film, C & L, Dawliz, DreamWorks Pictures","United Kingdom, United States of America",English,2000.0,gladiator,both
2001,Film | Cinematography in 2001,Billy Elliot,Brian Tufano,False,Cinematography,billyelliot,71.0,Billy Elliot,7.592,3561.0,Released,2000-09-28,109280263.0,110.0,False,5000000.0,tt0249462,en,Billy Elliot,22.18,"Drama, Comedy, Music","StudioCanal, BBC Film, Tiger Aspect, Arts Council of England, Working Title Films, WT2 Productions, Focus Features, Universal Pictures","France, United Kingdom, United States of America",English,2000.0,billyelliot,both
2001,Film | Cinematography in 2001,Chocolat,Roger Pratt,False,Cinematography,chocolat,392.0,Chocolat,6.962,3067.0,Released,2000-12-22,152500343.0,121.0,False,25000000.0,tt0241303,en,Chocolat,17.438,"Comedy, Drama, Romance","Fat Free, Miramax, David Brown Productions","United Kingdom, United States of America","English, French",2000.0,chocolat,both
2001,Film | Cinematography in 2001,O Brother Where Art Thou?,Roger Deakins,False,Cinematography,obrotherwhereartthou,134.0,"O Brother, Where Art Thou?",7.321,3794.0,Released,2000-08-30,71870729.0,107.0,False,26000000.0,tt0190590,en,"O Brother, Where Art Thou?",23.423,"Adventure, Comedy, Crime","Universal Pictures, Touchstone Pictures, Working Title Films, Blind Bard Pictures, StudioCanal","France, United Kingdom, United States of America",English,2000.0,obrotherwhereartthou,both
2001,Film | Cinematography in 2001,"Crouching Tiger, Hidden Dragon (Wo Hu Cang Long)",Peter Pau,False,Cinematography,crouchingtigerhiddendragonwohucanglong,,,,,,,,,,,,,,,,,,,,,left_only
2001,Film | Costume Design in 2001,"Crouching Tiger, Hidden Dragon (Wo Hu Cang Long)",Tim Yip,True,Costume Design,crouchingtigerhiddendragonwohucanglong,,,,,,,,,,,,,,,,,,,,,left_only
2001,Film | Costume Design in 2001,Chocolat,Renee Ehrlich Kalfus,False,Costume Design,chocolat,392.0,Chocolat,6.962,3067.0,Released,2000-12-22,152500343.0,121.0,False,25000000.0,tt0241303,en,Chocolat,17.438,"Comedy, Drama, Romance","Fat Free, Miramax, David Brown Productions","United Kingdom, United States of America","English, French",2000.0,chocolat,both
2001,Film | Costume Design in 2001,Gladiator,Janty Yates,False,Costume Design,gladiator,98.0,Gladiator,8.209,16962.0,Released,2000-05-04,465361176.0,155.0,False,103000000.0,tt0172495,en,Gladiator,53.587,"Action, Drama, Adventure","Universal Pictures, Scott Free Productions, Red Wagon Entertainment, Mill Film, C & L, Dawliz, DreamWorks Pictures","United Kingdom, United States of America",English,2000.0,gladiator,both
2001,Film | Costume Design in 2001,The House Of Mirth,Monica Howe,False,Costume Design,thehouseofmirth,25520.0,The House of Mirth,6.367,64.0,Released,2000-09-23,5164404.0,140.0,False,10000000.0,tt0200720,en,The House of Mirth,7.554,"Drama, Romance","Granada Productions, Arts Council of England, Diaphana Films, The Glasgow Film Fund, National Lottery, Showtime Networks, Film4 Productions, Three Rivers Production, Progres Film Distribution, Kinowelt Median, The Scottish Arts Council","United Kingdom, France, Germany, United States of America","German, French, English",2000.0,thehouseofmirth,both
2001,Film | Costume Design in 2001,Quills,Jacqueline West,False,Costume Design,quills,10876.0,Quills,7.109,575.0,Released,2000-11-22,7060876.0,124.0,False,13500000.0,tt0180073,en,Quills,16.043,Drama,"Charenton Productions, Fox Searchlight Pictures, Industry Entertainment, Walrus & Associates, Hollywood Partners","Germany, United Kingdom, United States of America",English,2000.0,quills,both
2001,Film | David Lean Award for Achievement in Direction in 2001,"Crouching Tiger, Hidden Dragon (Wo Hu Cang Long)",Ang Lee,True,David Lean Award for Achievement in Direction,crouchingtigerhiddendragonwohucanglong,,,,,,,,,,,,,,,,,,,,,left_only
2001,Film | David Lean Award for Achievement in Direction in 2001,Billy Elliot,Stephen Daldry,False,David Lean Award for Achievement in Direction,billyelliot,71.0,Billy Elliot,7.592,3561.0,Released,2000-09-28,109280263.0,110.0,False,5000000.0,tt0249462,en,Billy Elliot,22.18,"Drama, Comedy, Music","StudioCanal, BBC Film, Tiger Aspect, Arts Council of England, Working Title Films, WT2 Productions, Focus Features, Universal Pictures","France, United Kingdom, United States of America",English,2000.0,billyelliot,both
2001,Film | David Lean Award for Achievement in Direction in 2001,Erin Brockovich,Steven Soderbergh,False,David Lean Award for Achievement in Direction,erinbrockovich,462.0,Erin Brockovich,7.417,2855.0,Released,2000-03-17,256271286.0,131.0,False,52000000.0,tt0195685,en,Erin Brockovich,22.495,Drama,Jersey Films,United States of America,English,2000.0,erinbrockovich,both
2001,Film | David Lean Award for Achievement in Direction in 2001,Gladiator,Ridley Scott,False,David Lean Award for Achievement in Direction,gladiator,98.0,Gladiator,8.209,16962.0,Released,2000-05-04,465361176.0,155.0,False,103000000.0,tt0172495,en,Gladiator,53.587,"Action, Drama, Adventure","Universal Pictures, Scott Free Productions, Red Wagon Entertainment, Mill Film, C & L, Dawliz, DreamWorks Pictures","United Kingdom, United States of America",English,2000.0,gladiator,both
2001,Film | David Lean Award for Achievement in Direction in 2001,Traffic,Steven Soderbergh,False,David Lean Award for Achievement in Direction,traffic,1900.0,Traffic,7.052,1928.0,Released,2000-03-23,207515725.0,147.0,False,48000000.0,tt0181865,en,Traffic,23.801,"Thriller, Drama, Crime","USA Films, Compulsion Inc., Initial Entertainment Group, Splendid Medien AG, Bedford Falls Productions","Germany, United States of America","Spanish, English",2000.0,traffic,both
2001,Film | Editing in 2001,Gladiator,Pietro Scalia,True,Editing,gladiator,98.0,Gladiator,8.209,16962.0,Released,2000-05-04,465361176.0,155.0,False,103000000.0,tt0172495,en,Gladiator,53.587,"Action, Drama, Adventure","Universal Pictures, Scott Free Productions, Red Wagon Entertainment, Mill Film, C & L, Dawliz, DreamWorks Pictures","United Kingdom, United States of America",English,2000.0,gladiator,both
2001,Film | Editing in 2001,Billy Elliot,John Wilson,False,Editing,billyelliot,71.0,Billy Elliot,7.592,3561.0,Released,2000-09-28,109280263.0,110.0,False,5000000.0,tt0249462,en,Billy Elliot,22.18,"Drama, Comedy, Music","StudioCanal, BBC Film, Tiger Aspect, Arts Council of England, Working Title Films, WT2 Productions, Focus Features, Universal Pictures","France, United Kingdom, United States of America",English,2000.0,billyelliot,both
2001,Film | Editing in 2001,Erin Brockovich,Anne V Coates,False,Editing,erinbrockovich,462.0,Erin Brockovich,7.417,2855.0,Released,2000-03-17,256271286.0,131.0,False,52000000.0,tt0195685,en,Erin Brockovich,22.495,Drama,Jersey Films,United States of America,English,2000.0,erinbrockovich,both
2001,Film | Editing in 2001,Traffic,Stephen Mirrione,False,Editing,traffic,1900.0,Traffic,7.052,1928.0,Released,2000-03-23,207515725.0,147.0,False,48000000.0,tt0181865,en,Traffic,23.801,"Thriller, Drama, Crime","USA Films, Compulsion Inc., Initial Entertainment Group, Splendid Medien AG, Bedford Falls Productions","Germany, United States of America","Spanish, English",2000.0,traffic,both
2001,Film | Editing in 2001,"Crouching Tiger, Hidden Dragon (Wo Hu Cang Long)",Tim Squyres,False,Editing,crouchingtigerhiddendragonwohucanglong,,,,,,,,,,,,,,,,,,,,,left_only
2001,Film | Fellowship in 2001,Albert Finney,,True,Fellowship,albertfinney,,,,,,,,,,,,,,,,,,,,,left_only
2001,Film | Fellowship in 2001,Judi Dench,,True,Fellowship,judidench,,,,,,,,,,,,,,,,,,,,,left_only
2001,Film | Film in 2001,Gladiator,"Douglas Wick, David Franzoni,  Branko Lustig",True,Film,gladiator,98.0,Gladiator,8.209,16962.0,Released,2000-05-04,465361176.0,155.0,False,103000000.0,tt0172495,en,Gladiator,53.587,"Action, Drama, Adventure","Universal Pictures, Scott Free Productions, Red Wagon Entertainment, Mill Film, C & L, Dawliz, DreamWorks Pictures","United Kingdom, United States of America",English,2000.0,gladiator,both
2001,Film | Film in 2001,Almost Famous,"Cameron Crowe, Ian Bryce",False,Film,almostfamous,786.0,Almost Famous,7.501,2459.0,Released,2000-09-15,47386287.0,124.0,False,60000000.0,tt0181875,en,Almost Famous,21.371,"Drama, Music","Columbia Pictures, Vinyl Films, DreamWorks Pictures",United States of America,English,2000.0,almostfamous,both
2001,Film | Film in 2001,Billy Elliot,"Greg Brenman, Jon Finn",False,Film,billyelliot,71.0,Billy Elliot,7.592,3561.0,Released,2000-09-28,109280263.0,110.0,False,5000000.0,tt0249462,en,Billy Elliot,22.18,"Drama, Comedy, Music","StudioCanal, BBC Film, Tiger Aspect, Arts Council of England, Working Title Films, WT2 Productions, Focus Features, Universal Pictures","France, United Kingdom, United States of America",English,2000.0,billyelliot,both
2001,Film | Film in 2001,Erin Brockovich,"Danny De Vito, Michael Shamberg, Stacey Sher",False,Film,erinbrockovich,462.0,Erin Brockovich,7.417,2855.0,Released,2000-03-17,256271286.0,131.0,False,52000000.0,tt0195685,en,Erin Brockovich,22.495,Drama,Jersey Films,United States of America,English,2000.0,erinbrockovich,both
2001,Film | Film in 2001,"Crouching Tiger, Hidden Dragon (Wo Hu Cang Long)","Bill Kong, Hsu Li Kong, Ang Lee",False,Film,crouchingtigerhiddendragonwohucanglong,,,,,,,,,,,,,,,,,,,,,left_only
2001,Film | Film Not in the English Language in 2001,"Crouching Tiger, Hidden Dragon (Wo Hu Cang Long)","Bill Kong, Hsu Li Kong, Ang Lee",True,Film Not in the English Language,crouchingtigerhiddendragonwohucanglong,,,,,,,,,,,,,,,,,,,,,left_only
2001,Film | Film Not in the English Language in 2001,In The Mood For Love (Fa Yeung Nin Wa),Wong Kar-Wai,False,Film Not in the English Language,inthemoodforlovefayeungninwa,,,,,,,,,,,,,,,,,,,,,left_only
2001,Film | Film Not in the English Language in 2001,The Girl On The Bridge (La Fille Sur Le Pont),"Christian Fechner, Patrice Leconte",False,Film Not in the English Language,thegirlonthebridgelafillesurlepont,,,,,,,,,,,,,,,,,,,,,left_only
2001,Film | Film Not in the English Language in 2001,"Harry, He's Here To Help (Harry, Un Ami Qui Vous Veut Du Bien)","Michel Saint-Jean, Dominik Moll",False,Film Not in the English Language,harryhesheretohelpharryunamiquivousveutdubien,,,,,,,,,,,,,,,,,,,,,left_only
2001,Film | Film Not in the English Language in 2001,Malena,"Harvey Weinstein, Carlo Bernasconi, Giuseppe Tornatore",False,Film Not in the English Language,malena,10867.0,Malena,7.428,2010.0,Released,2000-03-16,14493284.0,109.0,False,0.0,tt0213847,it,Malèna,37.724,Drama,"Miramax, Medusa Produzione, Pacific Pictures, TELE+","Italy, United States of America",Italian,2000.0,malena,both
2001,Film | Make-Up And Hair in 2001,The Grinch,"Rick Baker, Kazuhiro Tsuji, Tony G, Gail Ryan, Sylvia Nava",True,Make-Up And Hair,thegrinch,360920.0,The Grinch,6.828,3401.0,Released,2018-11-08,508575295.0,85.0,False,75000000.0,tt2709692,en,The Grinch,36.415,"Animation, Family, Comedy, Fantasy","Illumination, Dr. Seuss Enterprises, Universal Animation Studios",United States of America,English,2018.0,thegrinch,both
2001,Film | Make-Up And Hair in 2001,Chocolat,Naomi Donne,False,Make-Up And Hair,chocolat,392.0,Chocolat,6.962,3067.0,Released,2000-12-22,152500343.0,121.0,False,25000000.0,tt0241303,en,Chocolat,17.438,"Comedy, Drama, Romance","Fat Free, Miramax, David Brown Productions","United Kingdom, United States of America","English, French",2000.0,chocolat,both
2001,Film | Make-Up And Hair in 2001,Gladiator,"Paul Engelen, Graham Johnston",False,Make-Up And Hair,gladiator,98.0,Gladiator,8.209,16962.0,Released,2000-05-04,465361176.0,155.0,False,103000000.0,tt0172495,en,Gladiator,53.587,"Action, Drama, Adventure","Universal Pictures, Scott Free Productions, Red Wagon Entertainment, Mill Film, C & L, Dawliz, DreamWorks Pictures","United Kingdom, United States of America",English,2000.0,gladiator,both
2001,Film | Make-Up And Hair in 2001,Quills,"Peter King, Nuala Conway",False,Make-Up And Hair,quills,10876.0,Quills,7.109,575.0,Released,2000-11-22,7060876.0,124.0,False,13500000.0,tt0180073,en,Quills,16.043,Drama,"Charenton Productions, Fox Searchlight Pictures, Industry Entertainment, Walrus & Associates, Hollywood Partners","Germany, United Kingdom, United States of America",English,2000.0,quills,both
2001,Film | Make-Up And Hair in 2001,"Crouching Tiger, Hidden Dragon (Wo Hu Cang Long)","Man Yun Ling, Chau Siu Mui",False,Make-Up And Hair,crouchingtigerhiddendragonwohucanglong,,,,,,,,,,,,,,,,,,,,,left_only
2001,Film | Orange Film Of The Year in 2001,Gladiator,,True,Orange Film Of The Year,gladiator,98.0,Gladiator,8.209,16962.0,Released,2000-05-04,465361176.0,155.0,False,103000000.0,tt0172495,en,Gladiator,53.587,"Action, Drama, Adventure","Universal Pictures, Scott Free Productions, Red Wagon Entertainment, Mill Film, C & L, Dawliz, DreamWorks Pictures","United Kingdom, United States of America",English,2000.0,gladiator,both
2001,Film | Original Screenplay in 2001,Almost Famous,Cameron Crowe,True,Original Screenplay,almostfamous,786.0,Almost Famous,7.501,2459.0,Released,2000-09-15,47386287.0,124.0,False,60000000.0,tt0181875,en,Almost Famous,21.371,"Drama, Music","Columbia Pictures, Vinyl Films, DreamWorks Pictures",United States of America,English,2000.0,almostfamous,both
2001,Film | Original Screenplay in 2001,Billy Elliot,Lee Hall,False,Original Screenplay,billyelliot,71.0,Billy Elliot,7.592,3561.0,Released,2000-09-28,109280263.0,110.0,False,5000000.0,tt0249462,en,Billy Elliot,22.18,"Drama, Comedy, Music","StudioCanal, BBC Film, Tiger Aspect, Arts Council of England, Working Title Films, WT2 Productions, Focus Features, Universal Pictures","France, United Kingdom, United States of America",English,2000.0,billyelliot,both
2001,Film | Original Screenplay in 2001,Erin Brockovich,Susannah Grant,False,Original Screenplay,erinbrockovich,462.0,Erin Brockovich,7.417,2855.0,Released,2000-03-17,256271286.0,131.0,False,52000000.0,tt0195685,en,Erin Brockovich,22.495,Drama,Jersey Films,United States of America,English,2000.0,erinbrockovich,both
2001,Film | Original Screenplay in 2001,Gladiator,"David Franzoni, John Logan, William Nicholson",False,Original Screenplay,gladiator,98.0,Gladiator,8.209,16962.0,Released,2000-05-04,465361176.0,155.0,False,103000000.0,tt0172495,en,Gladiator,53.587,"Action, Drama, Adventure","Universal Pictures, Scott Free Productions, Red Wagon Entertainment, Mill Film, C & L, Dawliz, DreamWorks Pictures","United Kingdom, United States of America",English,2000.0,gladiator,both
2001,Film | Original Screenplay in 2001,O Brother Where Art Thou?,"Ethan Coen, Joel Coen",False,Original Screenplay,obrotherwhereartthou,134.0,"O Brother, Where Art Thou?",7.321,3794.0,Released,2000-08-30,71870729.0,107.0,False,26000000.0,tt0190590,en,"O Brother, Where Art Thou?",23.423,"Adventure, Comedy, Crime","Universal Pictures, Touchstone Pictures, Working Title Films, Blind Bard Pictures, StudioCanal","France, United Kingdom, United States of America",English,2000.0,obrotherwhereartthou,both
2001,Film | Outstanding British Contribution To Cinema in 2001,Mary Selway,,True,Outstanding British Contribution To Cinema,maryselway,,,,,,,,,,,,,,,,,,,,,left_only
2001,Film | Production Design in 2001,Gladiator,Arthur Max,True,Production Design,gladiator,98.0,Gladiator,8.209,16962.0,Released,2000-05-04,465361176.0,155.0,False,103000000.0,tt0172495,en,Gladiator,53.587,"Action, Drama, Adventure","Universal Pictures, Scott Free Productions, Red Wagon Entertainment, Mill Film, C & L, Dawliz, DreamWorks Pictures","United Kingdom, United States of America",English,2000.0,gladiator,both
2001,Film | Production Design in 2001,Chocolat,David Gropman,False,Production Design,chocolat,392.0,Chocolat,6.962,3067.0,Released,2000-12-22,152500343.0,121.0,False,25000000.0,tt0241303,en,Chocolat,17.438,"Comedy, Drama, Romance","Fat Free, Miramax, David Brown Productions","United Kingdom, United States of America","English, French",2000.0,chocolat,both
2001,Film | Production Design in 2001,O Brother Where Art Thou?,Dennis Gassner,False,Production Design,obrotherwhereartthou,134.0,"O Brother, Where Art Thou?",7.321,3794.0,Released,2000-08-30,71870729.0,107.0,False,26000000.0,tt0190590,en,"O Brother, Where Art Thou?",23.423,"Adventure, Comedy, Crime","Universal Pictures, Touchstone Pictures, Working Title Films, Blind Bard Pictures, StudioCanal","France, United Kingdom, United States of America",English,2000.0,obrotherwhereartthou,both
2001,Film | Production Design in 2001,Quills,Martin Childs,False,Production Design,quills,10876.0,Quills,7.109,575.0,Released,2000-11-22,7060876.0,124.0,False,13500000.0,tt0180073,en,Quills,16.043,Drama,"Charenton Productions, Fox Searchlight Pictures, Industry Entertainment, Walrus & Associates, Hollywood Partners","Germany, United Kingdom, United States of America",English,2000.0,quills,both
2001,Film | Production Design in 2001,"Crouching Tiger, Hidden Dragon (Wo Hu Cang Long)",Tim Yip,False,Production Design,crouchingtigerhiddendragonwohucanglong,,,,,,,,,,,,,,,,,,,,,left_only
2001,Film | Short Animation in 2001,Father And Daughter,"Claire Jennings, Willem Thijssen, Michael Dudok De Wit",True,Short Animation,fatheranddaughter,48617.0,Father and Daughter,7.412,153.0,Released,2001-04-19,0.0,8.0,False,0.0,tt0279079,xx,Father and Daughter,4.954,"Animation, Drama","Dutch Film Fund, UK Film Council, Dutch Cultural Broadcasting Promotional Fund, CinéTé Filmproduktie B.V., VPRO","Belgium, Netherlands, United Kingdom",No Language,2001.0,fatheranddaughter,both
2001,Film | Short Animation in 2001,Cloud Cover,Lisbeth Svärling,False,Short Animation,cloudcover,597041.0,Cloud Cover,0.0,0.0,Released,2000-04-04,0.0,6.0,False,0.0,tt0290534,en,Cloud Cover,0.6,Animation,,United Kingdom,,2000.0,cloudcover,both
2001,Film | Short Animation in 2001,Lounge Act,"Teun Hilte, Gareth Love",False,Short Animation,loungeact,,,,,,,,,,,,,,,,,,,,,left_only
2001,Film | Short Animation in 2001,Six Of One,"Phil Davies, Tim Webb",False,Short Animation,sixofone,,,,,,,,,,,,,,,,,,,,,left_only
2001,Film | Short Film in 2001,Shadowscan,"Gary Holding, Justine Leahy, Tinge Krishnan",True,Short Film,shadowscan,928932.0,Shadowscan,0.0,0.0,Released,2000-01-01,0.0,11.0,False,0.0,tt0275669,en,Shadowscan,0.6,Drama,British Film Institute Production Board,United Kingdom,,2000.0,shadowscan,both
2001,Film | Short Film in 2001,Going Down,"Soledad Gatti-Pascual, Tom Shankland , Jane Harris",False,Short Film,goingdown,104055.0,Going Down,5.6,7.0,Released,2003-04-11,0.0,84.0,False,0.0,tt0352375,en,Going Down,2.315,Comedy,"Wasatch Screen Partners, PAIA Pictures",United States of America,English,2003.0,goingdown,both
2001,Film | Short Film in 2001,Going Down,"Soledad Gatti-Pascual, Tom Shankland , Jane Harris",False,Short Film,goingdown,942865.0,Going Down?,10.0,1.0,Released,2019-05-26,0.0,0.0,False,0.0,,en,Going Down?,0.6,"Comedy, Drama",Frank and Friends Productions,United States of America,English,2019.0,goingdown,both
2001,Film | Short Film in 2001,Je T'Aime John Wayne,"Luke Morris, Toby MacDonald, Luke Ponte",False,Short Film,jetaimejohnwayne,49301.0,Je T'Aime John Wayne,5.868,19.0,Released,2000-11-11,0.0,10.0,False,0.0,tt0277050,en,Je T'Aime John Wayne,1.505,Comedy,,United Kingdom,"English, French",2000.0,jetaimejohnwayne,both
2001,Film | Short Film in 2001,The Last Post,"Lee Santana, Dominic Santana",False,Short Film,thelastpost,1298699.0,The Last Post,0.0,0.0,Released,2015-01-01,0.0,16.0,False,0.0,tt4443854,en,The Last Post,0.904,Comedy,"Panalux, Union Pictures, M.A.C. Productions",United Kingdom,,2015.0,thelastpost,both
2001,Film | Short Film in 2001,Sweet,"Rob Mercer, James Pilkington",False,Short Film,sweet,59055.0,Sweet,7.0,8.0,Released,2000-01-01,0.0,10.0,False,0.0,tt0330955,en,Sweet,1.237,Comedy,,United Kingdom,English,2000.0,sweet,both
2001,Film | Short Film in 2001,Sweet,"Rob Mercer, James Pilkington",False,Short Film,sweet,911012.0,sweet,0.0,0.0,Released,2009-12-01,0.0,1.0,False,0.0,,en,sweet,0.6,,,,,2009.0,sweet,both
2001,Film | Sound in 2001,Almost Famous,"Jeff Wexler, DM Hemphill, Rick Kline, Paul Massey, Mike Wilhoit",True,Sound,almostfamous,786.0,Almost Famous,7.501,2459.0,Released,2000-09-15,47386287.0,124.0,False,60000000.0,tt0181875,en,Almost Famous,21.371,"Drama, Music","Columbia Pictures, Vinyl Films, DreamWorks Pictures",United States of America,English,2000.0,almostfamous,both
2001,Film | Sound in 2001,Billy Elliot,"Mark Holding, Mike Prestwood Smith, Zane Hayward",False,Sound,billyelliot,71.0,Billy Elliot,7.592,3561.0,Released,2000-09-28,109280263.0,110.0,False,5000000.0,tt0249462,en,Billy Elliot,22.18,"Drama, Comedy, Music","StudioCanal, BBC Film, Tiger Aspect, Arts Council of England, Working Title Films, WT2 Productions, Focus Features, Universal Pictures","France, United Kingdom, United States of America",English,2000.0,billyelliot,both
2001,Film | Sound in 2001,Gladiator,"Ken Weston, Scott Millan, Bob Beemer, Per Hallberg",False,Sound,gladiator,98.0,Gladiator,8.209,16962.0,Released,2000-05-04,465361176.0,155.0,False,103000000.0,tt0172495,en,Gladiator,53.587,"Action, Drama, Adventure","Universal Pictures, Scott Free Productions, Red Wagon Entertainment, Mill Film, C & L, Dawliz, DreamWorks Pictures","United Kingdom, United States of America",English,2000.0,gladiator,both
2001,Film | Sound in 2001,The Perfect Storm,"Keith A Wester, John Reitz, Gregg Rudloff, David Campbell, Wylie Stateman, Kelly Cabral",False,Sound,theperfectstorm,2133.0,The Perfect Storm,6.426,2044.0,Released,2000-06-29,325756637.0,130.0,False,120000000.0,tt0177971,en,The Perfect Storm,28.327,"Action, Adventure, Drama, Thriller","Baltimore Spring Creek Productions, Radiant Productions, Warner Bros. Pictures",United States of America,English,2000.0,theperfectstorm,both
2001,Film | Sound in 2001,"Crouching Tiger, Hidden Dragon (Wo Hu Cang Long)","Andrew Paul Kunin, Reilly Steele, Eugene Gearty, Robert Fernandez",False,Sound,crouchingtigerhiddendragonwohucanglong,,,,,,,,,,,,,,,,,,,,,left_only
2001,Film | Special Award in 2001,Guy Green,,True,Special Award,guygreen,,,,,,,,,,,,,,,,,,,,,left_only
2001,Film | Special Award in 2001,Jack Cardiff,,True,Special Award,jackcardiff,,,,,,,,,,,,,,,,,,,,,left_only
2016,Film | Adapted Screenplay in 2016,The Big Short,"Adam McKay, Charles Randolph",True,Adapted Screenplay,thebigshort,318846.0,The Big Short,7.344,8320.0,Released,2015-12-11,133346506.0,131.0,False,28000000.0,tt1596363,en,The Big Short,34.348,"Comedy, Drama","Plan B Entertainment, Paramount, Regency Enterprises",United States of America,English,2015.0,thebigshort,both
2016,Film | Adapted Screenplay in 2016,Brooklyn,Nick Hornby,False,Adapted Screenplay,brooklyn,167073.0,Brooklyn,7.31,2929.0,Released,2015-10-20,62076141.0,111.0,False,11000000.0,tt2381111,en,Brooklyn,15.519,"Romance, Drama","Wildgaze Films, Item 7, Parallel Films, Fís Éireann/Screen Ireland","Ireland, United Kingdom, Canada",English,2015.0,brooklyn,both
2016,Film | Adapted Screenplay in 2016,Carol,Phyllis Nagy,False,Adapted Screenplay,carol,258480.0,Carol,7.494,3439.0,Released,2015-11-20,40272135.0,118.0,False,11800000.0,tt2402927,en,Carol,14.888,"Romance, Drama","Killer Films, Number 9 Films, Film4 Productions","United Kingdom, United States of America",English,2015.0,carol,both
2016,Film | Adapted Screenplay in 2016,Room,Emma Donoghue,False,Adapted Screenplay,room,264644.0,Room,8.033,8684.0,Released,2015-10-16,35401758.0,118.0,False,13000000.0,tt3170832,en,Room,17.002,"Drama, Thriller","Elevation Pictures, Téléfilm Canada, Element Pictures, FilmNation Entertainment, No Trace Camping, Film4 Productions, Fís Éireann/Screen Ireland","Canada, Ireland, United Kingdom, United States of America",English,2015.0,room,both
2016,Film | Adapted Screenplay in 2016,Room,Emma Donoghue,False,Adapted Screenplay,room,1120724.0,ROOM,0.0,0.0,Released,2023-05-11,0.0,9.0,False,0.0,,en,ROOM,0.6,Animation,,,,2023.0,room,both
2016,Film | Adapted Screenplay in 2016,Steve Jobs,Aaron Sorkin,False,Adapted Screenplay,stevejobs,321697.0,Steve Jobs,6.769,3894.0,Released,2015-10-09,34441873.0,122.0,False,30000000.0,tt2080374,en,Steve Jobs,11.885,"Drama, History","Universal Pictures, Scott Rudin Productions, Legendary Pictures, The Mark Gordon Company, Management 360, Cloud Eight Films","United Kingdom, United States of America",English,2015.0,stevejobs,both
2016,Film | Animated Film in 2016,Inside Out,Pete Docter,True,Animated Film,insideout,150540.0,Inside Out,7.922,19463.0,Released,2015-06-09,857611174.0,95.0,False,175000000.0,tt2096673,en,Inside Out,107.292,"Animation, Family, Adventure, Drama, Comedy","Pixar, Walt Disney Pictures",United States of America,English,2015.0,insideout,both
2016,Film | Animated Film in 2016,Inside Out,Pete Docter,True,Animated Film,insideout,44227.0,Inside-Out,6.2,10.0,Released,1999-01-01,0.0,7.0,False,0.0,tt0210766,en,Inside-Out,1.548,"Romance, Comedy","The Long March Film Company, The Jerwood Charitable Foundation",United Kingdom,English,1999.0,insideout,both
2016,Film | Animated Film in 2016,Inside Out,Pete Docter,True,Animated Film,insideout,125075.0,Inside/Out,7.4,5.0,Released,1997-09-07,0.0,115.0,False,0.0,tt0119373,en,Inside/Out,1.666,Drama,,United States of America,,1997.0,insideout,both
2016,Film | Animated Film in 2016,Inside Out,Pete Docter,True,Animated Film,insideout,1451494.0,Inside oUT,3.0,1.0,Released,2000-02-05,0.0,2.0,False,0.0,tt10533196,no,Inside oUT,0.0,,Apecosmonautene,Norway,No Language,2000.0,insideout,both
2016,Film | Animated Film in 2016,Inside Out,Pete Docter,True,Animated Film,insideout,1576478.0,Insideout,0.0,0.0,Released,2010-01-01,0.0,25.0,False,0.0,,en,Insideout,0.0071,,,,English,2010.0,insideout,both
2016,Film | Animated Film in 2016,Inside Out,Pete Docter,True,Animated Film,insideout,424861.0,in.side.out,0.0,0.0,Released,1999-01-01,0.0,10.0,False,0.0,,en,in.side.out,0.6,,,,,1999.0,insideout,both
2016,Film | Animated Film in 2016,Inside Out,Pete Docter,True,Animated Film,insideout,840083.0,in-side-out,0.0,0.0,Released,2021-01-13,0.0,25.0,False,0.0,,ja,in-side-out,0.918,Comedy,,Japan,Japanese,2021.0,insideout,both
2016,Film | Animated Film in 2016,Minions,"Pierre Coffin, Kyle Balda",False,Animated Film,minions,211672.0,Minions,6.395,9969.0,Released,2015-06-17,1156730962.0,91.0,False,74000000.0,tt2293640,en,Minions,26.414,"Family, Animation, Adventure, Comedy","Illumination, Universal Pictures",United States of America,English,2015.0,minions,both
2016,Film | Animated Film in 2016,Shaun the Sheep Movie,"Mark Burton, Richard Starzak",False,Animated Film,shaunthesheepmovie,263109.0,Shaun the Sheep Movie,6.998,1253.0,Released,2015-02-05,106209378.0,85.0,False,25000000.0,tt2872750,en,Shaun the Sheep Movie,15.291,"Family, Animation, Comedy, Adventure","Aardman, Anton Capital Entertainment, StudioCanal, Lionsgate","France, United Kingdom, United States of America",English,2015.0,shaunthesheepmovie,both
2016,Film | British Short Animation in 2016,Edmond,"Nina Gantz, Emilie Jouffroy",True,British Short Animation,edmond,18191.0,Edmond,5.849,162.0,Released,2005-08-31,0.0,82.0,False,10000000.0,tt0443496,en,Edmond,11.123,"Drama, Thriller",First Independent Pictures,United States of America,English,2005.0,edmond,both
2016,Film | British Short Animation in 2016,Manoman,"Simon Cartwright, Kamilla Kristiane Hodol",False,British Short Animation,manoman,353406.0,Manoman,4.5,4.0,Released,2015-10-17,0.0,11.0,False,0.0,tt4636194,en,Manoman,0.715,"Drama, Animation",NFTS,United Kingdom,English,2015.0,manoman,both
2016,Film | British Short Animation in 2016,Prologue,"Imogen Sutton, Richard Williams",False,British Short Animation,prologue,359549.0,Prologue,6.414,35.0,Released,2015-06-01,0.0,6.0,False,0.0,tt4955294,en,Prologue,2.075,"Action, Animation",Animation Masterclass,United Kingdom,,2015.0,prologue,both
2016,Film | British Short Animation in 2016,Prologue,"Imogen Sutton, Richard Williams",False,British Short Animation,prologue,939701.0,PROLOGUE,0.0,0.0,Released,1990-01-01,0.0,3.0,False,0.0,,xx,PROLOGUE,0.6,,,Japan,No Language,1990.0,prologue,both
2016,Film | British Short Film in 2016,Operator,"Caroline Bartleet, Rebecca Morgan",True,British Short Film,operator,362185.0,Operator,5.0,87.0,Released,2015-08-21,0.0,88.0,False,0.0,tt3849692,en,Operator,7.273,"Drama, Action, Thriller","Status Media & Entertainment, DV3 Productions, The Forgery, GA2 Productions",United States of America,English,2015.0,operator,both
2016,Film | British Short Film in 2016,Elephant,"Nick Helm, Alex Moody, Esther Smith",False,British Short Film,elephant,1807.0,Elephant,7.076,1730.0,Released,2003-09-20,10012022.0,81.0,False,3000000.0,tt0363589,en,Elephant,14.862,"Crime, Drama","HBO Films, Fearmakers Studios, Blue Relief Productions, Meno Films, Fine Line Features",United States of America,English,2003.0,elephant,both
2016,Film | British Short Film in 2016,Elephant,"Nick Helm, Alex Moody, Esther Smith",False,British Short Film,elephant,1282409.0,(Elephant),0.0,0.0,Released,2023-12-10,0.0,9.0,False,500.0,,en,(Elephant),0.0,,Nosmokingfilms,United States of America,English,2023.0,elephant,both
2016,Film | British Short Film in 2016,Elephant,"Nick Helm, Alex Moody, Esther Smith",False,British Short Film,elephant,956318.0,elephant,0.0,0.0,Released,2022-03-27,0.0,99.0,False,100000.0,tt13898182,en,elephant,1.641,Drama,,,English,2022.0,elephant,both
2016,Film | British Short Film in 2016,Mining Poems Or Odes,"Jack Cocker, Callum Rice",False,British Short Film,miningpoemsorodes,378178.0,Mining Poems or Odes,0.0,0.0,Released,2015-06-01,0.0,11.0,False,0.0,tt5020232,en,Mining Poems or Odes,0.6,Documentary,,United Kingdom,English,2015.0,miningpoemsorodes,both
2016,Film | British Short Film in 2016,Over,"Jörn Threlfall, Jeremy Bannister",False,British Short Film,over,365932.0,Over,7.5,12.0,Released,2015-10-10,0.0,14.0,False,4600.0,tt4421754,en,Over,0.763,Drama,,United Kingdom,English,2015.0,over,both
2016,Film | British Short Film in 2016,Samuel-613,"Cheyenne Conway, Billy Lumby",False,British Short Film,samuel613,378179.0,samuel-613,0.0,0.0,Released,2015-04-27,0.0,15.0,False,0.0,tt4331620,en,samuel-613,0.6,"Drama, Comedy",,United Kingdom,"English, Yiddish",2015.0,samuel613,both
2016,Film | Cinematography in 2016,The Revenant,Emmanuel Lubezki,True,Cinematography,therevenant,281957.0,The Revenant,7.5,17114.0,Released,2015-12-25,532950503.0,157.0,False,135000000.0,tt1663202,en,The Revenant,36.747,"Western, Drama, Adventure","Monarchy Enterprises S.a.r.l., Regency Enterprises, Appian Way, CatchPlay, Anonymous Content, New Regency Pictures, Hong Kong Alpha Motion Pictures Co., M Productions, RatPac Entertainment","Canada, Hong Kong, Taiwan, United States of America","English, French",2015.0,therevenant,both
2016,Film | Cinematography in 2016,Bridge Of Spies,Janusz Kamiński,False,Cinematography,bridgeofspies,296098.0,Bridge of Spies,7.222,6421.0,Released,2015-10-15,165478348.0,141.0,False,40000000.0,tt3682448,en,Bridge of Spies,15.627,"Thriller, Drama","TSG Entertainment, Amblin Entertainment, Studio Babelsberg, Fox 2000 Pictures, Marc Platt Productions, Participant, Reliance Entertainment, DreamWorks Pictures","India, United States of America, Germany","Russian, English, German",2015.0,bridgeofspies,both
2016,Film | Cinematography in 2016,Carol,Ed Lachman,False,Cinematography,carol,258480.0,Carol,7.494,3439.0,Released,2015-11-20,40272135.0,118.0,False,11800000.0,tt2402927,en,Carol,14.888,"Romance, Drama","Killer Films, Number 9 Films, Film4 Productions","United Kingdom, United States of America",English,2015.0,carol,both
2016,Film | Cinematography in 2016,Mad Max: Fury Road,John Seale,False,Cinematography,madmaxfuryroad,76341.0,Mad Max: Fury Road,7.582,20911.0,Released,2015-05-13,378858340.0,121.0,False,150000000.0,tt1392190,en,Mad Max: Fury Road,78.319,"Action, Adventure, Science Fiction","Kennedy Miller Productions, Warner Bros. Pictures, RatPac Entertainment, Village Roadshow Pictures","Australia, United States of America, South Africa",English,2015.0,madmaxfuryroad,both
2016,Film | Cinematography in 2016,Sicario,Roger Deakins,False,Cinematography,sicario,273481.0,Sicario,7.39,7836.0,Released,2015-09-17,84872444.0,122.0,False,30000000.0,tt3397884,en,Sicario,43.821,"Action, Crime, Thriller","Thunder Road, Black Label Media, Lionsgate","Mexico, United States of America","Spanish, English",2015.0,sicario,both
2016,Film | Costume Design in 2016,Mad Max: Fury Road,Jenny Beavan,True,Costume Design,madmaxfuryroad,76341.0,Mad Max: Fury Road,7.582,20911.0,Released,2015-05-13,378858340.0,121.0,False,150000000.0,tt1392190,en,Mad Max: Fury Road,78.319,"Action, Adventure, Science Fiction","Kennedy Miller Productions, Warner Bros. Pictures, RatPac Entertainment, Village Roadshow Pictures","Australia, United States of America, South Africa",English,2015.0,madmaxfuryroad,both
2016,Film | Costume Design in 2016,Brooklyn,Odile Dicks-Mireaux,False,Costume Design,brooklyn,167073.0,Brooklyn,7.31,2929.0,Released,2015-10-20,62076141.0,111.0,False,11000000.0,tt2381111,en,Brooklyn,15.519,"Romance, Drama","Wildgaze Films, Item 7, Parallel Films, Fís Éireann/Screen Ireland","Ireland, United Kingdom, Canada",English,2015.0,brooklyn,both
2016,Film | Costume Design in 2016,Carol,Sandy Powell,False,Costume Design,carol,258480.0,Carol,7.494,3439.0,Released,2015-11-20,40272135.0,118.0,False,11800000.0,tt2402927,en,Carol,14.888,"Romance, Drama","Killer Films, Number 9 Films, Film4 Productions","United Kingdom, United States of America",English,2015.0,carol,both
2016,Film | Costume Design in 2016,Cinderella,Sandy Powell,False,Costume Design,cinderella,150689.0,Cinderella,6.798,6679.0,Released,2015-03-06,543514353.0,105.0,False,95000000.0,tt1661199,en,Cinderella,58.212,"Romance, Fantasy, Family, Drama","Walt Disney Pictures, Genre Films, Beagle Pug Films, Allison Shearmur Productions","United Kingdom, United States of America",English,2015.0,cinderella,both
2016,Film | Costume Design in 2016,Cinderella,Sandy Powell,False,Costume Design,cinderella,891759.0,CINDERELLA,10.0,1.0,Released,2012-10-27,0.0,0.0,False,0.0,,zh,CINDERELLA,0.6,"Romance, Drama","Beijing xiayunfei International Film and Television Culture Co., Ltd",China,,2012.0,cinderella,both
2016,Film | Costume Design in 2016,The Danish Girl,Paco Delgado,False,Costume Design,thedanishgirl,306819.0,The Danish Girl,7.605,5503.0,Released,2015-11-27,64191523.0,119.0,False,15000000.0,tt0810819,en,The Danish Girl,15.865,Drama,"Pretty Pictures, Working Title Films, Artémis Productions, Shelter Productions, Senator Global Productions, ReVision Pictures","Belgium, United Kingdom, United States of America","English, French, German",2015.0,thedanishgirl,both
2016,Film | Director in 2016,Alejandro G. Iñárritu,The Revenant,True,Director,alejandrogiñárritu,,,,,,,,,,,,,,,,,,,,,left_only
2016,Film | Director in 2016,Adam McKay,The Big Short,False,Director,adammckay,,,,,,,,,,,,,,,,,,,,,left_only
2016,Film | Director in 2016,Steven Spielberg,Bridge of Spies,False,Director,stevenspielberg,,,,,,,,,,,,,,,,,,,,,left_only
2016,Film | Director in 2016,Todd Haynes,Carol,False,Director,toddhaynes,,,,,,,,,,,,,,,,,,,,,left_only
2016,Film | Director in 2016,Ridley Scott,The Martian,False,Director,ridleyscott,,,,,,,,,,,,,,,,,,,,,left_only
2016,Film | Documentary in 2016,Amy,"James Gay-Rees, Asif Kapadia",True,Documentary,amy,331781.0,Amy,7.588,1120.0,Released,2015-07-03,8413144.0,128.0,False,0.0,tt2870648,en,Amy,12.051,"Documentary, Music","On the Corner Films, Universal Music Group, Film4 Productions","United Kingdom, United States of America",English,2015.0,amy,both
2016,Film | Documentary in 2016,Cartel Land,"Matthew Heineman, Tom Yellin",False,Documentary,cartelland,317952.0,Cartel Land,7.188,330.0,Released,2015-07-03,1145923.0,100.0,False,0.0,tt4126304,en,Cartel Land,6.966,"Drama, Documentary","The Documentary Group, Our Time Projects, A&E IndieFilms, Whitewater Films",United States of America,"English, Spanish",2015.0,cartelland,both
2016,Film | Documentary in 2016,He Named Me Malala,"Davis Guggenheim, Laurie MacDonald, Walter Parkes",False,Documentary,henamedmemalala,338928.0,He Named Me Malala,6.7,146.0,Released,2015-09-12,2642899.0,87.0,False,0.0,tt3065132,en,He Named Me Malala,6.794,Documentary,"Participant, Imagenation Abu Dhabi FZ, Parkes+MacDonald Image Nation","United Arab Emirates, United States of America",English,2015.0,henamedmemalala,both
2016,Film | Documentary in 2016,Listen To Me Marlon,"John Battsek, George Chignell, RJ Cutler, Stevan Riley",False,Documentary,listentomemarlon,319076.0,Listen to Me Marlon,7.5,141.0,Released,2015-07-29,0.0,103.0,False,0.0,tt4145178,en,Listen to Me Marlon,5.663,Documentary,"Passion Pictures, Cutler Productions",United Kingdom,English,2015.0,listentomemarlon,both
2016,Film | Documentary in 2016,Sherpa,"Bridget Ikin, Jennifer Peedom, John Smithson",False,Documentary,sherpa,341366.0,Sherpa,7.388,49.0,Released,2015-10-02,0.0,96.0,False,0.0,tt3746250,en,Sherpa,3.028,Documentary,"Felix Media, Arrow Media","Nepal, Australia","English, Nepali",2015.0,sherpa,both
2016,Film | EE Rising Star in 2016,John Boyega,,True,EE Rising Star,johnboyega,,,,,,,,,,,,,,,,,,,,,left_only
2016,Film | EE Rising Star in 2016,Taron Egerton,,False,EE Rising Star,taronegerton,,,,,,,,,,,,,,,,,,,,,left_only
2016,Film | EE Rising Star in 2016,Dakota Johnson,,False,EE Rising Star,dakotajohnson,,,,,,,,,,,,,,,,,,,,,left_only
2016,Film | EE Rising Star in 2016,Brie Larson,,False,EE Rising Star,brielarson,,,,,,,,,,,,,,,,,,,,,left_only
2016,Film | EE Rising Star in 2016,Bel Powley,,False,EE Rising Star,belpowley,,,,,,,,,,,,,,,,,,,,,left_only
2016,Film | Editing in 2016,Mad Max: Fury Road,Margaret Sixel,True,Editing,madmaxfuryroad,76341.0,Mad Max: Fury Road,7.582,20911.0,Released,2015-05-13,378858340.0,121.0,False,150000000.0,tt1392190,en,Mad Max: Fury Road,78.319,"Action, Adventure, Science Fiction","Kennedy Miller Productions, Warner Bros. Pictures, RatPac Entertainment, Village Roadshow Pictures","Australia, United States of America, South Africa",English,2015.0,madmaxfuryroad,both
2016,Film | Editing in 2016,The Big Short,Hank Corwin,False,Editing,thebigshort,318846.0,The Big Short,7.344,8320.0,Released,2015-12-11,133346506.0,131.0,False,28000000.0,tt1596363,en,The Big Short,34.348,"Comedy, Drama","Plan B Entertainment, Paramount, Regency Enterprises",United States of America,English,2015.0,thebigshort,both
2016,Film | Editing in 2016,Bridge Of Spies,Michael Kahn,False,Editing,bridgeofspies,296098.0,Bridge of Spies,7.222,6421.0,Released,2015-10-15,165478348.0,141.0,False,40000000.0,tt3682448,en,Bridge of Spies,15.627,"Thriller, Drama","TSG Entertainment, Amblin Entertainment, Studio Babelsberg, Fox 2000 Pictures, Marc Platt Productions, Participant, Reliance Entertainment, DreamWorks Pictures","India, United States of America, Germany","Russian, English, German",2015.0,bridgeofspies,both
2016,Film | Editing in 2016,The Martian,Pietro Scalia,False,Editing,themartian,286217.0,The Martian,7.678,18525.0,Released,2015-09-30,630600000.0,141.0,False,108000000.0,tt3659388,en,The Martian,76.0,"Drama, Adventure, Science Fiction","Scott Free Productions, Genre Films","United Kingdom, United States of America","English, Mandarin",2015.0,themartian,both
2016,Film | Editing in 2016,The Revenant,Stephen Mirrione,False,Editing,therevenant,281957.0,The Revenant,7.5,17114.0,Released,2015-12-25,532950503.0,157.0,False,135000000.0,tt1663202,en,The Revenant,36.747,"Western, Drama, Adventure","Monarchy Enterprises S.a.r.l., Regency Enterprises, Appian Way, CatchPlay, Anonymous Content, New Regency Pictures, Hong Kong Alpha Motion Pictures Co., M Productions, RatPac Entertainment","Canada, Hong Kong, Taiwan, United States of America","English, French",2015.0,therevenant,both
2016,Film | Fellowship in 2016,Sidney Poitier,,True,Fellowship,sidneypoitier,,,,,,,,,,,,,,,,,,,,,left_only
2016,Film | Film in 2016,The Revenant,"Steve Golin, Alejandro G. Iñárritu, Arnon Milchan, Mary Parent, Keith Redmon",True,Film,therevenant,281957.0,The Revenant,7.5,17114.0,Released,2015-12-25,532950503.0,157.0,False,135000000.0,tt1663202,en,The Revenant,36.747,"Western, Drama, Adventure","Monarchy Enterprises S.a.r.l., Regency Enterprises, Appian Way, CatchPlay, Anonymous Content, New Regency Pictures, Hong Kong Alpha Motion Pictures Co., M Productions, RatPac Entertainment","Canada, Hong Kong, Taiwan, United States of America","English, French",2015.0,therevenant,both
2016,Film | Film in 2016,The Big Short,"Dede Gardner, Jeremy Kleiner, Brad Pitt",False,Film,thebigshort,318846.0,The Big Short,7.344,8320.0,Released,2015-12-11,133346506.0,131.0,False,28000000.0,tt1596363,en,The Big Short,34.348,"Comedy, Drama","Plan B Entertainment, Paramount, Regency Enterprises",United States of America,English,2015.0,thebigshort,both
2016,Film | Film in 2016,Bridge Of Spies,"Kristie Macosko Krieger, Marc Platt, Steven Spielberg",False,Film,bridgeofspies,296098.0,Bridge of Spies,7.222,6421.0,Released,2015-10-15,165478348.0,141.0,False,40000000.0,tt3682448,en,Bridge of Spies,15.627,"Thriller, Drama","TSG Entertainment, Amblin Entertainment, Studio Babelsberg, Fox 2000 Pictures, Marc Platt Productions, Participant, Reliance Entertainment, DreamWorks Pictures","India, United States of America, Germany","Russian, English, German",2015.0,bridgeofspies,both
2016,Film | Film in 2016,Carol,"Elizabeth Karlsen, Christine Vachon, Stephen Woolley",False,Film,carol,258480.0,Carol,7.494,3439.0,Released,2015-11-20,40272135.0,118.0,False,11800000.0,tt2402927,en,Carol,14.888,"Romance, Drama","Killer Films, Number 9 Films, Film4 Productions","United Kingdom, United States of America",English,2015.0,carol,both
2016,Film | Film in 2016,Spotlight,"Blye Pagon Faust, Steve Golin, Nicole Rocklin, Michael Sugar",False,Film,spotlight,314365.0,Spotlight,7.814,7765.0,Released,2015-11-06,98690254.0,129.0,False,20000000.0,tt1895587,en,Spotlight,20.159,"Drama, History","Participant, Anonymous Content, Rocklin / Faust, First Look Media, Open Road Films, Entertainment One, Topic Studios, Seville International","Canada, United States of America",English,2015.0,spotlight,both
2016,Film | Film Not in the English Language in 2016,Wild Tales,Damián Szifron,True,Film Not in the English Language,wildtales,265195.0,Wild Tales,7.869,3081.0,Released,2014-08-21,27007072.0,122.0,False,4000000.0,tt3011894,es,Relatos salvajes,15.063,"Drama, Thriller, Comedy","Warner Bros. Pictures, El Deseo, K & S Films, Telefe, INCAA, ICAA, Warner Bros. Entertainment España","Argentina, Spain",Spanish,2014.0,wildtales,both
2016,Film | Film Not in the English Language in 2016,The Assassin,Hou Hsiao-Hsien,False,Film Not in the English Language,theassassin,253450.0,The Assassin,6.462,461.0,Released,2015-08-27,632542.0,105.0,False,15000000.0,tt3508840,zh,刺客聶隱娘,11.708,"Action, Drama, History","Sil-Metropole Organisation, Media Asia Films, Central Motion Picture Corporation, Huace Film & TV, China Dream Film Culture Industry, SpotFilms, Wild Bunch","China, France, Hong Kong, Taiwan",Mandarin,2015.0,theassassin,both
2016,Film | Film Not in the English Language in 2016,Force Majeure,Ruben Östlund,False,Film Not in the English Language,forcemajeure,265189.0,Force Majeure,6.871,921.0,Released,2014-08-15,4094339.0,120.0,False,0.0,tt2121382,sv,Turist,10.807,Drama,"Motlys, Coproduction Office, Film i Väst, Plattform Produktion, Parisienne, Auvergne-Rhône-Alpes Cinéma","Denmark, France, Norway, Sweden","French, Norwegian, Swedish, English",2014.0,forcemajeure,both
2016,Film | Film Not in the English Language in 2016,Theeb,Naji Abu Nowar,False,Film Not in the English Language,theeb,287628.0,Theeb,6.75,162.0,Released,2014-10-26,768449.0,100.0,False,0.0,tt3170902,ar,ذيب,4.02,"Adventure, Drama, Thriller","Immortal Entertainment, Bayt Al Shawareb, Noor Pictures","Jordan, Qatar, United Arab Emirates, United Kingdom","Arabic, English",2014.0,theeb,both
2016,Film | Film Not in the English Language in 2016,Timbuktu,Abderrahmane Sissako,False,Film Not in the English Language,timbuktu,265228.0,Timbuktu,6.948,427.0,Released,2014-12-10,1076075.0,96.0,False,0.0,tt3409392,fr,Timbuktu,10.988,"Drama, War","Les films du Worso, Orange Studio, Arches Films, ARTE France Cinéma, Dune Vision",France,"Arabic, Bambara, English, French",2014.0,timbuktu,both
2016,Film | Leading Actor in 2016,Leonardo DiCaprio,The Revenant,True,Leading Actor,leonardodicaprio,,,,,,,,,,,,,,,,,,,,,left_only
2016,Film | Leading Actor in 2016,Bryan Cranston,Trumbo,False,Leading Actor,bryancranston,,,,,,,,,,,,,,,,,,,,,left_only
2016,Film | Leading Actor in 2016,Eddie Redmayne,The Danish Girl,False,Leading Actor,eddieredmayne,,,,,,,,,,,,,,,,,,,,,left_only
2016,Film | Leading Actor in 2016,Matt Damon,The Martian,False,Leading Actor,mattdamon,,,,,,,,,,,,,,,,,,,,,left_only
2016,Film | Leading Actor in 2016,Michael Fassbender,Steve Jobs,False,Leading Actor,michaelfassbender,,,,,,,,,,,,,,,,,,,,,left_only
2016,Film | Leading Actress in 2016,Brie Larson,Room,True,Leading Actress,brielarson,,,,,,,,,,,,,,,,,,,,,left_only
2016,Film | Leading Actress in 2016,Alicia Vikander,The Danish Girl,False,Leading Actress,aliciavikander,,,,,,,,,,,,,,,,,,,,,left_only
2016,Film | Leading Actress in 2016,Cate Blanchett,Carol,False,Leading Actress,cateblanchett,,,,,,,,,,,,,,,,,,,,,left_only
2016,Film | Leading Actress in 2016,Maggie Smith,The Lady in the Van,False,Leading Actress,maggiesmith,,,,,,,,,,,,,,,,,,,,,left_only
2016,Film | Leading Actress in 2016,Saoirse Ronan,Brooklyn,False,Leading Actress,saoirseronan,,,,,,,,,,,,,,,,,,,,,left_only
2016,Film | Make-Up And Hair in 2016,Mad Max: Fury Road,"Damian Martin, Lesley Vanderwalt",True,Make-Up And Hair,madmaxfuryroad,76341.0,Mad Max: Fury Road,7.582,20911.0,Released,2015-05-13,378858340.0,121.0,False,150000000.0,tt1392190,en,Mad Max: Fury Road,78.319,"Action, Adventure, Science Fiction","Kennedy Miller Productions, Warner Bros. Pictures, RatPac Entertainment, Village Roadshow Pictures","Australia, United States of America, South Africa",English,2015.0,madmaxfuryroad,both
2016,Film | Make-Up And Hair in 2016,Brooklyn,"Morna Ferguson, Lorraine Glynn",False,Make-Up And Hair,brooklyn,167073.0,Brooklyn,7.31,2929.0,Released,2015-10-20,62076141.0,111.0,False,11000000.0,tt2381111,en,Brooklyn,15.519,"Romance, Drama","Wildgaze Films, Item 7, Parallel Films, Fís Éireann/Screen Ireland","Ireland, United Kingdom, Canada",English,2015.0,brooklyn,both
2016,Film | Make-Up And Hair in 2016,Carol,"Jerry DeCarlo, Patricia Regan, Morag Ross",False,Make-Up And Hair,carol,258480.0,Carol,7.494,3439.0,Released,2015-11-20,40272135.0,118.0,False,11800000.0,tt2402927,en,Carol,14.888,"Romance, Drama","Killer Films, Number 9 Films, Film4 Productions","United Kingdom, United States of America",English,2015.0,carol,both
2016,Film | Make-Up And Hair in 2016,The Danish Girl,Jan Sewell,False,Make-Up And Hair,thedanishgirl,306819.0,The Danish Girl,7.605,5503.0,Released,2015-11-27,64191523.0,119.0,False,15000000.0,tt0810819,en,The Danish Girl,15.865,Drama,"Pretty Pictures, Working Title Films, Artémis Productions, Shelter Productions, Senator Global Productions, ReVision Pictures","Belgium, United Kingdom, United States of America","English, French, German",2015.0,thedanishgirl,both
2016,Film | Make-Up And Hair in 2016,The Revenant,"Sian Grigg, Duncan Jarman, Robert Pandini",False,Make-Up And Hair,therevenant,281957.0,The Revenant,7.5,17114.0,Released,2015-12-25,532950503.0,157.0,False,135000000.0,tt1663202,en,The Revenant,36.747,"Western, Drama, Adventure","Monarchy Enterprises S.a.r.l., Regency Enterprises, Appian Way, CatchPlay, Anonymous Content, New Regency Pictures, Hong Kong Alpha Motion Pictures Co., M Productions, RatPac Entertainment","Canada, Hong Kong, Taiwan, United States of America","English, French",2015.0,therevenant,both
2016,Film | Original Music in 2016,The Hateful Eight,Ennio Morricone,True,Original Music,thehatefuleight,273248.0,The Hateful Eight,7.746,13291.0,Released,2015-12-25,155760117.0,188.0,False,44000000.0,tt3460252,en,The Hateful Eight,32.119,"Drama, Mystery, Western","The Weinstein Company, Double Feature Films, FilmColony",United States of America,"Spanish, English",2015.0,thehatefuleight,both
2016,Film | Original Music in 2016,Bridge Of Spies,Thomas Newman,False,Original Music,bridgeofspies,296098.0,Bridge of Spies,7.222,6421.0,Released,2015-10-15,165478348.0,141.0,False,40000000.0,tt3682448,en,Bridge of Spies,15.627,"Thriller, Drama","TSG Entertainment, Amblin Entertainment, Studio Babelsberg, Fox 2000 Pictures, Marc Platt Productions, Participant, Reliance Entertainment, DreamWorks Pictures","India, United States of America, Germany","Russian, English, German",2015.0,bridgeofspies,both
2016,Film | Original Music in 2016,The Revenant,"Ryuichi Sakamoto, Alva Noto",False,Original Music,therevenant,281957.0,The Revenant,7.5,17114.0,Released,2015-12-25,532950503.0,157.0,False,135000000.0,tt1663202,en,The Revenant,36.747,"Western, Drama, Adventure","Monarchy Enterprises S.a.r.l., Regency Enterprises, Appian Way, CatchPlay, Anonymous Content, New Regency Pictures, Hong Kong Alpha Motion Pictures Co., M Productions, RatPac Entertainment","Canada, Hong Kong, Taiwan, United States of America","English, French",2015.0,therevenant,both
2016,Film | Original Music in 2016,Sicario,Jóhann Jóhannsson,False,Original Music,sicario,273481.0,Sicario,7.39,7836.0,Released,2015-09-17,84872444.0,122.0,False,30000000.0,tt3397884,en,Sicario,43.821,"Action, Crime, Thriller","Thunder Road, Black Label Media, Lionsgate","Mexico, United States of America","Spanish, English",2015.0,sicario,both
2016,Film | Original Music in 2016,Star Wars: The Force Awakens,John Williams,False,Original Music,starwarstheforceawakens,140607.0,Star Wars: The Force Awakens,7.293,18352.0,Released,2015-12-15,2068223624.0,136.0,False,245000000.0,tt2488496,en,Star Wars: The Force Awakens,66.772,"Adventure, Action, Science Fiction","Lucasfilm Ltd., Bad Robot",United States of America,English,2015.0,starwarstheforceawakens,both
2016,Film | Original Screenplay in 2016,Spotlight,"Tom McCarthy, Josh Singer",True,Original Screenplay,spotlight,314365.0,Spotlight,7.814,7765.0,Released,2015-11-06,98690254.0,129.0,False,20000000.0,tt1895587,en,Spotlight,20.159,"Drama, History","Participant, Anonymous Content, Rocklin / Faust, First Look Media, Open Road Films, Entertainment One, Topic Studios, Seville International","Canada, United States of America",English,2015.0,spotlight,both
2016,Film | Original Screenplay in 2016,Bridge Of Spies,"Matthew Charman, Ethan Coen, Joel Coen",False,Original Screenplay,bridgeofspies,296098.0,Bridge of Spies,7.222,6421.0,Released,2015-10-15,165478348.0,141.0,False,40000000.0,tt3682448,en,Bridge of Spies,15.627,"Thriller, Drama","TSG Entertainment, Amblin Entertainment, Studio Babelsberg, Fox 2000 Pictures, Marc Platt Productions, Participant, Reliance Entertainment, DreamWorks Pictures","India, United States of America, Germany","Russian, English, German",2015.0,bridgeofspies,both
2016,Film | Original Screenplay in 2016,Ex Machina,Alex Garland,False,Original Screenplay,exmachina,264660.0,Ex Machina,7.572,12362.0,Released,2015-01-21,36869414.0,108.0,False,15000000.0,tt0470752,en,Ex Machina,26.767,"Drama, Science Fiction","DNA Films, Film4 Productions, IAC Films, Scott Rudin Productions","United Kingdom, United States of America",English,2015.0,exmachina,both
2016,Film | Original Screenplay in 2016,Ex Machina,Alex Garland,False,Original Screenplay,exmachina,1106784.0,EX MACHINA,0.0,0.0,Released,2023-04-28,0.0,36.0,False,0.0,,ko,EX MACHINA,0.6,"Fantasy, Drama",,South Korea,Korean,2023.0,exmachina,both
2016,Film | Original Screenplay in 2016,The Hateful Eight,Quentin Tarantino,False,Original Screenplay,thehatefuleight,273248.0,The Hateful Eight,7.746,13291.0,Released,2015-12-25,155760117.0,188.0,False,44000000.0,tt3460252,en,The Hateful Eight,32.119,"Drama, Mystery, Western","The Weinstein Company, Double Feature Films, FilmColony",United States of America,"Spanish, English",2015.0,thehatefuleight,both
2016,Film | Original Screenplay in 2016,Inside Out,"Josh Cooley, Pete Docter, Meg LeFauve",False,Original Screenplay,insideout,150540.0,Inside Out,7.922,19463.0,Released,2015-06-09,857611174.0,95.0,False,175000000.0,tt2096673,en,Inside Out,107.292,"Animation, Family, Adventure, Drama, Comedy","Pixar, Walt Disney Pictures",United States of America,English,2015.0,insideout,both
2016,Film | Original Screenplay in 2016,Inside Out,"Josh Cooley, Pete Docter, Meg LeFauve",False,Original Screenplay,insideout,44227.0,Inside-Out,6.2,10.0,Released,1999-01-01,0.0,7.0,False,0.0,tt0210766,en,Inside-Out,1.548,"Romance, Comedy","The Long March Film Company, The Jerwood Charitable Foundation",United Kingdom,English,1999.0,insideout,both
2016,Film | Original Screenplay in 2016,Inside Out,"Josh Cooley, Pete Docter, Meg LeFauve",False,Original Screenplay,insideout,125075.0,Inside/Out,7.4,5.0,Released,1997-09-07,0.0,115.0,False,0.0,tt0119373,en,Inside/Out,1.666,Drama,,United States of America,,1997.0,insideout,both
2016,Film | Original Screenplay in 2016,Inside Out,"Josh Cooley, Pete Docter, Meg LeFauve",False,Original Screenplay,insideout,1451494.0,Inside oUT,3.0,1.0,Released,2000-02-05,0.0,2.0,False,0.0,tt10533196,no,Inside oUT,0.0,,Apecosmonautene,Norway,No Language,2000.0,insideout,both
2016,Film | Original Screenplay in 2016,Inside Out,"Josh Cooley, Pete Docter, Meg LeFauve",False,Original Screenplay,insideout,1576478.0,Insideout,0.0,0.0,Released,2010-01-01,0.0,25.0,False,0.0,,en,Insideout,0.0071,,,,English,2010.0,insideout,both
2016,Film | Original Screenplay in 2016,Inside Out,"Josh Cooley, Pete Docter, Meg LeFauve",False,Original Screenplay,insideout,424861.0,in.side.out,0.0,0.0,Released,1999-01-01,0.0,10.0,False,0.0,,en,in.side.out,0.6,,,,,1999.0,insideout,both
2016,Film | Original Screenplay in 2016,Inside Out,"Josh Cooley, Pete Docter, Meg LeFauve",False,Original Screenplay,insideout,840083.0,in-side-out,0.0,0.0,Released,2021-01-13,0.0,25.0,False,0.0,,ja,in-side-out,0.918,Comedy,,Japan,Japanese,2021.0,insideout,both
2016,Film | Outstanding British Contribution to Cinema in 2016,Angels Costumes,,True,Outstanding British Contribution to Cinema,angelscostumes,,,,,,,,,,,,,,,,,,,,,left_only
2016,Film | Outstanding British Film in 2016,Brooklyn,"John Crowley, Finola Dwyer, Nick Hornby, Amanda Posey",True,Outstanding British Film,brooklyn,167073.0,Brooklyn,7.31,2929.0,Released,2015-10-20,62076141.0,111.0,False,11000000.0,tt2381111,en,Brooklyn,15.519,"Romance, Drama","Wildgaze Films, Item 7, Parallel Films, Fís Éireann/Screen Ireland","Ireland, United Kingdom, Canada",English,2015.0,brooklyn,both
2016,Film | Outstanding British Film in 2016,45 Years,"Tristan Goligher, Andrew Haigh",False,Outstanding British Film,45years,311291.0,45 Years,6.574,678.0,Released,2015-08-04,4250507.0,95.0,False,0.0,tt3544082,en,45 Years,9.407,"Drama, Romance","Artificial Eye, The Bureau, Creative England, BFI, Film4 Productions",United Kingdom,English,2015.0,45years,both
2016,Film | Outstanding British Film in 2016,Amy,"James Gay-Rees, Asif Kapadia",False,Outstanding British Film,amy,331781.0,Amy,7.588,1120.0,Released,2015-07-03,8413144.0,128.0,False,0.0,tt2870648,en,Amy,12.051,"Documentary, Music","On the Corner Films, Universal Music Group, Film4 Productions","United Kingdom, United States of America",English,2015.0,amy,both
2016,Film | Outstanding British Film in 2016,The Danish Girl,"Tom Hooper, Tim Bevan, Eric Fellner, Anne Harrison, Gail Mutrux, Lucinda Coxon",False,Outstanding British Film,thedanishgirl,306819.0,The Danish Girl,7.605,5503.0,Released,2015-11-27,64191523.0,119.0,False,15000000.0,tt0810819,en,The Danish Girl,15.865,Drama,"Pretty Pictures, Working Title Films, Artémis Productions, Shelter Productions, Senator Global Productions, ReVision Pictures","Belgium, United Kingdom, United States of America","English, French, German",2015.0,thedanishgirl,both
2016,Film | Outstanding British Film in 2016,Ex Machina,"Alex Garland, Andrew Macdonald, Allon Reich",False,Outstanding British Film,exmachina,264660.0,Ex Machina,7.572,12362.0,Released,2015-01-21,36869414.0,108.0,False,15000000.0,tt0470752,en,Ex Machina,26.767,"Drama, Science Fiction","DNA Films, Film4 Productions, IAC Films, Scott Rudin Productions","United Kingdom, United States of America",English,2015.0,exmachina,both
2016,Film | Outstanding British Film in 2016,Ex Machina,"Alex Garland, Andrew Macdonald, Allon Reich",False,Outstanding British Film,exmachina,1106784.0,EX MACHINA,0.0,0.0,Released,2023-04-28,0.0,36.0,False,0.0,,ko,EX MACHINA,0.6,"Fantasy, Drama",,South Korea,Korean,2023.0,exmachina,both
2016,Film | Outstanding British Film in 2016,The Lobster,"Yorgos Lanthimos, Ceci Dempsey, Ed Guiney, Lee Magiday, Efthimis Filippou",False,Outstanding British Film,thelobster,254320.0,The Lobster,7.034,5580.0,Released,2015-10-15,15656193.0,118.0,False,4000000.0,tt3464902,en,The Lobster,19.716,"Comedy, Drama, Romance","Scarlet Films, Haut et Court, Eurimages, Lemming Film, Element Pictures, Nederlands Fonds voor de Film, Greek Film Centre, Faliro House Productions, Limp Films, Film4 Productions, Protagonist Pictures","France, Greece, Ireland, Netherlands, United Kingdom","English, French, Greek",2015.0,thelobster,both
2016,"Film | Outstanding Debut By A British Writer, Director or Producer in 2016","Naji Abu Nowar, Rupert Lloyd",Theeb,True,"Outstanding Debut By A British Writer, Director or Producer",najiabunowarrupertlloyd,,,,,,,,,,,,,,,,,,,,,left_only
2016,"Film | Outstanding Debut By A British Writer, Director or Producer in 2016",Alex Garland,Ex Machina,False,"Outstanding Debut By A British Writer, Director or Producer",alexgarland,,,,,,,,,,,,,,,,,,,,,left_only
2016,"Film | Outstanding Debut By A British Writer, Director or Producer in 2016",Debbie Tucker Green,Second Coming,False,"Outstanding Debut By A British Writer, Director or Producer",debbietuckergreen,,,,,,,,,,,,,,,,,,,,,left_only
2016,"Film | Outstanding Debut By A British Writer, Director or Producer in 2016","Sean McAllister, Elhum Shakerifar",A Syrian Love Story,False,"Outstanding Debut By A British Writer, Director or Producer",seanmcallisterelhumshakerifar,,,,,,,,,,,,,,,,,,,,,left_only
2016,"Film | Outstanding Debut By A British Writer, Director or Producer in 2016",Stephen Fingleton,The Survivalist,False,"Outstanding Debut By A British Writer, Director or Producer",stephenfingleton,,,,,,,,,,,,,,,,,,,,,left_only
2016,Film | Production Design in 2016,Mad Max: Fury Road,"Colin Gibson, Lisa Thompson",True,Production Design,madmaxfuryroad,76341.0,Mad Max: Fury Road,7.582,20911.0,Released,2015-05-13,378858340.0,121.0,False,150000000.0,tt1392190,en,Mad Max: Fury Road,78.319,"Action, Adventure, Science Fiction","Kennedy Miller Productions, Warner Bros. Pictures, RatPac Entertainment, Village Roadshow Pictures","Australia, United States of America, South Africa",English,2015.0,madmaxfuryroad,both
2016,Film | Production Design in 2016,Bridge Of Spies,"Rena DeAngelo, Adam Stockhausen, Bernhard Henrich",False,Production Design,bridgeofspies,296098.0,Bridge of Spies,7.222,6421.0,Released,2015-10-15,165478348.0,141.0,False,40000000.0,tt3682448,en,Bridge of Spies,15.627,"Thriller, Drama","TSG Entertainment, Amblin Entertainment, Studio Babelsberg, Fox 2000 Pictures, Marc Platt Productions, Participant, Reliance Entertainment, DreamWorks Pictures","India, United States of America, Germany","Russian, English, German",2015.0,bridgeofspies,both
2016,Film | Production Design in 2016,Carol,"Judy Becker, Heather Loeffler",False,Production Design,carol,258480.0,Carol,7.494,3439.0,Released,2015-11-20,40272135.0,118.0,False,11800000.0,tt2402927,en,Carol,14.888,"Romance, Drama","Killer Films, Number 9 Films, Film4 Productions","United Kingdom, United States of America",English,2015.0,carol,both
2016,Film | Production Design in 2016,The Martian,"Arthur Max, Celia Bobak",False,Production Design,themartian,286217.0,The Martian,7.678,18525.0,Released,2015-09-30,630600000.0,141.0,False,108000000.0,tt3659388,en,The Martian,76.0,"Drama, Adventure, Science Fiction","Scott Free Productions, Genre Films","United Kingdom, United States of America","English, Mandarin",2015.0,themartian,both
2016,Film | Production Design in 2016,Star Wars: The Force Awakens,"Rick Carter, Darren Gilford, Lee Sandales",False,Production Design,starwarstheforceawakens,140607.0,Star Wars: The Force Awakens,7.293,18352.0,Released,2015-12-15,2068223624.0,136.0,False,245000000.0,tt2488496,en,Star Wars: The Force Awakens,66.772,"Adventure, Action, Science Fiction","Lucasfilm Ltd., Bad Robot",United States of America,English,2015.0,starwarstheforceawakens,both
2016,Film | Sound in 2016,The Revenant,"Lon Bender, Chris Duesterdiek, Martin Hernandez, Frank A. Montaño, Jon Taylor, Randy Thom",True,Sound,therevenant,281957.0,The Revenant,7.5,17114.0,Released,2015-12-25,532950503.0,157.0,False,135000000.0,tt1663202,en,The Revenant,36.747,"Western, Drama, Adventure","Monarchy Enterprises S.a.r.l., Regency Enterprises, Appian Way, CatchPlay, Anonymous Content, New Regency Pictures, Hong Kong Alpha Motion Pictures Co., M Productions, RatPac Entertainment","Canada, Hong Kong, Taiwan, United States of America","English, French",2015.0,therevenant,both
2016,Film | Sound in 2016,Bridge Of Spies,"Richard Hymns, Drew Kunin, Andy Nelson, Gary Rydstrom",False,Sound,bridgeofspies,296098.0,Bridge of Spies,7.222,6421.0,Released,2015-10-15,165478348.0,141.0,False,40000000.0,tt3682448,en,Bridge of Spies,15.627,"Thriller, Drama","TSG Entertainment, Amblin Entertainment, Studio Babelsberg, Fox 2000 Pictures, Marc Platt Productions, Participant, Reliance Entertainment, DreamWorks Pictures","India, United States of America, Germany","Russian, English, German",2015.0,bridgeofspies,both
2016,Film | Sound in 2016,Mad Max: Fury Road,"Scott Hecker, Chris Jenkins, Mark Mangini, Ben Osmo, Gregg Rudloff, David White",False,Sound,madmaxfuryroad,76341.0,Mad Max: Fury Road,7.582,20911.0,Released,2015-05-13,378858340.0,121.0,False,150000000.0,tt1392190,en,Mad Max: Fury Road,78.319,"Action, Adventure, Science Fiction","Kennedy Miller Productions, Warner Bros. Pictures, RatPac Entertainment, Village Roadshow Pictures","Australia, United States of America, South Africa",English,2015.0,madmaxfuryroad,both
2016,Film | Sound in 2016,The Martian,"Paul Massey, Mac Ruth, Oliver Tarney, Mark Taylor",False,Sound,themartian,286217.0,The Martian,7.678,18525.0,Released,2015-09-30,630600000.0,141.0,False,108000000.0,tt3659388,en,The Martian,76.0,"Drama, Adventure, Science Fiction","Scott Free Productions, Genre Films","United Kingdom, United States of America","English, Mandarin",2015.0,themartian,both
2016,Film | Sound in 2016,Star Wars: The Force Awakens,"David Acord, Andy Nelson, Christopher Scarabosio, Stuart Wilson, Matthew Wood",False,Sound,starwarstheforceawakens,140607.0,Star Wars: The Force Awakens,7.293,18352.0,Released,2015-12-15,2068223624.0,136.0,False,245000000.0,tt2488496,en,Star Wars: The Force Awakens,66.772,"Adventure, Action, Science Fiction","Lucasfilm Ltd., Bad Robot",United States of America,English,2015.0,starwarstheforceawakens,both
2016,Film | Special Visual Effects in 2016,Star Wars: The Force Awakens,"Chris Corbould, Roger Guyett, Paul Kavanagh, Neal Scanlan",True,Special Visual Effects,starwarstheforceawakens,140607.0,Star Wars: The Force Awakens,7.293,18352.0,Released,2015-12-15,2068223624.0,136.0,False,245000000.0,tt2488496,en,Star Wars: The Force Awakens,66.772,"Adventure, Action, Science Fiction","Lucasfilm Ltd., Bad Robot",United States of America,English,2015.0,starwarstheforceawakens,both
2016,Film | Special Visual Effects in 2016,Ant-Man,"Jake Morrison, Greg Steele, Dan Sudick, Alex Wuttke",False,Special Visual Effects,antman,102899.0,Ant-Man,7.082,18730.0,Released,2015-07-14,519311965.0,117.0,False,130000000.0,tt0478970,en,Ant-Man,37.692,"Science Fiction, Action, Adventure",Marvel Studios,United States of America,English,2015.0,antman,both
2016,Film | Special Visual Effects in 2016,Ex Machina,"Mark Ardington, Sara Bennett, Paul Norris, Andrew Whitehurst",False,Special Visual Effects,exmachina,264660.0,Ex Machina,7.572,12362.0,Released,2015-01-21,36869414.0,108.0,False,15000000.0,tt0470752,en,Ex Machina,26.767,"Drama, Science Fiction","DNA Films, Film4 Productions, IAC Films, Scott Rudin Productions","United Kingdom, United States of America",English,2015.0,exmachina,both
2016,Film | Special Visual Effects in 2016,Ex Machina,"Mark Ardington, Sara Bennett, Paul Norris, Andrew Whitehurst",False,Special Visual Effects,exmachina,1106784.0,EX MACHINA,0.0,0.0,Released,2023-04-28,0.0,36.0,False,0.0,,ko,EX MACHINA,0.6,"Fantasy, Drama",,South Korea,Korean,2023.0,exmachina,both
2016,Film | Special Visual Effects in 2016,Mad Max: Fury Road,"Andrew Jackson, Dan Oliver, Andy Williams, Tom Wood",False,Special Visual Effects,madmaxfuryroad,76341.0,Mad Max: Fury Road,7.582,20911.0,Released,2015-05-13,378858340.0,121.0,False,150000000.0,tt1392190,en,Mad Max: Fury Road,78.319,"Action, Adventure, Science Fiction","Kennedy Miller Productions, Warner Bros. Pictures, RatPac Entertainment, Village Roadshow Pictures","Australia, United States of America, South Africa",English,2015.0,madmaxfuryroad,both
2016,Film | Special Visual Effects in 2016,The Martian,"Chris Lawrence, Tim Ledbury, Richard Stammers, Steven Warner",False,Special Visual Effects,themartian,286217.0,The Martian,7.678,18525.0,Released,2015-09-30,630600000.0,141.0,False,108000000.0,tt3659388,en,The Martian,76.0,"Drama, Adventure, Science Fiction","Scott Free Productions, Genre Films","United Kingdom, United States of America","English, Mandarin",2015.0,themartian,both
2016,Film | Supporting Actor in 2016,Mark Rylance,Bridge Of Spies,True,Supporting Actor,markrylance,,,,,,,,,,,,,,,,,,,,,left_only
2016,Film | Supporting Actor in 2016,Benicio Del Toro,Sicario,False,Supporting Actor,beniciodeltoro,,,,,,,,,,,,,,,,,,,,,left_only
2016,Film | Supporting Actor in 2016,Christian Bale,The Big Short,False,Supporting Actor,christianbale,,,,,,,,,,,,,,,,,,,,,left_only
2016,Film | Supporting Actor in 2016,Idris Elba,Beasts Of No Nation,False,Supporting Actor,idriselba,,,,,,,,,,,,,,,,,,,,,left_only
2016,Film | Supporting Actor in 2016,Mark Ruffalo,Spotlight,False,Supporting Actor,markruffalo,,,,,,,,,,,,,,,,,,,,,left_only
2016,Film | Supporting Actress in 2016,Kate Winslet,Steve Jobs,True,Supporting Actress,katewinslet,,,,,,,,,,,,,,,,,,,,,left_only
2016,Film | Supporting Actress in 2016,Alicia Vikander,Ex Machina,False,Supporting Actress,aliciavikander,,,,,,,,,,,,,,,,,,,,,left_only
2016,Film | Supporting Actress in 2016,Jennifer Jason Leigh,The Hateful Eight,False,Supporting Actress,jenniferjasonleigh,,,,,,,,,,,,,,,,,,,,,left_only
2016,Film | Supporting Actress in 2016,Julie Walters,Brooklyn,False,Supporting Actress,juliewalters,,,,,,,,,,,,,,,,,,,,,left_only
2016,Film | Supporting Actress in 2016,Rooney Mara,Carol,False,Supporting Actress,rooneymara,,,,,,,,,,,,,,,,,,,,,left_only
2017,Film | Adapted Screenplay in 2017,Lion,Luke Davies,True,Adapted Screenplay,lion,334543.0,Lion,8.083,6199.0,Released,2016-11-24,140312928.0,118.0,False,12000000.0,tt3741834,en,Lion,20.266,Drama,"The Weinstein Company, See-Saw Films, Screen Australia, Aquarius Films, Sunstar Entertainment","Australia, United Kingdom, United States of America","Bengali, English, Hindi",2016.0,lion,both
2017,Film | Adapted Screenplay in 2017,Dick Van Dyke,,False,Adapted Screenplay,dickvandyke,,,,,,,,,,,,,,,,,,,,,left_only
2017,Film | Adapted Screenplay in 2017,Hacksaw Ridge,"Robert Schenkkan, Andrew Knight",False,Adapted Screenplay,hacksawridge,324786.0,Hacksaw Ridge,8.195,12668.0,Released,2016-10-07,175302354.0,139.0,False,40000000.0,tt2119532,en,Hacksaw Ridge,74.994,"Drama, History, War","Vendian Entertainment, Summit Entertainment, Cross Creek Pictures, IM Global, Screen Australia, Screen NSW, Permut Presentations, Pandemonium, Demarest Films, Lionsgate, Bliss Media, Kylin Pictures, AI Film","Australia, China, United Kingdom, United States of America","Japanese, English",2016.0,hacksawridge,both
2017,Film | Adapted Screenplay in 2017,Hidden Figures,"Theodore Melfi, Allison Schroeder",False,Adapted Screenplay,hiddenfigures,381284.0,Hidden Figures,8.058,8958.0,Released,2016-12-10,235956898.0,127.0,False,25000000.0,tt4846340,en,Hidden Figures,70.299,"Drama, History","Fox 2000 Pictures, Levantine Films, Chernin Entertainment, 20th Century Fox",United States of America,English,2016.0,hiddenfigures,both
2017,Film | Adapted Screenplay in 2017,Nocturnal Animals,Tom Ford,False,Adapted Screenplay,nocturnalanimals,340666.0,Nocturnal Animals,7.442,7196.0,Released,2016-11-04,29252978.0,117.0,False,22500000.0,tt4550098,en,Nocturnal Animals,21.733,"Drama, Thriller","Universal Pictures, Focus Features, Artina Films, Fade to Black Productions",United States of America,English,2016.0,nocturnalanimals,both
2017,Film | Animated Film in 2017,Kubo and the Two Strings,Travis Knight,True,Animated Film,kuboandthetwostrings,313297.0,Kubo and the Two Strings,7.64,3358.0,Released,2016-08-18,76249438.0,102.0,False,60000000.0,tt4302938,en,Kubo and the Two Strings,24.598,"Animation, Adventure, Family","Laika Entertainment, Focus Features",United States of America,English,2016.0,kuboandthetwostrings,both
2017,Film | Animated Film in 2017,Finding Dory,Andrew Stanton,False,Animated Film,findingdory,127380.0,Finding Dory,7.042,11429.0,Released,2016-06-16,1028570889.0,97.0,False,200000000.0,tt2277860,en,Finding Dory,26.562,"Adventure, Animation, Comedy, Family","Pixar, Walt Disney Pictures",United States of America,English,2016.0,findingdory,both
2017,Film | Animated Film in 2017,Moana,"Ron Clements, John Musker",False,Animated Film,moana,277834.0,Moana,7.6,11502.0,Released,2016-10-13,690860472.0,107.0,False,150000000.0,tt3521164,en,Moana,17.963,"Adventure, Comedy, Family, Animation","Walt Disney Pictures, Walt Disney Animation Studios, Hurwitz Creative",United States of America,English,2016.0,moana,both
2017,Film | Animated Film in 2017,Zootropolis,"Byron Howard, Rich Moore",False,Animated Film,zootropolis,,,,,,,,,,,,,,,,,,,,,left_only
2017,Film | British Short Animation in 2017,A Love Story,"Khaled Gad, Anushka Kashani Naanayakkara, Elena Ruscombe-King",True,British Short Animation,alovestory,1009116.0,A Love Story,7.5,14.0,Released,2023-04-12,0.0,91.0,False,0.0,tt26597966,fr,Une histoire d'amour,3.745,"Romance, Drama","FullDawa Films, Acmé Films",France,French,2023.0,alovestory,both
2017,Film | British Short Animation in 2017,The Alan Dimension,"Jac Clinch, Jonathan Harbottle, Millie Marsh",False,British Short Animation,thealandimension,419150.0,The Alan Dimension,5.3,3.0,Released,2016-10-02,0.0,9.0,False,0.0,tt5635816,en,The Alan Dimension,0.6,"Science Fiction, Animation",,United Kingdom,English,2016.0,thealandimension,both
2017,Film | British Short Animation in 2017,Tough,Jennifer Zheng,False,British Short Animation,tough,434309.0,Tough,6.0,4.0,Released,2016-06-01,0.0,5.0,False,0.0,tt5791324,en,Tough,0.6,"Documentary, Animation",,United Kingdom,"Mandarin, English",2016.0,tough,both
2017,Film | British Short Film in 2017,Home,"Shpat Deda, Afolabi Kuti, Daniel Mulloy, Scott ODonnell",True,British Short Film,home,228161.0,Home,6.782,3693.0,Released,2015-03-18,368871007.0,94.0,False,135000000.0,tt2224026,en,Home,29.249,"Fantasy, Comedy, Animation, Science Fiction, Family","DreamWorks Animation, 20th Century Fox",United States of America,English,2015.0,home,both
2017,Film | British Short Film in 2017,Home,"Shpat Deda, Afolabi Kuti, Daniel Mulloy, Scott ODonnell",True,British Short Film,home,179624.0,HOME,5.5,6.0,Released,2012-04-27,0.0,110.0,False,0.0,tt1914281,ja,HOME 愛しの座敷わらし,3.055,"Family, Drama",Toei Company,Japan,Japanese,2012.0,home,both
2017,Film | British Short Film in 2017,Home,"Shpat Deda, Afolabi Kuti, Daniel Mulloy, Scott ODonnell",True,British Short Film,home,545360.0,Home.,7.0,1.0,Released,2018-08-27,0.0,61.0,False,0.0,tt8907428,en,Home.,0.671,Drama,,,,2018.0,home,both
2017,Film | British Short Film in 2017,Home,"Shpat Deda, Afolabi Kuti, Daniel Mulloy, Scott ODonnell",True,British Short Film,home,1307566.0,home.,10.0,1.0,Released,2024-06-21,0.0,2.0,False,0.0,,en,home.,1.4,Drama,,,,2024.0,home,both
2017,Film | British Short Film in 2017,Home,"Shpat Deda, Afolabi Kuti, Daniel Mulloy, Scott ODonnell",True,British Short Film,home,1177264.0,HOME!,0.0,0.0,Released,2021-03-26,0.0,7.0,False,0.0,,ja,HOME!,0.6,Science Fiction,Orange,Japan,Japanese,2021.0,home,both
2017,Film | British Short Film in 2017,Home,"Shpat Deda, Afolabi Kuti, Daniel Mulloy, Scott ODonnell",True,British Short Film,home,1189513.0,H.O.M.E.,0.0,0.0,Released,2023-10-09,0.0,0.0,False,0.0,tt27753799,tr,H.O.M.E.,1.4,"Mystery, Science Fiction, Drama, Fantasy",,Turkey,,2023.0,home,both
2017,Film | British Short Film in 2017,Home,"Shpat Deda, Afolabi Kuti, Daniel Mulloy, Scott ODonnell",True,British Short Film,home,1421318.0,HOMe,0.0,0.0,In Production,2025-02-01,0.0,4.0,False,0.0,,en,HOMe,1.4,,,,,2025.0,home,both
2017,Film | British Short Film in 2017,Home,"Shpat Deda, Afolabi Kuti, Daniel Mulloy, Scott ODonnell",True,British Short Film,home,498291.0,home,0.0,0.0,Released,2016-06-14,0.0,11.0,False,0.0,,en,home,0.6,,ARGOS Centre for  Art and Media,Belgium,,2016.0,home,both
2017,Film | British Short Film in 2017,Home,"Shpat Deda, Afolabi Kuti, Daniel Mulloy, Scott ODonnell",True,British Short Film,home,607042.0,Home?,0.0,0.0,Released,2018-12-08,0.0,18.0,False,0.0,,en,Home?,0.6,,,,,2018.0,home,both
2017,Film | British Short Film in 2017,Home,"Shpat Deda, Afolabi Kuti, Daniel Mulloy, Scott ODonnell",True,British Short Film,home,927114.0,@home,0.0,0.0,Released,2013-07-22,0.0,55.0,False,0.0,tt2772832,en,@home,0.6,Documentary,"The Kindling Group, See3 Communcations",United States of America,English,2013.0,home,both
2017,Film | British Short Film in 2017,Consumed,Richard John Seymour,False,British Short Film,consumed,333665.0,Consumed,5.5,39.0,Released,2015-06-01,0.0,97.0,False,0.0,tt3760966,en,Consumed,6.518,"Thriller, Drama","NoiseFloor, Mister Lister Films, MarVista Entertainment, Johnsonese Brokerage",United States of America,"English, French",2015.0,consumed,both
2017,Film | British Short Film in 2017,Mouth of Hell,"Bart Gavigan, Samir Mehanovic, Allie Smith, Michael Wilson",False,British Short Film,mouthofhell,434310.0,Mouth of Hell,6.5,4.0,Released,2014-12-01,0.0,15.0,False,0.0,tt2917142,en,Anant,0.726,Drama,,"India, United Kingdom",Hindi,2014.0,mouthofhell,both
2017,Film | British Short Film in 2017,The Party,"Farah Abushwesha, Emmet Fleming, Andrea Harkin, Conor MacNeill",False,British Short Film,theparty,166.0,The Party,6.611,1045.0,Released,1980-12-17,0.0,110.0,False,0.0,tt0082100,fr,La Boum,12.76,"Drama, Romance, Comedy","Productions Marcel Dassault, Gaumont, Gaumont International",France,French,1980.0,theparty,both
2017,Film | British Short Film in 2017,The Party,"Farah Abushwesha, Emmet Fleming, Andrea Harkin, Conor MacNeill",False,British Short Film,theparty,1037987.0,THE PARTY,0.0,0.0,Released,2021-05-22,0.0,3.0,False,0.0,,el,ΤΟ ΠΑΡΤΥ,0.6,Drama,Panorama Film School of A.U.Th.,Greece,Greek,2021.0,theparty,both
2017,Film | British Short Film in 2017,Standby,"Charlotte Regan, Jack Hannon",False,British Short Film,standby,301225.0,Standby,6.219,32.0,Released,2014-11-14,0.0,90.0,False,0.0,tt1645916,en,Standby,2.796,"Romance, Comedy",,Ireland,"Russian, English",2014.0,standby,both
2017,Film | British Short Film in 2017,Standby,"Charlotte Regan, Jack Hannon",False,British Short Film,standby,45942.0,Stand-by,3.0,2.0,Released,2000-05-29,0.0,125.0,False,0.0,tt0245834,en,Stand-by,1.782,Drama,"Studio Images 5, Diaphana Films, La Sept Cinéma, Salomé, Havas Images, Ista Films, Canal+, ARTE France Cinéma",France,French,2000.0,standby,both
2017,Film | British Short Film in 2017,Standby,"Charlotte Regan, Jack Hannon",False,British Short Film,standby,630986.0,Stand By,0.0,0.0,Released,2017-12-30,0.0,30.0,False,15.0,,es,Stand By,0.6,Thriller,,Spain,Spanish,2017.0,standby,both
2017,Film | Cinematography in 2017,La La Land,Linus Sandgren,True,Cinematography,lalaland,313369.0,La La Land,7.897,15625.0,Released,2016-11-29,447407695.0,129.0,False,30000000.0,tt3783958,en,La La Land,32.009,"Comedy, Drama, Romance, Music","Summit Entertainment, Black Label Media, Gilbert Films, Impostor Pictures, Marc Platt Productions, Lionsgate",United States of America,English,2016.0,lalaland,both
2017,Film | Cinematography in 2017,La La Land,Linus Sandgren,True,Cinematography,lalaland,691191.0,LA LA Land,5.5,2.0,Released,2008-03-07,0.0,26.0,False,0.0,tt1179042,en,LA LA Land,0.613,Comedy,,,,2008.0,lalaland,both
2017,Film | Cinematography in 2017,La La Land,Linus Sandgren,True,Cinematography,lalaland,535553.0,Lala Land,0.0,0.0,Released,2018-09-21,0.0,18.0,False,0.0,,ko,랄라랜드,0.6,"Comedy, Music",,South Korea,Korean,2018.0,lalaland,both
2017,Film | Cinematography in 2017,Arrival,Bradford Young,False,Cinematography,arrival,329865.0,Arrival,7.6,16564.0,Released,2016-11-10,203388186.0,116.0,False,47000000.0,tt2543164,en,Arrival,47.983,"Drama, Science Fiction, Mystery","FilmNation Entertainment, Lava Bear Films, Reliance Entertainment, Xenolinguistics, 21 Laps Entertainment, Paramount, Stage 6 Films","Canada, India, United States of America","Mandarin, English, Russian",2016.0,arrival,both
2017,Film | Cinematography in 2017,Hell or High Water,Giles Nuttgens,False,Cinematography,hellorhighwater,338766.0,Hell or High Water,7.304,4128.0,Released,2016-08-11,37589296.0,102.0,False,12000000.0,tt2582782,en,Hell or High Water,15.749,"Western, Crime, Drama","Sidney Kimmel Entertainment, Film 44, OddLot Entertainment, Estrella Media, Lionsgate, CBS Films, Sierra/Affinity",United States of America,English,2016.0,hellorhighwater,both
2017,Film | Cinematography in 2017,Lion,Greig Fraser,False,Cinematography,lion,334543.0,Lion,8.083,6199.0,Released,2016-11-24,140312928.0,118.0,False,12000000.0,tt3741834,en,Lion,20.266,Drama,"The Weinstein Company, See-Saw Films, Screen Australia, Aquarius Films, Sunstar Entertainment","Australia, United Kingdom, United States of America","Bengali, English, Hindi",2016.0,lion,both
2017,Film | Cinematography in 2017,Nocturnal Animals,Seamus McGarvey,False,Cinematography,nocturnalanimals,340666.0,Nocturnal Animals,7.442,7196.0,Released,2016-11-04,29252978.0,117.0,False,22500000.0,tt4550098,en,Nocturnal Animals,21.733,"Drama, Thriller","Universal Pictures, Focus Features, Artina Films, Fade to Black Productions",United States of America,English,2016.0,nocturnalanimals,both
2017,Film | Costume Design in 2017,Jackie,Madeline Fontaine,True,Costume Design,jackie,376866.0,Jackie,6.443,2194.0,Released,2016-12-02,13960394.0,100.0,False,9000000.0,tt1619029,en,Jackie,13.102,Drama,"Fox Searchlight Pictures, Why Not Productions, Wild Bunch, Protozoa Pictures, Bliss Media, Endemol Shine North America, Fabula, LD Entertainment","Chile, France, United States of America",English,2016.0,jackie,both
2017,Film | Costume Design in 2017,Allied,Joanna Johnston,False,Costume Design,allied,369885.0,Allied,6.8,4251.0,Released,2016-11-17,119520023.0,124.0,False,85000000.0,tt3640424,en,Allied,13.298,"Action, Drama, War, Romance, Thriller","Paramount, GK Films, ImageMovers, Huahua Media","China, United States of America, United Kingdom","Arabic, English, French, German",2016.0,allied,both
2017,Film | Costume Design in 2017,Fantastic Beasts and Where to Find Them,Colleen Atwood,False,Costume Design,fantasticbeastsandwheretofindthem,259316.0,Fantastic Beasts and Where to Find Them,7.334,17892.0,Released,2016-11-16,809342332.0,132.0,False,180000000.0,tt3183660,en,Fantastic Beasts and Where to Find Them,46.103,"Fantasy, Adventure, Family","Heyday Films, Warner Bros. Pictures","United Kingdom, United States of America",English,2016.0,fantasticbeastsandwheretofindthem,both
2017,Film | Costume Design in 2017,Florence Foster Jenkins,Consolata Boyle,False,Costume Design,florencefosterjenkins,315664.0,Florence Foster Jenkins,6.654,1379.0,Released,2016-05-06,48902953.0,110.0,False,29000000.0,tt4136084,en,Florence Foster Jenkins,10.953,"Comedy, Drama","BBC Film, Qwerty Films, Pathé","United Kingdom, United States of America",English,2016.0,florencefosterjenkins,both
2017,Film | Costume Design in 2017,La La Land,Mary Zophres,False,Costume Design,lalaland,313369.0,La La Land,7.897,15625.0,Released,2016-11-29,447407695.0,129.0,False,30000000.0,tt3783958,en,La La Land,32.009,"Comedy, Drama, Romance, Music","Summit Entertainment, Black Label Media, Gilbert Films, Impostor Pictures, Marc Platt Productions, Lionsgate",United States of America,English,2016.0,lalaland,both
2017,Film | Costume Design in 2017,La La Land,Mary Zophres,False,Costume Design,lalaland,691191.0,LA LA Land,5.5,2.0,Released,2008-03-07,0.0,26.0,False,0.0,tt1179042,en,LA LA Land,0.613,Comedy,,,,2008.0,lalaland,both
2017,Film | Costume Design in 2017,La La Land,Mary Zophres,False,Costume Design,lalaland,535553.0,Lala Land,0.0,0.0,Released,2018-09-21,0.0,18.0,False,0.0,,ko,랄라랜드,0.6,"Comedy, Music",,South Korea,Korean,2018.0,lalaland,both
2017,Film | Director in 2017,Damien Chazelle,La La Land,True,Director,damienchazelle,,,,,,,,,,,,,,,,,,,,,left_only
2017,Film | Director in 2017,Denis Villeneuve,Arrival,False,Director,denisvilleneuve,,,,,,,,,,,,,,,,,,,,,left_only
2017,Film | Director in 2017,Ken Loach,I Daniel Blake,False,Director,kenloach,,,,,,,,,,,,,,,,,,,,,left_only
2017,Film | Director in 2017,Kenneth Lonergan,Manchester by the Sea,False,Director,kennethlonergan,,,,,,,,,,,,,,,,,,,,,left_only
2017,Film | Director in 2017,Tom Ford,Nocturnal Animals,False,Director,tomford,,,,,,,,,,,,,,,,,,,,,left_only
2017,Film | Documentary in 2017,13th,"Ava Duvernay, Spencer Averick, Howard Barish",True,Documentary,13th,407806.0,13th,7.948,697.0,Released,2016-10-07,0.0,100.0,False,0.0,tt5895028,en,13th,8.682,Documentary,Kandoo Films,United States of America,English,2016.0,13th,both
2017,Film | Documentary in 2017,The Beatles: Eight Days A Week - The Touring Years,"Ron Howard, Brian Grazer, Scott Pascucci, Nigel Sinclair",False,Documentary,thebeatleseightdaysaweekthetouringyears,391698.0,The Beatles: Eight Days a Week - The Touring Years,7.571,331.0,Released,2016-09-15,12283800.0,106.0,False,0.0,tt2531318,en,The Beatles: Eight Days a Week - The Touring Years,14.601,"Documentary, Music","Imagine Entertainment, Apple Corps","United Kingdom, United States of America",English,2016.0,thebeatleseightdaysaweekthetouringyears,both
2017,Film | Documentary in 2017,The Eagle Huntress,"Otto Bell, Stacey Reiss",False,Documentary,theeaglehuntress,376530.0,The Eagle Huntress,7.041,86.0,Released,2016-11-02,3162153.0,87.0,False,0.0,tt3882074,en,The Eagle Huntress,6.04,"Family, Documentary, Adventure","Kissaki Films, Stacey Reiss Productions, Artemis Rising, Impact Partners, Sony Pictures Classics","Mongolia, United States of America, United Kingdom","Kazakh, English",2016.0,theeaglehuntress,both
2017,Film | Documentary in 2017,Notes on Blindness,"Peter Middleton, James Spinney",False,Documentary,notesonblindness,378441.0,Notes on Blindness,6.984,64.0,Released,2016-07-01,0.0,90.0,False,0.0,tt5117222,en,Notes on Blindness,5.896,"Drama, Documentary","Archer's Mark, Impact Partners, Creative England, ARTE, BBC Storyville, Cinephil, The Bertha Foundation",United Kingdom,English,2016.0,notesonblindness,both
2017,Film | Documentary in 2017,Weiner,"Josh Kriegman, Elyse Steinberg",False,Documentary,weiner,376261.0,Weiner,7.336,159.0,Released,2016-05-20,0.0,96.0,False,0.0,tt5278596,en,Weiner,5.542,Documentary,"Motto Pictures, Edgeline Films",United States of America,English,2016.0,weiner,both
2017,Film | EE Rising Star in 2017,Tom Holland,,True,EE Rising Star,tomholland,,,,,,,,,,,,,,,,,,,,,left_only
2017,Film | EE Rising Star in 2017,Laia Costa,,False,EE Rising Star,laiacosta,,,,,,,,,,,,,,,,,,,,,left_only
2017,Film | EE Rising Star in 2017,Lucas Hedges,,False,EE Rising Star,lucashedges,,,,,,,,,,,,,,,,,,,,,left_only
2017,Film | EE Rising Star in 2017,Ruth Negga,,False,EE Rising Star,ruthnegga,,,,,,,,,,,,,,,,,,,,,left_only
2017,Film | EE Rising Star in 2017,Anya Taylor-Joy,,False,EE Rising Star,anyataylorjoy,,,,,,,,,,,,,,,,,,,,,left_only
2017,Film | Editing in 2017,Hacksaw Ridge,John Gilbert,True,Editing,hacksawridge,324786.0,Hacksaw Ridge,8.195,12668.0,Released,2016-10-07,175302354.0,139.0,False,40000000.0,tt2119532,en,Hacksaw Ridge,74.994,"Drama, History, War","Vendian Entertainment, Summit Entertainment, Cross Creek Pictures, IM Global, Screen Australia, Screen NSW, Permut Presentations, Pandemonium, Demarest Films, Lionsgate, Bliss Media, Kylin Pictures, AI Film","Australia, China, United Kingdom, United States of America","Japanese, English",2016.0,hacksawridge,both
2017,Film | Editing in 2017,Arrival,Joe Walker,False,Editing,arrival,329865.0,Arrival,7.6,16564.0,Released,2016-11-10,203388186.0,116.0,False,47000000.0,tt2543164,en,Arrival,47.983,"Drama, Science Fiction, Mystery","FilmNation Entertainment, Lava Bear Films, Reliance Entertainment, Xenolinguistics, 21 Laps Entertainment, Paramount, Stage 6 Films","Canada, India, United States of America","Mandarin, English, Russian",2016.0,arrival,both
2017,Film | Editing in 2017,La La Land,Tom Cross,False,Editing,lalaland,313369.0,La La Land,7.897,15625.0,Released,2016-11-29,447407695.0,129.0,False,30000000.0,tt3783958,en,La La Land,32.009,"Comedy, Drama, Romance, Music","Summit Entertainment, Black Label Media, Gilbert Films, Impostor Pictures, Marc Platt Productions, Lionsgate",United States of America,English,2016.0,lalaland,both
2017,Film | Editing in 2017,La La Land,Tom Cross,False,Editing,lalaland,691191.0,LA LA Land,5.5,2.0,Released,2008-03-07,0.0,26.0,False,0.0,tt1179042,en,LA LA Land,0.613,Comedy,,,,2008.0,lalaland,both
2017,Film | Editing in 2017,La La Land,Tom Cross,False,Editing,lalaland,535553.0,Lala Land,0.0,0.0,Released,2018-09-21,0.0,18.0,False,0.0,,ko,랄라랜드,0.6,"Comedy, Music",,South Korea,Korean,2018.0,lalaland,both
2017,Film | Editing in 2017,Nocturnal Animals,Joan Sobel,False,Editing,nocturnalanimals,340666.0,Nocturnal Animals,7.442,7196.0,Released,2016-11-04,29252978.0,117.0,False,22500000.0,tt4550098,en,Nocturnal Animals,21.733,"Drama, Thriller","Universal Pictures, Focus Features, Artina Films, Fade to Black Productions",United States of America,English,2016.0,nocturnalanimals,both
2017,Film | Editing in 2017,Manchester by the Sea,Jennifer Lame,False,Editing,manchesterbythesea,334541.0,Manchester by the Sea,7.5,5396.0,Released,2016-11-18,78988148.0,138.0,False,9000000.0,tt4034228,en,Manchester by the Sea,22.316,Drama,"Pearl Street Films, K Period Media, B Story, The Affleck/Middleton Project, The Media Farm, Amazon Studios, Big Indie Pictures, CMP Entertainment, OddLot Entertainment",United States of America,English,2016.0,manchesterbythesea,both
2017,Film | Fellowship in 2017,Mel Brooks,,True,Fellowship,melbrooks,,,,,,,,,,,,,,,,,,,,,left_only
2017,Film | Film in 2017,La La Land,"Fred Berger, Jordan Horowitz, Marc Platt",True,Film,lalaland,313369.0,La La Land,7.897,15625.0,Released,2016-11-29,447407695.0,129.0,False,30000000.0,tt3783958,en,La La Land,32.009,"Comedy, Drama, Romance, Music","Summit Entertainment, Black Label Media, Gilbert Films, Impostor Pictures, Marc Platt Productions, Lionsgate",United States of America,English,2016.0,lalaland,both
2017,Film | Film in 2017,La La Land,"Fred Berger, Jordan Horowitz, Marc Platt",True,Film,lalaland,691191.0,LA LA Land,5.5,2.0,Released,2008-03-07,0.0,26.0,False,0.0,tt1179042,en,LA LA Land,0.613,Comedy,,,,2008.0,lalaland,both
2017,Film | Film in 2017,La La Land,"Fred Berger, Jordan Horowitz, Marc Platt",True,Film,lalaland,535553.0,Lala Land,0.0,0.0,Released,2018-09-21,0.0,18.0,False,0.0,,ko,랄라랜드,0.6,"Comedy, Music",,South Korea,Korean,2018.0,lalaland,both
2017,Film | Film in 2017,Arrival,"Dan Levine, Shawn Levy, David Linde, Aaron Ryder",False,Film,arrival,329865.0,Arrival,7.6,16564.0,Released,2016-11-10,203388186.0,116.0,False,47000000.0,tt2543164,en,Arrival,47.983,"Drama, Science Fiction, Mystery","FilmNation Entertainment, Lava Bear Films, Reliance Entertainment, Xenolinguistics, 21 Laps Entertainment, Paramount, Stage 6 Films","Canada, India, United States of America","Mandarin, English, Russian",2016.0,arrival,both
2017,Film | Film in 2017,"I, Daniel Blake",Rebecca O'Brien,False,Film,idanielblake,374473.0,"I, Daniel Blake",7.747,1264.0,Released,2016-10-21,15793051.0,100.0,False,0.0,tt5168192,en,"I, Daniel Blake",10.364,Drama,"Why Not Productions, Wild Bunch, Sixteen Films, Les Films du Fleuve, BFI, BBC Film","Belgium, France, United Kingdom",English,2016.0,idanielblake,both
2017,Film | Film in 2017,Manchester by the Sea,"Lauren Beck, Matt Damon, Chris Moore, Kimberly Steward, Kevin J. Walsh",False,Film,manchesterbythesea,334541.0,Manchester by the Sea,7.5,5396.0,Released,2016-11-18,78988148.0,138.0,False,9000000.0,tt4034228,en,Manchester by the Sea,22.316,Drama,"Pearl Street Films, K Period Media, B Story, The Affleck/Middleton Project, The Media Farm, Amazon Studios, Big Indie Pictures, CMP Entertainment, OddLot Entertainment",United States of America,English,2016.0,manchesterbythesea,both
2017,Film | Film in 2017,Moonlight,"Dede Gardner, Jeremy Kleiner, Adele Romanski",False,Film,moonlight,376867.0,Moonlight,7.392,6641.0,Released,2016-10-21,65046687.0,111.0,False,4000000.0,tt4975722,en,Moonlight,16.748,Drama,"A24, Plan B Entertainment, PASTEL",United States of America,English,2016.0,moonlight,both
2017,Film | Film in 2017,Moonlight,"Dede Gardner, Jeremy Kleiner, Adele Romanski",False,Film,moonlight,1028005.0,Moon Light,0.0,0.0,Released,2022-09-17,0.0,110.0,False,0.0,,en,Moon Light,0.6,"Comedy, Horror",,,Thai,2022.0,moonlight,both
2017,Film | Film Not in the English Language in 2017,Son of Saul,"László Nemes, Gábor Sipos",True,Film Not in the English Language,sonofsaul,336050.0,Son of Saul,7.144,969.0,Released,2015-06-11,1777043.0,107.0,False,1000000.0,tt3808342,hu,Saul fia,13.38,"War, Drama, Thriller","Hungarian National Film Fund, Laokoon Filmgroup",Hungary,"Greek, Hebrew, Yiddish, German, Polish, Russian, Slovak, Hungarian",2015.0,sonofsaul,both
2017,Film | Film Not in the English Language in 2017,Dheepan,"Jacques Audiard, Pascal Caucheteux",False,Film Not in the English Language,dheepan,314402.0,Dheepan,6.839,426.0,Released,2015-08-26,7704357.0,115.0,False,0.0,tt4082068,fr,Dheepan,9.474,"Crime, Drama","France 2 Cinéma, Why Not Productions, Page 114",France,"Arabic, English, French, Tamil",2015.0,dheepan,both
2017,Film | Film Not in the English Language in 2017,Julieta,"Pedro Almodóvar, Agustín Almodóvar",False,Film Not in the English Language,julieta,332872.0,Julieta,7.008,796.0,Released,2016-04-08,22468044.0,96.0,False,1490000.0,tt4326444,es,Julieta,13.292,"Drama, Romance","El Deseo, Canal+, Ciné+, TVE, Echo Lake Entertainment",Spain,Spanish,2016.0,julieta,both
2017,Film | Film Not in the English Language in 2017,Mustang,"Deniz Gamze Ergüven, Charles Gillibert",False,Film Not in the English Language,mustang,336804.0,Mustang,7.78,1283.0,Released,2015-06-17,5274664.0,97.0,False,1300000.0,tt3966404,tr,Mustang,11.782,Drama,"CG Cinéma, Vistamar Filmproduktion, Uhlandfilm, Bam Film, Kinology, Ciné+, ZDF/Arte, Turkish Culture Ministry, Film- und Medienstiftung NRW, DFI, CNC, Canal+, FFA","France, Germany, Qatar, Turkey",Turkish,2015.0,mustang,both
2017,Film | Film Not in the English Language in 2017,Toni Erdmann,"Maren Ade, Janine Jackowski",False,Film Not in the English Language,tonierdmann,374475.0,Toni Erdmann,7.0,882.0,Released,2016-07-14,0.0,162.0,False,10000000.0,tt4048272,de,Toni Erdmann,8.284,"Comedy, Drama","ARTE, Komplizen Film, KNM, MonkeyBoy, HiFilm Productions, SWR, WDR, Missing Link Films, Coop 99 Filmproduktion, The Match Factory, Eurimages, MEDIA Programme of the European Union, Deutscher Filmförderfonds, Medienboard Berlin-Brandenburg, Filmstandort Austria (FISA), FFA","Austria, Belgium, France, Germany, Romania","English, French, German, Romanian",2016.0,tonierdmann,both
2017,Film | Leading Actor in 2017,Casey Affleck,Manchester by the Sea,True,Leading Actor,caseyaffleck,,,,,,,,,,,,,,,,,,,,,left_only
2017,Film | Leading Actor in 2017,Andrew Garfield,Hacksaw Ridge,False,Leading Actor,andrewgarfield,,,,,,,,,,,,,,,,,,,,,left_only
2017,Film | Leading Actor in 2017,Jake Gyllenhaal,Nocturnal Animals,False,Leading Actor,jakegyllenhaal,,,,,,,,,,,,,,,,,,,,,left_only
2017,Film | Leading Actor in 2017,Ryan Gosling,La La Land,False,Leading Actor,ryangosling,,,,,,,,,,,,,,,,,,,,,left_only
2017,Film | Leading Actor in 2017,Viggo Mortensen,Captain Fantastic,False,Leading Actor,viggomortensen,,,,,,,,,,,,,,,,,,,,,left_only
2017,Film | Leading Actress in 2017,Emma Stone,La La Land,True,Leading Actress,emmastone,,,,,,,,,,,,,,,,,,,,,left_only
2017,Film | Leading Actress in 2017,Amy Adams,Arrival,False,Leading Actress,amyadams,,,,,,,,,,,,,,,,,,,,,left_only
2017,Film | Leading Actress in 2017,Emily Blunt,The Girl on the Train,False,Leading Actress,emilyblunt,,,,,,,,,,,,,,,,,,,,,left_only
2017,Film | Leading Actress in 2017,Meryl Streep,Florence Foster Jenkins,False,Leading Actress,merylstreep,,,,,,,,,,,,,,,,,,,,,left_only
2017,Film | Leading Actress in 2017,Natalie Portman,Jackie,False,Leading Actress,natalieportman,,,,,,,,,,,,,,,,,,,,,left_only
2017,Film | Make Up and Hair in 2017,Florence Foster Jenkins,"J. Roy Helland, Daniel Phillips",True,Make Up and Hair,florencefosterjenkins,315664.0,Florence Foster Jenkins,6.654,1379.0,Released,2016-05-06,48902953.0,110.0,False,29000000.0,tt4136084,en,Florence Foster Jenkins,10.953,"Comedy, Drama","BBC Film, Qwerty Films, Pathé","United Kingdom, United States of America",English,2016.0,florencefosterjenkins,both
2017,Film | Make Up and Hair in 2017,Doctor Strange,Jeremy Woodhead,False,Make Up and Hair,doctorstrange,284052.0,Doctor Strange,7.427,20935.0,Released,2016-10-25,676343174.0,115.0,False,180000000.0,tt1211837,en,Doctor Strange,70.535,"Action, Adventure, Fantasy",Marvel Studios,United States of America,English,2016.0,doctorstrange,both
2017,Film | Make Up and Hair in 2017,Hacksaw Ridge,Shane Thomas,False,Make Up and Hair,hacksawridge,324786.0,Hacksaw Ridge,8.195,12668.0,Released,2016-10-07,175302354.0,139.0,False,40000000.0,tt2119532,en,Hacksaw Ridge,74.994,"Drama, History, War","Vendian Entertainment, Summit Entertainment, Cross Creek Pictures, IM Global, Screen Australia, Screen NSW, Permut Presentations, Pandemonium, Demarest Films, Lionsgate, Bliss Media, Kylin Pictures, AI Film","Australia, China, United Kingdom, United States of America","Japanese, English",2016.0,hacksawridge,both
2017,Film | Make Up and Hair in 2017,Nocturnal Animals,"Donald Mowat, Yolanda Toussieng",False,Make Up and Hair,nocturnalanimals,340666.0,Nocturnal Animals,7.442,7196.0,Released,2016-11-04,29252978.0,117.0,False,22500000.0,tt4550098,en,Nocturnal Animals,21.733,"Drama, Thriller","Universal Pictures, Focus Features, Artina Films, Fade to Black Productions",United States of America,English,2016.0,nocturnalanimals,both
2017,Film | Make Up and Hair in 2017,Rogue One: A Star Wars Story,"Amanda Knight, Neal Scanlan, Lisa Tomblin",False,Make Up and Hair,rogueoneastarwarsstory,330459.0,Rogue One: A Star Wars Story,7.488,14354.0,Released,2016-12-14,1056057273.0,133.0,False,200000000.0,tt3748528,en,Rogue One: A Star Wars Story,33.1,"Action, Adventure, Science Fiction",Lucasfilm Ltd.,United States of America,English,2016.0,rogueoneastarwarsstory,both
2017,Film | Original Music in 2017,La La Land,Justin Hurwitz,True,Original Music,lalaland,313369.0,La La Land,7.897,15625.0,Released,2016-11-29,447407695.0,129.0,False,30000000.0,tt3783958,en,La La Land,32.009,"Comedy, Drama, Romance, Music","Summit Entertainment, Black Label Media, Gilbert Films, Impostor Pictures, Marc Platt Productions, Lionsgate",United States of America,English,2016.0,lalaland,both
2017,Film | Original Music in 2017,La La Land,Justin Hurwitz,True,Original Music,lalaland,691191.0,LA LA Land,5.5,2.0,Released,2008-03-07,0.0,26.0,False,0.0,tt1179042,en,LA LA Land,0.613,Comedy,,,,2008.0,lalaland,both
2017,Film | Original Music in 2017,La La Land,Justin Hurwitz,True,Original Music,lalaland,535553.0,Lala Land,0.0,0.0,Released,2018-09-21,0.0,18.0,False,0.0,,ko,랄라랜드,0.6,"Comedy, Music",,South Korea,Korean,2018.0,lalaland,both
2017,Film | Original Music in 2017,Arrival,Jóhann Jóhannsson,False,Original Music,arrival,329865.0,Arrival,7.6,16564.0,Released,2016-11-10,203388186.0,116.0,False,47000000.0,tt2543164,en,Arrival,47.983,"Drama, Science Fiction, Mystery","FilmNation Entertainment, Lava Bear Films, Reliance Entertainment, Xenolinguistics, 21 Laps Entertainment, Paramount, Stage 6 Films","Canada, India, United States of America","Mandarin, English, Russian",2016.0,arrival,both
2017,Film | Original Music in 2017,Jackie,Mica Levi,False,Original Music,jackie,376866.0,Jackie,6.443,2194.0,Released,2016-12-02,13960394.0,100.0,False,9000000.0,tt1619029,en,Jackie,13.102,Drama,"Fox Searchlight Pictures, Why Not Productions, Wild Bunch, Protozoa Pictures, Bliss Media, Endemol Shine North America, Fabula, LD Entertainment","Chile, France, United States of America",English,2016.0,jackie,both
2017,Film | Original Music in 2017,Lion,"Dustin O'Halloran, Hauschka",False,Original Music,lion,334543.0,Lion,8.083,6199.0,Released,2016-11-24,140312928.0,118.0,False,12000000.0,tt3741834,en,Lion,20.266,Drama,"The Weinstein Company, See-Saw Films, Screen Australia, Aquarius Films, Sunstar Entertainment","Australia, United Kingdom, United States of America","Bengali, English, Hindi",2016.0,lion,both
2017,Film | Original Music in 2017,Nocturnal Animals,Abel Korzeniowski,False,Original Music,nocturnalanimals,340666.0,Nocturnal Animals,7.442,7196.0,Released,2016-11-04,29252978.0,117.0,False,22500000.0,tt4550098,en,Nocturnal Animals,21.733,"Drama, Thriller","Universal Pictures, Focus Features, Artina Films, Fade to Black Productions",United States of America,English,2016.0,nocturnalanimals,both
2017,Film | Original Screenplay in 2017,Manchester by the Sea,Kenneth Lonergan,True,Original Screenplay,manchesterbythesea,334541.0,Manchester by the Sea,7.5,5396.0,Released,2016-11-18,78988148.0,138.0,False,9000000.0,tt4034228,en,Manchester by the Sea,22.316,Drama,"Pearl Street Films, K Period Media, B Story, The Affleck/Middleton Project, The Media Farm, Amazon Studios, Big Indie Pictures, CMP Entertainment, OddLot Entertainment",United States of America,English,2016.0,manchesterbythesea,both
2017,Film | Original Screenplay in 2017,Hell or High Water,Taylor Sheridan,False,Original Screenplay,hellorhighwater,338766.0,Hell or High Water,7.304,4128.0,Released,2016-08-11,37589296.0,102.0,False,12000000.0,tt2582782,en,Hell or High Water,15.749,"Western, Crime, Drama","Sidney Kimmel Entertainment, Film 44, OddLot Entertainment, Estrella Media, Lionsgate, CBS Films, Sierra/Affinity",United States of America,English,2016.0,hellorhighwater,both
2017,Film | Original Screenplay in 2017,"I, Daniel Blake",Paul Laverty,False,Original Screenplay,idanielblake,374473.0,"I, Daniel Blake",7.747,1264.0,Released,2016-10-21,15793051.0,100.0,False,0.0,tt5168192,en,"I, Daniel Blake",10.364,Drama,"Why Not Productions, Wild Bunch, Sixteen Films, Les Films du Fleuve, BFI, BBC Film","Belgium, France, United Kingdom",English,2016.0,idanielblake,both
2017,Film | Original Screenplay in 2017,La La Land,Damien Chazelle,False,Original Screenplay,lalaland,313369.0,La La Land,7.897,15625.0,Released,2016-11-29,447407695.0,129.0,False,30000000.0,tt3783958,en,La La Land,32.009,"Comedy, Drama, Romance, Music","Summit Entertainment, Black Label Media, Gilbert Films, Impostor Pictures, Marc Platt Productions, Lionsgate",United States of America,English,2016.0,lalaland,both
2017,Film | Original Screenplay in 2017,La La Land,Damien Chazelle,False,Original Screenplay,lalaland,691191.0,LA LA Land,5.5,2.0,Released,2008-03-07,0.0,26.0,False,0.0,tt1179042,en,LA LA Land,0.613,Comedy,,,,2008.0,lalaland,both
2017,Film | Original Screenplay in 2017,La La Land,Damien Chazelle,False,Original Screenplay,lalaland,535553.0,Lala Land,0.0,0.0,Released,2018-09-21,0.0,18.0,False,0.0,,ko,랄라랜드,0.6,"Comedy, Music",,South Korea,Korean,2018.0,lalaland,both
2017,Film | Original Screenplay in 2017,Moonlight,Barry Jenkins,False,Original Screenplay,moonlight,376867.0,Moonlight,7.392,6641.0,Released,2016-10-21,65046687.0,111.0,False,4000000.0,tt4975722,en,Moonlight,16.748,Drama,"A24, Plan B Entertainment, PASTEL",United States of America,English,2016.0,moonlight,both
2017,Film | Original Screenplay in 2017,Moonlight,Barry Jenkins,False,Original Screenplay,moonlight,1028005.0,Moon Light,0.0,0.0,Released,2022-09-17,0.0,110.0,False,0.0,,en,Moon Light,0.6,"Comedy, Horror",,,Thai,2022.0,moonlight,both
2017,Film | Outstanding British Contribution to Cinema in 2017,Curzon,,True,Outstanding British Contribution to Cinema,curzon,,,,,,,,,,,,,,,,,,,,,left_only
2017,Film | Outstanding British Film in 2017,"I, Daniel Blake","Ken Loach, Rebecca O'Brien, Paul Laverty",True,Outstanding British Film,idanielblake,374473.0,"I, Daniel Blake",7.747,1264.0,Released,2016-10-21,15793051.0,100.0,False,0.0,tt5168192,en,"I, Daniel Blake",10.364,Drama,"Why Not Productions, Wild Bunch, Sixteen Films, Les Films du Fleuve, BFI, BBC Film","Belgium, France, United Kingdom",English,2016.0,idanielblake,both
2017,Film | Outstanding British Film in 2017,American Honey,Andrea Arnold,False,Outstanding British Film,americanhoney,340485.0,American Honey,6.805,769.0,Released,2016-09-30,2290649.0,163.0,False,3500000.0,tt3721936,en,American Honey,8.009,Drama,"BFI, Maven Screen Media, Film4 Productions, Parts and Labor, Pulse Films","United Kingdom, United States of America",English,2016.0,americanhoney,both
2017,Film | Outstanding British Film in 2017,Fantastic Beasts and Where to Find Them,"David Yates, J.K. Rowling, David Heyman, Steve Kloves, Lionel Wigram",False,Outstanding British Film,fantasticbeastsandwheretofindthem,259316.0,Fantastic Beasts and Where to Find Them,7.334,17892.0,Released,2016-11-16,809342332.0,132.0,False,180000000.0,tt3183660,en,Fantastic Beasts and Where to Find Them,46.103,"Fantasy, Adventure, Family","Heyday Films, Warner Bros. Pictures","United Kingdom, United States of America",English,2016.0,fantasticbeastsandwheretofindthem,both
2017,Film | Outstanding British Film in 2017,Denial,"Mick Jackson, Gary Foster, Russ Krasnoff, David Hare",False,Outstanding British Film,denial,402298.0,Denial,6.843,594.0,Released,2016-09-30,4073489.0,109.0,False,10000000.0,tt4645330,en,Denial,11.752,"Drama, History","BBC Film, Participant, Krasnoff / Foster Entertainment, Shoebox Films","United Kingdom, United States of America",English,2016.0,denial,both
2017,Film | Outstanding British Film in 2017,Notes on Blindness,"Peter Middleton, James Spinney, Mike Brett, Jo-Jo Ellison, Steve Jamison",False,Outstanding British Film,notesonblindness,378441.0,Notes on Blindness,6.984,64.0,Released,2016-07-01,0.0,90.0,False,0.0,tt5117222,en,Notes on Blindness,5.896,"Drama, Documentary","Archer's Mark, Impact Partners, Creative England, ARTE, BBC Storyville, Cinephil, The Bertha Foundation",United Kingdom,English,2016.0,notesonblindness,both
2017,Film | Outstanding British Film in 2017,Under the Shadow,"Babak Anvari, Emily Leo, Oliver Roskill, Lucan Toh",False,Outstanding British Film,undertheshadow,375012.0,Under the Shadow,6.472,605.0,Released,2016-09-30,0.0,84.0,False,0.0,tt4273292,fa,زیر سایه,10.949,"Drama, Horror, War","Wigwam Films, Creativity Capital, MENA Film","Jordan, Qatar, United Kingdom",Persian,2016.0,undertheshadow,both
2017,Film | Outstanding British Film in 2017,Under the Shadow,"Babak Anvari, Emily Leo, Oliver Roskill, Lucan Toh",False,Outstanding British Film,undertheshadow,781033.0,Under The Shadow,7.0,1.0,Released,2022-06-03,0.0,0.0,False,0.0,,zh,猎屠,2.109,Crime,,China,Mandarin,2022.0,undertheshadow,both
2017,Film | Outstanding British Film in 2017,Under the Shadow,"Babak Anvari, Emily Leo, Oliver Roskill, Lucan Toh",False,Outstanding British Film,undertheshadow,827912.0,Under the shadow,0.0,0.0,Released,2020-07-17,0.0,14.0,False,0.0,tt10939428,es,Bajo la sombra,0.6,"Drama, Adventure, Crime","Arado Films, M.K.L. Films, Malandro Films",Mexico,Spanish,2020.0,undertheshadow,both
2017,"Film | Outstanding Debut By A British Writer, Director or Producer in 2017","Babak Anvari, Emily Leo, Oliver Roskill, Lucan Toh",Under The Shadow,True,"Outstanding Debut By A British Writer, Director or Producer",babakanvariemilyleooliverroskilllucantoh,,,,,,,,,,,,,,,,,,,,,left_only
2017,"Film | Outstanding Debut By A British Writer, Director or Producer in 2017","Mike Carey , Camille Gatin",The Girl with All the Gifts,False,"Outstanding Debut By A British Writer, Director or Producer",mikecareycamillegatin,,,,,,,,,,,,,,,,,,,,,left_only
2017,"Film | Outstanding Debut By A British Writer, Director or Producer in 2017","George Amponsah, Dionne Walker",The Hard Stop,False,"Outstanding Debut By A British Writer, Director or Producer",georgeamponsahdionnewalker,,,,,,,,,,,,,,,,,,,,,left_only
2017,"Film | Outstanding Debut By A British Writer, Director or Producer in 2017","Pete Middleton James Spinney, Jo-Jo Ellison",Notes on Blindness,False,"Outstanding Debut By A British Writer, Director or Producer",petemiddletonjamesspinneyjojoellison,,,,,,,,,,,,,,,,,,,,,left_only
2017,"Film | Outstanding Debut By A British Writer, Director or Producer in 2017","John Donnelly, Ben A. Williams",The Pass,False,"Outstanding Debut By A British Writer, Director or Producer",johndonnellybenawilliams,,,,,,,,,,,,,,,,,,,,,left_only
2017,Film | Production Design in 2017,Fantastic Beasts and Where to Find Them,"Stuart Craig, Anna Pinnock",True,Production Design,fantasticbeastsandwheretofindthem,259316.0,Fantastic Beasts and Where to Find Them,7.334,17892.0,Released,2016-11-16,809342332.0,132.0,False,180000000.0,tt3183660,en,Fantastic Beasts and Where to Find Them,46.103,"Fantasy, Adventure, Family","Heyday Films, Warner Bros. Pictures","United Kingdom, United States of America",English,2016.0,fantasticbeastsandwheretofindthem,both
2017,Film | Production Design in 2017,Doctor Strange,"John Bush, Charles Wood",False,Production Design,doctorstrange,284052.0,Doctor Strange,7.427,20935.0,Released,2016-10-25,676343174.0,115.0,False,180000000.0,tt1211837,en,Doctor Strange,70.535,"Action, Adventure, Fantasy",Marvel Studios,United States of America,English,2016.0,doctorstrange,both
2017,Film | Production Design in 2017,"Hail, Caesar!","Jess Gonchor, Nancy Haigh",False,Production Design,hailcaesar,270487.0,"Hail, Caesar!",5.914,3567.0,Released,2016-02-05,63647656.0,106.0,False,22000000.0,tt0475290,en,"Hail, Caesar!",13.853,"Comedy, Crime","Universal Pictures, Mike Zoss Productions, Working Title Films",United States of America,English,2016.0,hailcaesar,both
2017,Film | Production Design in 2017,"Hail, Caesar!","Jess Gonchor, Nancy Haigh",False,Production Design,hailcaesar,173299.0,Hail Caesar,3.469,16.0,Released,1994-05-11,0.0,100.0,False,0.0,tt0109969,en,Hail Caesar,4.843,Comedy,Crystal Sky Worldwide,United States of America,English,1994.0,hailcaesar,both
2017,Film | Production Design in 2017,La La Land,"Sandy Reynolds-Wasco, David Wasco",False,Production Design,lalaland,313369.0,La La Land,7.897,15625.0,Released,2016-11-29,447407695.0,129.0,False,30000000.0,tt3783958,en,La La Land,32.009,"Comedy, Drama, Romance, Music","Summit Entertainment, Black Label Media, Gilbert Films, Impostor Pictures, Marc Platt Productions, Lionsgate",United States of America,English,2016.0,lalaland,both
2017,Film | Production Design in 2017,La La Land,"Sandy Reynolds-Wasco, David Wasco",False,Production Design,lalaland,691191.0,LA LA Land,5.5,2.0,Released,2008-03-07,0.0,26.0,False,0.0,tt1179042,en,LA LA Land,0.613,Comedy,,,,2008.0,lalaland,both
2017,Film | Production Design in 2017,La La Land,"Sandy Reynolds-Wasco, David Wasco",False,Production Design,lalaland,535553.0,Lala Land,0.0,0.0,Released,2018-09-21,0.0,18.0,False,0.0,,ko,랄라랜드,0.6,"Comedy, Music",,South Korea,Korean,2018.0,lalaland,both
2017,Film | Production Design in 2017,Nocturnal Animals,"Shane Valentino, Meg Everist",False,Production Design,nocturnalanimals,340666.0,Nocturnal Animals,7.442,7196.0,Released,2016-11-04,29252978.0,117.0,False,22500000.0,tt4550098,en,Nocturnal Animals,21.733,"Drama, Thriller","Universal Pictures, Focus Features, Artina Films, Fade to Black Productions",United States of America,English,2016.0,nocturnalanimals,both
2017,Film | Sound in 2017,Arrival,"Claude La Haye, Bernard Gariépy Strobl, Sylvain Bellemare",True,Sound,arrival,329865.0,Arrival,7.6,16564.0,Released,2016-11-10,203388186.0,116.0,False,47000000.0,tt2543164,en,Arrival,47.983,"Drama, Science Fiction, Mystery","FilmNation Entertainment, Lava Bear Films, Reliance Entertainment, Xenolinguistics, 21 Laps Entertainment, Paramount, Stage 6 Films","Canada, India, United States of America","Mandarin, English, Russian",2016.0,arrival,both
2017,Film | Sound in 2017,Deepwater Horizon,"Mike Prestwood Smith, Dror Mohar, Wylie Stateman, Renee Tondelli, David Wyman",False,Sound,deepwaterhorizon,296524.0,Deepwater Horizon,6.857,4219.0,Released,2016-09-28,121790373.0,107.0,False,110000000.0,tt1860357,en,Deepwater Horizon,26.709,"Drama, Action","Summit Entertainment, Participant, di Bonaventura Pictures, Closest to the Hole Productions, Leverage, TIK Films, Lionsgate","Hong Kong, United States of America",English,2016.0,deepwaterhorizon,both
2017,Film | Sound in 2017,Fantastic Beasts and Where to Find Them,"Niv Adiri, Glenn Freemantle, Simon Hayes, Andy Nelson, Ian Tapp",False,Sound,fantasticbeastsandwheretofindthem,259316.0,Fantastic Beasts and Where to Find Them,7.334,17892.0,Released,2016-11-16,809342332.0,132.0,False,180000000.0,tt3183660,en,Fantastic Beasts and Where to Find Them,46.103,"Fantasy, Adventure, Family","Heyday Films, Warner Bros. Pictures","United Kingdom, United States of America",English,2016.0,fantasticbeastsandwheretofindthem,both
2017,Film | Sound in 2017,Hacksaw Ridge,"Peter Grace, Robert Mackenzie, Kevin O'Connell, Andy Wright",False,Sound,hacksawridge,324786.0,Hacksaw Ridge,8.195,12668.0,Released,2016-10-07,175302354.0,139.0,False,40000000.0,tt2119532,en,Hacksaw Ridge,74.994,"Drama, History, War","Vendian Entertainment, Summit Entertainment, Cross Creek Pictures, IM Global, Screen Australia, Screen NSW, Permut Presentations, Pandemonium, Demarest Films, Lionsgate, Bliss Media, Kylin Pictures, AI Film","Australia, China, United Kingdom, United States of America","Japanese, English",2016.0,hacksawridge,both
2017,Film | Sound in 2017,La La Land,"Mildred Iatrou Morgan, Ai-Ling Lee, Steve A. Morrow, Andy Nelson",False,Sound,lalaland,313369.0,La La Land,7.897,15625.0,Released,2016-11-29,447407695.0,129.0,False,30000000.0,tt3783958,en,La La Land,32.009,"Comedy, Drama, Romance, Music","Summit Entertainment, Black Label Media, Gilbert Films, Impostor Pictures, Marc Platt Productions, Lionsgate",United States of America,English,2016.0,lalaland,both
2017,Film | Sound in 2017,La La Land,"Mildred Iatrou Morgan, Ai-Ling Lee, Steve A. Morrow, Andy Nelson",False,Sound,lalaland,691191.0,LA LA Land,5.5,2.0,Released,2008-03-07,0.0,26.0,False,0.0,tt1179042,en,LA LA Land,0.613,Comedy,,,,2008.0,lalaland,both
2017,Film | Sound in 2017,La La Land,"Mildred Iatrou Morgan, Ai-Ling Lee, Steve A. Morrow, Andy Nelson",False,Sound,lalaland,535553.0,Lala Land,0.0,0.0,Released,2018-09-21,0.0,18.0,False,0.0,,ko,랄라랜드,0.6,"Comedy, Music",,South Korea,Korean,2018.0,lalaland,both
2017,Film | Special Visual Effects in 2017,The Jungle Book,"Robert Legato, Dan Lemmon, Andrew R Jones, Adam Valdez",True,Special Visual Effects,thejunglebook,278927.0,The Jungle Book,6.86,7668.0,Released,2016-04-07,966550600.0,106.0,False,175000000.0,tt3040964,en,The Jungle Book,33.274,"Family, Adventure, Drama, Fantasy","Walt Disney Pictures, Fairview Entertainment, Moving Picture Company","United Kingdom, United States of America",English,2016.0,thejunglebook,both
2017,Film | Special Visual Effects in 2017,Arrival,Louis Morin,False,Special Visual Effects,arrival,329865.0,Arrival,7.6,16564.0,Released,2016-11-10,203388186.0,116.0,False,47000000.0,tt2543164,en,Arrival,47.983,"Drama, Science Fiction, Mystery","FilmNation Entertainment, Lava Bear Films, Reliance Entertainment, Xenolinguistics, 21 Laps Entertainment, Paramount, Stage 6 Films","Canada, India, United States of America","Mandarin, English, Russian",2016.0,arrival,both
2017,Film | Special Visual Effects in 2017,Doctor Strange,"Richard Bluff, Stephane Ceretti, Paul Corbould, Jonathan Fawkner",False,Special Visual Effects,doctorstrange,284052.0,Doctor Strange,7.427,20935.0,Released,2016-10-25,676343174.0,115.0,False,180000000.0,tt1211837,en,Doctor Strange,70.535,"Action, Adventure, Fantasy",Marvel Studios,United States of America,English,2016.0,doctorstrange,both
2017,Film | Special Visual Effects in 2017,Fantastic Beasts and Where to Find Them,"Tim Burke, Pablo Grillo, Christian Manz, David Watkins",False,Special Visual Effects,fantasticbeastsandwheretofindthem,259316.0,Fantastic Beasts and Where to Find Them,7.334,17892.0,Released,2016-11-16,809342332.0,132.0,False,180000000.0,tt3183660,en,Fantastic Beasts and Where to Find Them,46.103,"Fantasy, Adventure, Family","Heyday Films, Warner Bros. Pictures","United Kingdom, United States of America",English,2016.0,fantasticbeastsandwheretofindthem,both
2017,Film | Special Visual Effects in 2017,Rogue One: A Star Wars Story,"Neil Corbould, Hal Hickel, Mohen Leo, John Knoll, Nigel Sumner",False,Special Visual Effects,rogueoneastarwarsstory,330459.0,Rogue One: A Star Wars Story,7.488,14354.0,Released,2016-12-14,1056057273.0,133.0,False,200000000.0,tt3748528,en,Rogue One: A Star Wars Story,33.1,"Action, Adventure, Science Fiction",Lucasfilm Ltd.,United States of America,English,2016.0,rogueoneastarwarsstory,both
2017,Film | Supporting Actor in 2017,Dev Patel,Lion,True,Supporting Actor,devpatel,,,,,,,,,,,,,,,,,,,,,left_only
2017,Film | Supporting Actor in 2017,Aaron Taylor-Johnson,Nocturnal Animals,False,Supporting Actor,aarontaylorjohnson,,,,,,,,,,,,,,,,,,,,,left_only
2017,Film | Supporting Actor in 2017,Jeff Bridges,Hell or High Water,False,Supporting Actor,jeffbridges,,,,,,,,,,,,,,,,,,,,,left_only
2017,Film | Supporting Actor in 2017,Hugh Grant,Florence Foster Jenkins,False,Supporting Actor,hughgrant,,,,,,,,,,,,,,,,,,,,,left_only
2017,Film | Supporting Actor in 2017,Mahershala Ali,Moonlight,False,Supporting Actor,mahershalaali,,,,,,,,,,,,,,,,,,,,,left_only
2017,Film | Supporting Actress in 2017,Viola Davis,Fences,True,Supporting Actress,violadavis,,,,,,,,,,,,,,,,,,,,,left_only
2017,Film | Supporting Actress in 2017,Hayley Squires,I Daniel Blake,False,Supporting Actress,hayleysquires,,,,,,,,,,,,,,,,,,,,,left_only
2017,Film | Supporting Actress in 2017,Michelle Williams,Manchester by the Sea,False,Supporting Actress,michellewilliams,,,,,,,,,,,,,,,,,,,,,left_only
2017,Film | Supporting Actress in 2017,Naomie Harris,Moonlight,False,Supporting Actress,naomieharris,,,,,,,,,,,,,,,,,,,,,left_only
2017,Film | Supporting Actress in 2017,Nicole Kidman,Lion,False,Supporting Actress,nicolekidman,,,,,,,,,,,,,,,,,,,,,left_only
2018,Film | Adapted Screenplay in 2018,Call Me by Your Name,James Ivory,True,Adapted Screenplay,callmebyyourname,398818.0,Call Me by Your Name,8.167,11367.0,Released,2017-09-01,43143046.0,132.0,False,4000000.0,tt5726616,en,Call Me by Your Name,32.15,"Romance, Drama","La Cinéfacture, RT Features, Frenesy Film, Water's End Productions, M.Y.R.A. Entertainment, CineFinance Italia","Brazil, France, Italy, United States of America","French, English, Italian",2017.0,callmebyyourname,both
2018,Film | Adapted Screenplay in 2018,The Death of Stalin,"Armando Iannucci, Ian Martin, David Schneider",False,Adapted Screenplay,thedeathofstalin,402897.0,The Death of Stalin,7.011,1664.0,Released,2017-10-20,24640027.0,107.0,False,13000000.0,tt4686844,en,The Death of Stalin,13.714,"Comedy, Drama, History","Title Media, Main Journey, Free Range Films, Quad Productions, Gaumont, France 3 Cinéma, La Compagnie Cinématographique, Panache Productions, Canal+, Ciné+, France Télévisions, AFPI","Belgium, France, United Kingdom",English,2017.0,thedeathofstalin,both
2018,Film | Adapted Screenplay in 2018,Film Stars Don't Die in Liverpool,Matt Greenhalgh,False,Adapted Screenplay,filmstarsdontdieinliverpool,398174.0,Film Stars Don't Die in Liverpool,6.422,154.0,Released,2017-11-17,3179847.0,105.0,False,10000000.0,tt5711148,en,Film Stars Don't Die in Liverpool,10.954,"Romance, Drama","Eon Productions, IM Global, Lionsgate",United Kingdom,English,2017.0,filmstarsdontdieinliverpool,both
2018,Film | Adapted Screenplay in 2018,Molly's Game,Aaron Sorkin,False,Adapted Screenplay,mollysgame,396371.0,Molly's Game,7.154,3432.0,Released,2017-12-07,59284015.0,140.0,False,30000000.0,tt4209788,en,Molly's Game,16.556,"Drama, Crime","The Mark Gordon Company, Entertainment One, STX Films, Pascal Pictures, Huayi Brothers Pictures","United States of America, China, Canada",English,2017.0,mollysgame,both
2018,Film | Adapted Screenplay in 2018,Paddington 2,"Simon Farnaby, Paul King",False,Adapted Screenplay,paddington2,346648.0,Paddington 2,7.455,2092.0,Released,2017-11-09,227300000.0,104.0,False,40000000.0,tt4468740,en,Paddington 2,18.826,"Adventure, Comedy, Family","Heyday Films, StudioCanal, Anton Capital Entertainment, Canal+, Ciné+, Marmalade Films Ltd., Warner Bros. Pictures","France, United Kingdom, United States of America",English,2017.0,paddington2,both
2018,Film | Animated Film in 2018,Coco,"Lee Unkrich, Darla K. Anderson",True,Animated Film,coco,354912.0,Coco,8.222,17742.0,Released,2017-10-27,800526015.0,105.0,False,175000000.0,tt2380307,en,Coco,166.578,"Family, Animation, Fantasy, Music, Comedy, Adventure","Pixar, Walt Disney Pictures",United States of America,"English, Spanish",2017.0,coco,both
2018,Film | Animated Film in 2018,Loving Vincent,"Dorota Kobiela, Hugh Welchman, Ivan Mactaggart",False,Animated Film,lovingvincent,339877.0,Loving Vincent,8.026,2287.0,Released,2017-06-22,42187665.0,95.0,False,5500000.0,tt3262342,en,Loving Vincent,19.476,"Animation, Drama, Mystery, History","Breakthru Films, Trademark Films, Centrum Technologii Audiowizualnych, PISF, Odra Film, Good Deed Entertainment","United Kingdom, Poland",English,2017.0,lovingvincent,both
2018,Film | Animated Film in 2018,My Life as a Courgette,"Claude Barras, Max Karli",False,Animated Film,mylifeasacourgette,,,,,,,,,,,,,,,,,,,,,left_only
2018,Film | Best Film in 2018,"Three Billboards Outside Ebbing, Missouri","Graham Broadbent, Pete Czernin, Martin McDonagh",True,Best Film,threebillboardsoutsideebbingmissouri,359940.0,"Three Billboards Outside Ebbing, Missouri",8.081,9418.0,Released,2017-12-01,160192031.0,115.0,False,15000000.0,tt5027774,en,"Three Billboards Outside Ebbing, Missouri",23.357,"Crime, Drama","Blueprint Pictures, Cutting Edge Group, Fox Searchlight Pictures, Film4 Productions","United Kingdom, United States of America",English,2017.0,threebillboardsoutsideebbingmissouri,both
2018,Film | Best Film in 2018,Call Me by Your Name,"Emilie Georges, Luca Guadagnino, Marco Morabito, Peter Spears",False,Best Film,callmebyyourname,398818.0,Call Me by Your Name,8.167,11367.0,Released,2017-09-01,43143046.0,132.0,False,4000000.0,tt5726616,en,Call Me by Your Name,32.15,"Romance, Drama","La Cinéfacture, RT Features, Frenesy Film, Water's End Productions, M.Y.R.A. Entertainment, CineFinance Italia","Brazil, France, Italy, United States of America","French, English, Italian",2017.0,callmebyyourname,both
2018,Film | Best Film in 2018,Darkest Hour,"Tim Bevan, Lisa Bruce, Eric Fellner, Anthony McCarten, Douglas Urbanski",False,Best Film,darkesthour,399404.0,Darkest Hour,7.35,4761.0,Released,2017-11-22,150847207.0,125.0,False,30000000.0,tt4555426,en,Darkest Hour,18.896,"Drama, History","Perfect World Pictures, Working Title Films, Focus Features","United Kingdom, United States of America",English,2017.0,darkesthour,both
2018,Film | Best Film in 2018,Dunkirk,"Christopher Nolan, Emma Thomas",False,Best Film,dunkirk,374720.0,Dunkirk,7.456,15464.0,Released,2017-07-19,527000000.0,107.0,False,150000000.0,tt5013056,en,Dunkirk,34.529,"War, Action, Drama","Warner Bros. Pictures, Syncopy, RatPac Entertainment","France, Netherlands, United Kingdom, United States of America","English, French, German",2017.0,dunkirk,both
2018,Film | Best Film in 2018,The Shape of Water,"Guillermo del Toro, J. Miles Dale",False,Best Film,theshapeofwater,399055.0,The Shape of Water,7.247,11490.0,Released,2017-12-01,195333312.0,123.0,False,19500000.0,tt5580390,en,The Shape of Water,29.339,"Drama, Fantasy, Romance","Double Dare You Productions, Fox Searchlight Pictures, Bull Productions, TSG Entertainment",United States of America,"English, Russian",2017.0,theshapeofwater,both
2018,Film | British Short Animation in 2018,Poles Apart,"Paloma Baeza, Ser En Low",True,British Short Animation,polesapart,490736.0,Poles Apart,9.0,2.0,Released,2017-06-28,0.0,12.0,False,0.0,tt6652232,en,Poles Apart,1.243,"Animation, Drama",NFTS,United Kingdom,English,2017.0,polesapart,both
2018,Film | British Short Animation in 2018,Have Heart,Will Anderson,False,British Short Animation,haveheart,497455.0,Have Heart,7.0,2.0,Released,2017-05-29,0.0,13.0,False,0.0,tt6390306,en,Have Heart,0.6,"Comedy, Animation",,United Kingdom,English,2017.0,haveheart,both
2018,Film | British Short Animation in 2018,Mamoon,Ben Steer,False,British Short Animation,mamoon,488208.0,Mamoon,8.8,5.0,Released,2017-11-04,0.0,6.0,False,0.0,tt7843594,en,Mamoon,0.6,"Drama, Animation",,United Kingdom,,2017.0,mamoon,both
2018,Film | British Short Film in 2018,Cowboy Dave,"Colin O'Toole, Jonas Mortensen",True,British Short Film,cowboydave,497469.0,Cowboy Dave,8.25,4.0,Released,2017-06-01,0.0,25.0,False,0.0,tt7180730,en,Cowboy Dave,0.6,Drama,Third Rail Releasing,United Kingdom,English,2017.0,cowboydave,both
2018,Film | British Short Film in 2018,Aamir,"Vika Evdokimenko, Emma Stone, Oliver Shuster",False,British Short Film,aamir,13123.0,Aamir,6.6,47.0,Released,2008-06-06,0.0,99.0,False,364000.0,tt1241195,hi,Aamir,3.462,Thriller,UTV Motion Pictures,India,Hindi,2008.0,aamir,both
2018,Film | British Short Film in 2018,A Drowning Man,"Mahdi Fleifel, Signe Byrge Sørensen, Patrick Campbell",False,British Short Film,adrowningman,457216.0,A Drowning Man,4.4,7.0,Released,2017-05-27,0.0,16.0,False,0.0,tt6775428,ar,A Drowning Man,0.807,Drama,"Homemade Films, Final Cut for Real, Nakba FilmWorks, Det Danske Filminstitut, AFAC","Denmark, Greece, United Kingdom","Arabic, Greek",2017.0,adrowningman,both
2018,Film | British Short Film in 2018,Work,"Aneil Karia, Scott O'Donnell",False,British Short Film,work,607404.0,@ Work,0.0,0.0,Released,2008-10-04,0.0,98.0,True,0.0,,en,@ Work,0.6,,BerlinStar Film,Germany,German,2008.0,work,both
2018,Film | British Short Film in 2018,Work,"Aneil Karia, Scott O'Donnell",False,British Short Film,work,819061.0,Work?,0.0,0.0,Released,1999-01-01,0.0,10.0,False,11600.0,tt0476424,en,Work?,0.6,"Documentary, Comedy",Australian Film Television and Radio School,Australia,,1999.0,work,both
2018,Film | British Short Film in 2018,Wren Boys,"Harry Lighton, Sorcha Bacon, John Fitzpatrick",False,British Short Film,wrenboys,492902.0,Wren Boys,7.3,10.0,Released,2017-10-14,0.0,11.0,False,0.0,tt6739808,en,Wren Boys,1.894,Drama,Try Hard Productions,United Kingdom,English,2017.0,wrenboys,both
2018,Film | Cinematography in 2018,Blade Runner 2049,Roger Deakins,True,Cinematography,bladerunner2049,335984.0,Blade Runner 2049,7.544,12331.0,Released,2017-10-04,259239658.0,164.0,False,150000000.0,tt1856101,en,Blade Runner 2049,70.54,"Science Fiction, Drama","Torridon Films, 16:14 Entertainment, Scott Free Productions, Columbia Pictures, Alcon Entertainment, Thunderbird Entertainment, Warner Bros. Pictures","Canada, Hungary, Mexico, Spain, United Kingdom, United States of America","English, Finnish, Hungarian, Japanese, Russian, Somali, Spanish",2017.0,bladerunner2049,both
2018,Film | Cinematography in 2018,Darkest Hour,Bruno Delbonnel,False,Cinematography,darkesthour,399404.0,Darkest Hour,7.35,4761.0,Released,2017-11-22,150847207.0,125.0,False,30000000.0,tt4555426,en,Darkest Hour,18.896,"Drama, History","Perfect World Pictures, Working Title Films, Focus Features","United Kingdom, United States of America",English,2017.0,darkesthour,both
2018,Film | Cinematography in 2018,Dunkirk,Hoyte van Hoytema,False,Cinematography,dunkirk,374720.0,Dunkirk,7.456,15464.0,Released,2017-07-19,527000000.0,107.0,False,150000000.0,tt5013056,en,Dunkirk,34.529,"War, Action, Drama","Warner Bros. Pictures, Syncopy, RatPac Entertainment","France, Netherlands, United Kingdom, United States of America","English, French, German",2017.0,dunkirk,both
2018,Film | Cinematography in 2018,The Shape of Water,Dan Laustsen,False,Cinematography,theshapeofwater,399055.0,The Shape of Water,7.247,11490.0,Released,2017-12-01,195333312.0,123.0,False,19500000.0,tt5580390,en,The Shape of Water,29.339,"Drama, Fantasy, Romance","Double Dare You Productions, Fox Searchlight Pictures, Bull Productions, TSG Entertainment",United States of America,"English, Russian",2017.0,theshapeofwater,both
2018,Film | Cinematography in 2018,"Three Billboards Outside Ebbing, Missouri",Ben Davis,False,Cinematography,threebillboardsoutsideebbingmissouri,359940.0,"Three Billboards Outside Ebbing, Missouri",8.081,9418.0,Released,2017-12-01,160192031.0,115.0,False,15000000.0,tt5027774,en,"Three Billboards Outside Ebbing, Missouri",23.357,"Crime, Drama","Blueprint Pictures, Cutting Edge Group, Fox Searchlight Pictures, Film4 Productions","United Kingdom, United States of America",English,2017.0,threebillboardsoutsideebbingmissouri,both
2018,Film | Costume Design in 2018,Phantom Thread,Mark Bridges,True,Costume Design,phantomthread,400617.0,Phantom Thread,7.3,3211.0,Released,2017-12-25,47756590.0,130.0,False,35000000.0,tt5776858,en,Phantom Thread,19.184,"Drama, Romance","Ghoulardi Film Company, Focus Features, Annapurna Pictures, Perfect World Pictures","United States of America, United Kingdom","English, French",2017.0,phantomthread,both
2018,Film | Costume Design in 2018,Beauty and the Beast,Jacqueline Durran,False,Costume Design,beautyandthebeast,321612.0,Beauty and the Beast,6.967,14871.0,Released,2017-03-16,1266115964.0,129.0,False,160000000.0,tt2771200,en,Beauty and the Beast,56.226,"Family, Fantasy, Romance","Walt Disney Pictures, Mandeville Films",United States of America,"English, French",2017.0,beautyandthebeast,both
2018,Film | Costume Design in 2018,Darkest Hour,Jacqueline Durran,False,Costume Design,darkesthour,399404.0,Darkest Hour,7.35,4761.0,Released,2017-11-22,150847207.0,125.0,False,30000000.0,tt4555426,en,Darkest Hour,18.896,"Drama, History","Perfect World Pictures, Working Title Films, Focus Features","United Kingdom, United States of America",English,2017.0,darkesthour,both
2018,Film | Costume Design in 2018,"I, Tonya",Jennifer Johnson,False,Costume Design,itonya,389015.0,"I, Tonya",7.501,5405.0,Released,2017-12-08,53939297.0,120.0,False,11000000.0,tt5580036,en,"I, Tonya",16.904,"Drama, Comedy","LuckyChap Entertainment, Clubhouse Pictures",United States of America,English,2017.0,itonya,both
2018,Film | Costume Design in 2018,The Shape of Water,Luis Sequeira,False,Costume Design,theshapeofwater,399055.0,The Shape of Water,7.247,11490.0,Released,2017-12-01,195333312.0,123.0,False,19500000.0,tt5580390,en,The Shape of Water,29.339,"Drama, Fantasy, Romance","Double Dare You Productions, Fox Searchlight Pictures, Bull Productions, TSG Entertainment",United States of America,"English, Russian",2017.0,theshapeofwater,both
2018,Film | Director in 2018,The Shape of Water,Guillermo del Toro,True,Director,theshapeofwater,399055.0,The Shape of Water,7.247,11490.0,Released,2017-12-01,195333312.0,123.0,False,19500000.0,tt5580390,en,The Shape of Water,29.339,"Drama, Fantasy, Romance","Double Dare You Productions, Fox Searchlight Pictures, Bull Productions, TSG Entertainment",United States of America,"English, Russian",2017.0,theshapeofwater,both
2018,Film | Director in 2018,Blade Runner 2049,Denis Villeneuve,False,Director,bladerunner2049,335984.0,Blade Runner 2049,7.544,12331.0,Released,2017-10-04,259239658.0,164.0,False,150000000.0,tt1856101,en,Blade Runner 2049,70.54,"Science Fiction, Drama","Torridon Films, 16:14 Entertainment, Scott Free Productions, Columbia Pictures, Alcon Entertainment, Thunderbird Entertainment, Warner Bros. Pictures","Canada, Hungary, Mexico, Spain, United Kingdom, United States of America","English, Finnish, Hungarian, Japanese, Russian, Somali, Spanish",2017.0,bladerunner2049,both
2018,Film | Director in 2018,Call Me by Your Name,Luca Guadagnino,False,Director,callmebyyourname,398818.0,Call Me by Your Name,8.167,11367.0,Released,2017-09-01,43143046.0,132.0,False,4000000.0,tt5726616,en,Call Me by Your Name,32.15,"Romance, Drama","La Cinéfacture, RT Features, Frenesy Film, Water's End Productions, M.Y.R.A. Entertainment, CineFinance Italia","Brazil, France, Italy, United States of America","French, English, Italian",2017.0,callmebyyourname,both
2018,Film | Director in 2018,Dunkirk,Christopher Nolan,False,Director,dunkirk,374720.0,Dunkirk,7.456,15464.0,Released,2017-07-19,527000000.0,107.0,False,150000000.0,tt5013056,en,Dunkirk,34.529,"War, Action, Drama","Warner Bros. Pictures, Syncopy, RatPac Entertainment","France, Netherlands, United Kingdom, United States of America","English, French, German",2017.0,dunkirk,both
2018,Film | Director in 2018,"Three Billboards Outside Ebbing, Missouri",Martin McDonagh,False,Director,threebillboardsoutsideebbingmissouri,359940.0,"Three Billboards Outside Ebbing, Missouri",8.081,9418.0,Released,2017-12-01,160192031.0,115.0,False,15000000.0,tt5027774,en,"Three Billboards Outside Ebbing, Missouri",23.357,"Crime, Drama","Blueprint Pictures, Cutting Edge Group, Fox Searchlight Pictures, Film4 Productions","United Kingdom, United States of America",English,2017.0,threebillboardsoutsideebbingmissouri,both
2018,Film | Documentary in 2018,I Am Not Your Negro,Raoul Peck,True,Documentary,iamnotyournegro,411019.0,I Am Not Your Negro,7.737,431.0,Released,2017-02-03,7123919.0,93.0,False,1000000.0,tt5804038,en,I Am Not Your Negro,11.677,Documentary,"Independent Lens, RTBF, ARTE, Shelter Prod, RTS, Velvet Film","Belgium, France, United States of America","English, French",2017.0,iamnotyournegro,both
2018,Film | Documentary in 2018,City of Ghosts,Matthew Heineman,False,Documentary,cityofghosts,31932.0,City of Ghosts,5.813,72.0,Released,2002-09-10,1277187.0,116.0,False,17500000.0,tt0164003,en,City of Ghosts,6.688,Thriller,United Artists,United States of America,"English, French, Khmer, Russian",2002.0,cityofghosts,both
2018,Film | Documentary in 2018,Icarus,"Bryan Fogel, Dan Cogan",False,Documentary,icarus,432976.0,Icarus,7.675,667.0,Released,2017-06-03,0.0,121.0,False,0.0,tt6333060,en,Icarus,9.925,Documentary,"Diamond Docs, Rise Films, Impact Partners, Alex Productions, Lagralane Group, The",United States of America,"English, Russian",2017.0,icarus,both
2018,Film | Documentary in 2018,An Inconvenient Sequel,"Bonni Cohen, Jon Shenk",False,Documentary,aninconvenientsequel,,,,,,,,,,,,,,,,,,,,,left_only
2018,Film | Documentary in 2018,Jane,"Brett Morgen, Bryan Burk",False,Documentary,jane,470819.0,Jane,7.429,119.0,Released,2017-12-28,1723379.0,90.0,False,0.0,tt7207238,en,Jane,5.992,Documentary,"Public Road Productions, National Geographic, National Geographic Documentary Films",United States of America,English,2017.0,jane,both
2018,Film | Documentary in 2018,Jane,"Brett Morgen, Bryan Burk",False,Documentary,jane,1101013.0,JANE,0.0,0.0,Released,2018-01-01,0.0,9.0,False,0.0,,es,JANE,0.6,Science Fiction,,,Spanish,2018.0,jane,both
2018,Film | EE Rising Star in 2018,Daniel Kaluuya,,True,EE Rising Star,danielkaluuya,,,,,,,,,,,,,,,,,,,,,left_only
2018,Film | EE Rising Star in 2018,Florence Pugh,,False,EE Rising Star,florencepugh,,,,,,,,,,,,,,,,,,,,,left_only
2018,Film | EE Rising Star in 2018,Josh O'Connor,,False,EE Rising Star,joshoconnor,,,,,,,,,,,,,,,,,,,,,left_only
2018,Film | EE Rising Star in 2018,Tessa Thompson,,False,EE Rising Star,tessathompson,,,,,,,,,,,,,,,,,,,,,left_only
2018,Film | EE Rising Star in 2018,Timothée Chalamet,,False,EE Rising Star,timothéechalamet,,,,,,,,,,,,,,,,,,,,,left_only
2018,Film | Editing in 2018,Baby Driver,"Jonathan Amos, Paul Machliss",True,Editing,babydriver,339403.0,Baby Driver,7.5,14634.0,Released,2017-06-28,226945087.0,113.0,False,34000000.0,tt3890160,en,Baby Driver,44.974,"Action, Crime","Big Talk Productions, Working Title Films",United Kingdom,English,2017.0,babydriver,both
2018,Film | Editing in 2018,Blade Runner 2049,Joe Walker,False,Editing,bladerunner2049,335984.0,Blade Runner 2049,7.544,12331.0,Released,2017-10-04,259239658.0,164.0,False,150000000.0,tt1856101,en,Blade Runner 2049,70.54,"Science Fiction, Drama","Torridon Films, 16:14 Entertainment, Scott Free Productions, Columbia Pictures, Alcon Entertainment, Thunderbird Entertainment, Warner Bros. Pictures","Canada, Hungary, Mexico, Spain, United Kingdom, United States of America","English, Finnish, Hungarian, Japanese, Russian, Somali, Spanish",2017.0,bladerunner2049,both
2018,Film | Editing in 2018,Dunkirk,Lee Smith,False,Editing,dunkirk,374720.0,Dunkirk,7.456,15464.0,Released,2017-07-19,527000000.0,107.0,False,150000000.0,tt5013056,en,Dunkirk,34.529,"War, Action, Drama","Warner Bros. Pictures, Syncopy, RatPac Entertainment","France, Netherlands, United Kingdom, United States of America","English, French, German",2017.0,dunkirk,both
2018,Film | Editing in 2018,The Shape of Water,Sidney Wolinsky,False,Editing,theshapeofwater,399055.0,The Shape of Water,7.247,11490.0,Released,2017-12-01,195333312.0,123.0,False,19500000.0,tt5580390,en,The Shape of Water,29.339,"Drama, Fantasy, Romance","Double Dare You Productions, Fox Searchlight Pictures, Bull Productions, TSG Entertainment",United States of America,"English, Russian",2017.0,theshapeofwater,both
2018,Film | Editing in 2018,"Three Billboards Outside Ebbing, Missouri",Jon Gregory,False,Editing,threebillboardsoutsideebbingmissouri,359940.0,"Three Billboards Outside Ebbing, Missouri",8.081,9418.0,Released,2017-12-01,160192031.0,115.0,False,15000000.0,tt5027774,en,"Three Billboards Outside Ebbing, Missouri",23.357,"Crime, Drama","Blueprint Pictures, Cutting Edge Group, Fox Searchlight Pictures, Film4 Productions","United Kingdom, United States of America",English,2017.0,threebillboardsoutsideebbingmissouri,both
2018,Film | Fellowship in 2018,Ridley Scott,,True,Fellowship,ridleyscott,,,,,,,,,,,,,,,,,,,,,left_only
2018,Film | Film Not in the English Language in 2018,The Handmaiden,"Park Chan-wook, Syd Lim",True,Film Not in the English Language,thehandmaiden,290098.0,The Handmaiden,8.246,3299.0,Released,2016-06-01,38600000.0,145.0,False,8575000.0,tt4016934,ko,아가씨,55.173,"Thriller, Drama, Romance","Moho Film, Yong Film, CJ Entertainment",South Korea,"Japanese, Korean",2016.0,thehandmaiden,both
2018,Film | Film Not in the English Language in 2018,Elle,"Paul Verhoeven, Saïd Ben Saïd",False,Film Not in the English Language,elle,337674.0,Elle,6.659,1717.0,Released,2016-05-25,2341534.0,130.0,False,9804690.0,tt3716530,fr,Elle,9.34,"Drama, Thriller","France 2 Cinéma, SBS Productions, Twenty Twenty Vision Filmproduktion, Proximus, Entre Chien et Loup","Belgium, France, Germany",French,2016.0,elle,both
2018,Film | Film Not in the English Language in 2018,First They Killed My Father,"Angelina Jolie, Rithy Panh",False,Film Not in the English Language,firsttheykilledmyfather,433247.0,First They Killed My Father,7.403,612.0,Released,2017-02-18,0.0,136.0,False,24000000.0,tt4882376,en,First They Killed My Father,9.388,"War, Drama, History",Bophana Production,"Cambodia, United States of America","English, French, Khmer",2017.0,firsttheykilledmyfather,both
2018,Film | Film Not in the English Language in 2018,Loveless,"Andrey Zvyagintsev, Alexander Rodnyansky",False,Film Not in the English Language,loveless,429174.0,Loveless,7.36,674.0,Released,2017-06-01,3925992.0,122.0,False,0.0,tt6304162,ru,Нелюбовь,11.171,Drama,"ARTE France Cinéma, Senator Film, Why Not Productions, Les Films du Fleuve, Non-Stop Productions, Fetisoff Illusion","Belgium, France, Germany, Russia",Russian,2017.0,loveless,both
2018,Film | Film Not in the English Language in 2018,The Salesman,"Asghar Farhadi, Alexandre Mallet-Guy",False,Film Not in the English Language,thesalesman,375315.0,The Salesman,7.257,783.0,Released,2016-06-24,6953604.0,125.0,False,0.0,tt5186714,fa,فروشنده,9.838,"Drama, Thriller","DFI, Memento Films Production, Farhadi Film Production, ARTE France Cinéma, ARTE","France, Iran",Persian,2016.0,thesalesman,both
2018,Film | Leading Actor in 2018,Gary Oldman,Darkest Hour,True,Leading Actor,garyoldman,,,,,,,,,,,,,,,,,,,,,left_only
2018,Film | Leading Actor in 2018,Daniel Day-Lewis,Phantom Thread,False,Leading Actor,danieldaylewis,,,,,,,,,,,,,,,,,,,,,left_only
2018,Film | Leading Actor in 2018,Daniel Kaluuya,Get Out,False,Leading Actor,danielkaluuya,,,,,,,,,,,,,,,,,,,,,left_only
2018,Film | Leading Actor in 2018,Jamie Bell,Film Stars Don't Die in Liverpool,False,Leading Actor,jamiebell,,,,,,,,,,,,,,,,,,,,,left_only
2018,Film | Leading Actor in 2018,Timothée Chalamet,Call Me by Your Name,False,Leading Actor,timothéechalamet,,,,,,,,,,,,,,,,,,,,,left_only
2018,Film | Leading Actress in 2018,Frances McDormand,"Three Billboards Outside Ebbing, Missouri",True,Leading Actress,francesmcdormand,,,,,,,,,,,,,,,,,,,,,left_only
2018,Film | Leading Actress in 2018,Annette Bening,Film Stars Don't Die in Liverpool,False,Leading Actress,annettebening,,,,,,,,,,,,,,,,,,,,,left_only
2018,Film | Leading Actress in 2018,Margot Robbie,"I, Tonya",False,Leading Actress,margotrobbie,,,,,,,,,,,,,,,,,,,,,left_only
2018,Film | Leading Actress in 2018,Sally Hawkins,The Shape of Water,False,Leading Actress,sallyhawkins,,,,,,,,,,,,,,,,,,,,,left_only
2018,Film | Leading Actress in 2018,Saoirse Ronan,Lady Bird,False,Leading Actress,saoirseronan,,,,,,,,,,,,,,,,,,,,,left_only
2018,Film | Make Up and Hair in 2018,Darkest Hour,"David Malinowski, Ivana Primorac, Lucy Sibbick, Kazuhiro Tsuji",True,Make Up and Hair,darkesthour,399404.0,Darkest Hour,7.35,4761.0,Released,2017-11-22,150847207.0,125.0,False,30000000.0,tt4555426,en,Darkest Hour,18.896,"Drama, History","Perfect World Pictures, Working Title Films, Focus Features","United Kingdom, United States of America",English,2017.0,darkesthour,both
2018,Film | Make Up and Hair in 2018,Blade Runner 2049,"Donald Mowat, Kerry Warn",False,Make Up and Hair,bladerunner2049,335984.0,Blade Runner 2049,7.544,12331.0,Released,2017-10-04,259239658.0,164.0,False,150000000.0,tt1856101,en,Blade Runner 2049,70.54,"Science Fiction, Drama","Torridon Films, 16:14 Entertainment, Scott Free Productions, Columbia Pictures, Alcon Entertainment, Thunderbird Entertainment, Warner Bros. Pictures","Canada, Hungary, Mexico, Spain, United Kingdom, United States of America","English, Finnish, Hungarian, Japanese, Russian, Somali, Spanish",2017.0,bladerunner2049,both
2018,Film | Make Up and Hair in 2018,"I, Tonya","Deborah La Mia Denaver, Adruitha Lee",False,Make Up and Hair,itonya,389015.0,"I, Tonya",7.501,5405.0,Released,2017-12-08,53939297.0,120.0,False,11000000.0,tt5580036,en,"I, Tonya",16.904,"Drama, Comedy","LuckyChap Entertainment, Clubhouse Pictures",United States of America,English,2017.0,itonya,both
2018,Film | Make Up and Hair in 2018,Victoria & Abdul,"Daniel Phillips, Lou Sheppard",False,Make Up and Hair,victoriaabdul,423899.0,Victoria & Abdul,6.929,1093.0,Released,2017-09-13,65421267.0,112.0,False,0.0,tt5816682,en,Victoria & Abdul,19.175,"Drama, History","Working Title Films, BBC Film, Perfect World Pictures, Cross Street Films","China, United Kingdom","English, Urdu, Hindi",2017.0,victoriaabdul,both
2018,Film | Make Up and Hair in 2018,Wonder,"Naomi Bakstad, Robert A. Pandini, Arjen Tuiten",False,Make Up and Hair,wonder,406997.0,Wonder,8.155,7421.0,Released,2017-11-13,305937718.0,113.0,False,20000000.0,tt2543472,en,Wonder,40.233,"Drama, Family","Lionsgate, Participant, Walden Media, Mandeville Films",United States of America,English,2017.0,wonder,both
2018,Film | Make Up and Hair in 2018,Wonder,"Naomi Bakstad, Robert A. Pandini, Arjen Tuiten",False,Make Up and Hair,wonder,1569370.0,Wonde(r),0.0,0.0,Released,2016-01-01,0.0,0.0,False,0.0,,nl,Wonde(r),0.0071,Documentary,,,,2016.0,wonder,both
2018,Film | Original Music in 2018,The Shape of Water,Alexandre Desplat,True,Original Music,theshapeofwater,399055.0,The Shape of Water,7.247,11490.0,Released,2017-12-01,195333312.0,123.0,False,19500000.0,tt5580390,en,The Shape of Water,29.339,"Drama, Fantasy, Romance","Double Dare You Productions, Fox Searchlight Pictures, Bull Productions, TSG Entertainment",United States of America,"English, Russian",2017.0,theshapeofwater,both
2018,Film | Original Music in 2018,Blade Runner 2049,"Benjamin Wallfisch, Hans Zimmer",False,Original Music,bladerunner2049,335984.0,Blade Runner 2049,7.544,12331.0,Released,2017-10-04,259239658.0,164.0,False,150000000.0,tt1856101,en,Blade Runner 2049,70.54,"Science Fiction, Drama","Torridon Films, 16:14 Entertainment, Scott Free Productions, Columbia Pictures, Alcon Entertainment, Thunderbird Entertainment, Warner Bros. Pictures","Canada, Hungary, Mexico, Spain, United Kingdom, United States of America","English, Finnish, Hungarian, Japanese, Russian, Somali, Spanish",2017.0,bladerunner2049,both
2018,Film | Original Music in 2018,Darkest Hour,Dario Marianelli,False,Original Music,darkesthour,399404.0,Darkest Hour,7.35,4761.0,Released,2017-11-22,150847207.0,125.0,False,30000000.0,tt4555426,en,Darkest Hour,18.896,"Drama, History","Perfect World Pictures, Working Title Films, Focus Features","United Kingdom, United States of America",English,2017.0,darkesthour,both
2018,Film | Original Music in 2018,Dunkirk,Hans Zimmer,False,Original Music,dunkirk,374720.0,Dunkirk,7.456,15464.0,Released,2017-07-19,527000000.0,107.0,False,150000000.0,tt5013056,en,Dunkirk,34.529,"War, Action, Drama","Warner Bros. Pictures, Syncopy, RatPac Entertainment","France, Netherlands, United Kingdom, United States of America","English, French, German",2017.0,dunkirk,both
2018,Film | Original Music in 2018,Phantom Thread,Jonny Greenwood,False,Original Music,phantomthread,400617.0,Phantom Thread,7.3,3211.0,Released,2017-12-25,47756590.0,130.0,False,35000000.0,tt5776858,en,Phantom Thread,19.184,"Drama, Romance","Ghoulardi Film Company, Focus Features, Annapurna Pictures, Perfect World Pictures","United States of America, United Kingdom","English, French",2017.0,phantomthread,both
2018,Film | Original Screenplay in 2018,"Three Billboards Outside Ebbing, Missouri",Martin McDonagh,True,Original Screenplay,threebillboardsoutsideebbingmissouri,359940.0,"Three Billboards Outside Ebbing, Missouri",8.081,9418.0,Released,2017-12-01,160192031.0,115.0,False,15000000.0,tt5027774,en,"Three Billboards Outside Ebbing, Missouri",23.357,"Crime, Drama","Blueprint Pictures, Cutting Edge Group, Fox Searchlight Pictures, Film4 Productions","United Kingdom, United States of America",English,2017.0,threebillboardsoutsideebbingmissouri,both
2018,Film | Original Screenplay in 2018,Get Out,Jordan Peele,False,Original Screenplay,getout,419430.0,Get Out,7.62,16081.0,Released,2017-02-24,255407969.0,104.0,False,4500000.0,tt5052448,en,Get Out,36.442,"Mystery, Thriller, Horror","Monkeypaw Productions, Blumhouse Productions, QC Entertainment",United States of America,English,2017.0,getout,both
2018,Film | Original Screenplay in 2018,Get Out,Jordan Peele,False,Original Screenplay,getout,1190709.0,Get out,0.0,0.0,Released,2023-10-20,0.0,4.0,False,0.0,,en,Get out,5.379,Horror,Filmbussen i Trøndelag,Norway,Norwegian,2023.0,getout,both
2018,Film | Original Screenplay in 2018,Get Out,Jordan Peele,False,Original Screenplay,getout,1477058.0,Get Out!,0.0,0.0,Released,1992-04-07,0.0,40.0,False,0.0,,en,Get Out!,0.0071,Documentary,BBC,United Kingdom,English,1992.0,getout,both
2018,Film | Original Screenplay in 2018,"I, Tonya",Steven Rogers,False,Original Screenplay,itonya,389015.0,"I, Tonya",7.501,5405.0,Released,2017-12-08,53939297.0,120.0,False,11000000.0,tt5580036,en,"I, Tonya",16.904,"Drama, Comedy","LuckyChap Entertainment, Clubhouse Pictures",United States of America,English,2017.0,itonya,both
2018,Film | Original Screenplay in 2018,Lady Bird,Greta Gerwig,False,Original Screenplay,ladybird,391713.0,Lady Bird,7.271,7861.0,Released,2017-09-01,78966486.0,94.0,False,10000000.0,tt4925292,en,Lady Bird,25.85,"Drama, Comedy","IAC Films, Scott Rudin Productions, Entertainment 360",United States of America,English,2017.0,ladybird,both
2018,Film | Original Screenplay in 2018,Lady Bird,Greta Gerwig,False,Original Screenplay,ladybird,257847.0,Ladybird,6.5,2.0,Released,1999-01-02,0.0,23.0,False,0.0,tt0445291,it,La Coccinella,1.645,,,,Italian,1999.0,ladybird,both
2018,Film | Original Screenplay in 2018,The Shape of Water,"Guillermo del Toro, Vanessa Taylor",False,Original Screenplay,theshapeofwater,399055.0,The Shape of Water,7.247,11490.0,Released,2017-12-01,195333312.0,123.0,False,19500000.0,tt5580390,en,The Shape of Water,29.339,"Drama, Fantasy, Romance","Double Dare You Productions, Fox Searchlight Pictures, Bull Productions, TSG Entertainment",United States of America,"English, Russian",2017.0,theshapeofwater,both
2018,Film | Outstanding British Contribution to Cinema in 2018,National Film and Television School (NFTS),,True,Outstanding British Contribution to Cinema,nationalfilmandtelevisionschoolnfts,,,,,,,,,,,,,,,,,,,,,left_only
2018,Film | Outstanding British Film in 2018,"Three Billboards Outside Ebbing, Missouri","Martin McDonagh, Graham Broadbent, Pete Czernin",True,Outstanding British Film,threebillboardsoutsideebbingmissouri,359940.0,"Three Billboards Outside Ebbing, Missouri",8.081,9418.0,Released,2017-12-01,160192031.0,115.0,False,15000000.0,tt5027774,en,"Three Billboards Outside Ebbing, Missouri",23.357,"Crime, Drama","Blueprint Pictures, Cutting Edge Group, Fox Searchlight Pictures, Film4 Productions","United Kingdom, United States of America",English,2017.0,threebillboardsoutsideebbingmissouri,both
2018,Film | Outstanding British Film in 2018,Darkest Hour,"Joe Wright, Tim Bevan, Lisa Bruce, Eric Fellner, Anthony McCarten, Douglas Urbanski",False,Outstanding British Film,darkesthour,399404.0,Darkest Hour,7.35,4761.0,Released,2017-11-22,150847207.0,125.0,False,30000000.0,tt4555426,en,Darkest Hour,18.896,"Drama, History","Perfect World Pictures, Working Title Films, Focus Features","United Kingdom, United States of America",English,2017.0,darkesthour,both
2018,Film | Outstanding British Film in 2018,The Death of Stalin,"Armando Iannucci, Kevin Loader, Laurent Zeitoun, Yann Zenou, Ian Martin, David Schneider",False,Outstanding British Film,thedeathofstalin,402897.0,The Death of Stalin,7.011,1664.0,Released,2017-10-20,24640027.0,107.0,False,13000000.0,tt4686844,en,The Death of Stalin,13.714,"Comedy, Drama, History","Title Media, Main Journey, Free Range Films, Quad Productions, Gaumont, France 3 Cinéma, La Compagnie Cinématographique, Panache Productions, Canal+, Ciné+, France Télévisions, AFPI","Belgium, France, United Kingdom",English,2017.0,thedeathofstalin,both
2018,Film | Outstanding British Film in 2018,God's Own Country,"Francis Lee, Manon Ardisson, Jack Tarling",False,Outstanding British Film,godsowncountry,428493.0,God's Own Country,7.755,823.0,Released,2017-09-01,2559939.0,105.0,False,0.0,tt5635086,en,God's Own Country,15.075,"Romance, Drama","BFI, Inflammable Films, Met Film Production, Shudder Films, Creative England, Magic Bear Productions",United Kingdom,"English, Romanian",2017.0,godsowncountry,both
2018,Film | Outstanding British Film in 2018,Lady Macbeth,"William Oldroyd, Fodhla Cronin O'Reilly, Alice Birch",False,Outstanding British Film,ladymacbeth,410117.0,Lady Macbeth,6.587,688.0,Released,2016-12-12,5245263.0,86.0,False,0.0,tt4291600,en,Lady Macbeth,12.103,Drama,"iFeatures, Sixty Six Pictures, BBC Film, BFI, Creative England, Oldgarth Media",United Kingdom,English,2016.0,ladymacbeth,both
2018,Film | Outstanding British Film in 2018,Paddington 2,"Paul King, David Heyman, Simon Farnaby",False,Outstanding British Film,paddington2,346648.0,Paddington 2,7.455,2092.0,Released,2017-11-09,227300000.0,104.0,False,40000000.0,tt4468740,en,Paddington 2,18.826,"Adventure, Comedy, Family","Heyday Films, StudioCanal, Anton Capital Entertainment, Canal+, Ciné+, Marmalade Films Ltd., Warner Bros. Pictures","France, United Kingdom, United States of America",English,2017.0,paddington2,both
2018,"Film | Outstanding Debut by a British Writer, Director or Producer in 2018",I Am Not a Witch,"Rungano Nyoni (Writer/Director), Emily Morgan (Producer)",True,"Outstanding Debut by a British Writer, Director or Producer",iamnotawitch,449757.0,I Am Not a Witch,6.7,99.0,Released,2017-10-20,0.0,93.0,False,0.0,tt6213284,en,I Am Not a Witch,8.291,Drama,"Soda Pictures, Clandestine Films, Quiddity Films, Icreatefilms, unafilm, Film4 Productions","France, Germany, United Kingdom, Zambia",English,2017.0,iamnotawitch,both
2018,"Film | Outstanding Debut by a British Writer, Director or Producer in 2018",The Ghoul,"Gareth Tunley (Writer/Director/Producer), Jack Healy Guttmann (Producer), Tom Meeten (Producer)",False,"Outstanding Debut by a British Writer, Director or Producer",theghoul,,,,,,,,,,,,,,,,,,,,,left_only
2018,"Film | Outstanding Debut by a British Writer, Director or Producer in 2018",Jawbone,"Johnny Harris (Writer/Producer), Thomas Napper (Director)",False,"Outstanding Debut by a British Writer, Director or Producer",jawbone,436932.0,Jawbone,6.063,64.0,Released,2017-05-12,0.0,91.0,False,0.0,tt3582020,en,Jawbone,5.899,"Action, Drama","Revolution Films, EMU Films",United Kingdom,English,2017.0,jawbone,both
2018,"Film | Outstanding Debut by a British Writer, Director or Producer in 2018",Kingdom of Us,Lucy Cohen (Director),False,"Outstanding Debut by a British Writer, Director or Producer",kingdomofus,473313.0,Kingdom of Us,6.963,27.0,Released,2017-10-07,0.0,109.0,False,0.0,tt7321274,en,Kingdom of Us,2.293,Documentary,,United Kingdom,English,2017.0,kingdomofus,both
2018,"Film | Outstanding Debut by a British Writer, Director or Producer in 2018",Lady Macbeth,"Alice Birch (Writer), William Oldroyd (Director), Fodhla Cronin O'Reilly (Producer)",False,"Outstanding Debut by a British Writer, Director or Producer",ladymacbeth,410117.0,Lady Macbeth,6.587,688.0,Released,2016-12-12,5245263.0,86.0,False,0.0,tt4291600,en,Lady Macbeth,12.103,Drama,"iFeatures, Sixty Six Pictures, BBC Film, BFI, Creative England, Oldgarth Media",United Kingdom,English,2016.0,ladymacbeth,both
2018,Film | Production Design in 2018,The Shape of Water,"Paul Austerberry, Jeff Melvin, Shane Vieau",True,Production Design,theshapeofwater,399055.0,The Shape of Water,7.247,11490.0,Released,2017-12-01,195333312.0,123.0,False,19500000.0,tt5580390,en,The Shape of Water,29.339,"Drama, Fantasy, Romance","Double Dare You Productions, Fox Searchlight Pictures, Bull Productions, TSG Entertainment",United States of America,"English, Russian",2017.0,theshapeofwater,both
2018,Film | Production Design in 2018,Beauty and the Beast,"Sarah Greenwood, Katie Spencer",False,Production Design,beautyandthebeast,321612.0,Beauty and the Beast,6.967,14871.0,Released,2017-03-16,1266115964.0,129.0,False,160000000.0,tt2771200,en,Beauty and the Beast,56.226,"Family, Fantasy, Romance","Walt Disney Pictures, Mandeville Films",United States of America,"English, French",2017.0,beautyandthebeast,both
2018,Film | Production Design in 2018,Blade Runner 2049,"Dennis Gassner, Alessandra Querzola",False,Production Design,bladerunner2049,335984.0,Blade Runner 2049,7.544,12331.0,Released,2017-10-04,259239658.0,164.0,False,150000000.0,tt1856101,en,Blade Runner 2049,70.54,"Science Fiction, Drama","Torridon Films, 16:14 Entertainment, Scott Free Productions, Columbia Pictures, Alcon Entertainment, Thunderbird Entertainment, Warner Bros. Pictures","Canada, Hungary, Mexico, Spain, United Kingdom, United States of America","English, Finnish, Hungarian, Japanese, Russian, Somali, Spanish",2017.0,bladerunner2049,both
2018,Film | Production Design in 2018,Darkest Hour,"Sarah Greenwood, Katie Spencer",False,Production Design,darkesthour,399404.0,Darkest Hour,7.35,4761.0,Released,2017-11-22,150847207.0,125.0,False,30000000.0,tt4555426,en,Darkest Hour,18.896,"Drama, History","Perfect World Pictures, Working Title Films, Focus Features","United Kingdom, United States of America",English,2017.0,darkesthour,both
2018,Film | Production Design in 2018,Dunkirk,"Nathan Crowley, Gary Fettis",False,Production Design,dunkirk,374720.0,Dunkirk,7.456,15464.0,Released,2017-07-19,527000000.0,107.0,False,150000000.0,tt5013056,en,Dunkirk,34.529,"War, Action, Drama","Warner Bros. Pictures, Syncopy, RatPac Entertainment","France, Netherlands, United Kingdom, United States of America","English, French, German",2017.0,dunkirk,both
2018,Film | Sound in 2018,Dunkirk,"Alex Gibson, Richard King, Gregg Landaker, Gary A. Rizzo, Mark Weingarten",True,Sound,dunkirk,374720.0,Dunkirk,7.456,15464.0,Released,2017-07-19,527000000.0,107.0,False,150000000.0,tt5013056,en,Dunkirk,34.529,"War, Action, Drama","Warner Bros. Pictures, Syncopy, RatPac Entertainment","France, Netherlands, United Kingdom, United States of America","English, French, German",2017.0,dunkirk,both
2018,Film | Sound in 2018,Baby Driver,"Tim Cavagin, Mary H. Ellis, Dan Morgan, Jeremy Price, Julian Slater",False,Sound,babydriver,339403.0,Baby Driver,7.5,14634.0,Released,2017-06-28,226945087.0,113.0,False,34000000.0,tt3890160,en,Baby Driver,44.974,"Action, Crime","Big Talk Productions, Working Title Films",United Kingdom,English,2017.0,babydriver,both
2018,Film | Sound in 2018,Blade Runner 2049,"Ron Bartlett, Theo Green, Doug Hemphill, Mark Mangini, Mac Ruth",False,Sound,bladerunner2049,335984.0,Blade Runner 2049,7.544,12331.0,Released,2017-10-04,259239658.0,164.0,False,150000000.0,tt1856101,en,Blade Runner 2049,70.54,"Science Fiction, Drama","Torridon Films, 16:14 Entertainment, Scott Free Productions, Columbia Pictures, Alcon Entertainment, Thunderbird Entertainment, Warner Bros. Pictures","Canada, Hungary, Mexico, Spain, United Kingdom, United States of America","English, Finnish, Hungarian, Japanese, Russian, Somali, Spanish",2017.0,bladerunner2049,both
2018,Film | Sound in 2018,The Shape of Water,"Christian Cooke, Nelson Ferreira, Glen Gauthier, Nathan Robitaille, Brad Zoern",False,Sound,theshapeofwater,399055.0,The Shape of Water,7.247,11490.0,Released,2017-12-01,195333312.0,123.0,False,19500000.0,tt5580390,en,The Shape of Water,29.339,"Drama, Fantasy, Romance","Double Dare You Productions, Fox Searchlight Pictures, Bull Productions, TSG Entertainment",United States of America,"English, Russian",2017.0,theshapeofwater,both
2018,Film | Sound in 2018,Star Wars: The Last Jedi,"Ren Klyce, David Parker, Michael Semanick, Stuart Wilson, Matthew Wood",False,Sound,starwarsthelastjedi,181808.0,Star Wars: The Last Jedi,6.825,14312.0,Released,2017-12-13,1332698830.0,152.0,False,200000000.0,tt2527336,en,Star Wars: The Last Jedi,47.241,"Adventure, Action, Science Fiction",Lucasfilm Ltd.,United States of America,English,2017.0,starwarsthelastjedi,both
2018,Film | Special Visual Effects in 2018,Blade Runner 2049,"Richard R. Hoover, Paul Lambert, Gerd Nefzer, John Nelson",True,Special Visual Effects,bladerunner2049,335984.0,Blade Runner 2049,7.544,12331.0,Released,2017-10-04,259239658.0,164.0,False,150000000.0,tt1856101,en,Blade Runner 2049,70.54,"Science Fiction, Drama","Torridon Films, 16:14 Entertainment, Scott Free Productions, Columbia Pictures, Alcon Entertainment, Thunderbird Entertainment, Warner Bros. Pictures","Canada, Hungary, Mexico, Spain, United Kingdom, United States of America","English, Finnish, Hungarian, Japanese, Russian, Somali, Spanish",2017.0,bladerunner2049,both
2018,Film | Special Visual Effects in 2018,Dunkirk,"Paul Corbould, Scott Fisher, Andrew Jackson, Andrew Lockley",False,Special Visual Effects,dunkirk,374720.0,Dunkirk,7.456,15464.0,Released,2017-07-19,527000000.0,107.0,False,150000000.0,tt5013056,en,Dunkirk,34.529,"War, Action, Drama","Warner Bros. Pictures, Syncopy, RatPac Entertainment","France, Netherlands, United Kingdom, United States of America","English, French, German",2017.0,dunkirk,both
2018,Film | Special Visual Effects in 2018,The Shape of Water,"Dennis Berardi, Trey Harrell, Mike Hill, Kevin Scott",False,Special Visual Effects,theshapeofwater,399055.0,The Shape of Water,7.247,11490.0,Released,2017-12-01,195333312.0,123.0,False,19500000.0,tt5580390,en,The Shape of Water,29.339,"Drama, Fantasy, Romance","Double Dare You Productions, Fox Searchlight Pictures, Bull Productions, TSG Entertainment",United States of America,"English, Russian",2017.0,theshapeofwater,both
2018,Film | Special Visual Effects in 2018,Star Wars: The Last Jedi,"Stephen Aplin, Chris Corbould, Ben Morris, Neal Scanlan",False,Special Visual Effects,starwarsthelastjedi,181808.0,Star Wars: The Last Jedi,6.825,14312.0,Released,2017-12-13,1332698830.0,152.0,False,200000000.0,tt2527336,en,Star Wars: The Last Jedi,47.241,"Adventure, Action, Science Fiction",Lucasfilm Ltd.,United States of America,English,2017.0,starwarsthelastjedi,both
2018,Film | Special Visual Effects in 2018,War for the Planet of the Apes,"Daniel Barrett, Dan Lemmon, Joe Letteri, Joel Whist",False,Special Visual Effects,warfortheplanetoftheapes,281338.0,War for the Planet of the Apes,7.16,8030.0,Released,2017-07-11,490719763.0,140.0,False,150000000.0,tt3450958,en,War for the Planet of the Apes,41.094,"Drama, Science Fiction, War","20th Century Fox, TSG Entertainment, Chernin Entertainment","Canada, United States of America, New Zealand",English,2017.0,warfortheplanetoftheapes,both
2018,Film | Supporting Actor in 2018,Sam Rockwell,"Three Billboards Outside Ebbing, Missouri",True,Supporting Actor,samrockwell,,,,,,,,,,,,,,,,,,,,,left_only
2018,Film | Supporting Actor in 2018,Christopher Plummer,All the Money in the World,False,Supporting Actor,christopherplummer,,,,,,,,,,,,,,,,,,,,,left_only
2018,Film | Supporting Actor in 2018,Hugh Grant,Paddington 2,False,Supporting Actor,hughgrant,,,,,,,,,,,,,,,,,,,,,left_only
2018,Film | Supporting Actor in 2018,Willem Dafoe,The Florida Project,False,Supporting Actor,willemdafoe,1157602.0,Willem Dafoe,0.0,0.0,Released,2023-07-21,0.0,5.0,False,0.0,tt28611844,en,Willem Dafoe,1.112,Comedy,,United States of America,English,2023.0,willemdafoe,both
2018,Film | Supporting Actor in 2018,Woody Harrelson,"Three Billboards Outside Ebbing, Missouri",False,Supporting Actor,woodyharrelson,,,,,,,,,,,,,,,,,,,,,left_only
2018,Film | Supporting Actress in 2018,Allison Janney,"I, Tonya",True,Supporting Actress,allisonjanney,,,,,,,,,,,,,,,,,,,,,left_only
2018,Film | Supporting Actress in 2018,Kristin Scott Thomas,Darkest Hour,False,Supporting Actress,kristinscottthomas,,,,,,,,,,,,,,,,,,,,,left_only
2018,Film | Supporting Actress in 2018,Laurie Metcalf,Lady Bird,False,Supporting Actress,lauriemetcalf,,,,,,,,,,,,,,,,,,,,,left_only
2018,Film | Supporting Actress in 2018,Lesley Manville,Phantom Thread,False,Supporting Actress,lesleymanville,,,,,,,,,,,,,,,,,,,,,left_only
2018,Film | Supporting Actress in 2018,Octavia Spencer,The Shape of Water,False,Supporting Actress,octaviaspencer,,,,,,,,,,,,,,,,,,,,,left_only
2019,Film | Adapted Screenplay in 2019,BlacKkKlansman,"Spike Lee, David Rabinowitz, Charlie Wachtel, Kevin Willmott",True,Adapted Screenplay,blackkklansman,487558.0,BlacKkKlansman,7.521,7037.0,Released,2018-08-09,93411426.0,136.0,False,15000000.0,tt7349662,en,BlacKkKlansman,16.735,"Comedy, Crime, Drama","Legendary Pictures, Perfect World Pictures, Monkeypaw Productions, Blumhouse Productions, QC Entertainment, 40 Acres and a Mule Filmworks",United States of America,English,2018.0,blackkklansman,both
2019,Film | Adapted Screenplay in 2019,Can You Ever Forgive Me?,"Nicole Holofcener, Jeff Whitty",False,Adapted Screenplay,canyoueverforgiveme,401847.0,Can You Ever Forgive Me?,6.824,1178.0,Released,2018-10-19,8586944.0,107.0,False,0.0,tt4595882,en,Can You Ever Forgive Me?,13.727,"Drama, Crime, Comedy",Archer Gray,United States of America,English,2018.0,canyoueverforgiveme,both
2019,Film | Adapted Screenplay in 2019,First Man,Josh Singer,False,Adapted Screenplay,firstman,369972.0,First Man,7.045,4896.0,Released,2018-10-10,105713218.0,141.0,False,70000000.0,tt1213641,en,First Man,25.21,"History, Drama","DreamWorks Pictures, Temple Hill Entertainment, Universal Pictures, Amblin Entertainment, Phantasma Films, Perfect World Pictures",United States of America,English,2018.0,firstman,both
2019,Film | Adapted Screenplay in 2019,If Beale Street Could Talk,Barry Jenkins,False,Adapted Screenplay,ifbealestreetcouldtalk,465914.0,If Beale Street Could Talk,6.961,1058.0,Released,2018-12-14,20572691.0,120.0,False,12000000.0,tt7125860,en,If Beale Street Could Talk,10.354,"Romance, Drama","Annapurna Pictures, Plan B Entertainment, PASTEL, Stage 6 Films",United States of America,English,2018.0,ifbealestreetcouldtalk,both
2019,Film | Adapted Screenplay in 2019,A Star Is Born,"Bradley Cooper, Will Fetters, Eric Roth",False,Adapted Screenplay,astarisborn,332562.0,A Star Is Born,7.503,11079.0,Released,2018-10-03,433888866.0,136.0,False,36000000.0,tt1517451,en,A Star Is Born,27.891,"Music, Drama, Romance","Thunder Road, 22 & Green, Gerber Pictures, Joint Effort, Malpaso Productions, Warner Bros. Pictures, Live Nation Productions",United States of America,English,2018.0,astarisborn,both
2019,Film | Animated Film in 2019,Spider-Man: Into The Spider-Verse,"Bob Persichetti, Peter Ramsey, Rodney Rothman, Phil Lord",True,Animated Film,spidermanintothespiderverse,324857.0,Spider-Man: Into the Spider-Verse,8.404,14024.0,Released,2018-12-06,375464627.0,117.0,False,90000000.0,tt4633694,en,Spider-Man: Into the Spider-Verse,80.675,"Action, Adventure, Animation, Science Fiction","Columbia Pictures, Lord Miller, Pascal Pictures, Sony Pictures Animation, Arad Productions",United States of America,"English, Japanese, Spanish",2018.0,spidermanintothespiderverse,both
2019,Film | Animated Film in 2019,Incredibles 2,"Brad Bird, John Walker",False,Animated Film,incredibles2,260513.0,Incredibles 2,7.481,12061.0,Released,2018-06-14,1242805359.0,118.0,False,200000000.0,tt3606756,en,Incredibles 2,49.215,"Action, Adventure, Animation, Family","Walt Disney Pictures, Pixar",United States of America,English,2018.0,incredibles2,both
2019,Film | Animated Film in 2019,Isle of Dogs,"Wes Anderson, Jeremy Dawson",False,Animated Film,isleofdogs,399174.0,Isle of Dogs,7.857,4427.0,Released,2018-03-23,64337744.0,101.0,False,62770198.0,tt5104604,en,Isle of Dogs,18.059,"Adventure, Comedy, Animation","Studio Babelsberg, American Empirical Pictures, Indian Paintbrush, Scott Rudin Productions","Germany, United States of America","English, Japanese",2018.0,isleofdogs,both
2019,Film | Best Film in 2019,Roma,"Alfonso Cuaron, Gabriela Rodriguez",True,Best Film,roma,426426.0,Roma,7.666,3697.0,Released,2018-08-25,1140769.0,135.0,False,15000000.0,tt6155172,es,Roma,10.591,Drama,"Participant, Esperanto Filmoj","United Kingdom, United States of America","English, Spanish",2018.0,roma,both
2019,Film | Best Film in 2019,Roma,"Alfonso Cuaron, Gabriela Rodriguez",True,Best Film,roma,1322196.0,RoMa,0.0,0.0,Released,2024-07-15,0.0,0.0,False,0.0,,pt,RoMa,1.4,Drama,,Brazil,Portuguese,2024.0,roma,both
2019,Film | Best Film in 2019,BlacKkKlansman,"Jason Blum, Spike Lee, Raymond Mansfield, Sean McKittrick, Jordan Peele",False,Best Film,blackkklansman,487558.0,BlacKkKlansman,7.521,7037.0,Released,2018-08-09,93411426.0,136.0,False,15000000.0,tt7349662,en,BlacKkKlansman,16.735,"Comedy, Crime, Drama","Legendary Pictures, Perfect World Pictures, Monkeypaw Productions, Blumhouse Productions, QC Entertainment, 40 Acres and a Mule Filmworks",United States of America,English,2018.0,blackkklansman,both
2019,Film | Best Film in 2019,The Favourite,"Ceci Dempsey, Ed Guiney, Yorgos Lanthimos, Lee Magiday",False,Best Film,thefavourite,375262.0,The Favourite,7.537,4855.0,Released,2018-11-23,95918706.0,119.0,False,15000000.0,tt5083738,en,The Favourite,18.954,"Drama, Comedy, Thriller","Waypoint Entertainment, Element Pictures, Scarlet Films, Film4 Productions","Ireland, United Kingdom, United States of America",English,2018.0,thefavourite,both
2019,Film | Best Film in 2019,Green Book,"Jim Burke, Brian Currie, Peter Farrelly, Nick Vallelonga, Charles B. Wessler",False,Best Film,greenbook,490132.0,Green Book,8.242,10542.0,Released,2018-11-16,319700000.0,130.0,False,23000000.0,tt6966692,en,Green Book,34.768,"Drama, Comedy","Participant, DreamWorks Pictures, Cinetic Media",United States of America,"English, Italian, Russian",2018.0,greenbook,both
2019,Film | Best Film in 2019,A Star Is Born,"Bradley Cooper, Bill Gerber, Lynette Howell Taylor",False,Best Film,astarisborn,332562.0,A Star Is Born,7.503,11079.0,Released,2018-10-03,433888866.0,136.0,False,36000000.0,tt1517451,en,A Star Is Born,27.891,"Music, Drama, Romance","Thunder Road, 22 & Green, Gerber Pictures, Joint Effort, Malpaso Productions, Warner Bros. Pictures, Live Nation Productions",United States of America,English,2018.0,astarisborn,both
2019,Film | British Short Animation in 2019,Roughhouse,"Jonathan Hodgson, Richard Van Den Boom",True,British Short Animation,roughhouse,567011.0,Roughhouse,6.4,7.0,Released,2018-06-28,0.0,16.0,False,0.0,tt8475674,en,Roughhouse,0.6,Animation,"Hodgson Films, Papy3D Productions","France, United Kingdom",English,2018.0,roughhouse,both
2019,Film | British Short Animation in 2019,I'm OK,"Elizabeth Hobbs, Abigail Addison, Jelena Popovic",False,British Short Animation,imok,550178.0,I'm OK,7.3,5.0,Released,2018-06-12,0.0,6.0,False,55000.0,tt8515116,en,I'm OK,0.825,Animation,"Animate Projects Limited, ONF | NFB","Canada, United Kingdom","French, English",2018.0,imok,both
2019,Film | British Short Animation in 2019,Marfa,"Greg McLeod, Myles McLeod",False,British Short Animation,marfa,541168.0,Marfa,5.3,3.0,Released,2018-01-22,0.0,8.0,False,0.0,tt7374512,en,Marfa,0.6,"Animation, Documentary",,United Kingdom,German,2018.0,marfa,both
2019,Film | British Short Film in 2019,73 Cows,Alex Lockwood,True,British Short Film,73cows,552649.0,73 Cows,9.1,9.0,Released,2018-09-30,0.0,15.0,False,0.0,tt9193806,en,73 Cows,0.869,Documentary,,United Kingdom,English,2018.0,73cows,both
2019,Film | British Short Film in 2019,"Bachelor, 38",Angela Clarke,False,British Short Film,bachelor38,558465.0,"Bachelor, 38",0.0,0.0,Released,2017-10-10,0.0,15.0,False,0.0,tt7696496,en,"Bachelor, 38",0.6,Documentary,,United Kingdom,,2017.0,bachelor38,both
2019,Film | British Short Film in 2019,The Blue Door,"Ben Clark, Megan Pugh, Paul Taylor",False,British Short Film,thebluedoor,558088.0,The Blue Door,5.667,12.0,Released,2018-10-26,0.0,10.0,False,0.0,tt8867090,en,The Blue Door,1.635,"Horror, Fantasy, Thriller",13th Door Films,United Kingdom,English,2018.0,thebluedoor,both
2019,Film | British Short Film in 2019,The Field,"Sandhya Suri, Thomas Bidegain, Balthazar de Ganay",False,British Short Film,thefield,31651.0,The Field,7.0,81.0,Released,1990-09-21,1494399.0,110.0,False,0.0,tt0099566,en,The Field,7.348,Drama,"Sovereign Pictures, Granada Television, Noel Pearson",Ireland,English,1990.0,thefield,both
2019,Film | British Short Film in 2019,Wale,"Barnaby Blackburn, Sophie Alexander, Catherine Slater, Edward Speleers",False,British Short Film,wale,561091.0,Wale,3.0,1.0,Released,2018-04-29,0.0,23.0,False,0.0,tt6547100,en,Wale,0.907,Drama,,United Kingdom,,2018.0,wale,both
2019,Film | Cinematography in 2019,Roma,Alfonso Cuaron,True,Cinematography,roma,426426.0,Roma,7.666,3697.0,Released,2018-08-25,1140769.0,135.0,False,15000000.0,tt6155172,es,Roma,10.591,Drama,"Participant, Esperanto Filmoj","United Kingdom, United States of America","English, Spanish",2018.0,roma,both
2019,Film | Cinematography in 2019,Roma,Alfonso Cuaron,True,Cinematography,roma,1322196.0,RoMa,0.0,0.0,Released,2024-07-15,0.0,0.0,False,0.0,,pt,RoMa,1.4,Drama,,Brazil,Portuguese,2024.0,roma,both
2019,Film | Cinematography in 2019,Bohemian Rhapsody,Newton Thomas Sigel,False,Cinematography,bohemianrhapsody,424694.0,Bohemian Rhapsody,7.997,15965.0,Released,2018-10-24,903992901.0,135.0,False,52000000.0,tt1727824,en,Bohemian Rhapsody,37.55,"Music, Drama, History","GK Films, Regency Enterprises, Queen Films, Tribeca Productions, New Regency Pictures, 20th Century Fox","United Kingdom, United States of America",English,2018.0,bohemianrhapsody,both
2019,Film | Cinematography in 2019,Cold War,Lukasz Zal,False,Cinematography,coldwar,440298.0,Cold War,7.477,1370.0,Released,2018-06-08,18754051.0,88.0,False,4954500.0,tt6543652,pl,Zimna wojna,10.183,"Drama, Romance, War, Music","Protagonist Pictures, Opus Film, MK2 Films, Film4 Productions, ARTE, BFI, CNC","France, Poland, United Kingdom","German, Croatian, French, Italian, Polish, Russian",2018.0,coldwar,both
2019,Film | Cinematography in 2019,The Favourite,Robbie Ryan,False,Cinematography,thefavourite,375262.0,The Favourite,7.537,4855.0,Released,2018-11-23,95918706.0,119.0,False,15000000.0,tt5083738,en,The Favourite,18.954,"Drama, Comedy, Thriller","Waypoint Entertainment, Element Pictures, Scarlet Films, Film4 Productions","Ireland, United Kingdom, United States of America",English,2018.0,thefavourite,both
2019,Film | Cinematography in 2019,First Man,Linus Sandgren,False,Cinematography,firstman,369972.0,First Man,7.045,4896.0,Released,2018-10-10,105713218.0,141.0,False,70000000.0,tt1213641,en,First Man,25.21,"History, Drama","DreamWorks Pictures, Temple Hill Entertainment, Universal Pictures, Amblin Entertainment, Phantasma Films, Perfect World Pictures",United States of America,English,2018.0,firstman,both
2019,Film | Costume Design in 2019,The Favourite,Sandy Powell,True,Costume Design,thefavourite,375262.0,The Favourite,7.537,4855.0,Released,2018-11-23,95918706.0,119.0,False,15000000.0,tt5083738,en,The Favourite,18.954,"Drama, Comedy, Thriller","Waypoint Entertainment, Element Pictures, Scarlet Films, Film4 Productions","Ireland, United Kingdom, United States of America",English,2018.0,thefavourite,both
2019,Film | Costume Design in 2019,The Ballad of Buster Scruggs,Mary Zophres,False,Costume Design,theballadofbusterscruggs,537996.0,The Ballad of Buster Scruggs,7.145,3684.0,Released,2018-11-09,0.0,132.0,False,0.0,tt6412452,en,The Ballad of Buster Scruggs,48.29,"Western, Comedy, Drama",Mike Zoss Productions,United States of America,English,2018.0,theballadofbusterscruggs,both
2019,Film | Costume Design in 2019,Bohemian Rhapsody,Julian Day,False,Costume Design,bohemianrhapsody,424694.0,Bohemian Rhapsody,7.997,15965.0,Released,2018-10-24,903992901.0,135.0,False,52000000.0,tt1727824,en,Bohemian Rhapsody,37.55,"Music, Drama, History","GK Films, Regency Enterprises, Queen Films, Tribeca Productions, New Regency Pictures, 20th Century Fox","United Kingdom, United States of America",English,2018.0,bohemianrhapsody,both
2019,Film | Costume Design in 2019,Mary Poppins Returns,Sandy Powell,False,Costume Design,marypoppinsreturns,400650.0,Mary Poppins Returns,6.5,3101.0,Released,2018-12-13,348807090.0,131.0,False,130000000.0,tt5028340,en,Mary Poppins Returns,17.19,"Fantasy, Family, Comedy","Walt Disney Pictures, Marc Platt Productions, Lucamar Productions",United States of America,English,2018.0,marypoppinsreturns,both
2019,Film | Costume Design in 2019,Mary Queen of Scots,Alexandra Byrne,False,Costume Design,maryqueenofscots,457136.0,Mary Queen of Scots,6.6,1675.0,Released,2018-12-07,37807625.0,124.0,False,25000000.0,tt2328900,en,Mary Queen of Scots,13.526,"Drama, History","Focus Features, Working Title Films, Perfect World Pictures, 3dot Productions","United Kingdom, United States of America","English, French, Gaelic, Latin",2018.0,maryqueenofscots,both
2019,Film | Director in 2019,Roma,Alfonso Cuaron,True,Director,roma,426426.0,Roma,7.666,3697.0,Released,2018-08-25,1140769.0,135.0,False,15000000.0,tt6155172,es,Roma,10.591,Drama,"Participant, Esperanto Filmoj","United Kingdom, United States of America","English, Spanish",2018.0,roma,both
2019,Film | Director in 2019,Roma,Alfonso Cuaron,True,Director,roma,1322196.0,RoMa,0.0,0.0,Released,2024-07-15,0.0,0.0,False,0.0,,pt,RoMa,1.4,Drama,,Brazil,Portuguese,2024.0,roma,both
2019,Film | Director in 2019,BlacKkKlansman,Spike Lee,False,Director,blackkklansman,487558.0,BlacKkKlansman,7.521,7037.0,Released,2018-08-09,93411426.0,136.0,False,15000000.0,tt7349662,en,BlacKkKlansman,16.735,"Comedy, Crime, Drama","Legendary Pictures, Perfect World Pictures, Monkeypaw Productions, Blumhouse Productions, QC Entertainment, 40 Acres and a Mule Filmworks",United States of America,English,2018.0,blackkklansman,both
2019,Film | Director in 2019,Cold War,Pawel Pawlikowski,False,Director,coldwar,440298.0,Cold War,7.477,1370.0,Released,2018-06-08,18754051.0,88.0,False,4954500.0,tt6543652,pl,Zimna wojna,10.183,"Drama, Romance, War, Music","Protagonist Pictures, Opus Film, MK2 Films, Film4 Productions, ARTE, BFI, CNC","France, Poland, United Kingdom","German, Croatian, French, Italian, Polish, Russian",2018.0,coldwar,both
2019,Film | Director in 2019,The Favourite,Yorgos Lanthimos,False,Director,thefavourite,375262.0,The Favourite,7.537,4855.0,Released,2018-11-23,95918706.0,119.0,False,15000000.0,tt5083738,en,The Favourite,18.954,"Drama, Comedy, Thriller","Waypoint Entertainment, Element Pictures, Scarlet Films, Film4 Productions","Ireland, United Kingdom, United States of America",English,2018.0,thefavourite,both
2019,Film | Director in 2019,A Star Is Born,Bradley Cooper,False,Director,astarisborn,332562.0,A Star Is Born,7.503,11079.0,Released,2018-10-03,433888866.0,136.0,False,36000000.0,tt1517451,en,A Star Is Born,27.891,"Music, Drama, Romance","Thunder Road, 22 & Green, Gerber Pictures, Joint Effort, Malpaso Productions, Warner Bros. Pictures, Live Nation Productions",United States of America,English,2018.0,astarisborn,both
2019,Film | Documentary in 2019,Free Solo,"Elizabeth Chai Vasarhelyi, Jimmy Chin, Shannon Dill, Evan Hayes",True,Documentary,freesolo,515042.0,Free Solo,7.908,1186.0,Released,2018-09-28,21790193.0,100.0,False,0.0,tt7775622,en,Free Solo,9.771,"Documentary, Adventure","National Geographic, Parkes+MacDonald Image Nation, Little Monster Films, MacDonald/Parkes Productions, Itinerant Media, Image Nation, National Geographic Documentary Films",United States of America,English,2018.0,freesolo,both
2019,Film | Documentary in 2019,McQueen,"Ian Bonhote, Peter Ettedgui",False,Documentary,mcqueen,508003.0,McQueen,7.526,116.0,Released,2018-06-08,1243177.0,111.0,False,0.0,tt6510332,en,McQueen,7.606,Documentary,"Salon Pictures, Misfits Entertainment, Creativity Capital, Moving Pictures Media",United Kingdom,"English, French",2018.0,mcqueen,both
2019,Film | Documentary in 2019,RBG,"Julie Cohen, Betsy West",False,Documentary,rbg,493099.0,RBG,7.491,270.0,Released,2018-05-04,2002767.0,98.0,False,0.0,tt7689964,en,RBG,7.431,Documentary,"CNN Films, Storyville Films",United States of America,"English, French, German, Italian",2018.0,rbg,both
2019,Film | Documentary in 2019,They Shall Not Grow Old,"Peter Jackson, Clare Olssen",False,Documentary,theyshallnotgrowold,543580.0,They Shall Not Grow Old,7.759,516.0,Released,2018-11-09,20904188.0,99.0,False,0.0,tt7905466,en,They Shall Not Grow Old,8.067,"Documentary, History, War","Imperial War Museums, WingNut Films, 14-18 NOW, House Productions","New Zealand, Turkey, United Kingdom",English,2018.0,theyshallnotgrowold,both
2019,Film | Documentary in 2019,Three Identical Strangers,"Tim Wardle, Grace Hughes-Hallett, Becky Read",False,Documentary,threeidenticalstrangers,489988.0,Three Identical Strangers,7.367,622.0,Released,2018-06-29,1041955.0,97.0,False,0.0,tt7664504,en,Three Identical Strangers,9.433,Documentary,RAW,United Kingdom,"French, English",2018.0,threeidenticalstrangers,both
2019,Film | EE Rising Star Award in 2019,Letitia Wright,,True,EE Rising Star Award,letitiawright,,,,,,,,,,,,,,,,,,,,,left_only
2019,Film | EE Rising Star Award in 2019,Barry Keoghan,,False,EE Rising Star Award,barrykeoghan,,,,,,,,,,,,,,,,,,,,,left_only
2019,Film | EE Rising Star Award in 2019,Cynthia Erivo,,False,EE Rising Star Award,cynthiaerivo,,,,,,,,,,,,,,,,,,,,,left_only
2019,Film | EE Rising Star Award in 2019,Jessie Buckley,,False,EE Rising Star Award,jessiebuckley,,,,,,,,,,,,,,,,,,,,,left_only
2019,Film | EE Rising Star Award in 2019,Lakeith Stanfield,,False,EE Rising Star Award,lakeithstanfield,,,,,,,,,,,,,,,,,,,,,left_only
2019,Film | Editing in 2019,Vice,Hank Corwin,True,Editing,vice,429197.0,Vice,7.051,3086.0,Released,2018-12-25,76073488.0,132.0,False,60000000.0,tt6266538,en,Vice,10.687,"Comedy, Drama","Plan B Entertainment, Gary Sanchez Productions, Annapurna Pictures",United States of America,English,2018.0,vice,both
2019,Film | Editing in 2019,Vice,Hank Corwin,True,Editing,vice,1250973.0,V.I.C.E.,0.0,0.0,Released,1991-02-27,0.0,81.0,True,0.0,,en,V.I.C.E.,0.0,,Arrow Productions,,,1991.0,vice,both
2019,Film | Editing in 2019,Bohemian Rhapsody,John Ottman,False,Editing,bohemianrhapsody,424694.0,Bohemian Rhapsody,7.997,15965.0,Released,2018-10-24,903992901.0,135.0,False,52000000.0,tt1727824,en,Bohemian Rhapsody,37.55,"Music, Drama, History","GK Films, Regency Enterprises, Queen Films, Tribeca Productions, New Regency Pictures, 20th Century Fox","United Kingdom, United States of America",English,2018.0,bohemianrhapsody,both
2019,Film | Editing in 2019,The Favourite,Yorgos Mavropsaridis,False,Editing,thefavourite,375262.0,The Favourite,7.537,4855.0,Released,2018-11-23,95918706.0,119.0,False,15000000.0,tt5083738,en,The Favourite,18.954,"Drama, Comedy, Thriller","Waypoint Entertainment, Element Pictures, Scarlet Films, Film4 Productions","Ireland, United Kingdom, United States of America",English,2018.0,thefavourite,both
2019,Film | Editing in 2019,First Man,Tom Cross,False,Editing,firstman,369972.0,First Man,7.045,4896.0,Released,2018-10-10,105713218.0,141.0,False,70000000.0,tt1213641,en,First Man,25.21,"History, Drama","DreamWorks Pictures, Temple Hill Entertainment, Universal Pictures, Amblin Entertainment, Phantasma Films, Perfect World Pictures",United States of America,English,2018.0,firstman,both
2019,Film | Editing in 2019,Roma,"Alfonso Cuaron, Adam Gough",False,Editing,roma,426426.0,Roma,7.666,3697.0,Released,2018-08-25,1140769.0,135.0,False,15000000.0,tt6155172,es,Roma,10.591,Drama,"Participant, Esperanto Filmoj","United Kingdom, United States of America","English, Spanish",2018.0,roma,both
2019,Film | Editing in 2019,Roma,"Alfonso Cuaron, Adam Gough",False,Editing,roma,1322196.0,RoMa,0.0,0.0,Released,2024-07-15,0.0,0.0,False,0.0,,pt,RoMa,1.4,Drama,,Brazil,Portuguese,2024.0,roma,both
2019,Film | Fellowship in 2019,Thelma Schoonmaker,,True,Fellowship,thelmaschoonmaker,,,,,,,,,,,,,,,,,,,,,left_only
2019,Film | Film Not in the English Language in 2019,Roma,"Alfonso Cuaron, Gabriela Rodriguez",True,Film Not in the English Language,roma,426426.0,Roma,7.666,3697.0,Released,2018-08-25,1140769.0,135.0,False,15000000.0,tt6155172,es,Roma,10.591,Drama,"Participant, Esperanto Filmoj","United Kingdom, United States of America","English, Spanish",2018.0,roma,both
2019,Film | Film Not in the English Language in 2019,Roma,"Alfonso Cuaron, Gabriela Rodriguez",True,Film Not in the English Language,roma,1322196.0,RoMa,0.0,0.0,Released,2024-07-15,0.0,0.0,False,0.0,,pt,RoMa,1.4,Drama,,Brazil,Portuguese,2024.0,roma,both
2019,Film | Film Not in the English Language in 2019,Capernaum,"Nadine Labaki, Khaled Mouzanar",False,Film Not in the English Language,capernaum,517814.0,Capernaum,8.178,1530.0,Released,2018-09-20,64978931.0,126.0,False,4000000.0,tt8267604,ar,کفرناحوم,17.635,Drama,"Boo Pictures, Mooz Films, Cedrus Invest Bank, Clandestino Filmes, DFI, KNM Films, Les Films des Tournelles, Louverture Films, Open City Films, Sunnyland Film, The Bridge Production","Cyprus, France, Lebanon, Qatar, United Kingdom","Amharic, Arabic",2018.0,capernaum,both
2019,Film | Film Not in the English Language in 2019,Cold War,"Pawel Pawlikowski, Tanya Seghatchian, Ewa Puszczynska",False,Film Not in the English Language,coldwar,440298.0,Cold War,7.477,1370.0,Released,2018-06-08,18754051.0,88.0,False,4954500.0,tt6543652,pl,Zimna wojna,10.183,"Drama, Romance, War, Music","Protagonist Pictures, Opus Film, MK2 Films, Film4 Productions, ARTE, BFI, CNC","France, Poland, United Kingdom","German, Croatian, French, Italian, Polish, Russian",2018.0,coldwar,both
2019,Film | Film Not in the English Language in 2019,Dogman,Matteo Garrone,False,Film Not in the English Language,dogman,483184.0,Dogman,7.567,2045.0,Released,2018-05-17,5080147.0,103.0,False,0.0,tt6768578,it,Dogman,8.707,"Crime, Drama, Thriller","Archimede, Le Pacte, RAI",Italy,Italian,2018.0,dogman,both
2019,Film | Film Not in the English Language in 2019,Dogman,Matteo Garrone,False,Film Not in the English Language,dogman,944401.0,DogMan,7.353,17.0,Released,2023-09-27,0.0,114.0,False,22700000.0,tt17009348,fr,DogMan,18.199,"Action, Drama, Crime","LBP, EuropaCorp, TF1 Films Production, Kinology",France,"English, French",2023.0,dogman,both
2019,Film | Film Not in the English Language in 2019,Dogman,Matteo Garrone,False,Film Not in the English Language,dogman,1129705.0,Dog Man,2.0,1.0,Released,2023-05-20,0.0,6.0,False,0.0,tt27729769,en,Dog Man,0.6,Drama,,,English,2023.0,dogman,both
2019,Film | Film Not in the English Language in 2019,Shoplifters,"Hirokazu Kore-eda, Kaoru Matsuzaki",False,Film Not in the English Language,shoplifters,505192.0,Shoplifters,7.868,1836.0,Released,2018-06-02,0.0,120.0,False,0.0,tt8075192,ja,万引き家族,22.183,"Drama, Crime, Thriller","Fuji Television Network, AOI Pro., BUN-BUKU, GAGA Corporation",Japan,Japanese,2018.0,shoplifters,both
2019,Film | Leading Actor in 2019,Rami Malek,Bohemian Rhapsody,True,Leading Actor,ramimalek,,,,,,,,,,,,,,,,,,,,,left_only
2019,Film | Leading Actor in 2019,Bradley Cooper,A Star Is Born,False,Leading Actor,bradleycooper,,,,,,,,,,,,,,,,,,,,,left_only
2019,Film | Leading Actor in 2019,Christian Bale,Vice,False,Leading Actor,christianbale,,,,,,,,,,,,,,,,,,,,,left_only
2019,Film | Leading Actor in 2019,Steve Coogan,Stan & Ollie,False,Leading Actor,stevecoogan,,,,,,,,,,,,,,,,,,,,,left_only
2019,Film | Leading Actor in 2019,Viggo Mortensen,Green Book,False,Leading Actor,viggomortensen,,,,,,,,,,,,,,,,,,,,,left_only
2019,Film | Leading Actress in 2019,Olivia Colman,The Favourite,True,Leading Actress,oliviacolman,,,,,,,,,,,,,,,,,,,,,left_only
2019,Film | Leading Actress in 2019,Glenn Close,The Wife,False,Leading Actress,glennclose,,,,,,,,,,,,,,,,,,,,,left_only
2019,Film | Leading Actress in 2019,Lady Gaga,A Star Is Born,False,Leading Actress,ladygaga,,,,,,,,,,,,,,,,,,,,,left_only
2019,Film | Leading Actress in 2019,Melissa McCarthy,Can You Ever Forgive Me?,False,Leading Actress,melissamccarthy,,,,,,,,,,,,,,,,,,,,,left_only
2019,Film | Leading Actress in 2019,Viola Davis,Widows,False,Leading Actress,violadavis,,,,,,,,,,,,,,,,,,,,,left_only
2019,Film | Make Up and Hair in 2019,The Favourite,Nadia Stacey,True,Make Up and Hair,thefavourite,375262.0,The Favourite,7.537,4855.0,Released,2018-11-23,95918706.0,119.0,False,15000000.0,tt5083738,en,The Favourite,18.954,"Drama, Comedy, Thriller","Waypoint Entertainment, Element Pictures, Scarlet Films, Film4 Productions","Ireland, United Kingdom, United States of America",English,2018.0,thefavourite,both
2019,Film | Make Up and Hair in 2019,Bohemian Rhapsody,"Mark Coulier, Jan Sewell",False,Make Up and Hair,bohemianrhapsody,424694.0,Bohemian Rhapsody,7.997,15965.0,Released,2018-10-24,903992901.0,135.0,False,52000000.0,tt1727824,en,Bohemian Rhapsody,37.55,"Music, Drama, History","GK Films, Regency Enterprises, Queen Films, Tribeca Productions, New Regency Pictures, 20th Century Fox","United Kingdom, United States of America",English,2018.0,bohemianrhapsody,both
2019,Film | Make Up and Hair in 2019,Mary Queen of Scots,Jenny Shircore,False,Make Up and Hair,maryqueenofscots,457136.0,Mary Queen of Scots,6.6,1675.0,Released,2018-12-07,37807625.0,124.0,False,25000000.0,tt2328900,en,Mary Queen of Scots,13.526,"Drama, History","Focus Features, Working Title Films, Perfect World Pictures, 3dot Productions","United Kingdom, United States of America","English, French, Gaelic, Latin",2018.0,maryqueenofscots,both
2019,Film | Make Up and Hair in 2019,Stan & Ollie,"Mark Coulier, Jeremy Woodhead, Josh Weston",False,Make Up and Hair,stanollie,394741.0,Stan & Ollie,6.974,960.0,Released,2018-12-28,24420923.0,98.0,False,10000000.0,tt3385524,en,Stan & Ollie,10.078,"Comedy, Drama","Fable Pictures, Entertainment One, Baby Cow Productions, Sonesta Films, BBC Film, Laurel and Hardy Feature Productions, Sony Pictures Classics, Entertainment One Features","Canada, United Kingdom, United States of America",English,2018.0,stanollie,both
2019,Film | Make Up and Hair in 2019,Vice,"Kate Biscoe, Greg Cannom, Patricia DeHaney, Chris Gallaher",False,Make Up and Hair,vice,429197.0,Vice,7.051,3086.0,Released,2018-12-25,76073488.0,132.0,False,60000000.0,tt6266538,en,Vice,10.687,"Comedy, Drama","Plan B Entertainment, Gary Sanchez Productions, Annapurna Pictures",United States of America,English,2018.0,vice,both
2019,Film | Make Up and Hair in 2019,Vice,"Kate Biscoe, Greg Cannom, Patricia DeHaney, Chris Gallaher",False,Make Up and Hair,vice,1250973.0,V.I.C.E.,0.0,0.0,Released,1991-02-27,0.0,81.0,True,0.0,,en,V.I.C.E.,0.0,,Arrow Productions,,,1991.0,vice,both
2019,Film | Original Music in 2019,A Star Is Born,"Bradley Cooper, Lady Gaga, Lukas Nelson",True,Original Music,astarisborn,332562.0,A Star Is Born,7.503,11079.0,Released,2018-10-03,433888866.0,136.0,False,36000000.0,tt1517451,en,A Star Is Born,27.891,"Music, Drama, Romance","Thunder Road, 22 & Green, Gerber Pictures, Joint Effort, Malpaso Productions, Warner Bros. Pictures, Live Nation Productions",United States of America,English,2018.0,astarisborn,both
2019,Film | Original Music in 2019,BlacKkKlansman,Terence Blanchard,False,Original Music,blackkklansman,487558.0,BlacKkKlansman,7.521,7037.0,Released,2018-08-09,93411426.0,136.0,False,15000000.0,tt7349662,en,BlacKkKlansman,16.735,"Comedy, Crime, Drama","Legendary Pictures, Perfect World Pictures, Monkeypaw Productions, Blumhouse Productions, QC Entertainment, 40 Acres and a Mule Filmworks",United States of America,English,2018.0,blackkklansman,both
2019,Film | Original Music in 2019,If Beale Street Could Talk,Nicholas Britell,False,Original Music,ifbealestreetcouldtalk,465914.0,If Beale Street Could Talk,6.961,1058.0,Released,2018-12-14,20572691.0,120.0,False,12000000.0,tt7125860,en,If Beale Street Could Talk,10.354,"Romance, Drama","Annapurna Pictures, Plan B Entertainment, PASTEL, Stage 6 Films",United States of America,English,2018.0,ifbealestreetcouldtalk,both
2019,Film | Original Music in 2019,Isle of Dogs,Alexandre Desplat,False,Original Music,isleofdogs,399174.0,Isle of Dogs,7.857,4427.0,Released,2018-03-23,64337744.0,101.0,False,62770198.0,tt5104604,en,Isle of Dogs,18.059,"Adventure, Comedy, Animation","Studio Babelsberg, American Empirical Pictures, Indian Paintbrush, Scott Rudin Productions","Germany, United States of America","English, Japanese",2018.0,isleofdogs,both
2019,Film | Original Music in 2019,Mary Poppins Returns,Marc Shaiman,False,Original Music,marypoppinsreturns,400650.0,Mary Poppins Returns,6.5,3101.0,Released,2018-12-13,348807090.0,131.0,False,130000000.0,tt5028340,en,Mary Poppins Returns,17.19,"Fantasy, Family, Comedy","Walt Disney Pictures, Marc Platt Productions, Lucamar Productions",United States of America,English,2018.0,marypoppinsreturns,both
2019,Film | Original Screenplay in 2019,The Favourite,"Deborah Davis, Tony McNamara",True,Original Screenplay,thefavourite,375262.0,The Favourite,7.537,4855.0,Released,2018-11-23,95918706.0,119.0,False,15000000.0,tt5083738,en,The Favourite,18.954,"Drama, Comedy, Thriller","Waypoint Entertainment, Element Pictures, Scarlet Films, Film4 Productions","Ireland, United Kingdom, United States of America",English,2018.0,thefavourite,both
2019,Film | Original Screenplay in 2019,Cold War,"Janusz Glowacki, Pawel Pawlikowski",False,Original Screenplay,coldwar,440298.0,Cold War,7.477,1370.0,Released,2018-06-08,18754051.0,88.0,False,4954500.0,tt6543652,pl,Zimna wojna,10.183,"Drama, Romance, War, Music","Protagonist Pictures, Opus Film, MK2 Films, Film4 Productions, ARTE, BFI, CNC","France, Poland, United Kingdom","German, Croatian, French, Italian, Polish, Russian",2018.0,coldwar,both
2019,Film | Original Screenplay in 2019,Green Book,"Brian Currie, Peter Farrelly, Nick Vallelonga",False,Original Screenplay,greenbook,490132.0,Green Book,8.242,10542.0,Released,2018-11-16,319700000.0,130.0,False,23000000.0,tt6966692,en,Green Book,34.768,"Drama, Comedy","Participant, DreamWorks Pictures, Cinetic Media",United States of America,"English, Italian, Russian",2018.0,greenbook,both
2019,Film | Original Screenplay in 2019,Roma,Alfonso Cuaron,False,Original Screenplay,roma,426426.0,Roma,7.666,3697.0,Released,2018-08-25,1140769.0,135.0,False,15000000.0,tt6155172,es,Roma,10.591,Drama,"Participant, Esperanto Filmoj","United Kingdom, United States of America","English, Spanish",2018.0,roma,both
2019,Film | Original Screenplay in 2019,Roma,Alfonso Cuaron,False,Original Screenplay,roma,1322196.0,RoMa,0.0,0.0,Released,2024-07-15,0.0,0.0,False,0.0,,pt,RoMa,1.4,Drama,,Brazil,Portuguese,2024.0,roma,both
2019,Film | Original Screenplay in 2019,Vice,Adam McKay,False,Original Screenplay,vice,429197.0,Vice,7.051,3086.0,Released,2018-12-25,76073488.0,132.0,False,60000000.0,tt6266538,en,Vice,10.687,"Comedy, Drama","Plan B Entertainment, Gary Sanchez Productions, Annapurna Pictures",United States of America,English,2018.0,vice,both
2019,Film | Original Screenplay in 2019,Vice,Adam McKay,False,Original Screenplay,vice,1250973.0,V.I.C.E.,0.0,0.0,Released,1991-02-27,0.0,81.0,True,0.0,,en,V.I.C.E.,0.0,,Arrow Productions,,,1991.0,vice,both
2019,Film | Outstanding British Contribution to Cinema in 2019,Elizabeth Karlsen and Stephen Woolley,,True,Outstanding British Contribution to Cinema,elizabethkarlsenandstephenwoolley,,,,,,,,,,,,,,,,,,,,,left_only
2019,Film | Outstanding British Film in 2019,The Favourite,"Yorgos Lanthimos, Ceci Dempsey, Ed Guiney, Lee Magiday, Deborah Davis, Tony McNamara",True,Outstanding British Film,thefavourite,375262.0,The Favourite,7.537,4855.0,Released,2018-11-23,95918706.0,119.0,False,15000000.0,tt5083738,en,The Favourite,18.954,"Drama, Comedy, Thriller","Waypoint Entertainment, Element Pictures, Scarlet Films, Film4 Productions","Ireland, United Kingdom, United States of America",English,2018.0,thefavourite,both
2019,Film | Outstanding British Film in 2019,Beast,"Michael Pearce, Kristian Brodie, Lauren Dark, Ivana MacKinnon",False,Outstanding British Film,beast,760741.0,Beast,6.728,1264.0,Released,2022-08-11,56000000.0,93.0,False,0.0,tt13223398,en,Beast,56.868,"Thriller, Action, Horror, Adventure","RVK Studios, Will Packer Productions, Universal Pictures","Iceland, South Africa, United States of America",English,2022.0,beast,both
2019,Film | Outstanding British Film in 2019,Beast,"Michael Pearce, Kristian Brodie, Lauren Dark, Ivana MacKinnon",False,Outstanding British Film,beast,455559.0,Beast!,10.0,2.0,Released,2013-01-01,0.0,84.0,False,0.0,tt5932370,de,Bestie!,0.661,"Drama, Mystery",Quiet Village Filmkunst,Germany,,2013.0,beast,both
2019,Film | Outstanding British Film in 2019,Beast,"Michael Pearce, Kristian Brodie, Lauren Dark, Ivana MacKinnon",False,Outstanding British Film,beast,1089163.0,beast,0.0,0.0,Released,2022-09-23,0.0,6.0,False,0.0,tt26217002,zh,怪物,0.6,Documentary,,Netherlands,,2022.0,beast,both
2019,Film | Outstanding British Film in 2019,Bohemian Rhapsody,"Graham King, Anthony McCarten",False,Outstanding British Film,bohemianrhapsody,424694.0,Bohemian Rhapsody,7.997,15965.0,Released,2018-10-24,903992901.0,135.0,False,52000000.0,tt1727824,en,Bohemian Rhapsody,37.55,"Music, Drama, History","GK Films, Regency Enterprises, Queen Films, Tribeca Productions, New Regency Pictures, 20th Century Fox","United Kingdom, United States of America",English,2018.0,bohemianrhapsody,both
2019,Film | Outstanding British Film in 2019,McQueen,"Ian Bonhote, Peter Ettedgui, Andee Ryder, Nick Taussig",False,Outstanding British Film,mcqueen,508003.0,McQueen,7.526,116.0,Released,2018-06-08,1243177.0,111.0,False,0.0,tt6510332,en,McQueen,7.606,Documentary,"Salon Pictures, Misfits Entertainment, Creativity Capital, Moving Pictures Media",United Kingdom,"English, French",2018.0,mcqueen,both
2019,Film | Outstanding British Film in 2019,Stan & Ollie,"Jon S. Baird, Faye Ward, Jeff Pope",False,Outstanding British Film,stanollie,394741.0,Stan & Ollie,6.974,960.0,Released,2018-12-28,24420923.0,98.0,False,10000000.0,tt3385524,en,Stan & Ollie,10.078,"Comedy, Drama","Fable Pictures, Entertainment One, Baby Cow Productions, Sonesta Films, BBC Film, Laurel and Hardy Feature Productions, Sony Pictures Classics, Entertainment One Features","Canada, United Kingdom, United States of America",English,2018.0,stanollie,both
2019,Film | Outstanding British Film in 2019,You Were Never Really Here,"Lynne Ramsay, Rosa Attab, Pascal Caucheteux, James Wilson",False,Outstanding British Film,youwereneverreallyhere,398181.0,You Were Never Really Here,6.547,2559.0,Released,2017-11-08,10891281.0,89.0,False,0.0,tt5742374,en,You Were Never Really Here,16.299,"Crime, Drama, Thriller","Why Not Productions, Page 114, Film4 Productions, BFI, Amazon Studios","United Kingdom, United States of America, France",English,2017.0,youwereneverreallyhere,both
2019,"Film | Outstanding Debut by a British Writer, Director or Producer in 2019",Beast,"Michael Pearce (Writer/Director), Lauren Dark (Producer)",True,"Outstanding Debut by a British Writer, Director or Producer",beast,760741.0,Beast,6.728,1264.0,Released,2022-08-11,56000000.0,93.0,False,0.0,tt13223398,en,Beast,56.868,"Thriller, Action, Horror, Adventure","RVK Studios, Will Packer Productions, Universal Pictures","Iceland, South Africa, United States of America",English,2022.0,beast,both
2019,"Film | Outstanding Debut by a British Writer, Director or Producer in 2019",Beast,"Michael Pearce (Writer/Director), Lauren Dark (Producer)",True,"Outstanding Debut by a British Writer, Director or Producer",beast,455559.0,Beast!,10.0,2.0,Released,2013-01-01,0.0,84.0,False,0.0,tt5932370,de,Bestie!,0.661,"Drama, Mystery",Quiet Village Filmkunst,Germany,,2013.0,beast,both
2019,"Film | Outstanding Debut by a British Writer, Director or Producer in 2019",Beast,"Michael Pearce (Writer/Director), Lauren Dark (Producer)",True,"Outstanding Debut by a British Writer, Director or Producer",beast,1089163.0,beast,0.0,0.0,Released,2022-09-23,0.0,6.0,False,0.0,tt26217002,zh,怪物,0.6,Documentary,,Netherlands,,2022.0,beast,both
2019,"Film | Outstanding Debut by a British Writer, Director or Producer in 2019",Apostasy,Daniel Kokotajlo (Writer/Director),False,"Outstanding Debut by a British Writer, Director or Producer",apostasy,473309.0,Apostasy,6.648,54.0,Released,2017-09-29,434336.0,94.0,False,500000.0,tt4729896,en,Apostasy,11.342,Drama,"Oldgarth Media, BBC Film, BFI",United Kingdom,"English, Urdu",2017.0,apostasy,both
2019,"Film | Outstanding Debut by a British Writer, Director or Producer in 2019",A Cambodian Spring,Chris Kelly (Writer/Director/Producer),False,"Outstanding Debut by a British Writer, Director or Producer",acambodianspring,462332.0,A Cambodian Spring,5.7,9.0,Released,2018-05-04,0.0,127.0,False,0.0,tt5704606,en,A Cambodian Spring,0.618,Documentary,,"Cambodia, United Kingdom",Khmer,2018.0,acambodianspring,both
2019,"Film | Outstanding Debut by a British Writer, Director or Producer in 2019",Pili,"Leanne Welham (Writer/Director), Sophie Harman (Producer)",False,"Outstanding Debut by a British Writer, Director or Producer",pili,543675.0,Pili,7.3,3.0,Released,2018-10-12,0.0,83.0,False,0.0,tt5827020,sw,Pili,0.6,Drama,Queen Mary - University of London,"Tanzania, United Kingdom",Swahili,2018.0,pili,both
2019,"Film | Outstanding Debut by a British Writer, Director or Producer in 2019",Ray & Liz,"Richard Billingham (Writer/Director), Jacqui Davies (Producer)",False,"Outstanding Debut by a British Writer, Director or Producer",rayliz,500438.0,Ray & Liz,6.729,48.0,Released,2018-10-06,0.0,107.0,False,601191.0,tt6601502,en,Ray & Liz,4.243,Drama,"BFI, Primitive Film, Ffilm Cymru Wales, Severn Screen, Rapid Eye Movies",United Kingdom,English,2018.0,rayliz,both
2019,Film | Production Design in 2019,The Favourite,"Fiona Crombie, Alice Felton",True,Production Design,thefavourite,375262.0,The Favourite,7.537,4855.0,Released,2018-11-23,95918706.0,119.0,False,15000000.0,tt5083738,en,The Favourite,18.954,"Drama, Comedy, Thriller","Waypoint Entertainment, Element Pictures, Scarlet Films, Film4 Productions","Ireland, United Kingdom, United States of America",English,2018.0,thefavourite,both
2019,Film | Production Design in 2019,Fantastic Beasts: The Crimes of Grindelwald,"Stuart Craig, Anna Pinnock",False,Production Design,fantasticbeaststhecrimesofgrindelwald,338952.0,Fantastic Beasts: The Crimes of Grindelwald,6.876,10203.0,Released,2018-11-14,654855901.0,134.0,False,200000000.0,tt4123430,en,Fantastic Beasts: The Crimes of Grindelwald,29.783,"Fantasy, Adventure, Family","Warner Bros. Pictures, Heyday Films","United Kingdom, United States of America","English, French",2018.0,fantasticbeaststhecrimesofgrindelwald,both
2019,Film | Production Design in 2019,First Man,"Nathan Crowley, Kathy Lucas",False,Production Design,firstman,369972.0,First Man,7.045,4896.0,Released,2018-10-10,105713218.0,141.0,False,70000000.0,tt1213641,en,First Man,25.21,"History, Drama","DreamWorks Pictures, Temple Hill Entertainment, Universal Pictures, Amblin Entertainment, Phantasma Films, Perfect World Pictures",United States of America,English,2018.0,firstman,both
2019,Film | Production Design in 2019,Mary Poppins Returns,"John Myhre, Gordon Sim",False,Production Design,marypoppinsreturns,400650.0,Mary Poppins Returns,6.5,3101.0,Released,2018-12-13,348807090.0,131.0,False,130000000.0,tt5028340,en,Mary Poppins Returns,17.19,"Fantasy, Family, Comedy","Walt Disney Pictures, Marc Platt Productions, Lucamar Productions",United States of America,English,2018.0,marypoppinsreturns,both
2019,Film | Production Design in 2019,Roma,"Eugenio Caballero, Barbara Enriquez",False,Production Design,roma,426426.0,Roma,7.666,3697.0,Released,2018-08-25,1140769.0,135.0,False,15000000.0,tt6155172,es,Roma,10.591,Drama,"Participant, Esperanto Filmoj","United Kingdom, United States of America","English, Spanish",2018.0,roma,both
2019,Film | Production Design in 2019,Roma,"Eugenio Caballero, Barbara Enriquez",False,Production Design,roma,1322196.0,RoMa,0.0,0.0,Released,2024-07-15,0.0,0.0,False,0.0,,pt,RoMa,1.4,Drama,,Brazil,Portuguese,2024.0,roma,both
2019,Film | Sound in 2019,Bohemian Rhapsody,"John Casali, Tim Cavagin, Nina Hartstone, Paul Massey, John Warhurst",True,Sound,bohemianrhapsody,424694.0,Bohemian Rhapsody,7.997,15965.0,Released,2018-10-24,903992901.0,135.0,False,52000000.0,tt1727824,en,Bohemian Rhapsody,37.55,"Music, Drama, History","GK Films, Regency Enterprises, Queen Films, Tribeca Productions, New Regency Pictures, 20th Century Fox","United Kingdom, United States of America",English,2018.0,bohemianrhapsody,both
2019,Film | Sound in 2019,First Man,"Mary H. Ellis, Mildred Iatrou Morgan, Ai-Ling Lee, Frank A. Montano, Jon Taylor",False,Sound,firstman,369972.0,First Man,7.045,4896.0,Released,2018-10-10,105713218.0,141.0,False,70000000.0,tt1213641,en,First Man,25.21,"History, Drama","DreamWorks Pictures, Temple Hill Entertainment, Universal Pictures, Amblin Entertainment, Phantasma Films, Perfect World Pictures",United States of America,English,2018.0,firstman,both
2019,Film | Sound in 2019,Mission: Impossible - Fallout,"Gilbert Lake, James H. Mather, Chris Munro, Mike Prestwood Smith",False,Sound,missionimpossiblefallout,353081.0,Mission: Impossible - Fallout,7.414,7537.0,Released,2018-07-13,791657398.0,147.0,False,178000000.0,tt4912910,en,Mission: Impossible - Fallout,61.258,"Action, Adventure","Paramount, Bad Robot, Skydance, TC Productions",United States of America,"English, French",2018.0,missionimpossiblefallout,both
2019,Film | Sound in 2019,A Quiet Place,"Erik Aadahl, Michael Barosky, Brandon Proctor, Ethan Van der Ryn",False,Sound,aquietplace,447332.0,A Quiet Place,7.396,13079.0,Released,2018-04-03,341000000.0,91.0,False,17000000.0,tt6644200,en,A Quiet Place,38.002,"Horror, Drama, Science Fiction","Paramount, Platinum Dunes",United States of America,English,2018.0,aquietplace,both
2019,Film | Sound in 2019,A Star Is Born,"Steve Morrow, Alan Robert Murray, Jason Ruder, Tom Ozanich, Dean Zupancic",False,Sound,astarisborn,332562.0,A Star Is Born,7.503,11079.0,Released,2018-10-03,433888866.0,136.0,False,36000000.0,tt1517451,en,A Star Is Born,27.891,"Music, Drama, Romance","Thunder Road, 22 & Green, Gerber Pictures, Joint Effort, Malpaso Productions, Warner Bros. Pictures, Live Nation Productions",United States of America,English,2018.0,astarisborn,both
2019,Film | Special Visual Effects in 2019,Black Panther,"Geoffrey Baumann, Jesse James Chisholm, Craig Hammack, Dan Sudick",True,Special Visual Effects,blackpanther,284054.0,Black Panther,7.39,21053.0,Released,2018-02-13,1349926083.0,135.0,False,200000000.0,tt1825683,en,Black Panther,43.665,"Action, Adventure, Science Fiction",Marvel Studios,United States of America,"English, Korean, Swahili, Xhosa",2018.0,blackpanther,both
2019,Film | Special Visual Effects in 2019,Avengers: Infinity War,"Dan DeLeeuw, Russell Earl, Kelly Port, Dan Sudick",False,Special Visual Effects,avengersinfinitywar,299536.0,Avengers: Infinity War,8.255,27713.0,Released,2018-04-25,2052415039.0,149.0,False,300000000.0,tt4154756,en,Avengers: Infinity War,154.34,"Adventure, Action, Science Fiction",Marvel Studios,United States of America,"English, Xhosa",2018.0,avengersinfinitywar,both
2019,Film | Special Visual Effects in 2019,Fantastic Beasts: The Crimes of Grindelwald,"Tim Burke, Andy Kind, Christian Manz, David Watkins",False,Special Visual Effects,fantasticbeaststhecrimesofgrindelwald,338952.0,Fantastic Beasts: The Crimes of Grindelwald,6.876,10203.0,Released,2018-11-14,654855901.0,134.0,False,200000000.0,tt4123430,en,Fantastic Beasts: The Crimes of Grindelwald,29.783,"Fantasy, Adventure, Family","Warner Bros. Pictures, Heyday Films","United Kingdom, United States of America","English, French",2018.0,fantasticbeaststhecrimesofgrindelwald,both
2019,Film | Special Visual Effects in 2019,First Man,"Ian Hunter, Paul Lambert, Tristan Myles, J.D. Schwalm",False,Special Visual Effects,firstman,369972.0,First Man,7.045,4896.0,Released,2018-10-10,105713218.0,141.0,False,70000000.0,tt1213641,en,First Man,25.21,"History, Drama","DreamWorks Pictures, Temple Hill Entertainment, Universal Pictures, Amblin Entertainment, Phantasma Films, Perfect World Pictures",United States of America,English,2018.0,firstman,both
2019,Film | Special Visual Effects in 2019,Ready Player One,"Matthew E. Butler, Grady Cofer, Roger Guyett, David Shirk",False,Special Visual Effects,readyplayerone,333339.0,Ready Player One,7.6,14430.0,Released,2018-03-28,607274134.0,140.0,False,175000000.0,tt1677720,en,Ready Player One,50.088,"Adventure, Action, Science Fiction","Amblin Entertainment, De Line Pictures, Warner Bros. Pictures, Farah Films & Management, Village Roadshow Pictures, Access Entertainment",United States of America,English,2018.0,readyplayerone,both
2019,Film | Supporting Actor in 2019,Mahershala Ali,Green Book,True,Supporting Actor,mahershalaali,,,,,,,,,,,,,,,,,,,,,left_only
2019,Film | Supporting Actor in 2019,Adam Driver,BlacKkKlansman,False,Supporting Actor,adamdriver,,,,,,,,,,,,,,,,,,,,,left_only
2019,Film | Supporting Actor in 2019,Richard E. Grant,Can You Ever Forgive Me?,False,Supporting Actor,richardegrant,,,,,,,,,,,,,,,,,,,,,left_only
2019,Film | Supporting Actor in 2019,Sam Rockwell,Vice,False,Supporting Actor,samrockwell,,,,,,,,,,,,,,,,,,,,,left_only
2019,Film | Supporting Actor in 2019,Timothee Chalamet,Beautiful Boy,False,Supporting Actor,timotheechalamet,,,,,,,,,,,,,,,,,,,,,left_only
2019,Film | Supporting Actress in 2019,Rachel Weisz,The Favourite,True,Supporting Actress,rachelweisz,,,,,,,,,,,,,,,,,,,,,left_only
2019,Film | Supporting Actress in 2019,Amy Adams,Vice,False,Supporting Actress,amyadams,,,,,,,,,,,,,,,,,,,,,left_only
2019,Film | Supporting Actress in 2019,Claire Foy,First Man,False,Supporting Actress,clairefoy,,,,,,,,,,,,,,,,,,,,,left_only
2019,Film | Supporting Actress in 2019,Emma Stone,The Favourite,False,Supporting Actress,emmastone,,,,,,,,,,,,,,,,,,,,,left_only
2019,Film | Supporting Actress in 2019,Margot Robbie,Mary Queen of Scots,False,Supporting Actress,margotrobbie,,,,,,,,,,,,,,,,,,,,,left_only
2020,Film | Adapted Screenplay in 2020,Jojo Rabbit,Taika Waititi,True,Adapted Screenplay,jojorabbit,515001.0,Jojo Rabbit,8.042,8724.0,Released,2019-10-18,82468705.0,108.0,False,14000000.0,tt2584384,en,Jojo Rabbit,22.567,"Comedy, War, Drama","Fox Searchlight Pictures, Defender Films, Piki Films, TSG Entertainment, Czech Anglo Productions","Czech Republic, New Zealand, United States of America","English, German",2019.0,jojorabbit,both
2020,Film | Adapted Screenplay in 2020,The Irishman,Steven Zaillian,False,Adapted Screenplay,theirishman,398978.0,The Irishman,7.615,6203.0,Released,2019-11-01,968853.0,209.0,False,159000000.0,tt1302006,en,The Irishman,23.095,"Crime, Drama, History","Tribeca Productions, Sikelia Productions, Winkler Films",United States of America,"English, Italian, Latin, Spanish",2019.0,theirishman,both
2020,Film | Adapted Screenplay in 2020,Joker,"Todd Phillips, Scott Silver",False,Adapted Screenplay,joker,475557.0,Joker,8.168,23425.0,Released,2019-10-01,1074458282.0,122.0,False,55000000.0,tt7286456,en,Joker,54.522,"Crime, Thriller, Drama","Warner Bros. Pictures, Joint Effort, Village Roadshow Pictures, Bron Studios, DC Films","Canada, United States of America",English,2019.0,joker,both
2020,Film | Adapted Screenplay in 2020,Little Women,Greta Gerwig,False,Adapted Screenplay,littlewomen,331482.0,Little Women,7.895,5700.0,Released,2019-12-25,216601214.0,135.0,False,40000000.0,tt3281548,en,Little Women,25.76,"Drama, Romance","Columbia Pictures, Pascal Pictures, Regency Enterprises, Sony Pictures",United States of America,"French, English",2019.0,littlewomen,both
2020,Film | Adapted Screenplay in 2020,The Two Popes,Anthony McCarten,False,Adapted Screenplay,thetwopopes,551332.0,The Two Popes,7.51,2658.0,Released,2019-11-27,232638.0,125.0,False,0.0,tt8404614,en,The Two Popes,10.329,"Drama, Comedy, History",Rideback,United States of America,"English, French, German, Italian, Latin, Portuguese, Spanish",2019.0,thetwopopes,both
2020,Film | Animated Film in 2020,Klaus,"Sergio Pablos, Jinko Gotoh",True,Animated Film,klaus,508965.0,Klaus,8.25,3542.0,Released,2019-11-08,0.0,96.0,False,0.0,tt4729430,en,Klaus,16.058,"Animation, Family, Adventure, Comedy, Fantasy","Atresmedia, The SPA Studios",Spain,"English, Northern Sami",2019.0,klaus,both
2020,Film | Animated Film in 2020,Frozen 2,"Chris Buck, Jennifer Lee, Peter Del Vecho",False,Animated Film,frozen2,,,,,,,,,,,,,,,,,,,,,left_only
2020,Film | Animated Film in 2020,A Shaun The Sheep Movie: Farmageddon,"Will Becher, Richard Phelan, Paul Kewley",False,Animated Film,ashaunthesheepmoviefarmageddon,422803.0,A Shaun the Sheep Movie: Farmageddon,6.9,452.0,Released,2019-09-26,42880428.0,87.0,False,0.0,tt6193408,en,A Shaun the Sheep Movie: Farmageddon,13.529,"Comedy, Animation, Family","StudioCanal, Aardman, Anton Capital Entertainment","France, United Kingdom",English,2019.0,ashaunthesheepmoviefarmageddon,both
2020,Film | Animated Film in 2020,Toy Story 4,"Josh Cooley, Mark Nielsen",False,Animated Film,toystory4,301528.0,Toy Story 4,7.5,9093.0,Released,2019-06-19,1073394593.0,100.0,False,175000000.0,tt1979376,en,Toy Story 4,61.083,"Family, Adventure, Animation, Comedy, Fantasy","Walt Disney Pictures, Pixar",United States of America,English,2019.0,toystory4,both
2020,Film | Best Film in 2020,1917,"Pippa Harris, Callum McDougall, Sam Mendes, Jayne-Ann Tenggren",True,Best Film,1917,530915.0,1917,7.99,11395.0,Released,2019-12-25,394638258.0,119.0,False,100000000.0,tt8579674,en,1917,44.356,"War, History, Thriller","DreamWorks Pictures, Reliance Entertainment, New Republic Pictures, Neal Street Productions, Mogambo Films, Amblin Partners","India, Spain, United Kingdom, United States of America","English, French, German",2019.0,1917,both
2020,Film | Best Film in 2020,The Irishman,"Robert De Niro, Jane Rosenthal, Martin Scorsese, Emma Tillinger Koskoff",False,Best Film,theirishman,398978.0,The Irishman,7.615,6203.0,Released,2019-11-01,968853.0,209.0,False,159000000.0,tt1302006,en,The Irishman,23.095,"Crime, Drama, History","Tribeca Productions, Sikelia Productions, Winkler Films",United States of America,"English, Italian, Latin, Spanish",2019.0,theirishman,both
2020,Film | Best Film in 2020,Joker,"Bradley Cooper, Todd Phillips, Emma Tillinger Koskoff",False,Best Film,joker,475557.0,Joker,8.168,23425.0,Released,2019-10-01,1074458282.0,122.0,False,55000000.0,tt7286456,en,Joker,54.522,"Crime, Thriller, Drama","Warner Bros. Pictures, Joint Effort, Village Roadshow Pictures, Bron Studios, DC Films","Canada, United States of America",English,2019.0,joker,both
2020,Film | Best Film in 2020,Once Upon a Time.. in Hollywood,"David Heyman, Shannon McIntosh, Quentin Tarantino",False,Best Film,onceuponatimeinhollywood,466272.0,Once Upon a Time… in Hollywood,7.437,12237.0,Released,2019-07-24,374251247.0,162.0,False,95000000.0,tt7131622,en,Once Upon a Time… in Hollywood,47.706,"Comedy, Drama, Thriller","Heyday Films, Columbia Pictures, Bona Film Group","China, United Kingdom, United States of America","English, Italian, Spanish",2019.0,onceuponatimeinhollywood,both
2020,Film | Best Film in 2020,Parasite,"Bong Joon Ho, Kwak Sin Ae",False,Best Film,parasite,496243.0,Parasite,8.515,16430.0,Released,2019-05-30,257591776.0,133.0,False,11363000.0,tt6751668,ko,기생충,64.627,"Comedy, Thriller, Drama",Barunson E&A,South Korea,"English, German, Korean",2019.0,parasite,both
2020,Film | Best Film in 2020,Parasite,"Bong Joon Ho, Kwak Sin Ae",False,Best Film,parasite,1164770.0,(para)site,0.0,0.0,Released,2022-09-23,0.0,11.0,False,0.0,,en,(para)site,0.6,,,,English,2022.0,parasite,both
2020,Film | British Short Animation in 2020,Grandad Was A Romantic,Maryam Mohajer,True,British Short Animation,grandadwasaromantic,631938.0,Grandad Was a Romantic,10.0,1.0,Released,2019-10-02,0.0,5.0,False,0.0,tt10209960,en,Grandad Was a Romantic,0.6,"Comedy, Animation",,United Kingdom,English,2019.0,grandadwasaromantic,both
2020,Film | British Short Animation in 2020,In Her Boots,Kathrin Steinbacher,False,British Short Animation,inherboots,661740.0,In Her Boots,0.0,0.0,Released,2019-11-01,0.0,6.0,False,0.0,tt11421376,en,In Her Boots,0.6,Animation,,,,2019.0,inherboots,both
2020,Film | British Short Animation in 2020,The Magic Boat,"Naaman Azhari, Lilia Laurel",False,British Short Animation,themagicboat,661744.0,The Magic Boat,7.0,1.0,Released,2019-09-27,0.0,6.0,False,0.0,tt11565170,en,The Magic Boat,0.6,,,,,2019.0,themagicboat,both
2020,Film | British Short Film in 2020,Learning To Skateboard In A Warzone (If You're A Girl),"Carol Dysinger, Elena Andreicheva",True,British Short Film,learningtoskateboardinawarzoneifyoureagirl,612074.0,Learning to Skateboard in a Warzone (If You're a Girl),7.382,34.0,Released,2020-02-08,0.0,39.0,False,0.0,tt10397932,fa,Learning to Skateboard in a Warzone (If You're a Girl),2.348,Documentary,"A&E IndieFilms, Grain Media, Lifetime","Afghanistan, United Kingdom",Persian,2020.0,learningtoskateboardinawarzoneifyoureagirl,both
2020,Film | British Short Film in 2020,Azaar,"Myriam Raja, Nathanael Baring",False,British Short Film,azaar,661691.0,Azaar,0.0,0.0,Released,2019-09-07,0.0,21.0,False,0.0,tt10175610,en,Azaar,0.6,Drama,,United Kingdom,Urdu,2019.0,azaar,both
2020,Film | British Short Film in 2020,Goldfish,"Hector Dockrill, Harri Kamalanathan, Benedict Turnbull, Laura Dockrill",False,British Short Film,goldfish,282256.0,Goldfish,6.4,5.0,Released,2008-04-01,0.0,9.0,False,0.0,tt1758618,en,Goldfish,1.305,"Comedy, Drama",,"Spain, United Kingdom","Cantonese, English",2008.0,goldfish,both
2020,Film | British Short Film in 2020,Goldfish,"Hector Dockrill, Harri Kamalanathan, Benedict Turnbull, Laura Dockrill",False,British Short Film,goldfish,640911.0,Gold Fish,0.0,0.0,Released,2019-05-08,0.0,17.0,False,0.0,tt10499186,zh,金魚,0.851,Animation,Zero One Film Co.,Taiwan,Mandarin,2019.0,goldfish,both
2020,Film | British Short Film in 2020,Kamali,"Sasha Rainbow, Rosalind Croad",False,British Short Film,kamali,634759.0,Kamali,8.0,1.0,Released,2019-06-20,0.0,24.0,False,0.0,tt8999660,en,Kamali,0.6,Documentary,,,,2019.0,kamali,both
2020,Film | British Short Film in 2020,The Trap,"Lena Headey, Anthony Fitzgerald",False,British Short Film,thetrap,4352.0,The Trap,7.4,68.0,Released,2007-02-12,0.0,106.0,False,0.0,tt0478813,sr,Klopka,3.904,"Crime, Drama, Thriller","Mediopolis Film- und Fernsehproduktion, Film House Bas Celik, Új Budapest Filmstudió","Germany, Hungary, Serbia and Montenegro",Serbian,2007.0,thetrap,both
2020,Film | Casting in 2020,Joker,Shayna Markowitz,True,Casting,joker,475557.0,Joker,8.168,23425.0,Released,2019-10-01,1074458282.0,122.0,False,55000000.0,tt7286456,en,Joker,54.522,"Crime, Thriller, Drama","Warner Bros. Pictures, Joint Effort, Village Roadshow Pictures, Bron Studios, DC Films","Canada, United States of America",English,2019.0,joker,both
2020,Film | Casting in 2020,Marriage Story,"Douglas Aibel, Francine Maisler",False,Casting,marriagestory,492188.0,Marriage Story,7.753,6478.0,Released,2019-09-28,2300000.0,137.0,False,18000000.0,tt7653254,en,Marriage Story,16.594,Drama,Heyday Films,United Kingdom,English,2019.0,marriagestory,both
2020,Film | Casting in 2020,Once Upon a Time.. in Hollywood,Victoria Thomas,False,Casting,onceuponatimeinhollywood,466272.0,Once Upon a Time… in Hollywood,7.437,12237.0,Released,2019-07-24,374251247.0,162.0,False,95000000.0,tt7131622,en,Once Upon a Time… in Hollywood,47.706,"Comedy, Drama, Thriller","Heyday Films, Columbia Pictures, Bona Film Group","China, United Kingdom, United States of America","English, Italian, Spanish",2019.0,onceuponatimeinhollywood,both
2020,Film | Casting in 2020,The Personal History Of David Copperfield,Sarah Crowe,False,Casting,thepersonalhistoryofdavidcopperfield,520900.0,The Personal History of David Copperfield,6.487,416.0,Released,2019-11-07,11620337.0,119.0,False,15600000.0,tt6439020,en,The Personal History of David Copperfield,8.994,Comedy,"FilmNation Entertainment, Film4 Productions, Wishmore","United Kingdom, United States of America",English,2019.0,thepersonalhistoryofdavidcopperfield,both
2020,Film | Casting in 2020,The Two Popes,"Javier Braier, Barbara Giordani, Nina Gold, Francesco Vedovati, Gabriel Villegas",False,Casting,thetwopopes,551332.0,The Two Popes,7.51,2658.0,Released,2019-11-27,232638.0,125.0,False,0.0,tt8404614,en,The Two Popes,10.329,"Drama, Comedy, History",Rideback,United States of America,"English, French, German, Italian, Latin, Portuguese, Spanish",2019.0,thetwopopes,both
2020,Film | Cinematography in 2020,1917,Roger Deakins,True,Cinematography,1917,530915.0,1917,7.99,11395.0,Released,2019-12-25,394638258.0,119.0,False,100000000.0,tt8579674,en,1917,44.356,"War, History, Thriller","DreamWorks Pictures, Reliance Entertainment, New Republic Pictures, Neal Street Productions, Mogambo Films, Amblin Partners","India, Spain, United Kingdom, United States of America","English, French, German",2019.0,1917,both
2020,Film | Cinematography in 2020,The Irishman,Rodrigo Prieto,False,Cinematography,theirishman,398978.0,The Irishman,7.615,6203.0,Released,2019-11-01,968853.0,209.0,False,159000000.0,tt1302006,en,The Irishman,23.095,"Crime, Drama, History","Tribeca Productions, Sikelia Productions, Winkler Films",United States of America,"English, Italian, Latin, Spanish",2019.0,theirishman,both
2020,Film | Cinematography in 2020,Joker,Lawrence Sher,False,Cinematography,joker,475557.0,Joker,8.168,23425.0,Released,2019-10-01,1074458282.0,122.0,False,55000000.0,tt7286456,en,Joker,54.522,"Crime, Thriller, Drama","Warner Bros. Pictures, Joint Effort, Village Roadshow Pictures, Bron Studios, DC Films","Canada, United States of America",English,2019.0,joker,both
2020,Film | Cinematography in 2020,Le Mans '66,Phedon Papamichael,False,Cinematography,lemans66,,,,,,,,,,,,,,,,,,,,,left_only
2020,Film | Cinematography in 2020,The Lighthouse,Jarin Blaschke,False,Cinematography,thelighthouse,503919.0,The Lighthouse,7.512,4352.0,Released,2019-10-18,18129854.0,109.0,False,11000000.0,tt7984734,en,The Lighthouse,21.971,"Drama, Fantasy, Thriller, Horror","A24, RT Features, New Regency Pictures, Parts and Labor, Maiden Voyage Pictures","Brazil, Canada, United States of America",English,2019.0,thelighthouse,both
2020,Film | Cinematography in 2020,The Lighthouse,Jarin Blaschke,False,Cinematography,thelighthouse,1025090.0,THE LIGHTHOUSE,0.0,0.0,Released,2018-01-01,0.0,8.0,False,0.0,,zh,灯塔,0.6,,,,,2018.0,thelighthouse,both
2020,Film | Costume Design in 2020,Little Women,Jacqueline Durran,True,Costume Design,littlewomen,331482.0,Little Women,7.895,5700.0,Released,2019-12-25,216601214.0,135.0,False,40000000.0,tt3281548,en,Little Women,25.76,"Drama, Romance","Columbia Pictures, Pascal Pictures, Regency Enterprises, Sony Pictures",United States of America,"French, English",2019.0,littlewomen,both
2020,Film | Costume Design in 2020,The Irishman,"Christopher Peterson, Sandy Powell",False,Costume Design,theirishman,398978.0,The Irishman,7.615,6203.0,Released,2019-11-01,968853.0,209.0,False,159000000.0,tt1302006,en,The Irishman,23.095,"Crime, Drama, History","Tribeca Productions, Sikelia Productions, Winkler Films",United States of America,"English, Italian, Latin, Spanish",2019.0,theirishman,both
2020,Film | Costume Design in 2020,Jojo Rabbit,Mayes C. Rubeo,False,Costume Design,jojorabbit,515001.0,Jojo Rabbit,8.042,8724.0,Released,2019-10-18,82468705.0,108.0,False,14000000.0,tt2584384,en,Jojo Rabbit,22.567,"Comedy, War, Drama","Fox Searchlight Pictures, Defender Films, Piki Films, TSG Entertainment, Czech Anglo Productions","Czech Republic, New Zealand, United States of America","English, German",2019.0,jojorabbit,both
2020,Film | Costume Design in 2020,Judy,Jany Temime,False,Costume Design,judy,491283.0,Judy,6.7,1095.0,Released,2019-09-27,38981322.0,118.0,False,10000000.0,tt7549996,en,Judy,11.491,"Drama, History, Music","BBC Film, Calamity Films, Pathé, LD Entertainment, Roadside Attractions","France, United Kingdom, United States of America",English,2019.0,judy,both
2020,Film | Costume Design in 2020,Once Upon a Time.. in Hollywood,Arianne Phillips,False,Costume Design,onceuponatimeinhollywood,466272.0,Once Upon a Time… in Hollywood,7.437,12237.0,Released,2019-07-24,374251247.0,162.0,False,95000000.0,tt7131622,en,Once Upon a Time… in Hollywood,47.706,"Comedy, Drama, Thriller","Heyday Films, Columbia Pictures, Bona Film Group","China, United Kingdom, United States of America","English, Italian, Spanish",2019.0,onceuponatimeinhollywood,both
2020,Film | Director in 2020,1917,Sam Mendes,True,Director,1917,530915.0,1917,7.99,11395.0,Released,2019-12-25,394638258.0,119.0,False,100000000.0,tt8579674,en,1917,44.356,"War, History, Thriller","DreamWorks Pictures, Reliance Entertainment, New Republic Pictures, Neal Street Productions, Mogambo Films, Amblin Partners","India, Spain, United Kingdom, United States of America","English, French, German",2019.0,1917,both
2020,Film | Director in 2020,The Irishman,Martin Scorsese,False,Director,theirishman,398978.0,The Irishman,7.615,6203.0,Released,2019-11-01,968853.0,209.0,False,159000000.0,tt1302006,en,The Irishman,23.095,"Crime, Drama, History","Tribeca Productions, Sikelia Productions, Winkler Films",United States of America,"English, Italian, Latin, Spanish",2019.0,theirishman,both
2020,Film | Director in 2020,Joker,Todd Phillips,False,Director,joker,475557.0,Joker,8.168,23425.0,Released,2019-10-01,1074458282.0,122.0,False,55000000.0,tt7286456,en,Joker,54.522,"Crime, Thriller, Drama","Warner Bros. Pictures, Joint Effort, Village Roadshow Pictures, Bron Studios, DC Films","Canada, United States of America",English,2019.0,joker,both
2020,Film | Director in 2020,Once Upon a Time.. in Hollywood,Quentin Tarantino,False,Director,onceuponatimeinhollywood,466272.0,Once Upon a Time… in Hollywood,7.437,12237.0,Released,2019-07-24,374251247.0,162.0,False,95000000.0,tt7131622,en,Once Upon a Time… in Hollywood,47.706,"Comedy, Drama, Thriller","Heyday Films, Columbia Pictures, Bona Film Group","China, United Kingdom, United States of America","English, Italian, Spanish",2019.0,onceuponatimeinhollywood,both
2020,Film | Director in 2020,Parasite,Bong Joon Ho,False,Director,parasite,496243.0,Parasite,8.515,16430.0,Released,2019-05-30,257591776.0,133.0,False,11363000.0,tt6751668,ko,기생충,64.627,"Comedy, Thriller, Drama",Barunson E&A,South Korea,"English, German, Korean",2019.0,parasite,both
2020,Film | Director in 2020,Parasite,Bong Joon Ho,False,Director,parasite,1164770.0,(para)site,0.0,0.0,Released,2022-09-23,0.0,11.0,False,0.0,,en,(para)site,0.6,,,,English,2022.0,parasite,both
2020,Film | Documentary in 2020,For Sama,"Waad al-Kateab, Edward Watts",True,Documentary,forsama,576017.0,For Sama,8.257,249.0,Released,2019-07-26,0.0,100.0,False,0.0,tt9617456,en,For Sama,5.982,"Documentary, War","ITN Productions, Channel 4 Television","Syrian Arab Republic, United Kingdom","Arabic, English",2019.0,forsama,both
2020,Film | Documentary in 2020,American Factory,"Steven Bognar, Julia Reichert",False,Documentary,americanfactory,565716.0,American Factory,7.161,410.0,Released,2019-08-21,0.0,110.0,False,0.0,tt9351980,en,American Factory,8.017,Documentary,"Higher Ground Productions, Participant, Field of Vision",United States of America,"Mandarin, English",2019.0,americanfactory,both
2020,Film | Documentary in 2020,Apollo 11,Todd Douglas Miller,False,Documentary,apollo11,549559.0,Apollo 11,7.845,574.0,Released,2019-03-01,0.0,93.0,False,0.0,tt8760684,en,Apollo 11,12.508,"Documentary, History","Statement Pictures, CNN Films",United States of America,English,2019.0,apollo11,both
2020,Film | Documentary in 2020,Diego Maradona,"Asif Kapadia, James Gay-Rees, Paul Martin",False,Documentary,diegomaradona,536841.0,Diego Maradona,7.466,365.0,Released,2019-06-14,0.0,130.0,False,0.0,tt5433114,es,Diego Maradona,8.374,Documentary,"On the Corner Films, Lorton Entertainment, Film4 Productions",United Kingdom,"English, French, Spanish, Catalan, Portuguese, Italian",2019.0,diegomaradona,both
2020,Film | Documentary in 2020,The Great Hack,"Karim Amer, Jehane Noujaim",False,Documentary,thegreathack,566222.0,The Great Hack,6.871,466.0,Released,2019-01-26,0.0,114.0,False,0.0,tt4736550,en,The Great Hack,14.117,Documentary,"Noujaim Films, The Othrs",United States of America,English,2019.0,thegreathack,both
2020,Film | EE Rising Star Award in 2020,Micheal Ward,,True,EE Rising Star Award,michealward,,,,,,,,,,,,,,,,,,,,,left_only
2020,Film | EE Rising Star Award in 2020,Awkwafina,,False,EE Rising Star Award,awkwafina,,,,,,,,,,,,,,,,,,,,,left_only
2020,Film | EE Rising Star Award in 2020,Jack Lowden,,False,EE Rising Star Award,jacklowden,,,,,,,,,,,,,,,,,,,,,left_only
2020,Film | EE Rising Star Award in 2020,Kaitlyn Dever,,False,EE Rising Star Award,kaitlyndever,,,,,,,,,,,,,,,,,,,,,left_only
2020,Film | EE Rising Star Award in 2020,Kelvin Harrison Jr.,,False,EE Rising Star Award,kelvinharrisonjr,,,,,,,,,,,,,,,,,,,,,left_only
2020,Film | Editing in 2020,Le Mans '66,"Andrew Buckland, Michael McCusker",True,Editing,lemans66,,,,,,,,,,,,,,,,,,,,,left_only
2020,Film | Editing in 2020,The Irishman,Thelma Schoonmaker,False,Editing,theirishman,398978.0,The Irishman,7.615,6203.0,Released,2019-11-01,968853.0,209.0,False,159000000.0,tt1302006,en,The Irishman,23.095,"Crime, Drama, History","Tribeca Productions, Sikelia Productions, Winkler Films",United States of America,"English, Italian, Latin, Spanish",2019.0,theirishman,both
2020,Film | Editing in 2020,Jojo Rabbit,Tom Eagles,False,Editing,jojorabbit,515001.0,Jojo Rabbit,8.042,8724.0,Released,2019-10-18,82468705.0,108.0,False,14000000.0,tt2584384,en,Jojo Rabbit,22.567,"Comedy, War, Drama","Fox Searchlight Pictures, Defender Films, Piki Films, TSG Entertainment, Czech Anglo Productions","Czech Republic, New Zealand, United States of America","English, German",2019.0,jojorabbit,both
2020,Film | Editing in 2020,Joker,Jeff Groth,False,Editing,joker,475557.0,Joker,8.168,23425.0,Released,2019-10-01,1074458282.0,122.0,False,55000000.0,tt7286456,en,Joker,54.522,"Crime, Thriller, Drama","Warner Bros. Pictures, Joint Effort, Village Roadshow Pictures, Bron Studios, DC Films","Canada, United States of America",English,2019.0,joker,both
2020,Film | Editing in 2020,Once Upon a Time.. in Hollywood,Fred Raskin,False,Editing,onceuponatimeinhollywood,466272.0,Once Upon a Time… in Hollywood,7.437,12237.0,Released,2019-07-24,374251247.0,162.0,False,95000000.0,tt7131622,en,Once Upon a Time… in Hollywood,47.706,"Comedy, Drama, Thriller","Heyday Films, Columbia Pictures, Bona Film Group","China, United Kingdom, United States of America","English, Italian, Spanish",2019.0,onceuponatimeinhollywood,both
2020,Film | Fellowship in 2020,Kathleen Kennedy,,True,Fellowship,kathleenkennedy,,,,,,,,,,,,,,,,,,,,,left_only
2020,Film | Film Not In The English Language in 2020,Parasite,Bong Joon Ho,True,Film Not In The English Language,parasite,496243.0,Parasite,8.515,16430.0,Released,2019-05-30,257591776.0,133.0,False,11363000.0,tt6751668,ko,기생충,64.627,"Comedy, Thriller, Drama",Barunson E&A,South Korea,"English, German, Korean",2019.0,parasite,both
2020,Film | Film Not In The English Language in 2020,Parasite,Bong Joon Ho,True,Film Not In The English Language,parasite,1164770.0,(para)site,0.0,0.0,Released,2022-09-23,0.0,11.0,False,0.0,,en,(para)site,0.6,,,,English,2022.0,parasite,both
2020,Film | Film Not In The English Language in 2020,The Farewell,"Lulu Wang, Daniele Melia",False,Film Not In The English Language,thefarewell,565310.0,The Farewell,7.436,1275.0,Released,2019-07-12,23076657.0,100.0,False,250300.0,tt8637428,en,The Farewell,11.136,"Comedy, Drama","Big Beach, Depth of Field, Kindred Spirit, Seesaw Productions","China, United States of America","English, Japanese, Mandarin",2019.0,thefarewell,both
2020,Film | Film Not In The English Language in 2020,For Sama,"Waad al-Kateab, Edward Watts",False,Film Not In The English Language,forsama,576017.0,For Sama,8.257,249.0,Released,2019-07-26,0.0,100.0,False,0.0,tt9617456,en,For Sama,5.982,"Documentary, War","ITN Productions, Channel 4 Television","Syrian Arab Republic, United Kingdom","Arabic, English",2019.0,forsama,both
2020,Film | Film Not In The English Language in 2020,Pain And Glory,"Pedro Almodóvar, Agustín Almodóvar",False,Film Not In The English Language,painandglory,519010.0,Pain and Glory,7.423,1650.0,Released,2019-03-22,37359689.0,114.0,False,10769016.0,tt8291806,es,Dolor y gloria,12.452,Drama,"El Deseo, TVE",Spain,Spanish,2019.0,painandglory,both
2020,Film | Film Not In The English Language in 2020,Portrait Of A Lady On Fire,"Céline Sciamma, Bénédicte Couvreur",False,Film Not In The English Language,portraitofaladyonfire,531428.0,Portrait of a Lady on Fire,8.178,2187.0,Released,2019-06-17,9923127.0,120.0,False,5740000.0,tt8613070,fr,Portrait de la jeune fille en feu,22.175,"Drama, Romance","Lilies Films, ARTE France Cinéma, Hold Up Films",France,"Italian, French",2019.0,portraitofaladyonfire,both
2020,Film | Leading Actor in 2020,Joaquin Phoenix,Joker,True,Leading Actor,joaquinphoenix,,,,,,,,,,,,,,,,,,,,,left_only
2020,Film | Leading Actor in 2020,Leonardo DiCaprio,Once Upon a Time.. in Hollywood,False,Leading Actor,leonardodicaprio,,,,,,,,,,,,,,,,,,,,,left_only
2020,Film | Leading Actor in 2020,Adam Driver,Marriage Story,False,Leading Actor,adamdriver,,,,,,,,,,,,,,,,,,,,,left_only
2020,Film | Leading Actor in 2020,Taron Egerton,Rocketman,False,Leading Actor,taronegerton,,,,,,,,,,,,,,,,,,,,,left_only
2020,Film | Leading Actor in 2020,Jonathan Pryce,The Two Popes,False,Leading Actor,jonathanpryce,,,,,,,,,,,,,,,,,,,,,left_only
2020,Film | Leading Actress in 2020,Renée Zellweger,Judy,True,Leading Actress,renéezellweger,,,,,,,,,,,,,,,,,,,,,left_only
2020,Film | Leading Actress in 2020,Jessie Buckley,Wild Rose,False,Leading Actress,jessiebuckley,,,,,,,,,,,,,,,,,,,,,left_only
2020,Film | Leading Actress in 2020,Scarlett Johansson,Marriage Story,False,Leading Actress,scarlettjohansson,,,,,,,,,,,,,,,,,,,,,left_only
2020,Film | Leading Actress in 2020,Saoirse Ronan,Little Women,False,Leading Actress,saoirseronan,,,,,,,,,,,,,,,,,,,,,left_only
2020,Film | Leading Actress in 2020,Charlize Theron,Bombshell,False,Leading Actress,charlizetheron,,,,,,,,,,,,,,,,,,,,,left_only
2020,Film | Make Up & Hair in 2020,Bombshell,"Vivian Baker, Kazu Hiro, Anne Morgan",True,Make Up & Hair,bombshell,525661.0,Bombshell,6.814,2750.0,Released,2019-12-13,61404394.0,109.0,False,32000000.0,tt6394270,en,Bombshell,16.037,Drama,"Lighthouse Management + Media, Denver and Delilah Productions, Bron Studios, Annapurna Pictures, Creative Wealth Media Finance, Lionsgate, Endeavor Content","Canada, United States of America",English,2019.0,bombshell,both
2020,Film | Make Up & Hair in 2020,1917,"Naomi Donne, Tristan Versluis",False,Make Up & Hair,1917,530915.0,1917,7.99,11395.0,Released,2019-12-25,394638258.0,119.0,False,100000000.0,tt8579674,en,1917,44.356,"War, History, Thriller","DreamWorks Pictures, Reliance Entertainment, New Republic Pictures, Neal Street Productions, Mogambo Films, Amblin Partners","India, Spain, United Kingdom, United States of America","English, French, German",2019.0,1917,both
2020,Film | Make Up & Hair in 2020,Joker,"Kay Georgiou, Nicki Ledermann",False,Make Up & Hair,joker,475557.0,Joker,8.168,23425.0,Released,2019-10-01,1074458282.0,122.0,False,55000000.0,tt7286456,en,Joker,54.522,"Crime, Thriller, Drama","Warner Bros. Pictures, Joint Effort, Village Roadshow Pictures, Bron Studios, DC Films","Canada, United States of America",English,2019.0,joker,both
2020,Film | Make Up & Hair in 2020,Judy,Jeremy Woodhead,False,Make Up & Hair,judy,491283.0,Judy,6.7,1095.0,Released,2019-09-27,38981322.0,118.0,False,10000000.0,tt7549996,en,Judy,11.491,"Drama, History, Music","BBC Film, Calamity Films, Pathé, LD Entertainment, Roadside Attractions","France, United Kingdom, United States of America",English,2019.0,judy,both
2020,Film | Make Up & Hair in 2020,Rocketman,"Lizzie Yianni Georgiou, Barrie Gower, Tapio Salmi",False,Make Up & Hair,rocketman,504608.0,Rocketman,7.328,4285.0,Released,2019-05-17,167323950.0,121.0,False,40000000.0,tt2066051,en,Rocketman,13.912,"Music, Drama, History","Paramount, New Republic Pictures, Marv Films, Rocket Pictures, Lawrence Bender Productions","United Kingdom, United States of America",English,2019.0,rocketman,both
2020,Film | Make Up & Hair in 2020,Rocketman,"Lizzie Yianni Georgiou, Barrie Gower, Tapio Salmi",False,Make Up & Hair,rocketman,36797.0,RocketMan,5.158,117.0,Released,1997-10-10,0.0,95.0,False,16000000.0,tt0120029,en,RocketMan,9.905,"Comedy, Family, Science Fiction","Walt Disney Pictures, Caravan Pictures",United States of America,English,1997.0,rocketman,both
2020,Film | Make Up & Hair in 2020,Rocketman,"Lizzie Yianni Georgiou, Barrie Gower, Tapio Salmi",False,Make Up & Hair,rocketman,1446389.0,Rocket Man,0.0,0.0,Released,2000-01-01,0.0,5.0,False,0.0,,en,Rocket Man,0.6,,,,,2000.0,rocketman,both
2020,Film | Original Score in 2020,Joker,Hildur Guðnadóttir,True,Original Score,joker,475557.0,Joker,8.168,23425.0,Released,2019-10-01,1074458282.0,122.0,False,55000000.0,tt7286456,en,Joker,54.522,"Crime, Thriller, Drama","Warner Bros. Pictures, Joint Effort, Village Roadshow Pictures, Bron Studios, DC Films","Canada, United States of America",English,2019.0,joker,both
2020,Film | Original Score in 2020,1917,Thomas Newman,False,Original Score,1917,530915.0,1917,7.99,11395.0,Released,2019-12-25,394638258.0,119.0,False,100000000.0,tt8579674,en,1917,44.356,"War, History, Thriller","DreamWorks Pictures, Reliance Entertainment, New Republic Pictures, Neal Street Productions, Mogambo Films, Amblin Partners","India, Spain, United Kingdom, United States of America","English, French, German",2019.0,1917,both
2020,Film | Original Score in 2020,Jojo Rabbit,Michael Giacchino,False,Original Score,jojorabbit,515001.0,Jojo Rabbit,8.042,8724.0,Released,2019-10-18,82468705.0,108.0,False,14000000.0,tt2584384,en,Jojo Rabbit,22.567,"Comedy, War, Drama","Fox Searchlight Pictures, Defender Films, Piki Films, TSG Entertainment, Czech Anglo Productions","Czech Republic, New Zealand, United States of America","English, German",2019.0,jojorabbit,both
2020,Film | Original Score in 2020,Little Women,Alexandre Desplat,False,Original Score,littlewomen,331482.0,Little Women,7.895,5700.0,Released,2019-12-25,216601214.0,135.0,False,40000000.0,tt3281548,en,Little Women,25.76,"Drama, Romance","Columbia Pictures, Pascal Pictures, Regency Enterprises, Sony Pictures",United States of America,"French, English",2019.0,littlewomen,both
2020,Film | Original Score in 2020,Star Wars: The Rise Of Skywalker,John Williams,False,Original Score,starwarstheriseofskywalker,181812.0,Star Wars: The Rise of Skywalker,6.365,9047.0,Released,2019-12-18,1074144248.0,142.0,False,250000000.0,tt2527338,en,Star Wars: The Rise of Skywalker,89.699,"Adventure, Action, Science Fiction","Lucasfilm Ltd., Bad Robot",United States of America,English,2019.0,starwarstheriseofskywalker,both
2020,Film | Original Screenplay in 2020,Parasite,"Han Jin Won, Bong Joon Ho",True,Original Screenplay,parasite,496243.0,Parasite,8.515,16430.0,Released,2019-05-30,257591776.0,133.0,False,11363000.0,tt6751668,ko,기생충,64.627,"Comedy, Thriller, Drama",Barunson E&A,South Korea,"English, German, Korean",2019.0,parasite,both
2020,Film | Original Screenplay in 2020,Parasite,"Han Jin Won, Bong Joon Ho",True,Original Screenplay,parasite,1164770.0,(para)site,0.0,0.0,Released,2022-09-23,0.0,11.0,False,0.0,,en,(para)site,0.6,,,,English,2022.0,parasite,both
2020,Film | Original Screenplay in 2020,Booksmart,"Susanna Fogel, Emily Halpern, Sarah Haskins, Katie Silberman",False,Original Screenplay,booksmart,505600.0,Booksmart,7.05,2386.0,Released,2019-05-24,24849029.0,102.0,False,6000000.0,tt1489887,en,Booksmart,16.898,Comedy,"Annapurna Pictures, Gloria Sanchez Productions",United States of America,"Mandarin, English, Spanish",2019.0,booksmart,both
2020,Film | Original Screenplay in 2020,Knives Out,Rian Johnson,False,Original Screenplay,knivesout,546554.0,Knives Out,7.847,11156.0,Released,2019-11-27,312897920.0,131.0,False,40000000.0,tt8946378,en,Knives Out,39.064,"Comedy, Crime, Mystery","Lionsgate, MRC, T-Street Productions",United States of America,"Spanish, English",2019.0,knivesout,both
2020,Film | Original Screenplay in 2020,Marriage Story,Noah Baumbach,False,Original Screenplay,marriagestory,492188.0,Marriage Story,7.753,6478.0,Released,2019-09-28,2300000.0,137.0,False,18000000.0,tt7653254,en,Marriage Story,16.594,Drama,Heyday Films,United Kingdom,English,2019.0,marriagestory,both
2020,Film | Original Screenplay in 2020,Once Upon a Time.. in Hollywood,Quentin Tarantino,False,Original Screenplay,onceuponatimeinhollywood,466272.0,Once Upon a Time… in Hollywood,7.437,12237.0,Released,2019-07-24,374251247.0,162.0,False,95000000.0,tt7131622,en,Once Upon a Time… in Hollywood,47.706,"Comedy, Drama, Thriller","Heyday Films, Columbia Pictures, Bona Film Group","China, United Kingdom, United States of America","English, Italian, Spanish",2019.0,onceuponatimeinhollywood,both
2020,Film | Outstanding British Film in 2020,1917,"Sam Mendes, Pippa Harris, Callum McDougall, Jayne-Ann Tenggren, Krysty Wilson-Cairns",True,Outstanding British Film,1917,530915.0,1917,7.99,11395.0,Released,2019-12-25,394638258.0,119.0,False,100000000.0,tt8579674,en,1917,44.356,"War, History, Thriller","DreamWorks Pictures, Reliance Entertainment, New Republic Pictures, Neal Street Productions, Mogambo Films, Amblin Partners","India, Spain, United Kingdom, United States of America","English, French, German",2019.0,1917,both
2020,Film | Outstanding British Film in 2020,Bait,"Mark Jenkin, Kate Byers, Linn Waite",False,Outstanding British Film,bait,118957.0,Bait,5.657,694.0,Released,2012-09-05,32500000.0,93.0,False,30000000.0,tt1438173,en,Bait,20.362,"Action, Adventure, Horror, Thriller","Screen Queensland, Pictures in Paradise, Media Development Authority (MDA), Bait Productions, Blackmagic Design Films, Story Bridge Films, Screen Australia","Singapore, Australia",English,2012.0,bait,both
2020,Film | Outstanding British Film in 2020,Bait,"Mark Jenkin, Kate Byers, Linn Waite",False,Outstanding British Film,bait,1218542.0,BAIT,0.0,0.0,Released,2023-09-30,0.0,14.0,False,0.0,,en,BAIT,0.0,Drama,,United States of America,,2023.0,bait,both
2020,Film | Outstanding British Film in 2020,For Sama,"Waad al-Kateab, Edward Watts",False,Outstanding British Film,forsama,576017.0,For Sama,8.257,249.0,Released,2019-07-26,0.0,100.0,False,0.0,tt9617456,en,For Sama,5.982,"Documentary, War","ITN Productions, Channel 4 Television","Syrian Arab Republic, United Kingdom","Arabic, English",2019.0,forsama,both
2020,Film | Outstanding British Film in 2020,Rocketman,"Dexter Fletcher, Adam Bohling, David Furnish, David Reid, Matthew Vaughn, Lee Hall",False,Outstanding British Film,rocketman,504608.0,Rocketman,7.328,4285.0,Released,2019-05-17,167323950.0,121.0,False,40000000.0,tt2066051,en,Rocketman,13.912,"Music, Drama, History","Paramount, New Republic Pictures, Marv Films, Rocket Pictures, Lawrence Bender Productions","United Kingdom, United States of America",English,2019.0,rocketman,both
2020,Film | Outstanding British Film in 2020,Rocketman,"Dexter Fletcher, Adam Bohling, David Furnish, David Reid, Matthew Vaughn, Lee Hall",False,Outstanding British Film,rocketman,36797.0,RocketMan,5.158,117.0,Released,1997-10-10,0.0,95.0,False,16000000.0,tt0120029,en,RocketMan,9.905,"Comedy, Family, Science Fiction","Walt Disney Pictures, Caravan Pictures",United States of America,English,1997.0,rocketman,both
2020,Film | Outstanding British Film in 2020,Rocketman,"Dexter Fletcher, Adam Bohling, David Furnish, David Reid, Matthew Vaughn, Lee Hall",False,Outstanding British Film,rocketman,1446389.0,Rocket Man,0.0,0.0,Released,2000-01-01,0.0,5.0,False,0.0,,en,Rocket Man,0.6,,,,,2000.0,rocketman,both
2020,Film | Outstanding British Film in 2020,Sorry We Missed You,"Ken Loach, Rebecca O'Brien, Paul Laverty",False,Outstanding British Film,sorrywemissedyou,522369.0,Sorry We Missed You,7.4,640.0,Released,2019-10-04,8766149.0,101.0,False,0.0,tt8359816,en,Sorry We Missed You,10.45,Drama,"Sixteen Films, Les Films du Fleuve, Wild Bunch, BBC Film, Canal+, Ciné+, France 2 Cinéma, France Télévisions, Le Pacte, Why Not Productions","Belgium, France, United Kingdom",English,2019.0,sorrywemissedyou,both
2020,Film | Outstanding British Film in 2020,The Two Popes,"Fernando Meirelles, Jonathan Eirich, Dan Lin, Tracey Seaward, Anthony McCarten",False,Outstanding British Film,thetwopopes,551332.0,The Two Popes,7.51,2658.0,Released,2019-11-27,232638.0,125.0,False,0.0,tt8404614,en,The Two Popes,10.329,"Drama, Comedy, History",Rideback,United States of America,"English, French, German, Italian, Latin, Portuguese, Spanish",2019.0,thetwopopes,both
2020,"Film | Outstanding Debut By A British Writer, Director Or Producer in 2020",Bait,"Mark Jenkin (Writer/Director), Kate Byers, Linn Waite (Producers)",True,"Outstanding Debut By A British Writer, Director Or Producer",bait,118957.0,Bait,5.657,694.0,Released,2012-09-05,32500000.0,93.0,False,30000000.0,tt1438173,en,Bait,20.362,"Action, Adventure, Horror, Thriller","Screen Queensland, Pictures in Paradise, Media Development Authority (MDA), Bait Productions, Blackmagic Design Films, Story Bridge Films, Screen Australia","Singapore, Australia",English,2012.0,bait,both
2020,"Film | Outstanding Debut By A British Writer, Director Or Producer in 2020",Bait,"Mark Jenkin (Writer/Director), Kate Byers, Linn Waite (Producers)",True,"Outstanding Debut By A British Writer, Director Or Producer",bait,1218542.0,BAIT,0.0,0.0,Released,2023-09-30,0.0,14.0,False,0.0,,en,BAIT,0.0,Drama,,United States of America,,2023.0,bait,both
2020,"Film | Outstanding Debut By A British Writer, Director Or Producer in 2020",For Sama,"Waad al-Kateab (Director/Producer), Edward Watts (Director)",False,"Outstanding Debut By A British Writer, Director Or Producer",forsama,576017.0,For Sama,8.257,249.0,Released,2019-07-26,0.0,100.0,False,0.0,tt9617456,en,For Sama,5.982,"Documentary, War","ITN Productions, Channel 4 Television","Syrian Arab Republic, United Kingdom","Arabic, English",2019.0,forsama,both
2020,"Film | Outstanding Debut By A British Writer, Director Or Producer in 2020",Maiden,Alex Holmes (Director),False,"Outstanding Debut By A British Writer, Director Or Producer",maiden,543093.0,Maiden,7.6,27.0,Released,2019-03-08,0.0,93.0,False,0.0,tt8879946,en,Maiden,2.908,Documentary,New Black Films,United Kingdom,"French, English",2019.0,maiden,both
2020,"Film | Outstanding Debut By A British Writer, Director Or Producer in 2020",Only You,Harry Wootliff (Writer/Director),False,"Outstanding Debut By A British Writer, Director Or Producer",onlyyou,9058.0,Only You,6.807,460.0,Released,1994-03-04,20059210.0,115.0,False,0.0,tt0110737,en,Only You,15.687,"Romance, Comedy",TriStar Pictures,United States of America,English,1994.0,onlyyou,both
2020,"Film | Outstanding Debut By A British Writer, Director Or Producer in 2020",Retablo,Álvaro Delgado-Aparicio (Writer/Director) - also written by Héctor Gálvez,False,"Outstanding Debut By A British Writer, Director Or Producer",retablo,499394.0,Retablo,7.4,49.0,Released,2018-12-19,0.0,95.0,False,0.0,tt7761590,qu,Retablo,3.013,Drama,"Siri Producciones, Dag Hoel Filmproduksjon","Germany, Norway, Peru","Aymara, Quechua, Spanish",2018.0,retablo,both
2020,Film | Production Design in 2020,1917,"Dennis Gassner, Lee Sandales",True,Production Design,1917,530915.0,1917,7.99,11395.0,Released,2019-12-25,394638258.0,119.0,False,100000000.0,tt8579674,en,1917,44.356,"War, History, Thriller","DreamWorks Pictures, Reliance Entertainment, New Republic Pictures, Neal Street Productions, Mogambo Films, Amblin Partners","India, Spain, United Kingdom, United States of America","English, French, German",2019.0,1917,both
2020,Film | Production Design in 2020,The Irishman,"Bob Shaw, Regina Graves",False,Production Design,theirishman,398978.0,The Irishman,7.615,6203.0,Released,2019-11-01,968853.0,209.0,False,159000000.0,tt1302006,en,The Irishman,23.095,"Crime, Drama, History","Tribeca Productions, Sikelia Productions, Winkler Films",United States of America,"English, Italian, Latin, Spanish",2019.0,theirishman,both
2020,Film | Production Design in 2020,Jojo Rabbit,"Ra Vincent, Nora Sopková",False,Production Design,jojorabbit,515001.0,Jojo Rabbit,8.042,8724.0,Released,2019-10-18,82468705.0,108.0,False,14000000.0,tt2584384,en,Jojo Rabbit,22.567,"Comedy, War, Drama","Fox Searchlight Pictures, Defender Films, Piki Films, TSG Entertainment, Czech Anglo Productions","Czech Republic, New Zealand, United States of America","English, German",2019.0,jojorabbit,both
2020,Film | Production Design in 2020,Joker,"Mark Friedberg, Kris Moran",False,Production Design,joker,475557.0,Joker,8.168,23425.0,Released,2019-10-01,1074458282.0,122.0,False,55000000.0,tt7286456,en,Joker,54.522,"Crime, Thriller, Drama","Warner Bros. Pictures, Joint Effort, Village Roadshow Pictures, Bron Studios, DC Films","Canada, United States of America",English,2019.0,joker,both
2020,Film | Production Design in 2020,Once Upon a Time.. in Hollywood,"Barbara Ling, Nancy Haigh",False,Production Design,onceuponatimeinhollywood,466272.0,Once Upon a Time… in Hollywood,7.437,12237.0,Released,2019-07-24,374251247.0,162.0,False,95000000.0,tt7131622,en,Once Upon a Time… in Hollywood,47.706,"Comedy, Drama, Thriller","Heyday Films, Columbia Pictures, Bona Film Group","China, United Kingdom, United States of America","English, Italian, Spanish",2019.0,onceuponatimeinhollywood,both
2020,Film | Sound in 2020,1917,"Scott Millan, Oliver Tarney, Rachael Tate, Mark Taylor, Stuart Wilson",True,Sound,1917,530915.0,1917,7.99,11395.0,Released,2019-12-25,394638258.0,119.0,False,100000000.0,tt8579674,en,1917,44.356,"War, History, Thriller","DreamWorks Pictures, Reliance Entertainment, New Republic Pictures, Neal Street Productions, Mogambo Films, Amblin Partners","India, Spain, United Kingdom, United States of America","English, French, German",2019.0,1917,both
2020,Film | Sound in 2020,Joker,"Tod Maitland, Alan Robert Murray, Tom Ozanich, Dean Zupancic",False,Sound,joker,475557.0,Joker,8.168,23425.0,Released,2019-10-01,1074458282.0,122.0,False,55000000.0,tt7286456,en,Joker,54.522,"Crime, Thriller, Drama","Warner Bros. Pictures, Joint Effort, Village Roadshow Pictures, Bron Studios, DC Films","Canada, United States of America",English,2019.0,joker,both
2020,Film | Sound in 2020,Le Mans '66,"David Giammarco, Paul Massey, Steven A. Morrow, Donald Sylvester",False,Sound,lemans66,,,,,,,,,,,,,,,,,,,,,left_only
2020,Film | Sound in 2020,Rocketman,"Matthew Collinge, John Hayes, Mike Prestwood Smith, Danny Sheehan",False,Sound,rocketman,504608.0,Rocketman,7.328,4285.0,Released,2019-05-17,167323950.0,121.0,False,40000000.0,tt2066051,en,Rocketman,13.912,"Music, Drama, History","Paramount, New Republic Pictures, Marv Films, Rocket Pictures, Lawrence Bender Productions","United Kingdom, United States of America",English,2019.0,rocketman,both
2020,Film | Sound in 2020,Rocketman,"Matthew Collinge, John Hayes, Mike Prestwood Smith, Danny Sheehan",False,Sound,rocketman,36797.0,RocketMan,5.158,117.0,Released,1997-10-10,0.0,95.0,False,16000000.0,tt0120029,en,RocketMan,9.905,"Comedy, Family, Science Fiction","Walt Disney Pictures, Caravan Pictures",United States of America,English,1997.0,rocketman,both
2020,Film | Sound in 2020,Rocketman,"Matthew Collinge, John Hayes, Mike Prestwood Smith, Danny Sheehan",False,Sound,rocketman,1446389.0,Rocket Man,0.0,0.0,Released,2000-01-01,0.0,5.0,False,0.0,,en,Rocket Man,0.6,,,,,2000.0,rocketman,both
2020,Film | Sound in 2020,Star Wars: The Rise Of Skywalker,"David Acord, Andy Nelson, Christopher Scarabosio, Stuart Wilson, Matthew Wood",False,Sound,starwarstheriseofskywalker,181812.0,Star Wars: The Rise of Skywalker,6.365,9047.0,Released,2019-12-18,1074144248.0,142.0,False,250000000.0,tt2527338,en,Star Wars: The Rise of Skywalker,89.699,"Adventure, Action, Science Fiction","Lucasfilm Ltd., Bad Robot",United States of America,English,2019.0,starwarstheriseofskywalker,both
2020,Film | Special Visual Effects in 2020,1917,"Greg Butler, Guillaume Rocheron, Dominic Tuohy",True,Special Visual Effects,1917,530915.0,1917,7.99,11395.0,Released,2019-12-25,394638258.0,119.0,False,100000000.0,tt8579674,en,1917,44.356,"War, History, Thriller","DreamWorks Pictures, Reliance Entertainment, New Republic Pictures, Neal Street Productions, Mogambo Films, Amblin Partners","India, Spain, United Kingdom, United States of America","English, French, German",2019.0,1917,both
2020,Film | Special Visual Effects in 2020,Avengers: Endgame,"Matt Aitken, Dan Deleeuw, Russell Earl, Dan Sudick",False,Special Visual Effects,avengersendgame,299534.0,Avengers: Endgame,8.263,23857.0,Released,2019-04-24,2800000000.0,181.0,False,356000000.0,tt4154796,en,Avengers: Endgame,91.756,"Adventure, Science Fiction, Action",Marvel Studios,United States of America,"English, Japanese, Xhosa",2019.0,avengersendgame,both
2020,Film | Special Visual Effects in 2020,The Irishman,"Ivan Busquets, Leandro Estebecorena, Stephane Grabli, Pablo Helman",False,Special Visual Effects,theirishman,398978.0,The Irishman,7.615,6203.0,Released,2019-11-01,968853.0,209.0,False,159000000.0,tt1302006,en,The Irishman,23.095,"Crime, Drama, History","Tribeca Productions, Sikelia Productions, Winkler Films",United States of America,"English, Italian, Latin, Spanish",2019.0,theirishman,both
2020,Film | Special Visual Effects in 2020,The Lion King,"Andrew R. Jones, Robert Legato, Elliot Newman, Adam Valdez",False,Special Visual Effects,thelionking,8587.0,The Lion King,8.256,16991.0,Released,1994-06-24,763455561.0,89.0,False,45000000.0,tt0110357,en,The Lion King,87.384,"Family, Animation, Drama","Walt Disney Pictures, Walt Disney Feature Animation",United States of America,English,1994.0,thelionking,both
2020,Film | Special Visual Effects in 2020,Star Wars: The Rise Of Skywalker,"Roger Guyett, Paul Kavanagh, Neal Scanlan, Dominic Tuohy",False,Special Visual Effects,starwarstheriseofskywalker,181812.0,Star Wars: The Rise of Skywalker,6.365,9047.0,Released,2019-12-18,1074144248.0,142.0,False,250000000.0,tt2527338,en,Star Wars: The Rise of Skywalker,89.699,"Adventure, Action, Science Fiction","Lucasfilm Ltd., Bad Robot",United States of America,English,2019.0,starwarstheriseofskywalker,both
2020,Film | Supporting Actor in 2020,Brad Pitt,Once Upon a Time.. in Hollywood,True,Supporting Actor,bradpitt,,,,,,,,,,,,,,,,,,,,,left_only
2020,Film | Supporting Actor in 2020,Tom Hanks,A Beautiful Day in the Neighborhood,False,Supporting Actor,tomhanks,,,,,,,,,,,,,,,,,,,,,left_only
2020,Film | Supporting Actor in 2020,Anthony Hopkins,The Two Popes,False,Supporting Actor,anthonyhopkins,,,,,,,,,,,,,,,,,,,,,left_only
2020,Film | Supporting Actor in 2020,Al Pacino,The Irishman,False,Supporting Actor,alpacino,,,,,,,,,,,,,,,,,,,,,left_only
2020,Film | Supporting Actor in 2020,Joe Pesci,The Irishman,False,Supporting Actor,joepesci,,,,,,,,,,,,,,,,,,,,,left_only
2020,Film | Supporting Actress in 2020,Marriage Story,Laura Dern,True,Supporting Actress,marriagestory,492188.0,Marriage Story,7.753,6478.0,Released,2019-09-28,2300000.0,137.0,False,18000000.0,tt7653254,en,Marriage Story,16.594,Drama,Heyday Films,United Kingdom,English,2019.0,marriagestory,both
2020,Film | Supporting Actress in 2020,Jojo Rabbit,Scarlett Johansson,False,Supporting Actress,jojorabbit,515001.0,Jojo Rabbit,8.042,8724.0,Released,2019-10-18,82468705.0,108.0,False,14000000.0,tt2584384,en,Jojo Rabbit,22.567,"Comedy, War, Drama","Fox Searchlight Pictures, Defender Films, Piki Films, TSG Entertainment, Czech Anglo Productions","Czech Republic, New Zealand, United States of America","English, German",2019.0,jojorabbit,both
2020,Film | Supporting Actress in 2020,Little Women,Florence Pugh,False,Supporting Actress,littlewomen,331482.0,Little Women,7.895,5700.0,Released,2019-12-25,216601214.0,135.0,False,40000000.0,tt3281548,en,Little Women,25.76,"Drama, Romance","Columbia Pictures, Pascal Pictures, Regency Enterprises, Sony Pictures",United States of America,"French, English",2019.0,littlewomen,both
2020,Film | Supporting Actress in 2020,Bombshell,Margot Robbie,False,Supporting Actress,bombshell,525661.0,Bombshell,6.814,2750.0,Released,2019-12-13,61404394.0,109.0,False,32000000.0,tt6394270,en,Bombshell,16.037,Drama,"Lighthouse Management + Media, Denver and Delilah Productions, Bron Studios, Annapurna Pictures, Creative Wealth Media Finance, Lionsgate, Endeavor Content","Canada, United States of America",English,2019.0,bombshell,both
2020,Film | Supporting Actress in 2020,Once Upon a Time.. in Hollywood,Margot Robbie,False,Supporting Actress,onceuponatimeinhollywood,466272.0,Once Upon a Time… in Hollywood,7.437,12237.0,Released,2019-07-24,374251247.0,162.0,False,95000000.0,tt7131622,en,Once Upon a Time… in Hollywood,47.706,"Comedy, Drama, Thriller","Heyday Films, Columbia Pictures, Bona Film Group","China, United Kingdom, United States of America","English, Italian, Spanish",2019.0,onceuponatimeinhollywood,both
